output,base_key,keyboard_apple_id,key_code,opt_alt,shift,ctrl,altGR
a,a,com.apple.keylayout.Hungarian,,False,False,False,False
s,s,com.apple.keylayout.Hungarian,,False,False,False,False
d,d,com.apple.keylayout.Hungarian,,False,False,False,False
f,f,com.apple.keylayout.Hungarian,,False,False,False,False
h,h,com.apple.keylayout.Hungarian,,False,False,False,False
g,g,com.apple.keylayout.Hungarian,,False,False,False,False
y,y,com.apple.keylayout.Hungarian,,False,False,False,False
x,x,com.apple.keylayout.Hungarian,,False,False,False,False
c,c,com.apple.keylayout.Hungarian,,False,False,False,False
v,v,com.apple.keylayout.Hungarian,,False,False,False,False
0,0,com.apple.keylayout.Hungarian,10,False,False,False,False
b,b,com.apple.keylayout.Hungarian,,False,False,False,False
q,q,com.apple.keylayout.Hungarian,,False,False,False,False
w,w,com.apple.keylayout.Hungarian,,False,False,False,False
e,e,com.apple.keylayout.Hungarian,,False,False,False,False
r,r,com.apple.keylayout.Hungarian,,False,False,False,False
z,z,com.apple.keylayout.Hungarian,,False,False,False,False
t,t,com.apple.keylayout.Hungarian,,False,False,False,False
1,1,com.apple.keylayout.Hungarian,,False,False,False,False
2,2,com.apple.keylayout.Hungarian,,False,False,False,False
3,3,com.apple.keylayout.Hungarian,,False,False,False,False
4,4,com.apple.keylayout.Hungarian,,False,False,False,False
6,6,com.apple.keylayout.Hungarian,,False,False,False,False
5,5,com.apple.keylayout.Hungarian,,False,False,False,False
ó,ó,com.apple.keylayout.Hungarian,,False,False,False,False
9,9,com.apple.keylayout.Hungarian,,False,False,False,False
7,7,com.apple.keylayout.Hungarian,,False,False,False,False
ü,ü,com.apple.keylayout.Hungarian,,False,False,False,False
8,8,com.apple.keylayout.Hungarian,,False,False,False,False
ö,ö,com.apple.keylayout.Hungarian,,False,False,False,False
ú,ú,com.apple.keylayout.Hungarian,,False,False,False,False
o,o,com.apple.keylayout.Hungarian,,False,False,False,False
u,u,com.apple.keylayout.Hungarian,,False,False,False,False
ő,ő,com.apple.keylayout.Hungarian,,False,False,False,False
i,i,com.apple.keylayout.Hungarian,,False,False,False,False
p,p,com.apple.keylayout.Hungarian,,False,False,False,False
l,l,com.apple.keylayout.Hungarian,,False,False,False,False
j,j,com.apple.keylayout.Hungarian,,False,False,False,False
á,á,com.apple.keylayout.Hungarian,,False,False,False,False
k,k,com.apple.keylayout.Hungarian,,False,False,False,False
é,é,com.apple.keylayout.Hungarian,,False,False,False,False
ű,ű,com.apple.keylayout.Hungarian,,False,False,False,False
",",",",com.apple.keylayout.Hungarian,,False,False,False,False
-,-,com.apple.keylayout.Hungarian,,False,False,False,False
n,n,com.apple.keylayout.Hungarian,,False,False,False,False
m,m,com.apple.keylayout.Hungarian,,False,False,False,False
.,.,com.apple.keylayout.Hungarian,,False,False,False,False
 , ,com.apple.keylayout.Hungarian,,False,False,False,False
í,í,com.apple.keylayout.Hungarian,50,False,False,False,False
A,a,com.apple.keylayout.Hungarian,,False,True,False,False
S,s,com.apple.keylayout.Hungarian,,False,True,False,False
D,d,com.apple.keylayout.Hungarian,,False,True,False,False
F,f,com.apple.keylayout.Hungarian,,False,True,False,False
H,h,com.apple.keylayout.Hungarian,,False,True,False,False
G,g,com.apple.keylayout.Hungarian,,False,True,False,False
Y,y,com.apple.keylayout.Hungarian,,False,True,False,False
X,x,com.apple.keylayout.Hungarian,,False,True,False,False
C,c,com.apple.keylayout.Hungarian,,False,True,False,False
V,v,com.apple.keylayout.Hungarian,,False,True,False,False
§,0,com.apple.keylayout.Hungarian,10,False,True,False,False
B,b,com.apple.keylayout.Hungarian,,False,True,False,False
Q,q,com.apple.keylayout.Hungarian,,False,True,False,False
W,w,com.apple.keylayout.Hungarian,,False,True,False,False
E,e,com.apple.keylayout.Hungarian,,False,True,False,False
R,r,com.apple.keylayout.Hungarian,,False,True,False,False
Z,z,com.apple.keylayout.Hungarian,,False,True,False,False
T,t,com.apple.keylayout.Hungarian,,False,True,False,False
',1,com.apple.keylayout.Hungarian,,False,True,False,False
"""",2,com.apple.keylayout.Hungarian,,False,True,False,False
+,3,com.apple.keylayout.Hungarian,,False,True,False,False
!,4,com.apple.keylayout.Hungarian,,False,True,False,False
/,6,com.apple.keylayout.Hungarian,,False,True,False,False
%,5,com.apple.keylayout.Hungarian,,False,True,False,False
Ó,ó,com.apple.keylayout.Hungarian,,False,True,False,False
),9,com.apple.keylayout.Hungarian,,False,True,False,False
=,7,com.apple.keylayout.Hungarian,,False,True,False,False
Ü,ü,com.apple.keylayout.Hungarian,,False,True,False,False
(,8,com.apple.keylayout.Hungarian,,False,True,False,False
Ö,ö,com.apple.keylayout.Hungarian,,False,True,False,False
Ú,ú,com.apple.keylayout.Hungarian,,False,True,False,False
O,o,com.apple.keylayout.Hungarian,,False,True,False,False
U,u,com.apple.keylayout.Hungarian,,False,True,False,False
Ő,ő,com.apple.keylayout.Hungarian,,False,True,False,False
I,i,com.apple.keylayout.Hungarian,,False,True,False,False
P,p,com.apple.keylayout.Hungarian,,False,True,False,False
L,l,com.apple.keylayout.Hungarian,,False,True,False,False
J,j,com.apple.keylayout.Hungarian,,False,True,False,False
Á,á,com.apple.keylayout.Hungarian,,False,True,False,False
K,k,com.apple.keylayout.Hungarian,,False,True,False,False
É,é,com.apple.keylayout.Hungarian,,False,True,False,False
Ű,ű,com.apple.keylayout.Hungarian,,False,True,False,False
?,",",com.apple.keylayout.Hungarian,,False,True,False,False
_,-,com.apple.keylayout.Hungarian,,False,True,False,False
N,n,com.apple.keylayout.Hungarian,,False,True,False,False
M,m,com.apple.keylayout.Hungarian,,False,True,False,False
:,.,com.apple.keylayout.Hungarian,,False,True,False,False
 , ,com.apple.keylayout.Hungarian,,False,True,False,False
Í,í,com.apple.keylayout.Hungarian,50,False,True,False,False
ą,a,com.apple.keylayout.Hungarian,,True,False,False,False
ß,s,com.apple.keylayout.Hungarian,,True,False,False,False
∂,d,com.apple.keylayout.Hungarian,,True,False,False,False
ń,f,com.apple.keylayout.Hungarian,,True,False,False,False
ķ,h,com.apple.keylayout.Hungarian,,True,False,False,False
©,g,com.apple.keylayout.Hungarian,,True,False,False,False
«,y,com.apple.keylayout.Hungarian,,True,False,False,False
»,x,com.apple.keylayout.Hungarian,,True,False,False,False
ć,c,com.apple.keylayout.Hungarian,,True,False,False,False
„,v,com.apple.keylayout.Hungarian,,True,False,False,False
¬,0,com.apple.keylayout.Hungarian,10,True,False,False,False
”,b,com.apple.keylayout.Hungarian,,True,False,False,False
@,q,com.apple.keylayout.Hungarian,,True,False,False,False
ę,w,com.apple.keylayout.Hungarian,,True,False,False,False
€,e,com.apple.keylayout.Hungarian,,True,False,False,False
¶,r,com.apple.keylayout.Hungarian,,True,False,False,False
ź,z,com.apple.keylayout.Hungarian,,True,False,False,False
†,t,com.apple.keylayout.Hungarian,,True,False,False,False
&,1,com.apple.keylayout.Hungarian,,True,False,False,False
™,2,com.apple.keylayout.Hungarian,,True,False,False,False
£,3,com.apple.keylayout.Hungarian,,True,False,False,False
$,4,com.apple.keylayout.Hungarian,,True,False,False,False
›,6,com.apple.keylayout.Hungarian,,True,False,False,False
‹,5,com.apple.keylayout.Hungarian,,True,False,False,False
≠,ó,com.apple.keylayout.Hungarian,,True,False,False,False
],9,com.apple.keylayout.Hungarian,,True,False,False,False
{,7,com.apple.keylayout.Hungarian,,True,False,False,False
\,ü,com.apple.keylayout.Hungarian,,True,False,False,False
[,8,com.apple.keylayout.Hungarian,,True,False,False,False
},ö,com.apple.keylayout.Hungarian,,True,False,False,False
~,ú,com.apple.keylayout.Hungarian,,True,False,False,False
Ņ,o,com.apple.keylayout.Hungarian,,True,False,False,False
¨,ő,com.apple.keylayout.Hungarian,,True,False,False,False
Ļ,p,com.apple.keylayout.Hungarian,,True,False,False,False
•,l,com.apple.keylayout.Hungarian,,True,False,False,False
∆,j,com.apple.keylayout.Hungarian,,True,False,False,False
^,á,com.apple.keylayout.Hungarian,,True,False,False,False
Ż,k,com.apple.keylayout.Hungarian,,True,False,False,False
…,é,com.apple.keylayout.Hungarian,,True,False,False,False
`,ű,com.apple.keylayout.Hungarian,,True,False,False,False
–,-,com.apple.keylayout.Hungarian,,True,False,False,False
Ķ,m,com.apple.keylayout.Hungarian,,True,False,False,False
;,.,com.apple.keylayout.Hungarian,,True,False,False,False
 , ,com.apple.keylayout.Hungarian,,True,False,False,False
|,í,com.apple.keylayout.Hungarian,50,True,False,False,False
Ą,a,com.apple.keylayout.Hungarian,,True,True,False,False
ż,s,com.apple.keylayout.Hungarian,,True,True,False,False
Ž,d,com.apple.keylayout.Hungarian,,True,True,False,False
ž,f,com.apple.keylayout.Hungarian,,True,True,False,False
Õ,h,com.apple.keylayout.Hungarian,,True,True,False,False
Ū,g,com.apple.keylayout.Hungarian,,True,True,False,False
<,y,com.apple.keylayout.Hungarian,,True,True,False,False
>,x,com.apple.keylayout.Hungarian,,True,True,False,False
©,c,com.apple.keylayout.Hungarian,,True,True,False,False
‚,v,com.apple.keylayout.Hungarian,,True,True,False,False
•,0,com.apple.keylayout.Hungarian,10,True,True,False,False
’,b,com.apple.keylayout.Hungarian,,True,True,False,False
ļ,q,com.apple.keylayout.Hungarian,,True,True,False,False
Ł,w,com.apple.keylayout.Hungarian,,True,True,False,False
š,e,com.apple.keylayout.Hungarian,,True,True,False,False
®,r,com.apple.keylayout.Hungarian,,True,True,False,False
Ź,z,com.apple.keylayout.Hungarian,,True,True,False,False
ś,t,com.apple.keylayout.Hungarian,,True,True,False,False
ŕ,1,com.apple.keylayout.Hungarian,,True,True,False,False
Ř,2,com.apple.keylayout.Hungarian,,True,True,False,False
#,3,com.apple.keylayout.Hungarian,,True,True,False,False
$,4,com.apple.keylayout.Hungarian,,True,True,False,False
Ŗ,6,com.apple.keylayout.Hungarian,,True,True,False,False
ř,5,com.apple.keylayout.Hungarian,,True,True,False,False
Ī,ó,com.apple.keylayout.Hungarian,,True,True,False,False
},9,com.apple.keylayout.Hungarian,,True,True,False,False
ŗ,7,com.apple.keylayout.Hungarian,,True,True,False,False
ī,ü,com.apple.keylayout.Hungarian,,True,True,False,False
™,8,com.apple.keylayout.Hungarian,,True,True,False,False
°,ö,com.apple.keylayout.Hungarian,,True,True,False,False
ý,ú,com.apple.keylayout.Hungarian,,True,True,False,False
Į,o,com.apple.keylayout.Hungarian,,True,True,False,False
†,u,com.apple.keylayout.Hungarian,,True,True,False,False
Ý,ő,com.apple.keylayout.Hungarian,,True,True,False,False
ť,i,com.apple.keylayout.Hungarian,,True,True,False,False
ł,p,com.apple.keylayout.Hungarian,,True,True,False,False
Ů,l,com.apple.keylayout.Hungarian,,True,True,False,False
Ô,j,com.apple.keylayout.Hungarian,,True,True,False,False
&,k,com.apple.keylayout.Hungarian,,True,True,False,False
ō,é,com.apple.keylayout.Hungarian,,True,True,False,False
Ģ,ű,com.apple.keylayout.Hungarian,,True,True,False,False
*,",",com.apple.keylayout.Hungarian,,True,True,False,False
—,-,com.apple.keylayout.Hungarian,,True,True,False,False
Ų,n,com.apple.keylayout.Hungarian,,True,True,False,False
ų,m,com.apple.keylayout.Hungarian,,True,True,False,False
÷,.,com.apple.keylayout.Hungarian,,True,True,False,False
 , ,com.apple.keylayout.Hungarian,,True,True,False,False
Ŕ,í,com.apple.keylayout.Hungarian,50,True,True,False,False
a,a,com.apple.keylayout.Swedish,,False,False,False,False
s,s,com.apple.keylayout.Swedish,,False,False,False,False
d,d,com.apple.keylayout.Swedish,,False,False,False,False
f,f,com.apple.keylayout.Swedish,,False,False,False,False
h,h,com.apple.keylayout.Swedish,,False,False,False,False
g,g,com.apple.keylayout.Swedish,,False,False,False,False
z,z,com.apple.keylayout.Swedish,,False,False,False,False
x,x,com.apple.keylayout.Swedish,,False,False,False,False
c,c,com.apple.keylayout.Swedish,,False,False,False,False
v,v,com.apple.keylayout.Swedish,,False,False,False,False
§,§,com.apple.keylayout.Swedish,10,False,False,False,False
b,b,com.apple.keylayout.Swedish,,False,False,False,False
q,q,com.apple.keylayout.Swedish,,False,False,False,False
w,w,com.apple.keylayout.Swedish,,False,False,False,False
e,e,com.apple.keylayout.Swedish,,False,False,False,False
r,r,com.apple.keylayout.Swedish,,False,False,False,False
y,y,com.apple.keylayout.Swedish,,False,False,False,False
t,t,com.apple.keylayout.Swedish,,False,False,False,False
1,1,com.apple.keylayout.Swedish,,False,False,False,False
2,2,com.apple.keylayout.Swedish,,False,False,False,False
3,3,com.apple.keylayout.Swedish,,False,False,False,False
4,4,com.apple.keylayout.Swedish,,False,False,False,False
6,6,com.apple.keylayout.Swedish,,False,False,False,False
5,5,com.apple.keylayout.Swedish,,False,False,False,False
9,9,com.apple.keylayout.Swedish,,False,False,False,False
7,7,com.apple.keylayout.Swedish,,False,False,False,False
+,+,com.apple.keylayout.Swedish,,False,False,False,False
8,8,com.apple.keylayout.Swedish,,False,False,False,False
0,0,com.apple.keylayout.Swedish,,False,False,False,False
o,o,com.apple.keylayout.Swedish,,False,False,False,False
u,u,com.apple.keylayout.Swedish,,False,False,False,False
å,å,com.apple.keylayout.Swedish,,False,False,False,False
i,i,com.apple.keylayout.Swedish,,False,False,False,False
p,p,com.apple.keylayout.Swedish,,False,False,False,False
l,l,com.apple.keylayout.Swedish,,False,False,False,False
j,j,com.apple.keylayout.Swedish,,False,False,False,False
ä,ä,com.apple.keylayout.Swedish,,False,False,False,False
k,k,com.apple.keylayout.Swedish,,False,False,False,False
ö,ö,com.apple.keylayout.Swedish,,False,False,False,False
',',com.apple.keylayout.Swedish,,False,False,False,False
",",",",com.apple.keylayout.Swedish,,False,False,False,False
-,-,com.apple.keylayout.Swedish,,False,False,False,False
n,n,com.apple.keylayout.Swedish,,False,False,False,False
m,m,com.apple.keylayout.Swedish,,False,False,False,False
.,.,com.apple.keylayout.Swedish,,False,False,False,False
 , ,com.apple.keylayout.Swedish,,False,False,False,False
<,<,com.apple.keylayout.Swedish,50,False,False,False,False
A,a,com.apple.keylayout.Swedish,,False,True,False,False
S,s,com.apple.keylayout.Swedish,,False,True,False,False
D,d,com.apple.keylayout.Swedish,,False,True,False,False
F,f,com.apple.keylayout.Swedish,,False,True,False,False
H,h,com.apple.keylayout.Swedish,,False,True,False,False
G,g,com.apple.keylayout.Swedish,,False,True,False,False
Z,z,com.apple.keylayout.Swedish,,False,True,False,False
X,x,com.apple.keylayout.Swedish,,False,True,False,False
C,c,com.apple.keylayout.Swedish,,False,True,False,False
V,v,com.apple.keylayout.Swedish,,False,True,False,False
°,§,com.apple.keylayout.Swedish,10,False,True,False,False
B,b,com.apple.keylayout.Swedish,,False,True,False,False
Q,q,com.apple.keylayout.Swedish,,False,True,False,False
W,w,com.apple.keylayout.Swedish,,False,True,False,False
E,e,com.apple.keylayout.Swedish,,False,True,False,False
R,r,com.apple.keylayout.Swedish,,False,True,False,False
Y,y,com.apple.keylayout.Swedish,,False,True,False,False
T,t,com.apple.keylayout.Swedish,,False,True,False,False
!,1,com.apple.keylayout.Swedish,,False,True,False,False
"""",2,com.apple.keylayout.Swedish,,False,True,False,False
#,3,com.apple.keylayout.Swedish,,False,True,False,False
€,4,com.apple.keylayout.Swedish,,False,True,False,False
&,6,com.apple.keylayout.Swedish,,False,True,False,False
%,5,com.apple.keylayout.Swedish,,False,True,False,False
),9,com.apple.keylayout.Swedish,,False,True,False,False
/,7,com.apple.keylayout.Swedish,,False,True,False,False
?,+,com.apple.keylayout.Swedish,,False,True,False,False
(,8,com.apple.keylayout.Swedish,,False,True,False,False
=,0,com.apple.keylayout.Swedish,,False,True,False,False
O,o,com.apple.keylayout.Swedish,,False,True,False,False
U,u,com.apple.keylayout.Swedish,,False,True,False,False
Å,å,com.apple.keylayout.Swedish,,False,True,False,False
I,i,com.apple.keylayout.Swedish,,False,True,False,False
P,p,com.apple.keylayout.Swedish,,False,True,False,False
L,l,com.apple.keylayout.Swedish,,False,True,False,False
J,j,com.apple.keylayout.Swedish,,False,True,False,False
Ä,ä,com.apple.keylayout.Swedish,,False,True,False,False
K,k,com.apple.keylayout.Swedish,,False,True,False,False
Ö,ö,com.apple.keylayout.Swedish,,False,True,False,False
*,',com.apple.keylayout.Swedish,,False,True,False,False
;,",",com.apple.keylayout.Swedish,,False,True,False,False
_,-,com.apple.keylayout.Swedish,,False,True,False,False
N,n,com.apple.keylayout.Swedish,,False,True,False,False
M,m,com.apple.keylayout.Swedish,,False,True,False,False
:,.,com.apple.keylayout.Swedish,,False,True,False,False
 , ,com.apple.keylayout.Swedish,,False,True,False,False
>,<,com.apple.keylayout.Swedish,50,False,True,False,False
,a,com.apple.keylayout.Swedish,,True,False,False,False
ß,s,com.apple.keylayout.Swedish,,True,False,False,False
∂,d,com.apple.keylayout.Swedish,,True,False,False,False
ƒ,f,com.apple.keylayout.Swedish,,True,False,False,False
˛,h,com.apple.keylayout.Swedish,,True,False,False,False
¸,g,com.apple.keylayout.Swedish,,True,False,False,False
÷,z,com.apple.keylayout.Swedish,,True,False,False,False
≈,x,com.apple.keylayout.Swedish,,True,False,False,False
ç,c,com.apple.keylayout.Swedish,,True,False,False,False
‹,v,com.apple.keylayout.Swedish,,True,False,False,False
¶,§,com.apple.keylayout.Swedish,10,True,False,False,False
›,b,com.apple.keylayout.Swedish,,True,False,False,False
•,q,com.apple.keylayout.Swedish,,True,False,False,False
Ω,w,com.apple.keylayout.Swedish,,True,False,False,False
é,e,com.apple.keylayout.Swedish,,True,False,False,False
®,r,com.apple.keylayout.Swedish,,True,False,False,False
µ,y,com.apple.keylayout.Swedish,,True,False,False,False
†,t,com.apple.keylayout.Swedish,,True,False,False,False
©,1,com.apple.keylayout.Swedish,,True,False,False,False
™,2,com.apple.keylayout.Swedish,,True,False,False,False
£,3,com.apple.keylayout.Swedish,,True,False,False,False
$,4,com.apple.keylayout.Swedish,,True,False,False,False
§,6,com.apple.keylayout.Swedish,,True,False,False,False
∞,5,com.apple.keylayout.Swedish,,True,False,False,False
],9,com.apple.keylayout.Swedish,,True,False,False,False
|,7,com.apple.keylayout.Swedish,,True,False,False,False
±,+,com.apple.keylayout.Swedish,,True,False,False,False
[,8,com.apple.keylayout.Swedish,,True,False,False,False
≈,0,com.apple.keylayout.Swedish,,True,False,False,False
œ,o,com.apple.keylayout.Swedish,,True,False,False,False
ü,u,com.apple.keylayout.Swedish,,True,False,False,False
˙,å,com.apple.keylayout.Swedish,,True,False,False,False
ı,i,com.apple.keylayout.Swedish,,True,False,False,False
π,p,com.apple.keylayout.Swedish,,True,False,False,False
ﬁ,l,com.apple.keylayout.Swedish,,True,False,False,False
√,j,com.apple.keylayout.Swedish,,True,False,False,False
æ,ä,com.apple.keylayout.Swedish,,True,False,False,False
ª,k,com.apple.keylayout.Swedish,,True,False,False,False
ø,ö,com.apple.keylayout.Swedish,,True,False,False,False
@,',com.apple.keylayout.Swedish,,True,False,False,False
‚,",",com.apple.keylayout.Swedish,,True,False,False,False
–,-,com.apple.keylayout.Swedish,,True,False,False,False
‘,n,com.apple.keylayout.Swedish,,True,False,False,False
’,m,com.apple.keylayout.Swedish,,True,False,False,False
…,.,com.apple.keylayout.Swedish,,True,False,False,False
 , ,com.apple.keylayout.Swedish,,True,False,False,False
≤,<,com.apple.keylayout.Swedish,50,True,False,False,False
◊,a,com.apple.keylayout.Swedish,,True,True,False,False
∑,s,com.apple.keylayout.Swedish,,True,True,False,False
∆,d,com.apple.keylayout.Swedish,,True,True,False,False
∫,f,com.apple.keylayout.Swedish,,True,True,False,False
˘,h,com.apple.keylayout.Swedish,,True,True,False,False
¯,g,com.apple.keylayout.Swedish,,True,True,False,False
⁄,z,com.apple.keylayout.Swedish,,True,True,False,False
ˇ,x,com.apple.keylayout.Swedish,,True,True,False,False
Ç,c,com.apple.keylayout.Swedish,,True,True,False,False
«,v,com.apple.keylayout.Swedish,,True,True,False,False
•,§,com.apple.keylayout.Swedish,10,True,True,False,False
»,b,com.apple.keylayout.Swedish,,True,True,False,False
°,q,com.apple.keylayout.Swedish,,True,True,False,False
˝,w,com.apple.keylayout.Swedish,,True,True,False,False
É,e,com.apple.keylayout.Swedish,,True,True,False,False
√,r,com.apple.keylayout.Swedish,,True,True,False,False
˜,y,com.apple.keylayout.Swedish,,True,True,False,False
‡,t,com.apple.keylayout.Swedish,,True,True,False,False
¡,1,com.apple.keylayout.Swedish,,True,True,False,False
”,2,com.apple.keylayout.Swedish,,True,True,False,False
¥,3,com.apple.keylayout.Swedish,,True,True,False,False
¢,4,com.apple.keylayout.Swedish,,True,True,False,False
¶,6,com.apple.keylayout.Swedish,,True,True,False,False
‰,5,com.apple.keylayout.Swedish,,True,True,False,False
},9,com.apple.keylayout.Swedish,,True,True,False,False
\,7,com.apple.keylayout.Swedish,,True,True,False,False
¿,+,com.apple.keylayout.Swedish,,True,True,False,False
{,8,com.apple.keylayout.Swedish,,True,True,False,False
≠,0,com.apple.keylayout.Swedish,,True,True,False,False
Œ,o,com.apple.keylayout.Swedish,,True,True,False,False
Ü,u,com.apple.keylayout.Swedish,,True,True,False,False
˚,å,com.apple.keylayout.Swedish,,True,True,False,False
ˆ,i,com.apple.keylayout.Swedish,,True,True,False,False
∏,p,com.apple.keylayout.Swedish,,True,True,False,False
ﬂ,l,com.apple.keylayout.Swedish,,True,True,False,False
¬,j,com.apple.keylayout.Swedish,,True,True,False,False
Æ,ä,com.apple.keylayout.Swedish,,True,True,False,False
º,k,com.apple.keylayout.Swedish,,True,True,False,False
Ø,ö,com.apple.keylayout.Swedish,,True,True,False,False
’,',com.apple.keylayout.Swedish,,True,True,False,False
„,",",com.apple.keylayout.Swedish,,True,True,False,False
—,-,com.apple.keylayout.Swedish,,True,True,False,False
“,n,com.apple.keylayout.Swedish,,True,True,False,False
”,m,com.apple.keylayout.Swedish,,True,True,False,False
·,.,com.apple.keylayout.Swedish,,True,True,False,False
 , ,com.apple.keylayout.Swedish,,True,True,False,False
≥,<,com.apple.keylayout.Swedish,50,True,True,False,False
a,a,com.apple.keylayout.Icelandic,,False,False,False,False
s,s,com.apple.keylayout.Icelandic,,False,False,False,False
d,d,com.apple.keylayout.Icelandic,,False,False,False,False
f,f,com.apple.keylayout.Icelandic,,False,False,False,False
h,h,com.apple.keylayout.Icelandic,,False,False,False,False
g,g,com.apple.keylayout.Icelandic,,False,False,False,False
z,z,com.apple.keylayout.Icelandic,,False,False,False,False
x,x,com.apple.keylayout.Icelandic,,False,False,False,False
c,c,com.apple.keylayout.Icelandic,,False,False,False,False
v,v,com.apple.keylayout.Icelandic,,False,False,False,False
b,b,com.apple.keylayout.Icelandic,,False,False,False,False
q,q,com.apple.keylayout.Icelandic,,False,False,False,False
w,w,com.apple.keylayout.Icelandic,,False,False,False,False
e,e,com.apple.keylayout.Icelandic,,False,False,False,False
r,r,com.apple.keylayout.Icelandic,,False,False,False,False
y,y,com.apple.keylayout.Icelandic,,False,False,False,False
t,t,com.apple.keylayout.Icelandic,,False,False,False,False
1,1,com.apple.keylayout.Icelandic,,False,False,False,False
2,2,com.apple.keylayout.Icelandic,,False,False,False,False
3,3,com.apple.keylayout.Icelandic,,False,False,False,False
4,4,com.apple.keylayout.Icelandic,,False,False,False,False
6,6,com.apple.keylayout.Icelandic,,False,False,False,False
5,5,com.apple.keylayout.Icelandic,,False,False,False,False
-,-,com.apple.keylayout.Icelandic,,False,False,False,False
9,9,com.apple.keylayout.Icelandic,,False,False,False,False
7,7,com.apple.keylayout.Icelandic,,False,False,False,False
ö,ö,com.apple.keylayout.Icelandic,,False,False,False,False
8,8,com.apple.keylayout.Icelandic,,False,False,False,False
0,0,com.apple.keylayout.Icelandic,,False,False,False,False
',',com.apple.keylayout.Icelandic,,False,False,False,False
o,o,com.apple.keylayout.Icelandic,,False,False,False,False
u,u,com.apple.keylayout.Icelandic,,False,False,False,False
ð,ð,com.apple.keylayout.Icelandic,,False,False,False,False
i,i,com.apple.keylayout.Icelandic,,False,False,False,False
p,p,com.apple.keylayout.Icelandic,,False,False,False,False
l,l,com.apple.keylayout.Icelandic,,False,False,False,False
j,j,com.apple.keylayout.Icelandic,,False,False,False,False
k,k,com.apple.keylayout.Icelandic,,False,False,False,False
æ,æ,com.apple.keylayout.Icelandic,,False,False,False,False
+,+,com.apple.keylayout.Icelandic,,False,False,False,False
",",",",com.apple.keylayout.Icelandic,,False,False,False,False
þ,þ,com.apple.keylayout.Icelandic,,False,False,False,False
n,n,com.apple.keylayout.Icelandic,,False,False,False,False
m,m,com.apple.keylayout.Icelandic,,False,False,False,False
.,.,com.apple.keylayout.Icelandic,,False,False,False,False
 , ,com.apple.keylayout.Icelandic,,False,False,False,False
<,<,com.apple.keylayout.Icelandic,50,False,False,False,False
A,a,com.apple.keylayout.Icelandic,,False,True,False,False
S,s,com.apple.keylayout.Icelandic,,False,True,False,False
D,d,com.apple.keylayout.Icelandic,,False,True,False,False
F,f,com.apple.keylayout.Icelandic,,False,True,False,False
H,h,com.apple.keylayout.Icelandic,,False,True,False,False
G,g,com.apple.keylayout.Icelandic,,False,True,False,False
Z,z,com.apple.keylayout.Icelandic,,False,True,False,False
X,x,com.apple.keylayout.Icelandic,,False,True,False,False
C,c,com.apple.keylayout.Icelandic,,False,True,False,False
V,v,com.apple.keylayout.Icelandic,,False,True,False,False
B,b,com.apple.keylayout.Icelandic,,False,True,False,False
Q,q,com.apple.keylayout.Icelandic,,False,True,False,False
W,w,com.apple.keylayout.Icelandic,,False,True,False,False
E,e,com.apple.keylayout.Icelandic,,False,True,False,False
R,r,com.apple.keylayout.Icelandic,,False,True,False,False
Y,y,com.apple.keylayout.Icelandic,,False,True,False,False
T,t,com.apple.keylayout.Icelandic,,False,True,False,False
!,1,com.apple.keylayout.Icelandic,,False,True,False,False
"""",2,com.apple.keylayout.Icelandic,,False,True,False,False
#,3,com.apple.keylayout.Icelandic,,False,True,False,False
$,4,com.apple.keylayout.Icelandic,,False,True,False,False
&,6,com.apple.keylayout.Icelandic,,False,True,False,False
%,5,com.apple.keylayout.Icelandic,,False,True,False,False
_,-,com.apple.keylayout.Icelandic,,False,True,False,False
),9,com.apple.keylayout.Icelandic,,False,True,False,False
/,7,com.apple.keylayout.Icelandic,,False,True,False,False
Ö,ö,com.apple.keylayout.Icelandic,,False,True,False,False
(,8,com.apple.keylayout.Icelandic,,False,True,False,False
=,0,com.apple.keylayout.Icelandic,,False,True,False,False
?,',com.apple.keylayout.Icelandic,,False,True,False,False
O,o,com.apple.keylayout.Icelandic,,False,True,False,False
U,u,com.apple.keylayout.Icelandic,,False,True,False,False
Ð,ð,com.apple.keylayout.Icelandic,,False,True,False,False
I,i,com.apple.keylayout.Icelandic,,False,True,False,False
P,p,com.apple.keylayout.Icelandic,,False,True,False,False
L,l,com.apple.keylayout.Icelandic,,False,True,False,False
J,j,com.apple.keylayout.Icelandic,,False,True,False,False
K,k,com.apple.keylayout.Icelandic,,False,True,False,False
Æ,æ,com.apple.keylayout.Icelandic,,False,True,False,False
*,+,com.apple.keylayout.Icelandic,,False,True,False,False
;,",",com.apple.keylayout.Icelandic,,False,True,False,False
Þ,þ,com.apple.keylayout.Icelandic,,False,True,False,False
N,n,com.apple.keylayout.Icelandic,,False,True,False,False
M,m,com.apple.keylayout.Icelandic,,False,True,False,False
:,.,com.apple.keylayout.Icelandic,,False,True,False,False
 , ,com.apple.keylayout.Icelandic,,False,True,False,False
>,<,com.apple.keylayout.Icelandic,50,False,True,False,False
å,a,com.apple.keylayout.Icelandic,,True,False,False,False
ß,s,com.apple.keylayout.Icelandic,,True,False,False,False
∂,d,com.apple.keylayout.Icelandic,,True,False,False,False
ƒ,f,com.apple.keylayout.Icelandic,,True,False,False,False
|,h,com.apple.keylayout.Icelandic,,True,False,False,False
©,g,com.apple.keylayout.Icelandic,,True,False,False,False
Ω,z,com.apple.keylayout.Icelandic,,True,False,False,False
~,x,com.apple.keylayout.Icelandic,,True,False,False,False
ç,c,com.apple.keylayout.Icelandic,,True,False,False,False
√,v,com.apple.keylayout.Icelandic,,True,False,False,False
∫,b,com.apple.keylayout.Icelandic,,True,False,False,False
@,q,com.apple.keylayout.Icelandic,,True,False,False,False
∑,w,com.apple.keylayout.Icelandic,,True,False,False,False
€,e,com.apple.keylayout.Icelandic,,True,False,False,False
®,r,com.apple.keylayout.Icelandic,,True,False,False,False
¥,y,com.apple.keylayout.Icelandic,,True,False,False,False
°,t,com.apple.keylayout.Icelandic,,True,False,False,False
¡,1,com.apple.keylayout.Icelandic,,True,False,False,False
@,2,com.apple.keylayout.Icelandic,,True,False,False,False
™,3,com.apple.keylayout.Icelandic,,True,False,False,False
¢,4,com.apple.keylayout.Icelandic,,True,False,False,False
^,6,com.apple.keylayout.Icelandic,,True,False,False,False
‰,5,com.apple.keylayout.Icelandic,,True,False,False,False
–,-,com.apple.keylayout.Icelandic,,True,False,False,False
],9,com.apple.keylayout.Icelandic,,True,False,False,False
{,7,com.apple.keylayout.Icelandic,,True,False,False,False
\,ö,com.apple.keylayout.Icelandic,,True,False,False,False
[,8,com.apple.keylayout.Icelandic,,True,False,False,False
},0,com.apple.keylayout.Icelandic,,True,False,False,False
~,',com.apple.keylayout.Icelandic,,True,False,False,False
„,ð,com.apple.keylayout.Icelandic,,True,False,False,False
ı,i,com.apple.keylayout.Icelandic,,True,False,False,False
π,p,com.apple.keylayout.Icelandic,,True,False,False,False
…,l,com.apple.keylayout.Icelandic,,True,False,False,False
∆,j,com.apple.keylayout.Icelandic,,True,False,False,False
¬,k,com.apple.keylayout.Icelandic,,True,False,False,False
œ,æ,com.apple.keylayout.Icelandic,,True,False,False,False
≤,",",com.apple.keylayout.Icelandic,,True,False,False,False
’,þ,com.apple.keylayout.Icelandic,,True,False,False,False
µ,m,com.apple.keylayout.Icelandic,,True,False,False,False
≥,.,com.apple.keylayout.Icelandic,,True,False,False,False
 , ,com.apple.keylayout.Icelandic,,True,False,False,False
|,<,com.apple.keylayout.Icelandic,50,True,False,False,False
Å,a,com.apple.keylayout.Icelandic,,True,True,False,False
˙,s,com.apple.keylayout.Icelandic,,True,True,False,False
˚,d,com.apple.keylayout.Icelandic,,True,True,False,False
¯,f,com.apple.keylayout.Icelandic,,True,True,False,False
¸,h,com.apple.keylayout.Icelandic,,True,True,False,False
˘,g,com.apple.keylayout.Icelandic,,True,True,False,False
Ç,c,com.apple.keylayout.Icelandic,,True,True,False,False
◊,v,com.apple.keylayout.Icelandic,,True,True,False,False
¶,q,com.apple.keylayout.Icelandic,,True,True,False,False
§,w,com.apple.keylayout.Icelandic,,True,True,False,False
¿,e,com.apple.keylayout.Icelandic,,True,True,False,False
•,t,com.apple.keylayout.Icelandic,,True,True,False,False
£,3,com.apple.keylayout.Icelandic,,True,True,False,False
€,4,com.apple.keylayout.Icelandic,,True,True,False,False
⁄,6,com.apple.keylayout.Icelandic,,True,True,False,False
∞,5,com.apple.keylayout.Icelandic,,True,True,False,False
—,-,com.apple.keylayout.Icelandic,,True,True,False,False
},9,com.apple.keylayout.Icelandic,,True,True,False,False
÷,7,com.apple.keylayout.Icelandic,,True,True,False,False
≠,ö,com.apple.keylayout.Icelandic,,True,True,False,False
{,8,com.apple.keylayout.Icelandic,,True,True,False,False
≈,0,com.apple.keylayout.Icelandic,,True,True,False,False
·,',com.apple.keylayout.Icelandic,,True,True,False,False
º,o,com.apple.keylayout.Icelandic,,True,True,False,False
“,ð,com.apple.keylayout.Icelandic,,True,True,False,False
ª,i,com.apple.keylayout.Icelandic,,True,True,False,False
∏,p,com.apple.keylayout.Icelandic,,True,True,False,False
ˇ,l,com.apple.keylayout.Icelandic,,True,True,False,False
˝,j,com.apple.keylayout.Icelandic,,True,True,False,False
˛,k,com.apple.keylayout.Icelandic,,True,True,False,False
Œ,æ,com.apple.keylayout.Icelandic,,True,True,False,False
±,+,com.apple.keylayout.Icelandic,,True,True,False,False
«,",",com.apple.keylayout.Icelandic,,True,True,False,False
”,þ,com.apple.keylayout.Icelandic,,True,True,False,False
»,.,com.apple.keylayout.Icelandic,,True,True,False,False
 , ,com.apple.keylayout.Icelandic,,True,True,False,False
,<,com.apple.keylayout.Icelandic,50,True,True,False,False
a,a,com.apple.keylayout.InuttitutNunavik,,False,False,False,False
s,s,com.apple.keylayout.InuttitutNunavik,,False,False,False,False
d,d,com.apple.keylayout.InuttitutNunavik,,False,False,False,False
f,f,com.apple.keylayout.InuttitutNunavik,,False,False,False,False
h,h,com.apple.keylayout.InuttitutNunavik,,False,False,False,False
g,g,com.apple.keylayout.InuttitutNunavik,,False,False,False,False
z,z,com.apple.keylayout.InuttitutNunavik,,False,False,False,False
x,x,com.apple.keylayout.InuttitutNunavik,,False,False,False,False
c,c,com.apple.keylayout.InuttitutNunavik,,False,False,False,False
v,v,com.apple.keylayout.InuttitutNunavik,,False,False,False,False
§,§,com.apple.keylayout.InuttitutNunavik,10,False,False,False,False
b,b,com.apple.keylayout.InuttitutNunavik,,False,False,False,False
q,q,com.apple.keylayout.InuttitutNunavik,,False,False,False,False
w,w,com.apple.keylayout.InuttitutNunavik,,False,False,False,False
e,e,com.apple.keylayout.InuttitutNunavik,,False,False,False,False
r,r,com.apple.keylayout.InuttitutNunavik,,False,False,False,False
y,y,com.apple.keylayout.InuttitutNunavik,,False,False,False,False
t,t,com.apple.keylayout.InuttitutNunavik,,False,False,False,False
1,1,com.apple.keylayout.InuttitutNunavik,,False,False,False,False
2,2,com.apple.keylayout.InuttitutNunavik,,False,False,False,False
3,3,com.apple.keylayout.InuttitutNunavik,,False,False,False,False
4,4,com.apple.keylayout.InuttitutNunavik,,False,False,False,False
6,6,com.apple.keylayout.InuttitutNunavik,,False,False,False,False
5,5,com.apple.keylayout.InuttitutNunavik,,False,False,False,False
=,=,com.apple.keylayout.InuttitutNunavik,,False,False,False,False
9,9,com.apple.keylayout.InuttitutNunavik,,False,False,False,False
7,7,com.apple.keylayout.InuttitutNunavik,,False,False,False,False
-,-,com.apple.keylayout.InuttitutNunavik,,False,False,False,False
8,8,com.apple.keylayout.InuttitutNunavik,,False,False,False,False
0,0,com.apple.keylayout.InuttitutNunavik,,False,False,False,False
],],com.apple.keylayout.InuttitutNunavik,,False,False,False,False
o,o,com.apple.keylayout.InuttitutNunavik,,False,False,False,False
u,u,com.apple.keylayout.InuttitutNunavik,,False,False,False,False
[,[,com.apple.keylayout.InuttitutNunavik,,False,False,False,False
i,i,com.apple.keylayout.InuttitutNunavik,,False,False,False,False
p,p,com.apple.keylayout.InuttitutNunavik,,False,False,False,False
l,l,com.apple.keylayout.InuttitutNunavik,,False,False,False,False
j,j,com.apple.keylayout.InuttitutNunavik,,False,False,False,False
',',com.apple.keylayout.InuttitutNunavik,,False,False,False,False
k,k,com.apple.keylayout.InuttitutNunavik,,False,False,False,False
;,;,com.apple.keylayout.InuttitutNunavik,,False,False,False,False
\,\,com.apple.keylayout.InuttitutNunavik,,False,False,False,False
",",",",com.apple.keylayout.InuttitutNunavik,,False,False,False,False
/,/,com.apple.keylayout.InuttitutNunavik,,False,False,False,False
n,n,com.apple.keylayout.InuttitutNunavik,,False,False,False,False
m,m,com.apple.keylayout.InuttitutNunavik,,False,False,False,False
.,.,com.apple.keylayout.InuttitutNunavik,,False,False,False,False
 , ,com.apple.keylayout.InuttitutNunavik,,False,False,False,False
`,`,com.apple.keylayout.InuttitutNunavik,50,False,False,False,False
A,a,com.apple.keylayout.InuttitutNunavik,,False,True,False,False
S,s,com.apple.keylayout.InuttitutNunavik,,False,True,False,False
D,d,com.apple.keylayout.InuttitutNunavik,,False,True,False,False
F,f,com.apple.keylayout.InuttitutNunavik,,False,True,False,False
H,h,com.apple.keylayout.InuttitutNunavik,,False,True,False,False
G,g,com.apple.keylayout.InuttitutNunavik,,False,True,False,False
Z,z,com.apple.keylayout.InuttitutNunavik,,False,True,False,False
X,x,com.apple.keylayout.InuttitutNunavik,,False,True,False,False
C,c,com.apple.keylayout.InuttitutNunavik,,False,True,False,False
V,v,com.apple.keylayout.InuttitutNunavik,,False,True,False,False
±,§,com.apple.keylayout.InuttitutNunavik,10,False,True,False,False
B,b,com.apple.keylayout.InuttitutNunavik,,False,True,False,False
Q,q,com.apple.keylayout.InuttitutNunavik,,False,True,False,False
W,w,com.apple.keylayout.InuttitutNunavik,,False,True,False,False
E,e,com.apple.keylayout.InuttitutNunavik,,False,True,False,False
R,r,com.apple.keylayout.InuttitutNunavik,,False,True,False,False
Y,y,com.apple.keylayout.InuttitutNunavik,,False,True,False,False
T,t,com.apple.keylayout.InuttitutNunavik,,False,True,False,False
!,1,com.apple.keylayout.InuttitutNunavik,,False,True,False,False
@,2,com.apple.keylayout.InuttitutNunavik,,False,True,False,False
#,3,com.apple.keylayout.InuttitutNunavik,,False,True,False,False
$,4,com.apple.keylayout.InuttitutNunavik,,False,True,False,False
^,6,com.apple.keylayout.InuttitutNunavik,,False,True,False,False
%,5,com.apple.keylayout.InuttitutNunavik,,False,True,False,False
+,=,com.apple.keylayout.InuttitutNunavik,,False,True,False,False
(,9,com.apple.keylayout.InuttitutNunavik,,False,True,False,False
&,7,com.apple.keylayout.InuttitutNunavik,,False,True,False,False
_,-,com.apple.keylayout.InuttitutNunavik,,False,True,False,False
*,8,com.apple.keylayout.InuttitutNunavik,,False,True,False,False
),0,com.apple.keylayout.InuttitutNunavik,,False,True,False,False
},],com.apple.keylayout.InuttitutNunavik,,False,True,False,False
O,o,com.apple.keylayout.InuttitutNunavik,,False,True,False,False
U,u,com.apple.keylayout.InuttitutNunavik,,False,True,False,False
{,[,com.apple.keylayout.InuttitutNunavik,,False,True,False,False
I,i,com.apple.keylayout.InuttitutNunavik,,False,True,False,False
P,p,com.apple.keylayout.InuttitutNunavik,,False,True,False,False
L,l,com.apple.keylayout.InuttitutNunavik,,False,True,False,False
J,j,com.apple.keylayout.InuttitutNunavik,,False,True,False,False
"""",',com.apple.keylayout.InuttitutNunavik,,False,True,False,False
K,k,com.apple.keylayout.InuttitutNunavik,,False,True,False,False
:,;,com.apple.keylayout.InuttitutNunavik,,False,True,False,False
|,\,com.apple.keylayout.InuttitutNunavik,,False,True,False,False
<,",",com.apple.keylayout.InuttitutNunavik,,False,True,False,False
?,/,com.apple.keylayout.InuttitutNunavik,,False,True,False,False
N,n,com.apple.keylayout.InuttitutNunavik,,False,True,False,False
M,m,com.apple.keylayout.InuttitutNunavik,,False,True,False,False
>,.,com.apple.keylayout.InuttitutNunavik,,False,True,False,False
 , ,com.apple.keylayout.InuttitutNunavik,,False,True,False,False
~,`,com.apple.keylayout.InuttitutNunavik,50,False,True,False,False
ß,s,com.apple.keylayout.InuttitutNunavik,,True,False,False,False
ð,d,com.apple.keylayout.InuttitutNunavik,,True,False,False,False
ƒ,f,com.apple.keylayout.InuttitutNunavik,,True,False,False,False
©,g,com.apple.keylayout.InuttitutNunavik,,True,False,False,False
§,§,com.apple.keylayout.InuttitutNunavik,10,True,False,False,False
œ,q,com.apple.keylayout.InuttitutNunavik,,True,False,False,False
®,r,com.apple.keylayout.InuttitutNunavik,,True,False,False,False
¥,y,com.apple.keylayout.InuttitutNunavik,,True,False,False,False
þ,t,com.apple.keylayout.InuttitutNunavik,,True,False,False,False
¡,1,com.apple.keylayout.InuttitutNunavik,,True,False,False,False
™,2,com.apple.keylayout.InuttitutNunavik,,True,False,False,False
£,3,com.apple.keylayout.InuttitutNunavik,,True,False,False,False
¢,4,com.apple.keylayout.InuttitutNunavik,,True,False,False,False
§,5,com.apple.keylayout.InuttitutNunavik,,True,False,False,False
≠,=,com.apple.keylayout.InuttitutNunavik,,True,False,False,False
ª,9,com.apple.keylayout.InuttitutNunavik,,True,False,False,False
¶,7,com.apple.keylayout.InuttitutNunavik,,True,False,False,False
–,-,com.apple.keylayout.InuttitutNunavik,,True,False,False,False
•,8,com.apple.keylayout.InuttitutNunavik,,True,False,False,False
º,0,com.apple.keylayout.InuttitutNunavik,,True,False,False,False
‘,],com.apple.keylayout.InuttitutNunavik,,True,False,False,False
ø,o,com.apple.keylayout.InuttitutNunavik,,True,False,False,False
“,[,com.apple.keylayout.InuttitutNunavik,,True,False,False,False
æ,',com.apple.keylayout.InuttitutNunavik,,True,False,False,False
…,;,com.apple.keylayout.InuttitutNunavik,,True,False,False,False
«,\,com.apple.keylayout.InuttitutNunavik,,True,False,False,False
≤,",",com.apple.keylayout.InuttitutNunavik,,True,False,False,False
÷,/,com.apple.keylayout.InuttitutNunavik,,True,False,False,False
≥,.,com.apple.keylayout.InuttitutNunavik,,True,False,False,False
 , ,com.apple.keylayout.InuttitutNunavik,,True,False,False,False
̄,a,com.apple.keylayout.InuttitutNunavik,,True,True,False,False
Ð,d,com.apple.keylayout.InuttitutNunavik,,True,True,False,False
̱,h,com.apple.keylayout.InuttitutNunavik,,True,True,False,False
̉,z,com.apple.keylayout.InuttitutNunavik,,True,True,False,False
̣,x,com.apple.keylayout.InuttitutNunavik,,True,True,False,False
̧,c,com.apple.keylayout.InuttitutNunavik,,True,True,False,False
̌,v,com.apple.keylayout.InuttitutNunavik,,True,True,False,False
±,§,com.apple.keylayout.InuttitutNunavik,10,True,True,False,False
̆,b,com.apple.keylayout.InuttitutNunavik,,True,True,False,False
Œ,q,com.apple.keylayout.InuttitutNunavik,,True,True,False,False
̇,w,com.apple.keylayout.InuttitutNunavik,,True,True,False,False
́,e,com.apple.keylayout.InuttitutNunavik,,True,True,False,False
‰,r,com.apple.keylayout.InuttitutNunavik,,True,True,False,False
Þ,t,com.apple.keylayout.InuttitutNunavik,,True,True,False,False
⁄,1,com.apple.keylayout.InuttitutNunavik,,True,True,False,False
€,2,com.apple.keylayout.InuttitutNunavik,,True,True,False,False
‹,3,com.apple.keylayout.InuttitutNunavik,,True,True,False,False
›,4,com.apple.keylayout.InuttitutNunavik,,True,True,False,False
̂,6,com.apple.keylayout.InuttitutNunavik,,True,True,False,False
†,5,com.apple.keylayout.InuttitutNunavik,,True,True,False,False
±,=,com.apple.keylayout.InuttitutNunavik,,True,True,False,False
·,9,com.apple.keylayout.InuttitutNunavik,,True,True,False,False
‡,7,com.apple.keylayout.InuttitutNunavik,,True,True,False,False
—,-,com.apple.keylayout.InuttitutNunavik,,True,True,False,False
°,8,com.apple.keylayout.InuttitutNunavik,,True,True,False,False
‚,0,com.apple.keylayout.InuttitutNunavik,,True,True,False,False
’,],com.apple.keylayout.InuttitutNunavik,,True,True,False,False
Ø,o,com.apple.keylayout.InuttitutNunavik,,True,True,False,False
̈,u,com.apple.keylayout.InuttitutNunavik,,True,True,False,False
”,[,com.apple.keylayout.InuttitutNunavik,,True,True,False,False
̛,i,com.apple.keylayout.InuttitutNunavik,,True,True,False,False
̦,p,com.apple.keylayout.InuttitutNunavik,,True,True,False,False
̵,l,com.apple.keylayout.InuttitutNunavik,,True,True,False,False
̋,j,com.apple.keylayout.InuttitutNunavik,,True,True,False,False
Æ,',com.apple.keylayout.InuttitutNunavik,,True,True,False,False
̊,k,com.apple.keylayout.InuttitutNunavik,,True,True,False,False
»,\,com.apple.keylayout.InuttitutNunavik,,True,True,False,False
„,",",com.apple.keylayout.InuttitutNunavik,,True,True,False,False
¿,/,com.apple.keylayout.InuttitutNunavik,,True,True,False,False
̃,n,com.apple.keylayout.InuttitutNunavik,,True,True,False,False
̨,m,com.apple.keylayout.InuttitutNunavik,,True,True,False,False
 , ,com.apple.keylayout.InuttitutNunavik,,True,True,False,False
̀,`,com.apple.keylayout.InuttitutNunavik,50,True,True,False,False
a,a,com.apple.keylayout.Canadian,,False,False,False,False
s,s,com.apple.keylayout.Canadian,,False,False,False,False
d,d,com.apple.keylayout.Canadian,,False,False,False,False
f,f,com.apple.keylayout.Canadian,,False,False,False,False
h,h,com.apple.keylayout.Canadian,,False,False,False,False
g,g,com.apple.keylayout.Canadian,,False,False,False,False
z,z,com.apple.keylayout.Canadian,,False,False,False,False
x,x,com.apple.keylayout.Canadian,,False,False,False,False
c,c,com.apple.keylayout.Canadian,,False,False,False,False
v,v,com.apple.keylayout.Canadian,,False,False,False,False
§,§,com.apple.keylayout.Canadian,10,False,False,False,False
b,b,com.apple.keylayout.Canadian,,False,False,False,False
q,q,com.apple.keylayout.Canadian,,False,False,False,False
w,w,com.apple.keylayout.Canadian,,False,False,False,False
e,e,com.apple.keylayout.Canadian,,False,False,False,False
r,r,com.apple.keylayout.Canadian,,False,False,False,False
y,y,com.apple.keylayout.Canadian,,False,False,False,False
t,t,com.apple.keylayout.Canadian,,False,False,False,False
1,1,com.apple.keylayout.Canadian,,False,False,False,False
2,2,com.apple.keylayout.Canadian,,False,False,False,False
3,3,com.apple.keylayout.Canadian,,False,False,False,False
4,4,com.apple.keylayout.Canadian,,False,False,False,False
6,6,com.apple.keylayout.Canadian,,False,False,False,False
5,5,com.apple.keylayout.Canadian,,False,False,False,False
=,=,com.apple.keylayout.Canadian,,False,False,False,False
9,9,com.apple.keylayout.Canadian,,False,False,False,False
7,7,com.apple.keylayout.Canadian,,False,False,False,False
-,-,com.apple.keylayout.Canadian,,False,False,False,False
8,8,com.apple.keylayout.Canadian,,False,False,False,False
0,0,com.apple.keylayout.Canadian,,False,False,False,False
],],com.apple.keylayout.Canadian,,False,False,False,False
o,o,com.apple.keylayout.Canadian,,False,False,False,False
u,u,com.apple.keylayout.Canadian,,False,False,False,False
[,[,com.apple.keylayout.Canadian,,False,False,False,False
i,i,com.apple.keylayout.Canadian,,False,False,False,False
p,p,com.apple.keylayout.Canadian,,False,False,False,False
l,l,com.apple.keylayout.Canadian,,False,False,False,False
j,j,com.apple.keylayout.Canadian,,False,False,False,False
',',com.apple.keylayout.Canadian,,False,False,False,False
k,k,com.apple.keylayout.Canadian,,False,False,False,False
;,;,com.apple.keylayout.Canadian,,False,False,False,False
\,\,com.apple.keylayout.Canadian,,False,False,False,False
",",",",com.apple.keylayout.Canadian,,False,False,False,False
/,/,com.apple.keylayout.Canadian,,False,False,False,False
n,n,com.apple.keylayout.Canadian,,False,False,False,False
m,m,com.apple.keylayout.Canadian,,False,False,False,False
.,.,com.apple.keylayout.Canadian,,False,False,False,False
 , ,com.apple.keylayout.Canadian,,False,False,False,False
`,`,com.apple.keylayout.Canadian,50,False,False,False,False
A,a,com.apple.keylayout.Canadian,,False,True,False,False
S,s,com.apple.keylayout.Canadian,,False,True,False,False
D,d,com.apple.keylayout.Canadian,,False,True,False,False
F,f,com.apple.keylayout.Canadian,,False,True,False,False
H,h,com.apple.keylayout.Canadian,,False,True,False,False
G,g,com.apple.keylayout.Canadian,,False,True,False,False
Z,z,com.apple.keylayout.Canadian,,False,True,False,False
X,x,com.apple.keylayout.Canadian,,False,True,False,False
C,c,com.apple.keylayout.Canadian,,False,True,False,False
V,v,com.apple.keylayout.Canadian,,False,True,False,False
±,§,com.apple.keylayout.Canadian,10,False,True,False,False
B,b,com.apple.keylayout.Canadian,,False,True,False,False
Q,q,com.apple.keylayout.Canadian,,False,True,False,False
W,w,com.apple.keylayout.Canadian,,False,True,False,False
E,e,com.apple.keylayout.Canadian,,False,True,False,False
R,r,com.apple.keylayout.Canadian,,False,True,False,False
Y,y,com.apple.keylayout.Canadian,,False,True,False,False
T,t,com.apple.keylayout.Canadian,,False,True,False,False
!,1,com.apple.keylayout.Canadian,,False,True,False,False
@,2,com.apple.keylayout.Canadian,,False,True,False,False
#,3,com.apple.keylayout.Canadian,,False,True,False,False
$,4,com.apple.keylayout.Canadian,,False,True,False,False
^,6,com.apple.keylayout.Canadian,,False,True,False,False
%,5,com.apple.keylayout.Canadian,,False,True,False,False
+,=,com.apple.keylayout.Canadian,,False,True,False,False
(,9,com.apple.keylayout.Canadian,,False,True,False,False
&,7,com.apple.keylayout.Canadian,,False,True,False,False
_,-,com.apple.keylayout.Canadian,,False,True,False,False
*,8,com.apple.keylayout.Canadian,,False,True,False,False
),0,com.apple.keylayout.Canadian,,False,True,False,False
},],com.apple.keylayout.Canadian,,False,True,False,False
O,o,com.apple.keylayout.Canadian,,False,True,False,False
U,u,com.apple.keylayout.Canadian,,False,True,False,False
{,[,com.apple.keylayout.Canadian,,False,True,False,False
I,i,com.apple.keylayout.Canadian,,False,True,False,False
P,p,com.apple.keylayout.Canadian,,False,True,False,False
L,l,com.apple.keylayout.Canadian,,False,True,False,False
J,j,com.apple.keylayout.Canadian,,False,True,False,False
"""",',com.apple.keylayout.Canadian,,False,True,False,False
K,k,com.apple.keylayout.Canadian,,False,True,False,False
:,;,com.apple.keylayout.Canadian,,False,True,False,False
|,\,com.apple.keylayout.Canadian,,False,True,False,False
<,",",com.apple.keylayout.Canadian,,False,True,False,False
?,/,com.apple.keylayout.Canadian,,False,True,False,False
N,n,com.apple.keylayout.Canadian,,False,True,False,False
M,m,com.apple.keylayout.Canadian,,False,True,False,False
>,.,com.apple.keylayout.Canadian,,False,True,False,False
 , ,com.apple.keylayout.Canadian,,False,True,False,False
~,`,com.apple.keylayout.Canadian,50,False,True,False,False
å,a,com.apple.keylayout.Canadian,,True,False,False,False
ß,s,com.apple.keylayout.Canadian,,True,False,False,False
∂,d,com.apple.keylayout.Canadian,,True,False,False,False
ƒ,f,com.apple.keylayout.Canadian,,True,False,False,False
˙,h,com.apple.keylayout.Canadian,,True,False,False,False
©,g,com.apple.keylayout.Canadian,,True,False,False,False
Ω,z,com.apple.keylayout.Canadian,,True,False,False,False
≈,x,com.apple.keylayout.Canadian,,True,False,False,False
ç,c,com.apple.keylayout.Canadian,,True,False,False,False
√,v,com.apple.keylayout.Canadian,,True,False,False,False
§,§,com.apple.keylayout.Canadian,10,True,False,False,False
∫,b,com.apple.keylayout.Canadian,,True,False,False,False
œ,q,com.apple.keylayout.Canadian,,True,False,False,False
∑,w,com.apple.keylayout.Canadian,,True,False,False,False
®,r,com.apple.keylayout.Canadian,,True,False,False,False
¥,y,com.apple.keylayout.Canadian,,True,False,False,False
†,t,com.apple.keylayout.Canadian,,True,False,False,False
¡,1,com.apple.keylayout.Canadian,,True,False,False,False
™,2,com.apple.keylayout.Canadian,,True,False,False,False
£,3,com.apple.keylayout.Canadian,,True,False,False,False
¢,4,com.apple.keylayout.Canadian,,True,False,False,False
§,6,com.apple.keylayout.Canadian,,True,False,False,False
∞,5,com.apple.keylayout.Canadian,,True,False,False,False
≠,=,com.apple.keylayout.Canadian,,True,False,False,False
ª,9,com.apple.keylayout.Canadian,,True,False,False,False
¶,7,com.apple.keylayout.Canadian,,True,False,False,False
–,-,com.apple.keylayout.Canadian,,True,False,False,False
•,8,com.apple.keylayout.Canadian,,True,False,False,False
º,0,com.apple.keylayout.Canadian,,True,False,False,False
‘,],com.apple.keylayout.Canadian,,True,False,False,False
ø,o,com.apple.keylayout.Canadian,,True,False,False,False
“,[,com.apple.keylayout.Canadian,,True,False,False,False
π,p,com.apple.keylayout.Canadian,,True,False,False,False
¬,l,com.apple.keylayout.Canadian,,True,False,False,False
∆,j,com.apple.keylayout.Canadian,,True,False,False,False
æ,',com.apple.keylayout.Canadian,,True,False,False,False
˚,k,com.apple.keylayout.Canadian,,True,False,False,False
…,;,com.apple.keylayout.Canadian,,True,False,False,False
«,\,com.apple.keylayout.Canadian,,True,False,False,False
≤,",",com.apple.keylayout.Canadian,,True,False,False,False
÷,/,com.apple.keylayout.Canadian,,True,False,False,False
µ,m,com.apple.keylayout.Canadian,,True,False,False,False
≥,.,com.apple.keylayout.Canadian,,True,False,False,False
 , ,com.apple.keylayout.Canadian,,True,False,False,False
Å,a,com.apple.keylayout.Canadian,,True,True,False,False
Í,s,com.apple.keylayout.Canadian,,True,True,False,False
Î,d,com.apple.keylayout.Canadian,,True,True,False,False
Ï,f,com.apple.keylayout.Canadian,,True,True,False,False
Ó,h,com.apple.keylayout.Canadian,,True,True,False,False
˝,g,com.apple.keylayout.Canadian,,True,True,False,False
¸,z,com.apple.keylayout.Canadian,,True,True,False,False
˛,x,com.apple.keylayout.Canadian,,True,True,False,False
Ç,c,com.apple.keylayout.Canadian,,True,True,False,False
◊,v,com.apple.keylayout.Canadian,,True,True,False,False
±,§,com.apple.keylayout.Canadian,10,True,True,False,False
ı,b,com.apple.keylayout.Canadian,,True,True,False,False
Œ,q,com.apple.keylayout.Canadian,,True,True,False,False
„,w,com.apple.keylayout.Canadian,,True,True,False,False
´,e,com.apple.keylayout.Canadian,,True,True,False,False
‰,r,com.apple.keylayout.Canadian,,True,True,False,False
Á,y,com.apple.keylayout.Canadian,,True,True,False,False
ˇ,t,com.apple.keylayout.Canadian,,True,True,False,False
⁄,1,com.apple.keylayout.Canadian,,True,True,False,False
€,2,com.apple.keylayout.Canadian,,True,True,False,False
‹,3,com.apple.keylayout.Canadian,,True,True,False,False
›,4,com.apple.keylayout.Canadian,,True,True,False,False
ﬂ,6,com.apple.keylayout.Canadian,,True,True,False,False
ﬁ,5,com.apple.keylayout.Canadian,,True,True,False,False
±,=,com.apple.keylayout.Canadian,,True,True,False,False
·,9,com.apple.keylayout.Canadian,,True,True,False,False
‡,7,com.apple.keylayout.Canadian,,True,True,False,False
—,-,com.apple.keylayout.Canadian,,True,True,False,False
°,8,com.apple.keylayout.Canadian,,True,True,False,False
‚,0,com.apple.keylayout.Canadian,,True,True,False,False
’,],com.apple.keylayout.Canadian,,True,True,False,False
Ø,o,com.apple.keylayout.Canadian,,True,True,False,False
¨,u,com.apple.keylayout.Canadian,,True,True,False,False
”,[,com.apple.keylayout.Canadian,,True,True,False,False
ˆ,i,com.apple.keylayout.Canadian,,True,True,False,False
∏,p,com.apple.keylayout.Canadian,,True,True,False,False
Ò,l,com.apple.keylayout.Canadian,,True,True,False,False
Ô,j,com.apple.keylayout.Canadian,,True,True,False,False
Æ,',com.apple.keylayout.Canadian,,True,True,False,False
,k,com.apple.keylayout.Canadian,,True,True,False,False
Ú,;,com.apple.keylayout.Canadian,,True,True,False,False
»,\,com.apple.keylayout.Canadian,,True,True,False,False
¯,",",com.apple.keylayout.Canadian,,True,True,False,False
¿,/,com.apple.keylayout.Canadian,,True,True,False,False
˜,n,com.apple.keylayout.Canadian,,True,True,False,False
Â,m,com.apple.keylayout.Canadian,,True,True,False,False
˘,.,com.apple.keylayout.Canadian,,True,True,False,False
 , ,com.apple.keylayout.Canadian,,True,True,False,False
`,`,com.apple.keylayout.Canadian,50,True,True,False,False
a,a,com.apple.keylayout.Slovak,,False,False,False,False
s,s,com.apple.keylayout.Slovak,,False,False,False,False
d,d,com.apple.keylayout.Slovak,,False,False,False,False
f,f,com.apple.keylayout.Slovak,,False,False,False,False
h,h,com.apple.keylayout.Slovak,,False,False,False,False
g,g,com.apple.keylayout.Slovak,,False,False,False,False
y,y,com.apple.keylayout.Slovak,,False,False,False,False
x,x,com.apple.keylayout.Slovak,,False,False,False,False
c,c,com.apple.keylayout.Slovak,,False,False,False,False
v,v,com.apple.keylayout.Slovak,,False,False,False,False
<,<,com.apple.keylayout.Slovak,10,False,False,False,False
b,b,com.apple.keylayout.Slovak,,False,False,False,False
q,q,com.apple.keylayout.Slovak,,False,False,False,False
w,w,com.apple.keylayout.Slovak,,False,False,False,False
e,e,com.apple.keylayout.Slovak,,False,False,False,False
r,r,com.apple.keylayout.Slovak,,False,False,False,False
z,z,com.apple.keylayout.Slovak,,False,False,False,False
t,t,com.apple.keylayout.Slovak,,False,False,False,False
+,+,com.apple.keylayout.Slovak,,False,False,False,False
ľ,ľ,com.apple.keylayout.Slovak,,False,False,False,False
š,š,com.apple.keylayout.Slovak,,False,False,False,False
č,č,com.apple.keylayout.Slovak,,False,False,False,False
ž,ž,com.apple.keylayout.Slovak,,False,False,False,False
ť,ť,com.apple.keylayout.Slovak,,False,False,False,False
í,í,com.apple.keylayout.Slovak,,False,False,False,False
ý,ý,com.apple.keylayout.Slovak,,False,False,False,False
=,=,com.apple.keylayout.Slovak,,False,False,False,False
á,á,com.apple.keylayout.Slovak,,False,False,False,False
é,é,com.apple.keylayout.Slovak,,False,False,False,False
ä,ä,com.apple.keylayout.Slovak,,False,False,False,False
o,o,com.apple.keylayout.Slovak,,False,False,False,False
u,u,com.apple.keylayout.Slovak,,False,False,False,False
ú,ú,com.apple.keylayout.Slovak,,False,False,False,False
i,i,com.apple.keylayout.Slovak,,False,False,False,False
p,p,com.apple.keylayout.Slovak,,False,False,False,False
l,l,com.apple.keylayout.Slovak,,False,False,False,False
j,j,com.apple.keylayout.Slovak,,False,False,False,False
§,§,com.apple.keylayout.Slovak,,False,False,False,False
k,k,com.apple.keylayout.Slovak,,False,False,False,False
ô,ô,com.apple.keylayout.Slovak,,False,False,False,False
ň,ň,com.apple.keylayout.Slovak,,False,False,False,False
",",",",com.apple.keylayout.Slovak,,False,False,False,False
-,-,com.apple.keylayout.Slovak,,False,False,False,False
n,n,com.apple.keylayout.Slovak,,False,False,False,False
m,m,com.apple.keylayout.Slovak,,False,False,False,False
.,.,com.apple.keylayout.Slovak,,False,False,False,False
 , ,com.apple.keylayout.Slovak,,False,False,False,False
\,\,com.apple.keylayout.Slovak,50,False,False,False,False
A,a,com.apple.keylayout.Slovak,,False,True,False,False
S,s,com.apple.keylayout.Slovak,,False,True,False,False
D,d,com.apple.keylayout.Slovak,,False,True,False,False
F,f,com.apple.keylayout.Slovak,,False,True,False,False
H,h,com.apple.keylayout.Slovak,,False,True,False,False
G,g,com.apple.keylayout.Slovak,,False,True,False,False
Y,y,com.apple.keylayout.Slovak,,False,True,False,False
X,x,com.apple.keylayout.Slovak,,False,True,False,False
C,c,com.apple.keylayout.Slovak,,False,True,False,False
V,v,com.apple.keylayout.Slovak,,False,True,False,False
>,<,com.apple.keylayout.Slovak,10,False,True,False,False
B,b,com.apple.keylayout.Slovak,,False,True,False,False
Q,q,com.apple.keylayout.Slovak,,False,True,False,False
W,w,com.apple.keylayout.Slovak,,False,True,False,False
E,e,com.apple.keylayout.Slovak,,False,True,False,False
R,r,com.apple.keylayout.Slovak,,False,True,False,False
Z,z,com.apple.keylayout.Slovak,,False,True,False,False
T,t,com.apple.keylayout.Slovak,,False,True,False,False
1,+,com.apple.keylayout.Slovak,,False,True,False,False
2,ľ,com.apple.keylayout.Slovak,,False,True,False,False
3,š,com.apple.keylayout.Slovak,,False,True,False,False
4,č,com.apple.keylayout.Slovak,,False,True,False,False
6,ž,com.apple.keylayout.Slovak,,False,True,False,False
5,ť,com.apple.keylayout.Slovak,,False,True,False,False
9,í,com.apple.keylayout.Slovak,,False,True,False,False
7,ý,com.apple.keylayout.Slovak,,False,True,False,False
%,=,com.apple.keylayout.Slovak,,False,True,False,False
8,á,com.apple.keylayout.Slovak,,False,True,False,False
0,é,com.apple.keylayout.Slovak,,False,True,False,False
(,ä,com.apple.keylayout.Slovak,,False,True,False,False
O,o,com.apple.keylayout.Slovak,,False,True,False,False
U,u,com.apple.keylayout.Slovak,,False,True,False,False
/,ú,com.apple.keylayout.Slovak,,False,True,False,False
I,i,com.apple.keylayout.Slovak,,False,True,False,False
P,p,com.apple.keylayout.Slovak,,False,True,False,False
L,l,com.apple.keylayout.Slovak,,False,True,False,False
J,j,com.apple.keylayout.Slovak,,False,True,False,False
!,§,com.apple.keylayout.Slovak,,False,True,False,False
K,k,com.apple.keylayout.Slovak,,False,True,False,False
"""",ô,com.apple.keylayout.Slovak,,False,True,False,False
),ň,com.apple.keylayout.Slovak,,False,True,False,False
?,",",com.apple.keylayout.Slovak,,False,True,False,False
_,-,com.apple.keylayout.Slovak,,False,True,False,False
N,n,com.apple.keylayout.Slovak,,False,True,False,False
M,m,com.apple.keylayout.Slovak,,False,True,False,False
:,.,com.apple.keylayout.Slovak,,False,True,False,False
 , ,com.apple.keylayout.Slovak,,False,True,False,False
|,\,com.apple.keylayout.Slovak,50,False,True,False,False
ą,a,com.apple.keylayout.Slovak,,True,False,False,False
ß,s,com.apple.keylayout.Slovak,,True,False,False,False
∂,d,com.apple.keylayout.Slovak,,True,False,False,False
 ,f,com.apple.keylayout.Slovak,,True,False,False,False
‘,h,com.apple.keylayout.Slovak,,True,False,False,False
 ,g,com.apple.keylayout.Slovak,,True,False,False,False
 ,y,com.apple.keylayout.Slovak,,True,False,False,False
 ,x,com.apple.keylayout.Slovak,,True,False,False,False
 ,c,com.apple.keylayout.Slovak,,True,False,False,False
 ,v,com.apple.keylayout.Slovak,,True,False,False,False
≤,<,com.apple.keylayout.Slovak,10,True,False,False,False
 ,b,com.apple.keylayout.Slovak,,True,False,False,False
 ,q,com.apple.keylayout.Slovak,,True,False,False,False
ė,w,com.apple.keylayout.Slovak,,True,False,False,False
ę,e,com.apple.keylayout.Slovak,,True,False,False,False
€,r,com.apple.keylayout.Slovak,,True,False,False,False
ż,z,com.apple.keylayout.Slovak,,True,False,False,False
 ,t,com.apple.keylayout.Slovak,,True,False,False,False
`,+,com.apple.keylayout.Slovak,,True,False,False,False
@,ľ,com.apple.keylayout.Slovak,,True,False,False,False
#,š,com.apple.keylayout.Slovak,,True,False,False,False
$,č,com.apple.keylayout.Slovak,,True,False,False,False
^,ž,com.apple.keylayout.Slovak,,True,False,False,False
~,ť,com.apple.keylayout.Slovak,,True,False,False,False
{,í,com.apple.keylayout.Slovak,,True,False,False,False
&,ý,com.apple.keylayout.Slovak,,True,False,False,False
*,á,com.apple.keylayout.Slovak,,True,False,False,False
},é,com.apple.keylayout.Slovak,,True,False,False,False
],ä,com.apple.keylayout.Slovak,,True,False,False,False
 ,o,com.apple.keylayout.Slovak,,True,False,False,False
 ,u,com.apple.keylayout.Slovak,,True,False,False,False
[,ú,com.apple.keylayout.Slovak,,True,False,False,False
 ,i,com.apple.keylayout.Slovak,,True,False,False,False
 ,p,com.apple.keylayout.Slovak,,True,False,False,False
ł,l,com.apple.keylayout.Slovak,,True,False,False,False
’,j,com.apple.keylayout.Slovak,,True,False,False,False
',§,com.apple.keylayout.Slovak,,True,False,False,False
 ,k,com.apple.keylayout.Slovak,,True,False,False,False
;,ô,com.apple.keylayout.Slovak,,True,False,False,False
<,",",com.apple.keylayout.Slovak,,True,False,False,False
–,-,com.apple.keylayout.Slovak,,True,False,False,False
‚,n,com.apple.keylayout.Slovak,,True,False,False,False
 ,m,com.apple.keylayout.Slovak,,True,False,False,False
>,.,com.apple.keylayout.Slovak,,True,False,False,False
 , ,com.apple.keylayout.Slovak,,True,False,False,False
 ,\,com.apple.keylayout.Slovak,50,True,False,False,False
Ą,a,com.apple.keylayout.Slovak,,True,True,False,False
∑,s,com.apple.keylayout.Slovak,,True,True,False,False
∆,d,com.apple.keylayout.Slovak,,True,True,False,False
 ,f,com.apple.keylayout.Slovak,,True,True,False,False
“,h,com.apple.keylayout.Slovak,,True,True,False,False
 ,g,com.apple.keylayout.Slovak,,True,True,False,False
 ,y,com.apple.keylayout.Slovak,,True,True,False,False
 ,x,com.apple.keylayout.Slovak,,True,True,False,False
©,c,com.apple.keylayout.Slovak,,True,True,False,False
√,v,com.apple.keylayout.Slovak,,True,True,False,False
≥,<,com.apple.keylayout.Slovak,10,True,True,False,False
 ,b,com.apple.keylayout.Slovak,,True,True,False,False
 ,q,com.apple.keylayout.Slovak,,True,True,False,False
Ė,w,com.apple.keylayout.Slovak,,True,True,False,False
Ę,e,com.apple.keylayout.Slovak,,True,True,False,False
®,r,com.apple.keylayout.Slovak,,True,True,False,False
Ż,z,com.apple.keylayout.Slovak,,True,True,False,False
™,t,com.apple.keylayout.Slovak,,True,True,False,False
¬,+,com.apple.keylayout.Slovak,,True,True,False,False
•,ľ,com.apple.keylayout.Slovak,,True,True,False,False
≠,š,com.apple.keylayout.Slovak,,True,True,False,False
£,č,com.apple.keylayout.Slovak,,True,True,False,False
†,ž,com.apple.keylayout.Slovak,,True,True,False,False
◊,ť,com.apple.keylayout.Slovak,,True,True,False,False
«,í,com.apple.keylayout.Slovak,,True,True,False,False
¶,ý,com.apple.keylayout.Slovak,,True,True,False,False
÷,á,com.apple.keylayout.Slovak,,True,True,False,False
»,é,com.apple.keylayout.Slovak,,True,True,False,False
›,ä,com.apple.keylayout.Slovak,,True,True,False,False
 ,o,com.apple.keylayout.Slovak,,True,True,False,False
 ,u,com.apple.keylayout.Slovak,,True,True,False,False
‹,ú,com.apple.keylayout.Slovak,,True,True,False,False
 ,i,com.apple.keylayout.Slovak,,True,True,False,False
 ,p,com.apple.keylayout.Slovak,,True,True,False,False
Ł,l,com.apple.keylayout.Slovak,,True,True,False,False
”,j,com.apple.keylayout.Slovak,,True,True,False,False
 ,k,com.apple.keylayout.Slovak,,True,True,False,False
…,ô,com.apple.keylayout.Slovak,,True,True,False,False
≤,",",com.apple.keylayout.Slovak,,True,True,False,False
—,-,com.apple.keylayout.Slovak,,True,True,False,False
„,n,com.apple.keylayout.Slovak,,True,True,False,False
 ,m,com.apple.keylayout.Slovak,,True,True,False,False
≥,.,com.apple.keylayout.Slovak,,True,True,False,False
 , ,com.apple.keylayout.Slovak,,True,True,False,False
 ,\,com.apple.keylayout.Slovak,50,True,True,False,False
a,a,com.apple.keylayout.Serbian-Latin,,False,False,False,False
s,s,com.apple.keylayout.Serbian-Latin,,False,False,False,False
d,d,com.apple.keylayout.Serbian-Latin,,False,False,False,False
f,f,com.apple.keylayout.Serbian-Latin,,False,False,False,False
h,h,com.apple.keylayout.Serbian-Latin,,False,False,False,False
g,g,com.apple.keylayout.Serbian-Latin,,False,False,False,False
z,z,com.apple.keylayout.Serbian-Latin,,False,False,False,False
x,x,com.apple.keylayout.Serbian-Latin,,False,False,False,False
c,c,com.apple.keylayout.Serbian-Latin,,False,False,False,False
v,v,com.apple.keylayout.Serbian-Latin,,False,False,False,False
“,“,com.apple.keylayout.Serbian-Latin,10,False,False,False,False
b,b,com.apple.keylayout.Serbian-Latin,,False,False,False,False
q,q,com.apple.keylayout.Serbian-Latin,,False,False,False,False
w,w,com.apple.keylayout.Serbian-Latin,,False,False,False,False
e,e,com.apple.keylayout.Serbian-Latin,,False,False,False,False
r,r,com.apple.keylayout.Serbian-Latin,,False,False,False,False
y,y,com.apple.keylayout.Serbian-Latin,,False,False,False,False
t,t,com.apple.keylayout.Serbian-Latin,,False,False,False,False
1,1,com.apple.keylayout.Serbian-Latin,,False,False,False,False
2,2,com.apple.keylayout.Serbian-Latin,,False,False,False,False
3,3,com.apple.keylayout.Serbian-Latin,,False,False,False,False
4,4,com.apple.keylayout.Serbian-Latin,,False,False,False,False
6,6,com.apple.keylayout.Serbian-Latin,,False,False,False,False
5,5,com.apple.keylayout.Serbian-Latin,,False,False,False,False
+,+,com.apple.keylayout.Serbian-Latin,,False,False,False,False
9,9,com.apple.keylayout.Serbian-Latin,,False,False,False,False
7,7,com.apple.keylayout.Serbian-Latin,,False,False,False,False
/,/,com.apple.keylayout.Serbian-Latin,,False,False,False,False
8,8,com.apple.keylayout.Serbian-Latin,,False,False,False,False
0,0,com.apple.keylayout.Serbian-Latin,,False,False,False,False
đ,đ,com.apple.keylayout.Serbian-Latin,,False,False,False,False
o,o,com.apple.keylayout.Serbian-Latin,,False,False,False,False
u,u,com.apple.keylayout.Serbian-Latin,,False,False,False,False
š,š,com.apple.keylayout.Serbian-Latin,,False,False,False,False
i,i,com.apple.keylayout.Serbian-Latin,,False,False,False,False
p,p,com.apple.keylayout.Serbian-Latin,,False,False,False,False
l,l,com.apple.keylayout.Serbian-Latin,,False,False,False,False
j,j,com.apple.keylayout.Serbian-Latin,,False,False,False,False
ć,ć,com.apple.keylayout.Serbian-Latin,,False,False,False,False
k,k,com.apple.keylayout.Serbian-Latin,,False,False,False,False
č,č,com.apple.keylayout.Serbian-Latin,,False,False,False,False
ž,ž,com.apple.keylayout.Serbian-Latin,,False,False,False,False
",",",",com.apple.keylayout.Serbian-Latin,,False,False,False,False
-,-,com.apple.keylayout.Serbian-Latin,,False,False,False,False
n,n,com.apple.keylayout.Serbian-Latin,,False,False,False,False
m,m,com.apple.keylayout.Serbian-Latin,,False,False,False,False
.,.,com.apple.keylayout.Serbian-Latin,,False,False,False,False
 , ,com.apple.keylayout.Serbian-Latin,,False,False,False,False
<,<,com.apple.keylayout.Serbian-Latin,50,False,False,False,False
A,a,com.apple.keylayout.Serbian-Latin,,False,True,False,False
S,s,com.apple.keylayout.Serbian-Latin,,False,True,False,False
D,d,com.apple.keylayout.Serbian-Latin,,False,True,False,False
F,f,com.apple.keylayout.Serbian-Latin,,False,True,False,False
H,h,com.apple.keylayout.Serbian-Latin,,False,True,False,False
G,g,com.apple.keylayout.Serbian-Latin,,False,True,False,False
Z,z,com.apple.keylayout.Serbian-Latin,,False,True,False,False
X,x,com.apple.keylayout.Serbian-Latin,,False,True,False,False
C,c,com.apple.keylayout.Serbian-Latin,,False,True,False,False
V,v,com.apple.keylayout.Serbian-Latin,,False,True,False,False
”,“,com.apple.keylayout.Serbian-Latin,10,False,True,False,False
B,b,com.apple.keylayout.Serbian-Latin,,False,True,False,False
Q,q,com.apple.keylayout.Serbian-Latin,,False,True,False,False
W,w,com.apple.keylayout.Serbian-Latin,,False,True,False,False
E,e,com.apple.keylayout.Serbian-Latin,,False,True,False,False
R,r,com.apple.keylayout.Serbian-Latin,,False,True,False,False
Y,y,com.apple.keylayout.Serbian-Latin,,False,True,False,False
T,t,com.apple.keylayout.Serbian-Latin,,False,True,False,False
!,1,com.apple.keylayout.Serbian-Latin,,False,True,False,False
"""",2,com.apple.keylayout.Serbian-Latin,,False,True,False,False
#,3,com.apple.keylayout.Serbian-Latin,,False,True,False,False
$,4,com.apple.keylayout.Serbian-Latin,,False,True,False,False
&,6,com.apple.keylayout.Serbian-Latin,,False,True,False,False
%,5,com.apple.keylayout.Serbian-Latin,,False,True,False,False
*,+,com.apple.keylayout.Serbian-Latin,,False,True,False,False
),9,com.apple.keylayout.Serbian-Latin,,False,True,False,False
',7,com.apple.keylayout.Serbian-Latin,,False,True,False,False
?,/,com.apple.keylayout.Serbian-Latin,,False,True,False,False
(,8,com.apple.keylayout.Serbian-Latin,,False,True,False,False
=,0,com.apple.keylayout.Serbian-Latin,,False,True,False,False
Đ,đ,com.apple.keylayout.Serbian-Latin,,False,True,False,False
O,o,com.apple.keylayout.Serbian-Latin,,False,True,False,False
U,u,com.apple.keylayout.Serbian-Latin,,False,True,False,False
Š,š,com.apple.keylayout.Serbian-Latin,,False,True,False,False
I,i,com.apple.keylayout.Serbian-Latin,,False,True,False,False
P,p,com.apple.keylayout.Serbian-Latin,,False,True,False,False
L,l,com.apple.keylayout.Serbian-Latin,,False,True,False,False
J,j,com.apple.keylayout.Serbian-Latin,,False,True,False,False
Ć,ć,com.apple.keylayout.Serbian-Latin,,False,True,False,False
K,k,com.apple.keylayout.Serbian-Latin,,False,True,False,False
Č,č,com.apple.keylayout.Serbian-Latin,,False,True,False,False
Ž,ž,com.apple.keylayout.Serbian-Latin,,False,True,False,False
;,",",com.apple.keylayout.Serbian-Latin,,False,True,False,False
_,-,com.apple.keylayout.Serbian-Latin,,False,True,False,False
N,n,com.apple.keylayout.Serbian-Latin,,False,True,False,False
M,m,com.apple.keylayout.Serbian-Latin,,False,True,False,False
:,.,com.apple.keylayout.Serbian-Latin,,False,True,False,False
 , ,com.apple.keylayout.Serbian-Latin,,False,True,False,False
>,<,com.apple.keylayout.Serbian-Latin,50,False,True,False,False
å,a,com.apple.keylayout.Serbian-Latin,,True,False,False,False
ß,s,com.apple.keylayout.Serbian-Latin,,True,False,False,False
∂,d,com.apple.keylayout.Serbian-Latin,,True,False,False,False
ƒ,f,com.apple.keylayout.Serbian-Latin,,True,False,False,False
©,g,com.apple.keylayout.Serbian-Latin,,True,False,False,False
Ω,z,com.apple.keylayout.Serbian-Latin,,True,False,False,False
≈,x,com.apple.keylayout.Serbian-Latin,,True,False,False,False
ç,c,com.apple.keylayout.Serbian-Latin,,True,False,False,False
√,v,com.apple.keylayout.Serbian-Latin,,True,False,False,False
‹,“,com.apple.keylayout.Serbian-Latin,10,True,False,False,False
∫,b,com.apple.keylayout.Serbian-Latin,,True,False,False,False
œ,q,com.apple.keylayout.Serbian-Latin,,True,False,False,False
∑,w,com.apple.keylayout.Serbian-Latin,,True,False,False,False
®,r,com.apple.keylayout.Serbian-Latin,,True,False,False,False
—,y,com.apple.keylayout.Serbian-Latin,,True,False,False,False
†,t,com.apple.keylayout.Serbian-Latin,,True,False,False,False
¡,1,com.apple.keylayout.Serbian-Latin,,True,False,False,False
™,2,com.apple.keylayout.Serbian-Latin,,True,False,False,False
£,3,com.apple.keylayout.Serbian-Latin,,True,False,False,False
¢,4,com.apple.keylayout.Serbian-Latin,,True,False,False,False
§,6,com.apple.keylayout.Serbian-Latin,,True,False,False,False
∞,5,com.apple.keylayout.Serbian-Latin,,True,False,False,False
≠,+,com.apple.keylayout.Serbian-Latin,,True,False,False,False
ª,9,com.apple.keylayout.Serbian-Latin,,True,False,False,False
¶,7,com.apple.keylayout.Serbian-Latin,,True,False,False,False
-,/,com.apple.keylayout.Serbian-Latin,,True,False,False,False
•,8,com.apple.keylayout.Serbian-Latin,,True,False,False,False
º,0,com.apple.keylayout.Serbian-Latin,,True,False,False,False
],đ,com.apple.keylayout.Serbian-Latin,,True,False,False,False
ø,o,com.apple.keylayout.Serbian-Latin,,True,False,False,False
[,š,com.apple.keylayout.Serbian-Latin,,True,False,False,False
π,p,com.apple.keylayout.Serbian-Latin,,True,False,False,False
¬,l,com.apple.keylayout.Serbian-Latin,,True,False,False,False
∆,j,com.apple.keylayout.Serbian-Latin,,True,False,False,False
^,ć,com.apple.keylayout.Serbian-Latin,,True,False,False,False
…,č,com.apple.keylayout.Serbian-Latin,,True,False,False,False
\,ž,com.apple.keylayout.Serbian-Latin,,True,False,False,False
≤,",",com.apple.keylayout.Serbian-Latin,,True,False,False,False
÷,-,com.apple.keylayout.Serbian-Latin,,True,False,False,False
µ,m,com.apple.keylayout.Serbian-Latin,,True,False,False,False
≥,.,com.apple.keylayout.Serbian-Latin,,True,False,False,False
 , ,com.apple.keylayout.Serbian-Latin,,True,False,False,False
Å,a,com.apple.keylayout.Serbian-Latin,,True,True,False,False
Í,s,com.apple.keylayout.Serbian-Latin,,True,True,False,False
Î,d,com.apple.keylayout.Serbian-Latin,,True,True,False,False
Ï,f,com.apple.keylayout.Serbian-Latin,,True,True,False,False
Ó,h,com.apple.keylayout.Serbian-Latin,,True,True,False,False
Ì,g,com.apple.keylayout.Serbian-Latin,,True,True,False,False
«,z,com.apple.keylayout.Serbian-Latin,,True,True,False,False
»,x,com.apple.keylayout.Serbian-Latin,,True,True,False,False
Ç,c,com.apple.keylayout.Serbian-Latin,,True,True,False,False
◊,v,com.apple.keylayout.Serbian-Latin,,True,True,False,False
›,“,com.apple.keylayout.Serbian-Latin,10,True,True,False,False
Ñ,b,com.apple.keylayout.Serbian-Latin,,True,True,False,False
Œ,q,com.apple.keylayout.Serbian-Latin,,True,True,False,False
„,w,com.apple.keylayout.Serbian-Latin,,True,True,False,False
‰,e,com.apple.keylayout.Serbian-Latin,,True,True,False,False
“,r,com.apple.keylayout.Serbian-Latin,,True,True,False,False
”,y,com.apple.keylayout.Serbian-Latin,,True,True,False,False
‘,t,com.apple.keylayout.Serbian-Latin,,True,True,False,False
⁄,1,com.apple.keylayout.Serbian-Latin,,True,True,False,False
@,2,com.apple.keylayout.Serbian-Latin,,True,True,False,False
‹,3,com.apple.keylayout.Serbian-Latin,,True,True,False,False
›,4,com.apple.keylayout.Serbian-Latin,,True,True,False,False
ı,6,com.apple.keylayout.Serbian-Latin,,True,True,False,False
€,5,com.apple.keylayout.Serbian-Latin,,True,True,False,False
±,+,com.apple.keylayout.Serbian-Latin,,True,True,False,False
·,9,com.apple.keylayout.Serbian-Latin,,True,True,False,False
–,7,com.apple.keylayout.Serbian-Latin,,True,True,False,False
_,/,com.apple.keylayout.Serbian-Latin,,True,True,False,False
°,8,com.apple.keylayout.Serbian-Latin,,True,True,False,False
‚,0,com.apple.keylayout.Serbian-Latin,,True,True,False,False
},đ,com.apple.keylayout.Serbian-Latin,,True,True,False,False
Ø,o,com.apple.keylayout.Serbian-Latin,,True,True,False,False
’,u,com.apple.keylayout.Serbian-Latin,,True,True,False,False
{,š,com.apple.keylayout.Serbian-Latin,,True,True,False,False
É,i,com.apple.keylayout.Serbian-Latin,,True,True,False,False
∏,p,com.apple.keylayout.Serbian-Latin,,True,True,False,False
Ò,l,com.apple.keylayout.Serbian-Latin,,True,True,False,False
Ô,j,com.apple.keylayout.Serbian-Latin,,True,True,False,False
Æ,ć,com.apple.keylayout.Serbian-Latin,,True,True,False,False
,k,com.apple.keylayout.Serbian-Latin,,True,True,False,False
æ,č,com.apple.keylayout.Serbian-Latin,,True,True,False,False
|,ž,com.apple.keylayout.Serbian-Latin,,True,True,False,False
È,",",com.apple.keylayout.Serbian-Latin,,True,True,False,False
¿,-,com.apple.keylayout.Serbian-Latin,,True,True,False,False
ˆ,n,com.apple.keylayout.Serbian-Latin,,True,True,False,False
¯,m,com.apple.keylayout.Serbian-Latin,,True,True,False,False
ˇ,.,com.apple.keylayout.Serbian-Latin,,True,True,False,False
 , ,com.apple.keylayout.Serbian-Latin,,True,True,False,False
~,<,com.apple.keylayout.Serbian-Latin,50,True,True,False,False
ا,ا,com.apple.keylayout.Arabic-QWERTY,,False,False,False,False
س,س,com.apple.keylayout.Arabic-QWERTY,,False,False,False,False
د,د,com.apple.keylayout.Arabic-QWERTY,,False,False,False,False
ف,ف,com.apple.keylayout.Arabic-QWERTY,,False,False,False,False
ح,ح,com.apple.keylayout.Arabic-QWERTY,,False,False,False,False
غ,غ,com.apple.keylayout.Arabic-QWERTY,,False,False,False,False
ز,ز,com.apple.keylayout.Arabic-QWERTY,,False,False,False,False
خ,خ,com.apple.keylayout.Arabic-QWERTY,,False,False,False,False
ص,ص,com.apple.keylayout.Arabic-QWERTY,,False,False,False,False
ذ,ذ,com.apple.keylayout.Arabic-QWERTY,,False,False,False,False
ب,ب,com.apple.keylayout.Arabic-QWERTY,,False,False,False,False
ق,ق,com.apple.keylayout.Arabic-QWERTY,,False,False,False,False
ش,ش,com.apple.keylayout.Arabic-QWERTY,,False,False,False,False
ع,ع,com.apple.keylayout.Arabic-QWERTY,,False,False,False,False
ر,ر,com.apple.keylayout.Arabic-QWERTY,,False,False,False,False
ط,ط,com.apple.keylayout.Arabic-QWERTY,,False,False,False,False
ت,ت,com.apple.keylayout.Arabic-QWERTY,,False,False,False,False
١,١,com.apple.keylayout.Arabic-QWERTY,,False,False,False,False
٢,٢,com.apple.keylayout.Arabic-QWERTY,,False,False,False,False
٣,٣,com.apple.keylayout.Arabic-QWERTY,,False,False,False,False
٤,٤,com.apple.keylayout.Arabic-QWERTY,,False,False,False,False
٦,٦,com.apple.keylayout.Arabic-QWERTY,,False,False,False,False
٥,٥,com.apple.keylayout.Arabic-QWERTY,,False,False,False,False
=,=,com.apple.keylayout.Arabic-QWERTY,,False,False,False,False
٩,٩,com.apple.keylayout.Arabic-QWERTY,,False,False,False,False
٧,٧,com.apple.keylayout.Arabic-QWERTY,,False,False,False,False
-,-,com.apple.keylayout.Arabic-QWERTY,,False,False,False,False
٨,٨,com.apple.keylayout.Arabic-QWERTY,,False,False,False,False
٠,٠,com.apple.keylayout.Arabic-QWERTY,,False,False,False,False
ظ,ظ,com.apple.keylayout.Arabic-QWERTY,,False,False,False,False
ه,ه,com.apple.keylayout.Arabic-QWERTY,,False,False,False,False
و,و,com.apple.keylayout.Arabic-QWERTY,,False,False,False,False
ث,ث,com.apple.keylayout.Arabic-QWERTY,,False,False,False,False
ي,ي,com.apple.keylayout.Arabic-QWERTY,,False,False,False,False
ة,ة,com.apple.keylayout.Arabic-QWERTY,,False,False,False,False
ل,ل,com.apple.keylayout.Arabic-QWERTY,,False,False,False,False
ج,ج,com.apple.keylayout.Arabic-QWERTY,,False,False,False,False
',',com.apple.keylayout.Arabic-QWERTY,,False,False,False,False
ك,ك,com.apple.keylayout.Arabic-QWERTY,,False,False,False,False
؛,؛,com.apple.keylayout.Arabic-QWERTY,,False,False,False,False
،,،,com.apple.keylayout.Arabic-QWERTY,,False,False,False,False
\,\,com.apple.keylayout.Arabic-QWERTY,,False,False,False,False
ن,ن,com.apple.keylayout.Arabic-QWERTY,,False,False,False,False
م,م,com.apple.keylayout.Arabic-QWERTY,,False,False,False,False
.,.,com.apple.keylayout.Arabic-QWERTY,,False,False,False,False
 , ,com.apple.keylayout.Arabic-QWERTY,,False,False,False,False
ـ,ـ,com.apple.keylayout.Arabic-QWERTY,50,False,False,False,False
آ,ا,com.apple.keylayout.Arabic-QWERTY,,False,True,False,False
ش,س,com.apple.keylayout.Arabic-QWERTY,,False,True,False,False
ذ,د,com.apple.keylayout.Arabic-QWERTY,,False,True,False,False
ق,ف,com.apple.keylayout.Arabic-QWERTY,,False,True,False,False
خ,ح,com.apple.keylayout.Arabic-QWERTY,,False,True,False,False
ع,غ,com.apple.keylayout.Arabic-QWERTY,,False,True,False,False
ژ,ز,com.apple.keylayout.Arabic-QWERTY,,False,True,False,False
ح,خ,com.apple.keylayout.Arabic-QWERTY,,False,True,False,False
ض,ص,com.apple.keylayout.Arabic-QWERTY,,False,True,False,False
د,ذ,com.apple.keylayout.Arabic-QWERTY,,False,True,False,False
پ,ب,com.apple.keylayout.Arabic-QWERTY,,False,True,False,False
ڤ,ق,com.apple.keylayout.Arabic-QWERTY,,False,True,False,False
ّ,ش,com.apple.keylayout.Arabic-QWERTY,,False,True,False,False
غ,ع,com.apple.keylayout.Arabic-QWERTY,,False,True,False,False
ز,ر,com.apple.keylayout.Arabic-QWERTY,,False,True,False,False
ظ,ط,com.apple.keylayout.Arabic-QWERTY,,False,True,False,False
ث,ت,com.apple.keylayout.Arabic-QWERTY,,False,True,False,False
!,١,com.apple.keylayout.Arabic-QWERTY,,False,True,False,False
ء,٢,com.apple.keylayout.Arabic-QWERTY,,False,True,False,False
أ,٣,com.apple.keylayout.Arabic-QWERTY,,False,True,False,False
آ,٤,com.apple.keylayout.Arabic-QWERTY,,False,True,False,False
ئ,٦,com.apple.keylayout.Arabic-QWERTY,,False,True,False,False
إ,٥,com.apple.keylayout.Arabic-QWERTY,,False,True,False,False
+,=,com.apple.keylayout.Arabic-QWERTY,,False,True,False,False
),٩,com.apple.keylayout.Arabic-QWERTY,,False,True,False,False
ؤ,٧,com.apple.keylayout.Arabic-QWERTY,,False,True,False,False
_,-,com.apple.keylayout.Arabic-QWERTY,,False,True,False,False
ى,٨,com.apple.keylayout.Arabic-QWERTY,,False,True,False,False
(,٠,com.apple.keylayout.Arabic-QWERTY,,False,True,False,False
{,ظ,com.apple.keylayout.Arabic-QWERTY,,False,True,False,False
ة,ه,com.apple.keylayout.Arabic-QWERTY,,False,True,False,False
ے,و,com.apple.keylayout.Arabic-QWERTY,,False,True,False,False
},ث,com.apple.keylayout.Arabic-QWERTY,,False,True,False,False
ى,ي,com.apple.keylayout.Arabic-QWERTY,,False,True,False,False
ت,ة,com.apple.keylayout.Arabic-QWERTY,,False,True,False,False
❊,ل,com.apple.keylayout.Arabic-QWERTY,,False,True,False,False
چ,ج,com.apple.keylayout.Arabic-QWERTY,,False,True,False,False
"""",',com.apple.keylayout.Arabic-QWERTY,,False,True,False,False
گ,ك,com.apple.keylayout.Arabic-QWERTY,,False,True,False,False
:,؛,com.apple.keylayout.Arabic-QWERTY,,False,True,False,False
>,،,com.apple.keylayout.Arabic-QWERTY,,False,True,False,False
؟,\,com.apple.keylayout.Arabic-QWERTY,,False,True,False,False
ث,ن,com.apple.keylayout.Arabic-QWERTY,,False,True,False,False
آ,م,com.apple.keylayout.Arabic-QWERTY,,False,True,False,False
<,.,com.apple.keylayout.Arabic-QWERTY,,False,True,False,False
 , ,com.apple.keylayout.Arabic-QWERTY,,False,True,False,False
ـ,ـ,com.apple.keylayout.Arabic-QWERTY,50,False,True,False,False
َ,ا,com.apple.keylayout.Arabic-QWERTY,,True,False,False,False
ص,س,com.apple.keylayout.Arabic-QWERTY,,True,False,False,False
ض,د,com.apple.keylayout.Arabic-QWERTY,,True,False,False,False
ڤ,ف,com.apple.keylayout.Arabic-QWERTY,,True,False,False,False
ه,ح,com.apple.keylayout.Arabic-QWERTY,,True,False,False,False
ع,غ,com.apple.keylayout.Arabic-QWERTY,,True,False,False,False
ظ,ز,com.apple.keylayout.Arabic-QWERTY,,True,False,False,False
ح,خ,com.apple.keylayout.Arabic-QWERTY,,True,False,False,False
ث,ص,com.apple.keylayout.Arabic-QWERTY,,True,False,False,False
ظ,ذ,com.apple.keylayout.Arabic-QWERTY,,True,False,False,False
پ,ب,com.apple.keylayout.Arabic-QWERTY,,True,False,False,False
ڤ,ق,com.apple.keylayout.Arabic-QWERTY,,True,False,False,False
ّ,ش,com.apple.keylayout.Arabic-QWERTY,,True,False,False,False
ی,ع,com.apple.keylayout.Arabic-QWERTY,,True,False,False,False
غ,ر,com.apple.keylayout.Arabic-QWERTY,,True,False,False,False
ث,ط,com.apple.keylayout.Arabic-QWERTY,,True,False,False,False
ط,ت,com.apple.keylayout.Arabic-QWERTY,,True,False,False,False
إ,١,com.apple.keylayout.Arabic-QWERTY,,True,False,False,False
❊,٢,com.apple.keylayout.Arabic-QWERTY,,True,False,False,False
#,٣,com.apple.keylayout.Arabic-QWERTY,,True,False,False,False
$,٤,com.apple.keylayout.Arabic-QWERTY,,True,False,False,False
&,٦,com.apple.keylayout.Arabic-QWERTY,,True,False,False,False
٪,٥,com.apple.keylayout.Arabic-QWERTY,,True,False,False,False
+,=,com.apple.keylayout.Arabic-QWERTY,,True,False,False,False
),٩,com.apple.keylayout.Arabic-QWERTY,,True,False,False,False
^,٧,com.apple.keylayout.Arabic-QWERTY,,True,False,False,False
_,-,com.apple.keylayout.Arabic-QWERTY,,True,False,False,False
*,٨,com.apple.keylayout.Arabic-QWERTY,,True,False,False,False
(,٠,com.apple.keylayout.Arabic-QWERTY,,True,False,False,False
[,ظ,com.apple.keylayout.Arabic-QWERTY,,True,False,False,False
ْ,ه,com.apple.keylayout.Arabic-QWERTY,,True,False,False,False
ُ,و,com.apple.keylayout.Arabic-QWERTY,,True,False,False,False
],ث,com.apple.keylayout.Arabic-QWERTY,,True,False,False,False
ِ,ي,com.apple.keylayout.Arabic-QWERTY,,True,False,False,False
ّ,ة,com.apple.keylayout.Arabic-QWERTY,,True,False,False,False
خ,ج,com.apple.keylayout.Arabic-QWERTY,,True,False,False,False
خ,ك,com.apple.keylayout.Arabic-QWERTY,,True,False,False,False
/,\,com.apple.keylayout.Arabic-QWERTY,,True,False,False,False
آ,م,com.apple.keylayout.Arabic-QWERTY,,True,False,False,False
 , ,com.apple.keylayout.Arabic-QWERTY,,True,False,False,False
>,ـ,com.apple.keylayout.Arabic-QWERTY,50,True,False,False,False
ً,ا,com.apple.keylayout.Arabic-QWERTY,,True,True,False,False
ّ,س,com.apple.keylayout.Arabic-QWERTY,,True,True,False,False
ڈ,د,com.apple.keylayout.Arabic-QWERTY,,True,True,False,False
ڤ,ف,com.apple.keylayout.Arabic-QWERTY,,True,True,False,False
چ,ح,com.apple.keylayout.Arabic-QWERTY,,True,True,False,False
گ,غ,com.apple.keylayout.Arabic-QWERTY,,True,True,False,False
ژ,ز,com.apple.keylayout.Arabic-QWERTY,,True,True,False,False
چ,ص,com.apple.keylayout.Arabic-QWERTY,,True,True,False,False
ڤ,ذ,com.apple.keylayout.Arabic-QWERTY,,True,True,False,False
ٹ,ب,com.apple.keylayout.Arabic-QWERTY,,True,True,False,False
گ,ق,com.apple.keylayout.Arabic-QWERTY,,True,True,False,False
ّ,ش,com.apple.keylayout.Arabic-QWERTY,,True,True,False,False
ڑ,ر,com.apple.keylayout.Arabic-QWERTY,,True,True,False,False
ى,ط,com.apple.keylayout.Arabic-QWERTY,,True,True,False,False
ة,ت,com.apple.keylayout.Arabic-QWERTY,,True,True,False,False
!,١,com.apple.keylayout.Arabic-QWERTY,,True,True,False,False
❊,٢,com.apple.keylayout.Arabic-QWERTY,,True,True,False,False
#,٣,com.apple.keylayout.Arabic-QWERTY,,True,True,False,False
€,٤,com.apple.keylayout.Arabic-QWERTY,,True,True,False,False
&,٦,com.apple.keylayout.Arabic-QWERTY,,True,True,False,False
٪,٥,com.apple.keylayout.Arabic-QWERTY,,True,True,False,False
+,=,com.apple.keylayout.Arabic-QWERTY,,True,True,False,False
),٩,com.apple.keylayout.Arabic-QWERTY,,True,True,False,False
^,٧,com.apple.keylayout.Arabic-QWERTY,,True,True,False,False
_,-,com.apple.keylayout.Arabic-QWERTY,,True,True,False,False
*,٨,com.apple.keylayout.Arabic-QWERTY,,True,True,False,False
(,٠,com.apple.keylayout.Arabic-QWERTY,,True,True,False,False
{,ظ,com.apple.keylayout.Arabic-QWERTY,,True,True,False,False
ە,ه,com.apple.keylayout.Arabic-QWERTY,,True,True,False,False
ٌ,و,com.apple.keylayout.Arabic-QWERTY,,True,True,False,False
},ث,com.apple.keylayout.Arabic-QWERTY,,True,True,False,False
ٍ,ي,com.apple.keylayout.Arabic-QWERTY,,True,True,False,False
پ,ة,com.apple.keylayout.Arabic-QWERTY,,True,True,False,False
ژ,ج,com.apple.keylayout.Arabic-QWERTY,,True,True,False,False
ک,ك,com.apple.keylayout.Arabic-QWERTY,,True,True,False,False
❊,،,com.apple.keylayout.Arabic-QWERTY,,True,True,False,False
\,\,com.apple.keylayout.Arabic-QWERTY,,True,True,False,False
ں,ن,com.apple.keylayout.Arabic-QWERTY,,True,True,False,False
آ,م,com.apple.keylayout.Arabic-QWERTY,,True,True,False,False
 , ,com.apple.keylayout.Arabic-QWERTY,,True,True,False,False
<,ـ,com.apple.keylayout.Arabic-QWERTY,50,True,True,False,False
u,u,com.apple.keylayout.Turkish,,False,False,False,False
i,i,com.apple.keylayout.Turkish,,False,False,False,False
e,e,com.apple.keylayout.Turkish,,False,False,False,False
a,a,com.apple.keylayout.Turkish,,False,False,False,False
t,t,com.apple.keylayout.Turkish,,False,False,False,False
ü,ü,com.apple.keylayout.Turkish,,False,False,False,False
j,j,com.apple.keylayout.Turkish,,False,False,False,False
ö,ö,com.apple.keylayout.Turkish,,False,False,False,False
v,v,com.apple.keylayout.Turkish,,False,False,False,False
c,c,com.apple.keylayout.Turkish,,False,False,False,False
§,§,com.apple.keylayout.Turkish,10,False,False,False,False
ç,ç,com.apple.keylayout.Turkish,,False,False,False,False
f,f,com.apple.keylayout.Turkish,,False,False,False,False
g,g,com.apple.keylayout.Turkish,,False,False,False,False
ğ,ğ,com.apple.keylayout.Turkish,,False,False,False,False
ı,ı,com.apple.keylayout.Turkish,,False,False,False,False
d,d,com.apple.keylayout.Turkish,,False,False,False,False
o,o,com.apple.keylayout.Turkish,,False,False,False,False
1,1,com.apple.keylayout.Turkish,,False,False,False,False
2,2,com.apple.keylayout.Turkish,,False,False,False,False
3,3,com.apple.keylayout.Turkish,,False,False,False,False
4,4,com.apple.keylayout.Turkish,,False,False,False,False
6,6,com.apple.keylayout.Turkish,,False,False,False,False
5,5,com.apple.keylayout.Turkish,,False,False,False,False
q,q,com.apple.keylayout.Turkish,,False,False,False,False
9,9,com.apple.keylayout.Turkish,,False,False,False,False
7,7,com.apple.keylayout.Turkish,,False,False,False,False
x,x,com.apple.keylayout.Turkish,,False,False,False,False
8,8,com.apple.keylayout.Turkish,,False,False,False,False
0,0,com.apple.keylayout.Turkish,,False,False,False,False
>,>,com.apple.keylayout.Turkish,,False,False,False,False
h,h,com.apple.keylayout.Turkish,,False,False,False,False
r,r,com.apple.keylayout.Turkish,,False,False,False,False
;,;,com.apple.keylayout.Turkish,,False,False,False,False
n,n,com.apple.keylayout.Turkish,,False,False,False,False
p,p,com.apple.keylayout.Turkish,,False,False,False,False
l,l,com.apple.keylayout.Turkish,,False,False,False,False
k,k,com.apple.keylayout.Turkish,,False,False,False,False
ş,ş,com.apple.keylayout.Turkish,,False,False,False,False
m,m,com.apple.keylayout.Turkish,,False,False,False,False
y,y,com.apple.keylayout.Turkish,,False,False,False,False
=,=,com.apple.keylayout.Turkish,,False,False,False,False
b,b,com.apple.keylayout.Turkish,,False,False,False,False
",",",",com.apple.keylayout.Turkish,,False,False,False,False
z,z,com.apple.keylayout.Turkish,,False,False,False,False
s,s,com.apple.keylayout.Turkish,,False,False,False,False
.,.,com.apple.keylayout.Turkish,,False,False,False,False
 , ,com.apple.keylayout.Turkish,,False,False,False,False
w,w,com.apple.keylayout.Turkish,50,False,False,False,False
U,u,com.apple.keylayout.Turkish,,False,True,False,False
İ,i,com.apple.keylayout.Turkish,,False,True,False,False
E,e,com.apple.keylayout.Turkish,,False,True,False,False
A,a,com.apple.keylayout.Turkish,,False,True,False,False
T,t,com.apple.keylayout.Turkish,,False,True,False,False
Ü,ü,com.apple.keylayout.Turkish,,False,True,False,False
J,j,com.apple.keylayout.Turkish,,False,True,False,False
Ö,ö,com.apple.keylayout.Turkish,,False,True,False,False
V,v,com.apple.keylayout.Turkish,,False,True,False,False
C,c,com.apple.keylayout.Turkish,,False,True,False,False
±,§,com.apple.keylayout.Turkish,10,False,True,False,False
Ç,ç,com.apple.keylayout.Turkish,,False,True,False,False
F,f,com.apple.keylayout.Turkish,,False,True,False,False
G,g,com.apple.keylayout.Turkish,,False,True,False,False
Ğ,ğ,com.apple.keylayout.Turkish,,False,True,False,False
I,ı,com.apple.keylayout.Turkish,,False,True,False,False
D,d,com.apple.keylayout.Turkish,,False,True,False,False
O,o,com.apple.keylayout.Turkish,,False,True,False,False
!,1,com.apple.keylayout.Turkish,,False,True,False,False
*,2,com.apple.keylayout.Turkish,,False,True,False,False
"""",3,com.apple.keylayout.Turkish,,False,True,False,False
',4,com.apple.keylayout.Turkish,,False,True,False,False
/,6,com.apple.keylayout.Turkish,,False,True,False,False
(,5,com.apple.keylayout.Turkish,,False,True,False,False
Q,q,com.apple.keylayout.Turkish,,False,True,False,False
%,9,com.apple.keylayout.Turkish,,False,True,False,False
),7,com.apple.keylayout.Turkish,,False,True,False,False
X,x,com.apple.keylayout.Turkish,,False,True,False,False
_,8,com.apple.keylayout.Turkish,,False,True,False,False
:,0,com.apple.keylayout.Turkish,,False,True,False,False
<,>,com.apple.keylayout.Turkish,,False,True,False,False
H,h,com.apple.keylayout.Turkish,,False,True,False,False
R,r,com.apple.keylayout.Turkish,,False,True,False,False
$,;,com.apple.keylayout.Turkish,,False,True,False,False
N,n,com.apple.keylayout.Turkish,,False,True,False,False
P,p,com.apple.keylayout.Turkish,,False,True,False,False
L,l,com.apple.keylayout.Turkish,,False,True,False,False
K,k,com.apple.keylayout.Turkish,,False,True,False,False
Ş,ş,com.apple.keylayout.Turkish,,False,True,False,False
M,m,com.apple.keylayout.Turkish,,False,True,False,False
Y,y,com.apple.keylayout.Turkish,,False,True,False,False
+,=,com.apple.keylayout.Turkish,,False,True,False,False
B,b,com.apple.keylayout.Turkish,,False,True,False,False
-,",",com.apple.keylayout.Turkish,,False,True,False,False
Z,z,com.apple.keylayout.Turkish,,False,True,False,False
S,s,com.apple.keylayout.Turkish,,False,True,False,False
?,.,com.apple.keylayout.Turkish,,False,True,False,False
 , ,com.apple.keylayout.Turkish,,False,True,False,False
W,w,com.apple.keylayout.Turkish,50,False,True,False,False
,u,com.apple.keylayout.Turkish,,True,False,False,False
å,a,com.apple.keylayout.Turkish,,True,False,False,False
†,t,com.apple.keylayout.Turkish,,True,False,False,False
@,ü,com.apple.keylayout.Turkish,,True,False,False,False
∆,j,com.apple.keylayout.Turkish,,True,False,False,False
¨,ö,com.apple.keylayout.Turkish,,True,False,False,False
√,v,com.apple.keylayout.Turkish,,True,False,False,False
ç,c,com.apple.keylayout.Turkish,,True,False,False,False
¯,ç,com.apple.keylayout.Turkish,,True,False,False,False
ƒ,f,com.apple.keylayout.Turkish,,True,False,False,False
¶,g,com.apple.keylayout.Turkish,,True,False,False,False
#,ğ,com.apple.keylayout.Turkish,,True,False,False,False
^,ı,com.apple.keylayout.Turkish,,True,False,False,False
∂,d,com.apple.keylayout.Turkish,,True,False,False,False
ø,o,com.apple.keylayout.Turkish,,True,False,False,False
¡,1,com.apple.keylayout.Turkish,,True,False,False,False
™,2,com.apple.keylayout.Turkish,,True,False,False,False
“,3,com.apple.keylayout.Turkish,,True,False,False,False
‘,4,com.apple.keylayout.Turkish,,True,False,False,False
|,6,com.apple.keylayout.Turkish,,True,False,False,False
[,5,com.apple.keylayout.Turkish,,True,False,False,False
œ,q,com.apple.keylayout.Turkish,,True,False,False,False
«,9,com.apple.keylayout.Turkish,,True,False,False,False
],7,com.apple.keylayout.Turkish,,True,False,False,False
≈,x,com.apple.keylayout.Turkish,,True,False,False,False
•,8,com.apple.keylayout.Turkish,,True,False,False,False
º,0,com.apple.keylayout.Turkish,,True,False,False,False
≥,>,com.apple.keylayout.Turkish,,True,False,False,False
®,r,com.apple.keylayout.Turkish,,True,False,False,False
…,;,com.apple.keylayout.Turkish,,True,False,False,False
π,p,com.apple.keylayout.Turkish,,True,False,False,False
¬,l,com.apple.keylayout.Turkish,,True,False,False,False
æ,ş,com.apple.keylayout.Turkish,,True,False,False,False
µ,m,com.apple.keylayout.Turkish,,True,False,False,False
¥,y,com.apple.keylayout.Turkish,,True,False,False,False
≠,=,com.apple.keylayout.Turkish,,True,False,False,False
∫,b,com.apple.keylayout.Turkish,,True,False,False,False
–,",",com.apple.keylayout.Turkish,,True,False,False,False
Ω,z,com.apple.keylayout.Turkish,,True,False,False,False
§,s,com.apple.keylayout.Turkish,,True,False,False,False
&,.,com.apple.keylayout.Turkish,,True,False,False,False
 , ,com.apple.keylayout.Turkish,,True,False,False,False
∑,w,com.apple.keylayout.Turkish,50,True,False,False,False
Ë,u,com.apple.keylayout.Turkish,,True,True,False,False
∞,i,com.apple.keylayout.Turkish,,True,True,False,False
‰,e,com.apple.keylayout.Turkish,,True,True,False,False
Å,a,com.apple.keylayout.Turkish,,True,True,False,False
Ê,t,com.apple.keylayout.Turkish,,True,True,False,False
ª,ü,com.apple.keylayout.Turkish,,True,True,False,False
Ô,j,com.apple.keylayout.Turkish,,True,True,False,False
Ÿ,ö,com.apple.keylayout.Turkish,,True,True,False,False
◊,v,com.apple.keylayout.Turkish,,True,True,False,False
˚,c,com.apple.keylayout.Turkish,,True,True,False,False
˙,ç,com.apple.keylayout.Turkish,,True,True,False,False
Ï,f,com.apple.keylayout.Turkish,,True,True,False,False
`,g,com.apple.keylayout.Turkish,,True,True,False,False
´,ğ,com.apple.keylayout.Turkish,,True,True,False,False
È,ı,com.apple.keylayout.Turkish,,True,True,False,False
Î,d,com.apple.keylayout.Turkish,,True,True,False,False
Ø,o,com.apple.keylayout.Turkish,,True,True,False,False
·,1,com.apple.keylayout.Turkish,,True,True,False,False
€,2,com.apple.keylayout.Turkish,,True,True,False,False
”,3,com.apple.keylayout.Turkish,,True,True,False,False
’,4,com.apple.keylayout.Turkish,,True,True,False,False
\,6,com.apple.keylayout.Turkish,,True,True,False,False
{,5,com.apple.keylayout.Turkish,,True,True,False,False
Œ,q,com.apple.keylayout.Turkish,,True,True,False,False
»,9,com.apple.keylayout.Turkish,,True,True,False,False
},7,com.apple.keylayout.Turkish,,True,True,False,False
Ù,x,com.apple.keylayout.Turkish,,True,True,False,False
°,8,com.apple.keylayout.Turkish,,True,True,False,False
÷,0,com.apple.keylayout.Turkish,,True,True,False,False
≤,>,com.apple.keylayout.Turkish,,True,True,False,False
Ó,h,com.apple.keylayout.Turkish,,True,True,False,False
Â,r,com.apple.keylayout.Turkish,,True,True,False,False
¢,;,com.apple.keylayout.Turkish,,True,True,False,False
ˆ,n,com.apple.keylayout.Turkish,,True,True,False,False
∏,p,com.apple.keylayout.Turkish,,True,True,False,False
£,l,com.apple.keylayout.Turkish,,True,True,False,False
©,k,com.apple.keylayout.Turkish,,True,True,False,False
Æ,ş,com.apple.keylayout.Turkish,,True,True,False,False
˜,m,com.apple.keylayout.Turkish,,True,True,False,False
Á,y,com.apple.keylayout.Turkish,,True,True,False,False
±,=,com.apple.keylayout.Turkish,,True,True,False,False
ß,b,com.apple.keylayout.Turkish,,True,True,False,False
—,",",com.apple.keylayout.Turkish,,True,True,False,False
Û,z,com.apple.keylayout.Turkish,,True,True,False,False
~,s,com.apple.keylayout.Turkish,,True,True,False,False
¿,.,com.apple.keylayout.Turkish,,True,True,False,False
 , ,com.apple.keylayout.Turkish,,True,True,False,False
„,w,com.apple.keylayout.Turkish,50,True,True,False,False
q,q,com.apple.keylayout.French-numerical,,False,False,False,False
s,s,com.apple.keylayout.French-numerical,,False,False,False,False
d,d,com.apple.keylayout.French-numerical,,False,False,False,False
f,f,com.apple.keylayout.French-numerical,,False,False,False,False
h,h,com.apple.keylayout.French-numerical,,False,False,False,False
g,g,com.apple.keylayout.French-numerical,,False,False,False,False
w,w,com.apple.keylayout.French-numerical,,False,False,False,False
x,x,com.apple.keylayout.French-numerical,,False,False,False,False
c,c,com.apple.keylayout.French-numerical,,False,False,False,False
v,v,com.apple.keylayout.French-numerical,,False,False,False,False
@,@,com.apple.keylayout.French-numerical,10,False,False,False,False
b,b,com.apple.keylayout.French-numerical,,False,False,False,False
a,a,com.apple.keylayout.French-numerical,,False,False,False,False
z,z,com.apple.keylayout.French-numerical,,False,False,False,False
e,e,com.apple.keylayout.French-numerical,,False,False,False,False
r,r,com.apple.keylayout.French-numerical,,False,False,False,False
y,y,com.apple.keylayout.French-numerical,,False,False,False,False
t,t,com.apple.keylayout.French-numerical,,False,False,False,False
&,&,com.apple.keylayout.French-numerical,,False,False,False,False
é,é,com.apple.keylayout.French-numerical,,False,False,False,False
"""","""",com.apple.keylayout.French-numerical,,False,False,False,False
',',com.apple.keylayout.French-numerical,,False,False,False,False
§,§,com.apple.keylayout.French-numerical,,False,False,False,False
(,(,com.apple.keylayout.French-numerical,,False,False,False,False
-,-,com.apple.keylayout.French-numerical,,False,False,False,False
ç,ç,com.apple.keylayout.French-numerical,,False,False,False,False
è,è,com.apple.keylayout.French-numerical,,False,False,False,False
),),com.apple.keylayout.French-numerical,,False,False,False,False
!,!,com.apple.keylayout.French-numerical,,False,False,False,False
à,à,com.apple.keylayout.French-numerical,,False,False,False,False
$,$,com.apple.keylayout.French-numerical,,False,False,False,False
o,o,com.apple.keylayout.French-numerical,,False,False,False,False
u,u,com.apple.keylayout.French-numerical,,False,False,False,False
i,i,com.apple.keylayout.French-numerical,,False,False,False,False
p,p,com.apple.keylayout.French-numerical,,False,False,False,False
l,l,com.apple.keylayout.French-numerical,,False,False,False,False
j,j,com.apple.keylayout.French-numerical,,False,False,False,False
ù,ù,com.apple.keylayout.French-numerical,,False,False,False,False
k,k,com.apple.keylayout.French-numerical,,False,False,False,False
m,m,com.apple.keylayout.French-numerical,,False,False,False,False
;,;,com.apple.keylayout.French-numerical,,False,False,False,False
=,=,com.apple.keylayout.French-numerical,,False,False,False,False
n,n,com.apple.keylayout.French-numerical,,False,False,False,False
",",",",com.apple.keylayout.French-numerical,,False,False,False,False
:,:,com.apple.keylayout.French-numerical,,False,False,False,False
 , ,com.apple.keylayout.French-numerical,,False,False,False,False
<,<,com.apple.keylayout.French-numerical,50,False,False,False,False
Q,q,com.apple.keylayout.French-numerical,,False,True,False,False
S,s,com.apple.keylayout.French-numerical,,False,True,False,False
D,d,com.apple.keylayout.French-numerical,,False,True,False,False
F,f,com.apple.keylayout.French-numerical,,False,True,False,False
H,h,com.apple.keylayout.French-numerical,,False,True,False,False
G,g,com.apple.keylayout.French-numerical,,False,True,False,False
W,w,com.apple.keylayout.French-numerical,,False,True,False,False
X,x,com.apple.keylayout.French-numerical,,False,True,False,False
C,c,com.apple.keylayout.French-numerical,,False,True,False,False
V,v,com.apple.keylayout.French-numerical,,False,True,False,False
#,@,com.apple.keylayout.French-numerical,10,False,True,False,False
B,b,com.apple.keylayout.French-numerical,,False,True,False,False
A,a,com.apple.keylayout.French-numerical,,False,True,False,False
Z,z,com.apple.keylayout.French-numerical,,False,True,False,False
E,e,com.apple.keylayout.French-numerical,,False,True,False,False
R,r,com.apple.keylayout.French-numerical,,False,True,False,False
Y,y,com.apple.keylayout.French-numerical,,False,True,False,False
T,t,com.apple.keylayout.French-numerical,,False,True,False,False
1,&,com.apple.keylayout.French-numerical,,False,True,False,False
2,é,com.apple.keylayout.French-numerical,,False,True,False,False
3,"""",com.apple.keylayout.French-numerical,,False,True,False,False
4,',com.apple.keylayout.French-numerical,,False,True,False,False
6,§,com.apple.keylayout.French-numerical,,False,True,False,False
5,(,com.apple.keylayout.French-numerical,,False,True,False,False
_,-,com.apple.keylayout.French-numerical,,False,True,False,False
9,ç,com.apple.keylayout.French-numerical,,False,True,False,False
7,è,com.apple.keylayout.French-numerical,,False,True,False,False
°,),com.apple.keylayout.French-numerical,,False,True,False,False
8,!,com.apple.keylayout.French-numerical,,False,True,False,False
0,à,com.apple.keylayout.French-numerical,,False,True,False,False
*,$,com.apple.keylayout.French-numerical,,False,True,False,False
O,o,com.apple.keylayout.French-numerical,,False,True,False,False
U,u,com.apple.keylayout.French-numerical,,False,True,False,False
I,i,com.apple.keylayout.French-numerical,,False,True,False,False
P,p,com.apple.keylayout.French-numerical,,False,True,False,False
L,l,com.apple.keylayout.French-numerical,,False,True,False,False
J,j,com.apple.keylayout.French-numerical,,False,True,False,False
%,ù,com.apple.keylayout.French-numerical,,False,True,False,False
K,k,com.apple.keylayout.French-numerical,,False,True,False,False
M,m,com.apple.keylayout.French-numerical,,False,True,False,False
.,;,com.apple.keylayout.French-numerical,,False,True,False,False
+,=,com.apple.keylayout.French-numerical,,False,True,False,False
N,n,com.apple.keylayout.French-numerical,,False,True,False,False
?,",",com.apple.keylayout.French-numerical,,False,True,False,False
/,:,com.apple.keylayout.French-numerical,,False,True,False,False
 , ,com.apple.keylayout.French-numerical,,False,True,False,False
>,<,com.apple.keylayout.French-numerical,50,False,True,False,False
‡,q,com.apple.keylayout.French-numerical,,True,False,False,False
Ò,s,com.apple.keylayout.French-numerical,,True,False,False,False
∂,d,com.apple.keylayout.French-numerical,,True,False,False,False
ƒ,f,com.apple.keylayout.French-numerical,,True,False,False,False
Ì,h,com.apple.keylayout.French-numerical,,True,False,False,False
ﬁ,g,com.apple.keylayout.French-numerical,,True,False,False,False
‹,w,com.apple.keylayout.French-numerical,,True,False,False,False
≈,x,com.apple.keylayout.French-numerical,,True,False,False,False
©,c,com.apple.keylayout.French-numerical,,True,False,False,False
◊,v,com.apple.keylayout.French-numerical,,True,False,False,False
•,@,com.apple.keylayout.French-numerical,10,True,False,False,False
ß,b,com.apple.keylayout.French-numerical,,True,False,False,False
æ,a,com.apple.keylayout.French-numerical,,True,False,False,False
Â,z,com.apple.keylayout.French-numerical,,True,False,False,False
ê,e,com.apple.keylayout.French-numerical,,True,False,False,False
®,r,com.apple.keylayout.French-numerical,,True,False,False,False
Ú,y,com.apple.keylayout.French-numerical,,True,False,False,False
†,t,com.apple.keylayout.French-numerical,,True,False,False,False
,&,com.apple.keylayout.French-numerical,,True,False,False,False
ë,é,com.apple.keylayout.French-numerical,,True,False,False,False
“,"""",com.apple.keylayout.French-numerical,,True,False,False,False
‘,',com.apple.keylayout.French-numerical,,True,False,False,False
¶,§,com.apple.keylayout.French-numerical,,True,False,False,False
{,(,com.apple.keylayout.French-numerical,,True,False,False,False
—,-,com.apple.keylayout.French-numerical,,True,False,False,False
Ç,ç,com.apple.keylayout.French-numerical,,True,False,False,False
«,è,com.apple.keylayout.French-numerical,,True,False,False,False
},),com.apple.keylayout.French-numerical,,True,False,False,False
¡,!,com.apple.keylayout.French-numerical,,True,False,False,False
ø,à,com.apple.keylayout.French-numerical,,True,False,False,False
€,$,com.apple.keylayout.French-numerical,,True,False,False,False
œ,o,com.apple.keylayout.French-numerical,,True,False,False,False
º,u,com.apple.keylayout.French-numerical,,True,False,False,False
î,i,com.apple.keylayout.French-numerical,,True,False,False,False
π,p,com.apple.keylayout.French-numerical,,True,False,False,False
¬,l,com.apple.keylayout.French-numerical,,True,False,False,False
Ï,j,com.apple.keylayout.French-numerical,,True,False,False,False
Ù,ù,com.apple.keylayout.French-numerical,,True,False,False,False
È,k,com.apple.keylayout.French-numerical,,True,False,False,False
µ,m,com.apple.keylayout.French-numerical,,True,False,False,False
…,;,com.apple.keylayout.French-numerical,,True,False,False,False
≠,=,com.apple.keylayout.French-numerical,,True,False,False,False
∞,",",com.apple.keylayout.French-numerical,,True,False,False,False
÷,:,com.apple.keylayout.French-numerical,,True,False,False,False
 , ,com.apple.keylayout.French-numerical,,True,False,False,False
≤,<,com.apple.keylayout.French-numerical,50,True,False,False,False
Ω,q,com.apple.keylayout.French-numerical,,True,True,False,False
∑,s,com.apple.keylayout.French-numerical,,True,True,False,False
∆,d,com.apple.keylayout.French-numerical,,True,True,False,False
·,f,com.apple.keylayout.French-numerical,,True,True,False,False
Î,h,com.apple.keylayout.French-numerical,,True,True,False,False
ﬂ,g,com.apple.keylayout.French-numerical,,True,True,False,False
›,w,com.apple.keylayout.French-numerical,,True,True,False,False
⁄,x,com.apple.keylayout.French-numerical,,True,True,False,False
¢,c,com.apple.keylayout.French-numerical,,True,True,False,False
√,v,com.apple.keylayout.French-numerical,,True,True,False,False
Ÿ,@,com.apple.keylayout.French-numerical,10,True,True,False,False
∫,b,com.apple.keylayout.French-numerical,,True,True,False,False
Æ,a,com.apple.keylayout.French-numerical,,True,True,False,False
Å,z,com.apple.keylayout.French-numerical,,True,True,False,False
Ê,e,com.apple.keylayout.French-numerical,,True,True,False,False
‚,r,com.apple.keylayout.French-numerical,,True,True,False,False
Ÿ,y,com.apple.keylayout.French-numerical,,True,True,False,False
™,t,com.apple.keylayout.French-numerical,,True,True,False,False
„,é,com.apple.keylayout.French-numerical,,True,True,False,False
”,"""",com.apple.keylayout.French-numerical,,True,True,False,False
’,',com.apple.keylayout.French-numerical,,True,True,False,False
å,§,com.apple.keylayout.French-numerical,,True,True,False,False
[,(,com.apple.keylayout.French-numerical,,True,True,False,False
–,-,com.apple.keylayout.French-numerical,,True,True,False,False
Á,ç,com.apple.keylayout.French-numerical,,True,True,False,False
»,è,com.apple.keylayout.French-numerical,,True,True,False,False
],),com.apple.keylayout.French-numerical,,True,True,False,False
Û,!,com.apple.keylayout.French-numerical,,True,True,False,False
Ø,à,com.apple.keylayout.French-numerical,,True,True,False,False
¥,$,com.apple.keylayout.French-numerical,,True,True,False,False
Œ,o,com.apple.keylayout.French-numerical,,True,True,False,False
ª,u,com.apple.keylayout.French-numerical,,True,True,False,False
ï,i,com.apple.keylayout.French-numerical,,True,True,False,False
∏,p,com.apple.keylayout.French-numerical,,True,True,False,False
|,l,com.apple.keylayout.French-numerical,,True,True,False,False
Í,j,com.apple.keylayout.French-numerical,,True,True,False,False
‰,ù,com.apple.keylayout.French-numerical,,True,True,False,False
Ë,k,com.apple.keylayout.French-numerical,,True,True,False,False
Ó,m,com.apple.keylayout.French-numerical,,True,True,False,False
•,;,com.apple.keylayout.French-numerical,,True,True,False,False
±,=,com.apple.keylayout.French-numerical,,True,True,False,False
ı,n,com.apple.keylayout.French-numerical,,True,True,False,False
¿,",",com.apple.keylayout.French-numerical,,True,True,False,False
\,:,com.apple.keylayout.French-numerical,,True,True,False,False
 , ,com.apple.keylayout.French-numerical,,True,True,False,False
≥,<,com.apple.keylayout.French-numerical,50,True,True,False,False
a,a,com.apple.keylayout.Portuguese,,False,False,False,False
s,s,com.apple.keylayout.Portuguese,,False,False,False,False
d,d,com.apple.keylayout.Portuguese,,False,False,False,False
f,f,com.apple.keylayout.Portuguese,,False,False,False,False
h,h,com.apple.keylayout.Portuguese,,False,False,False,False
g,g,com.apple.keylayout.Portuguese,,False,False,False,False
z,z,com.apple.keylayout.Portuguese,,False,False,False,False
x,x,com.apple.keylayout.Portuguese,,False,False,False,False
c,c,com.apple.keylayout.Portuguese,,False,False,False,False
v,v,com.apple.keylayout.Portuguese,,False,False,False,False
§,§,com.apple.keylayout.Portuguese,10,False,False,False,False
b,b,com.apple.keylayout.Portuguese,,False,False,False,False
q,q,com.apple.keylayout.Portuguese,,False,False,False,False
w,w,com.apple.keylayout.Portuguese,,False,False,False,False
e,e,com.apple.keylayout.Portuguese,,False,False,False,False
r,r,com.apple.keylayout.Portuguese,,False,False,False,False
y,y,com.apple.keylayout.Portuguese,,False,False,False,False
t,t,com.apple.keylayout.Portuguese,,False,False,False,False
1,1,com.apple.keylayout.Portuguese,,False,False,False,False
2,2,com.apple.keylayout.Portuguese,,False,False,False,False
3,3,com.apple.keylayout.Portuguese,,False,False,False,False
4,4,com.apple.keylayout.Portuguese,,False,False,False,False
6,6,com.apple.keylayout.Portuguese,,False,False,False,False
5,5,com.apple.keylayout.Portuguese,,False,False,False,False
+,+,com.apple.keylayout.Portuguese,,False,False,False,False
9,9,com.apple.keylayout.Portuguese,,False,False,False,False
7,7,com.apple.keylayout.Portuguese,,False,False,False,False
',',com.apple.keylayout.Portuguese,,False,False,False,False
8,8,com.apple.keylayout.Portuguese,,False,False,False,False
0,0,com.apple.keylayout.Portuguese,,False,False,False,False
o,o,com.apple.keylayout.Portuguese,,False,False,False,False
u,u,com.apple.keylayout.Portuguese,,False,False,False,False
º,º,com.apple.keylayout.Portuguese,,False,False,False,False
i,i,com.apple.keylayout.Portuguese,,False,False,False,False
p,p,com.apple.keylayout.Portuguese,,False,False,False,False
l,l,com.apple.keylayout.Portuguese,,False,False,False,False
j,j,com.apple.keylayout.Portuguese,,False,False,False,False
k,k,com.apple.keylayout.Portuguese,,False,False,False,False
ç,ç,com.apple.keylayout.Portuguese,,False,False,False,False
\,\,com.apple.keylayout.Portuguese,,False,False,False,False
",",",",com.apple.keylayout.Portuguese,,False,False,False,False
-,-,com.apple.keylayout.Portuguese,,False,False,False,False
n,n,com.apple.keylayout.Portuguese,,False,False,False,False
m,m,com.apple.keylayout.Portuguese,,False,False,False,False
.,.,com.apple.keylayout.Portuguese,,False,False,False,False
 , ,com.apple.keylayout.Portuguese,,False,False,False,False
<,<,com.apple.keylayout.Portuguese,50,False,False,False,False
A,a,com.apple.keylayout.Portuguese,,False,True,False,False
S,s,com.apple.keylayout.Portuguese,,False,True,False,False
D,d,com.apple.keylayout.Portuguese,,False,True,False,False
F,f,com.apple.keylayout.Portuguese,,False,True,False,False
H,h,com.apple.keylayout.Portuguese,,False,True,False,False
G,g,com.apple.keylayout.Portuguese,,False,True,False,False
Z,z,com.apple.keylayout.Portuguese,,False,True,False,False
X,x,com.apple.keylayout.Portuguese,,False,True,False,False
C,c,com.apple.keylayout.Portuguese,,False,True,False,False
V,v,com.apple.keylayout.Portuguese,,False,True,False,False
±,§,com.apple.keylayout.Portuguese,10,False,True,False,False
B,b,com.apple.keylayout.Portuguese,,False,True,False,False
Q,q,com.apple.keylayout.Portuguese,,False,True,False,False
W,w,com.apple.keylayout.Portuguese,,False,True,False,False
E,e,com.apple.keylayout.Portuguese,,False,True,False,False
R,r,com.apple.keylayout.Portuguese,,False,True,False,False
Y,y,com.apple.keylayout.Portuguese,,False,True,False,False
T,t,com.apple.keylayout.Portuguese,,False,True,False,False
!,1,com.apple.keylayout.Portuguese,,False,True,False,False
"""",2,com.apple.keylayout.Portuguese,,False,True,False,False
#,3,com.apple.keylayout.Portuguese,,False,True,False,False
$,4,com.apple.keylayout.Portuguese,,False,True,False,False
&,6,com.apple.keylayout.Portuguese,,False,True,False,False
%,5,com.apple.keylayout.Portuguese,,False,True,False,False
*,+,com.apple.keylayout.Portuguese,,False,True,False,False
),9,com.apple.keylayout.Portuguese,,False,True,False,False
/,7,com.apple.keylayout.Portuguese,,False,True,False,False
?,',com.apple.keylayout.Portuguese,,False,True,False,False
(,8,com.apple.keylayout.Portuguese,,False,True,False,False
=,0,com.apple.keylayout.Portuguese,,False,True,False,False
O,o,com.apple.keylayout.Portuguese,,False,True,False,False
U,u,com.apple.keylayout.Portuguese,,False,True,False,False
ª,º,com.apple.keylayout.Portuguese,,False,True,False,False
I,i,com.apple.keylayout.Portuguese,,False,True,False,False
P,p,com.apple.keylayout.Portuguese,,False,True,False,False
L,l,com.apple.keylayout.Portuguese,,False,True,False,False
J,j,com.apple.keylayout.Portuguese,,False,True,False,False
K,k,com.apple.keylayout.Portuguese,,False,True,False,False
Ç,ç,com.apple.keylayout.Portuguese,,False,True,False,False
|,\,com.apple.keylayout.Portuguese,,False,True,False,False
;,",",com.apple.keylayout.Portuguese,,False,True,False,False
_,-,com.apple.keylayout.Portuguese,,False,True,False,False
N,n,com.apple.keylayout.Portuguese,,False,True,False,False
M,m,com.apple.keylayout.Portuguese,,False,True,False,False
:,.,com.apple.keylayout.Portuguese,,False,True,False,False
 , ,com.apple.keylayout.Portuguese,,False,True,False,False
>,<,com.apple.keylayout.Portuguese,50,False,True,False,False
å,a,com.apple.keylayout.Portuguese,,True,False,False,False
ß,s,com.apple.keylayout.Portuguese,,True,False,False,False
∂,d,com.apple.keylayout.Portuguese,,True,False,False,False
ƒ,f,com.apple.keylayout.Portuguese,,True,False,False,False
ˇ,h,com.apple.keylayout.Portuguese,,True,False,False,False
˙,g,com.apple.keylayout.Portuguese,,True,False,False,False
Ω,z,com.apple.keylayout.Portuguese,,True,False,False,False
«,x,com.apple.keylayout.Portuguese,,True,False,False,False
©,c,com.apple.keylayout.Portuguese,,True,False,False,False
√,v,com.apple.keylayout.Portuguese,,True,False,False,False
§,§,com.apple.keylayout.Portuguese,10,True,False,False,False
∫,b,com.apple.keylayout.Portuguese,,True,False,False,False
œ,q,com.apple.keylayout.Portuguese,,True,False,False,False
∑,w,com.apple.keylayout.Portuguese,,True,False,False,False
æ,e,com.apple.keylayout.Portuguese,,True,False,False,False
®,r,com.apple.keylayout.Portuguese,,True,False,False,False
¥,y,com.apple.keylayout.Portuguese,,True,False,False,False
™,t,com.apple.keylayout.Portuguese,,True,False,False,False
,1,com.apple.keylayout.Portuguese,,True,False,False,False
@,2,com.apple.keylayout.Portuguese,,True,False,False,False
€,3,com.apple.keylayout.Portuguese,,True,False,False,False
£,4,com.apple.keylayout.Portuguese,,True,False,False,False
¶,6,com.apple.keylayout.Portuguese,,True,False,False,False
‰,5,com.apple.keylayout.Portuguese,,True,False,False,False
±,+,com.apple.keylayout.Portuguese,,True,False,False,False
],9,com.apple.keylayout.Portuguese,,True,False,False,False
÷,7,com.apple.keylayout.Portuguese,,True,False,False,False
§,',com.apple.keylayout.Portuguese,,True,False,False,False
[,8,com.apple.keylayout.Portuguese,,True,False,False,False
≠,0,com.apple.keylayout.Portuguese,,True,False,False,False
ø,o,com.apple.keylayout.Portuguese,,True,False,False,False
†,u,com.apple.keylayout.Portuguese,,True,False,False,False
°,º,com.apple.keylayout.Portuguese,,True,False,False,False
ı,i,com.apple.keylayout.Portuguese,,True,False,False,False
π,p,com.apple.keylayout.Portuguese,,True,False,False,False
‘,l,com.apple.keylayout.Portuguese,,True,False,False,False
¯,j,com.apple.keylayout.Portuguese,,True,False,False,False
„,k,com.apple.keylayout.Portuguese,,True,False,False,False
¸,ç,com.apple.keylayout.Portuguese,,True,False,False,False
‹,\,com.apple.keylayout.Portuguese,,True,False,False,False
“,",",com.apple.keylayout.Portuguese,,True,False,False,False
—,-,com.apple.keylayout.Portuguese,,True,False,False,False
¬,n,com.apple.keylayout.Portuguese,,True,False,False,False
µ,m,com.apple.keylayout.Portuguese,,True,False,False,False
…,.,com.apple.keylayout.Portuguese,,True,False,False,False
 , ,com.apple.keylayout.Portuguese,,True,False,False,False
≤,<,com.apple.keylayout.Portuguese,50,True,False,False,False
Å,a,com.apple.keylayout.Portuguese,,True,True,False,False
ß,s,com.apple.keylayout.Portuguese,,True,True,False,False
∆,d,com.apple.keylayout.Portuguese,,True,True,False,False
ƒ,f,com.apple.keylayout.Portuguese,,True,True,False,False
ˇ,h,com.apple.keylayout.Portuguese,,True,True,False,False
˙,g,com.apple.keylayout.Portuguese,,True,True,False,False
Ω,z,com.apple.keylayout.Portuguese,,True,True,False,False
»,x,com.apple.keylayout.Portuguese,,True,True,False,False
©,c,com.apple.keylayout.Portuguese,,True,True,False,False
√,v,com.apple.keylayout.Portuguese,,True,True,False,False
±,§,com.apple.keylayout.Portuguese,10,True,True,False,False
∫,b,com.apple.keylayout.Portuguese,,True,True,False,False
Œ,q,com.apple.keylayout.Portuguese,,True,True,False,False
∑,w,com.apple.keylayout.Portuguese,,True,True,False,False
Æ,e,com.apple.keylayout.Portuguese,,True,True,False,False
®,r,com.apple.keylayout.Portuguese,,True,True,False,False
¥,y,com.apple.keylayout.Portuguese,,True,True,False,False
™,t,com.apple.keylayout.Portuguese,,True,True,False,False
¡,1,com.apple.keylayout.Portuguese,,True,True,False,False
ﬁ,2,com.apple.keylayout.Portuguese,,True,True,False,False
ﬂ,3,com.apple.keylayout.Portuguese,,True,True,False,False
¢,4,com.apple.keylayout.Portuguese,,True,True,False,False
•,6,com.apple.keylayout.Portuguese,,True,True,False,False
∞,5,com.apple.keylayout.Portuguese,,True,True,False,False
◊,+,com.apple.keylayout.Portuguese,,True,True,False,False
},9,com.apple.keylayout.Portuguese,,True,True,False,False
⁄,7,com.apple.keylayout.Portuguese,,True,True,False,False
¿,',com.apple.keylayout.Portuguese,,True,True,False,False
{,8,com.apple.keylayout.Portuguese,,True,True,False,False
≈,0,com.apple.keylayout.Portuguese,,True,True,False,False
Ø,o,com.apple.keylayout.Portuguese,,True,True,False,False
‡,u,com.apple.keylayout.Portuguese,,True,True,False,False
˚,º,com.apple.keylayout.Portuguese,,True,True,False,False
˚,i,com.apple.keylayout.Portuguese,,True,True,False,False
∏,p,com.apple.keylayout.Portuguese,,True,True,False,False
’,l,com.apple.keylayout.Portuguese,,True,True,False,False
¯,j,com.apple.keylayout.Portuguese,,True,True,False,False
‚,k,com.apple.keylayout.Portuguese,,True,True,False,False
˛,ç,com.apple.keylayout.Portuguese,,True,True,False,False
›,\,com.apple.keylayout.Portuguese,,True,True,False,False
”,",",com.apple.keylayout.Portuguese,,True,True,False,False
–,-,com.apple.keylayout.Portuguese,,True,True,False,False
¬,n,com.apple.keylayout.Portuguese,,True,True,False,False
µ,m,com.apple.keylayout.Portuguese,,True,True,False,False
·,.,com.apple.keylayout.Portuguese,,True,True,False,False
 , ,com.apple.keylayout.Portuguese,,True,True,False,False
≥,<,com.apple.keylayout.Portuguese,50,True,True,False,False
a,a,com.apple.keylayout.SwissFrench,,False,False,False,False
s,s,com.apple.keylayout.SwissFrench,,False,False,False,False
d,d,com.apple.keylayout.SwissFrench,,False,False,False,False
f,f,com.apple.keylayout.SwissFrench,,False,False,False,False
h,h,com.apple.keylayout.SwissFrench,,False,False,False,False
g,g,com.apple.keylayout.SwissFrench,,False,False,False,False
y,y,com.apple.keylayout.SwissFrench,,False,False,False,False
x,x,com.apple.keylayout.SwissFrench,,False,False,False,False
c,c,com.apple.keylayout.SwissFrench,,False,False,False,False
v,v,com.apple.keylayout.SwissFrench,,False,False,False,False
§,§,com.apple.keylayout.SwissFrench,10,False,False,False,False
b,b,com.apple.keylayout.SwissFrench,,False,False,False,False
q,q,com.apple.keylayout.SwissFrench,,False,False,False,False
w,w,com.apple.keylayout.SwissFrench,,False,False,False,False
e,e,com.apple.keylayout.SwissFrench,,False,False,False,False
r,r,com.apple.keylayout.SwissFrench,,False,False,False,False
z,z,com.apple.keylayout.SwissFrench,,False,False,False,False
t,t,com.apple.keylayout.SwissFrench,,False,False,False,False
1,1,com.apple.keylayout.SwissFrench,,False,False,False,False
2,2,com.apple.keylayout.SwissFrench,,False,False,False,False
3,3,com.apple.keylayout.SwissFrench,,False,False,False,False
4,4,com.apple.keylayout.SwissFrench,,False,False,False,False
6,6,com.apple.keylayout.SwissFrench,,False,False,False,False
5,5,com.apple.keylayout.SwissFrench,,False,False,False,False
9,9,com.apple.keylayout.SwissFrench,,False,False,False,False
7,7,com.apple.keylayout.SwissFrench,,False,False,False,False
',',com.apple.keylayout.SwissFrench,,False,False,False,False
8,8,com.apple.keylayout.SwissFrench,,False,False,False,False
0,0,com.apple.keylayout.SwissFrench,,False,False,False,False
o,o,com.apple.keylayout.SwissFrench,,False,False,False,False
u,u,com.apple.keylayout.SwissFrench,,False,False,False,False
è,è,com.apple.keylayout.SwissFrench,,False,False,False,False
i,i,com.apple.keylayout.SwissFrench,,False,False,False,False
p,p,com.apple.keylayout.SwissFrench,,False,False,False,False
l,l,com.apple.keylayout.SwissFrench,,False,False,False,False
j,j,com.apple.keylayout.SwissFrench,,False,False,False,False
à,à,com.apple.keylayout.SwissFrench,,False,False,False,False
k,k,com.apple.keylayout.SwissFrench,,False,False,False,False
é,é,com.apple.keylayout.SwissFrench,,False,False,False,False
$,$,com.apple.keylayout.SwissFrench,,False,False,False,False
",",",",com.apple.keylayout.SwissFrench,,False,False,False,False
-,-,com.apple.keylayout.SwissFrench,,False,False,False,False
n,n,com.apple.keylayout.SwissFrench,,False,False,False,False
m,m,com.apple.keylayout.SwissFrench,,False,False,False,False
.,.,com.apple.keylayout.SwissFrench,,False,False,False,False
 , ,com.apple.keylayout.SwissFrench,,False,False,False,False
<,<,com.apple.keylayout.SwissFrench,50,False,False,False,False
A,a,com.apple.keylayout.SwissFrench,,False,True,False,False
S,s,com.apple.keylayout.SwissFrench,,False,True,False,False
D,d,com.apple.keylayout.SwissFrench,,False,True,False,False
F,f,com.apple.keylayout.SwissFrench,,False,True,False,False
H,h,com.apple.keylayout.SwissFrench,,False,True,False,False
G,g,com.apple.keylayout.SwissFrench,,False,True,False,False
Y,y,com.apple.keylayout.SwissFrench,,False,True,False,False
X,x,com.apple.keylayout.SwissFrench,,False,True,False,False
C,c,com.apple.keylayout.SwissFrench,,False,True,False,False
V,v,com.apple.keylayout.SwissFrench,,False,True,False,False
°,§,com.apple.keylayout.SwissFrench,10,False,True,False,False
B,b,com.apple.keylayout.SwissFrench,,False,True,False,False
Q,q,com.apple.keylayout.SwissFrench,,False,True,False,False
W,w,com.apple.keylayout.SwissFrench,,False,True,False,False
E,e,com.apple.keylayout.SwissFrench,,False,True,False,False
R,r,com.apple.keylayout.SwissFrench,,False,True,False,False
Z,z,com.apple.keylayout.SwissFrench,,False,True,False,False
T,t,com.apple.keylayout.SwissFrench,,False,True,False,False
+,1,com.apple.keylayout.SwissFrench,,False,True,False,False
"""",2,com.apple.keylayout.SwissFrench,,False,True,False,False
*,3,com.apple.keylayout.SwissFrench,,False,True,False,False
ç,4,com.apple.keylayout.SwissFrench,,False,True,False,False
&,6,com.apple.keylayout.SwissFrench,,False,True,False,False
%,5,com.apple.keylayout.SwissFrench,,False,True,False,False
),9,com.apple.keylayout.SwissFrench,,False,True,False,False
/,7,com.apple.keylayout.SwissFrench,,False,True,False,False
?,',com.apple.keylayout.SwissFrench,,False,True,False,False
(,8,com.apple.keylayout.SwissFrench,,False,True,False,False
=,0,com.apple.keylayout.SwissFrench,,False,True,False,False
O,o,com.apple.keylayout.SwissFrench,,False,True,False,False
U,u,com.apple.keylayout.SwissFrench,,False,True,False,False
ü,è,com.apple.keylayout.SwissFrench,,False,True,False,False
I,i,com.apple.keylayout.SwissFrench,,False,True,False,False
P,p,com.apple.keylayout.SwissFrench,,False,True,False,False
L,l,com.apple.keylayout.SwissFrench,,False,True,False,False
J,j,com.apple.keylayout.SwissFrench,,False,True,False,False
ä,à,com.apple.keylayout.SwissFrench,,False,True,False,False
K,k,com.apple.keylayout.SwissFrench,,False,True,False,False
ö,é,com.apple.keylayout.SwissFrench,,False,True,False,False
£,$,com.apple.keylayout.SwissFrench,,False,True,False,False
;,",",com.apple.keylayout.SwissFrench,,False,True,False,False
_,-,com.apple.keylayout.SwissFrench,,False,True,False,False
N,n,com.apple.keylayout.SwissFrench,,False,True,False,False
M,m,com.apple.keylayout.SwissFrench,,False,True,False,False
:,.,com.apple.keylayout.SwissFrench,,False,True,False,False
 , ,com.apple.keylayout.SwissFrench,,False,True,False,False
>,<,com.apple.keylayout.SwissFrench,50,False,True,False,False
å,a,com.apple.keylayout.SwissFrench,,True,False,False,False
ß,s,com.apple.keylayout.SwissFrench,,True,False,False,False
∂,d,com.apple.keylayout.SwissFrench,,True,False,False,False
ƒ,f,com.apple.keylayout.SwissFrench,,True,False,False,False
ª,h,com.apple.keylayout.SwissFrench,,True,False,False,False
@,g,com.apple.keylayout.SwissFrench,,True,False,False,False
¥,y,com.apple.keylayout.SwissFrench,,True,False,False,False
≈,x,com.apple.keylayout.SwissFrench,,True,False,False,False
©,c,com.apple.keylayout.SwissFrench,,True,False,False,False
√,v,com.apple.keylayout.SwissFrench,,True,False,False,False
ﬁ,§,com.apple.keylayout.SwissFrench,10,True,False,False,False
∫,b,com.apple.keylayout.SwissFrench,,True,False,False,False
œ,q,com.apple.keylayout.SwissFrench,,True,False,False,False
∑,w,com.apple.keylayout.SwissFrench,,True,False,False,False
€,e,com.apple.keylayout.SwissFrench,,True,False,False,False
®,r,com.apple.keylayout.SwissFrench,,True,False,False,False
Ω,z,com.apple.keylayout.SwissFrench,,True,False,False,False
†,t,com.apple.keylayout.SwissFrench,,True,False,False,False
±,1,com.apple.keylayout.SwissFrench,,True,False,False,False
“,2,com.apple.keylayout.SwissFrench,,True,False,False,False
#,3,com.apple.keylayout.SwissFrench,,True,False,False,False
Ç,4,com.apple.keylayout.SwissFrench,,True,False,False,False
],6,com.apple.keylayout.SwissFrench,,True,False,False,False
[,5,com.apple.keylayout.SwissFrench,,True,False,False,False
},9,com.apple.keylayout.SwissFrench,,True,False,False,False
|,7,com.apple.keylayout.SwissFrench,,True,False,False,False
¿,',com.apple.keylayout.SwissFrench,,True,False,False,False
{,8,com.apple.keylayout.SwissFrench,,True,False,False,False
≠,0,com.apple.keylayout.SwissFrench,,True,False,False,False
ø,o,com.apple.keylayout.SwissFrench,,True,False,False,False
°,u,com.apple.keylayout.SwissFrench,,True,False,False,False
§,è,com.apple.keylayout.SwissFrench,,True,False,False,False
¡,i,com.apple.keylayout.SwissFrench,,True,False,False,False
π,p,com.apple.keylayout.SwissFrench,,True,False,False,False
¬,l,com.apple.keylayout.SwissFrench,,True,False,False,False
º,j,com.apple.keylayout.SwissFrench,,True,False,False,False
æ,à,com.apple.keylayout.SwissFrench,,True,False,False,False
∆,k,com.apple.keylayout.SwissFrench,,True,False,False,False
¢,é,com.apple.keylayout.SwissFrench,,True,False,False,False
¶,$,com.apple.keylayout.SwissFrench,,True,False,False,False
«,",",com.apple.keylayout.SwissFrench,,True,False,False,False
–,-,com.apple.keylayout.SwissFrench,,True,False,False,False
µ,m,com.apple.keylayout.SwissFrench,,True,False,False,False
…,.,com.apple.keylayout.SwissFrench,,True,False,False,False
 , ,com.apple.keylayout.SwissFrench,,True,False,False,False
≤,<,com.apple.keylayout.SwissFrench,50,True,False,False,False
Å,a,com.apple.keylayout.SwissFrench,,True,True,False,False
ﬁ,s,com.apple.keylayout.SwissFrench,,True,True,False,False
ﬂ,d,com.apple.keylayout.SwissFrench,,True,True,False,False
‡,f,com.apple.keylayout.SwissFrench,,True,True,False,False
·,h,com.apple.keylayout.SwissFrench,,True,True,False,False
‚,g,com.apple.keylayout.SwissFrench,,True,True,False,False
Ÿ,y,com.apple.keylayout.SwissFrench,,True,True,False,False
™,x,com.apple.keylayout.SwissFrench,,True,True,False,False
◊,v,com.apple.keylayout.SwissFrench,,True,True,False,False
‰,§,com.apple.keylayout.SwissFrench,10,True,True,False,False
Œ,q,com.apple.keylayout.SwissFrench,,True,True,False,False
Á,w,com.apple.keylayout.SwissFrench,,True,True,False,False
Ë,e,com.apple.keylayout.SwissFrench,,True,True,False,False
È,r,com.apple.keylayout.SwissFrench,,True,True,False,False
Í,z,com.apple.keylayout.SwissFrench,,True,True,False,False
Î,t,com.apple.keylayout.SwissFrench,,True,True,False,False
∞,1,com.apple.keylayout.SwissFrench,,True,True,False,False
”,2,com.apple.keylayout.SwissFrench,,True,True,False,False
‹,3,com.apple.keylayout.SwissFrench,,True,True,False,False
⁄,4,com.apple.keylayout.SwissFrench,,True,True,False,False
],6,com.apple.keylayout.SwissFrench,,True,True,False,False
[,5,com.apple.keylayout.SwissFrench,,True,True,False,False
Ô,9,com.apple.keylayout.SwissFrench,,True,True,False,False
\,7,com.apple.keylayout.SwissFrench,,True,True,False,False
,',com.apple.keylayout.SwissFrench,,True,True,False,False
Ò,8,com.apple.keylayout.SwissFrench,,True,True,False,False
Ú,0,com.apple.keylayout.SwissFrench,,True,True,False,False
Ø,o,com.apple.keylayout.SwissFrench,,True,True,False,False
Ù,u,com.apple.keylayout.SwissFrench,,True,True,False,False
ÿ,è,com.apple.keylayout.SwissFrench,,True,True,False,False
ı,i,com.apple.keylayout.SwissFrench,,True,True,False,False
∏,p,com.apple.keylayout.SwissFrench,,True,True,False,False
ˆ,l,com.apple.keylayout.SwissFrench,,True,True,False,False
˜,j,com.apple.keylayout.SwissFrench,,True,True,False,False
Æ,à,com.apple.keylayout.SwissFrench,,True,True,False,False
¯,k,com.apple.keylayout.SwissFrench,,True,True,False,False
˘,é,com.apple.keylayout.SwissFrench,,True,True,False,False
•,$,com.apple.keylayout.SwissFrench,,True,True,False,False
»,",",com.apple.keylayout.SwissFrench,,True,True,False,False
—,-,com.apple.keylayout.SwissFrench,,True,True,False,False
˙,n,com.apple.keylayout.SwissFrench,,True,True,False,False
˚,m,com.apple.keylayout.SwissFrench,,True,True,False,False
÷,.,com.apple.keylayout.SwissFrench,,True,True,False,False
 , ,com.apple.keylayout.SwissFrench,,True,True,False,False
≥,<,com.apple.keylayout.SwissFrench,50,True,True,False,False
א,א,com.apple.keylayout.Hebrew-QWERTY,,False,False,False,False
ס,ס,com.apple.keylayout.Hebrew-QWERTY,,False,False,False,False
ד,ד,com.apple.keylayout.Hebrew-QWERTY,,False,False,False,False
פ,פ,com.apple.keylayout.Hebrew-QWERTY,,False,False,False,False
ה,ה,com.apple.keylayout.Hebrew-QWERTY,,False,False,False,False
ג,ג,com.apple.keylayout.Hebrew-QWERTY,,False,False,False,False
ז,ז,com.apple.keylayout.Hebrew-QWERTY,,False,False,False,False
כ,כ,com.apple.keylayout.Hebrew-QWERTY,,False,False,False,False
צ,צ,com.apple.keylayout.Hebrew-QWERTY,,False,False,False,False
ו,ו,com.apple.keylayout.Hebrew-QWERTY,,False,False,False,False
ב,ב,com.apple.keylayout.Hebrew-QWERTY,,False,False,False,False
ק,ק,com.apple.keylayout.Hebrew-QWERTY,,False,False,False,False
ש,ש,com.apple.keylayout.Hebrew-QWERTY,,False,False,False,False
ע,ע,com.apple.keylayout.Hebrew-QWERTY,,False,False,False,False
ר,ר,com.apple.keylayout.Hebrew-QWERTY,,False,False,False,False
ט,ט,com.apple.keylayout.Hebrew-QWERTY,,False,False,False,False
ת,ת,com.apple.keylayout.Hebrew-QWERTY,,False,False,False,False
1,1,com.apple.keylayout.Hebrew-QWERTY,,False,False,False,False
2,2,com.apple.keylayout.Hebrew-QWERTY,,False,False,False,False
3,3,com.apple.keylayout.Hebrew-QWERTY,,False,False,False,False
4,4,com.apple.keylayout.Hebrew-QWERTY,,False,False,False,False
6,6,com.apple.keylayout.Hebrew-QWERTY,,False,False,False,False
5,5,com.apple.keylayout.Hebrew-QWERTY,,False,False,False,False
=,=,com.apple.keylayout.Hebrew-QWERTY,,False,False,False,False
9,9,com.apple.keylayout.Hebrew-QWERTY,,False,False,False,False
7,7,com.apple.keylayout.Hebrew-QWERTY,,False,False,False,False
–,–,com.apple.keylayout.Hebrew-QWERTY,,False,False,False,False
8,8,com.apple.keylayout.Hebrew-QWERTY,,False,False,False,False
0,0,com.apple.keylayout.Hebrew-QWERTY,,False,False,False,False
ײַ,ײַ,com.apple.keylayout.Hebrew-QWERTY,,False,False,False,False
ו,ו,com.apple.keylayout.Hebrew-QWERTY,,False,False,False,False
ו,ו,com.apple.keylayout.Hebrew-QWERTY,,False,False,False,False
’,’,com.apple.keylayout.Hebrew-QWERTY,,False,False,False,False
י,י,com.apple.keylayout.Hebrew-QWERTY,,False,False,False,False
פ,פ,com.apple.keylayout.Hebrew-QWERTY,,False,False,False,False
ל,ל,com.apple.keylayout.Hebrew-QWERTY,,False,False,False,False
ח,ח,com.apple.keylayout.Hebrew-QWERTY,,False,False,False,False
',',com.apple.keylayout.Hebrew-QWERTY,,False,False,False,False
כ,כ,com.apple.keylayout.Hebrew-QWERTY,,False,False,False,False
;,;,com.apple.keylayout.Hebrew-QWERTY,,False,False,False,False
ֿ,ֿ,com.apple.keylayout.Hebrew-QWERTY,,False,False,False,False
",",",",com.apple.keylayout.Hebrew-QWERTY,,False,False,False,False
/,/,com.apple.keylayout.Hebrew-QWERTY,,False,False,False,False
נ,נ,com.apple.keylayout.Hebrew-QWERTY,,False,False,False,False
מ,מ,com.apple.keylayout.Hebrew-QWERTY,,False,False,False,False
.,.,com.apple.keylayout.Hebrew-QWERTY,,False,False,False,False
 , ,com.apple.keylayout.Hebrew-QWERTY,,False,False,False,False
ּ,ּ,com.apple.keylayout.Hebrew-QWERTY,50,False,False,False,False
ָ,א,com.apple.keylayout.Hebrew-QWERTY,,False,True,False,False
ש,ס,com.apple.keylayout.Hebrew-QWERTY,,False,True,False,False
„,ד,com.apple.keylayout.Hebrew-QWERTY,,False,True,False,False
ף,פ,com.apple.keylayout.Hebrew-QWERTY,,False,True,False,False
ח,ה,com.apple.keylayout.Hebrew-QWERTY,,False,True,False,False
ך,כ,com.apple.keylayout.Hebrew-QWERTY,,False,True,False,False
ץ,צ,com.apple.keylayout.Hebrew-QWERTY,,False,True,False,False
ב,ו,com.apple.keylayout.Hebrew-QWERTY,,False,True,False,False
ּ,ב,com.apple.keylayout.Hebrew-QWERTY,,False,True,False,False
שׁ,ש,com.apple.keylayout.Hebrew-QWERTY,,False,True,False,False
ֵ,ע,com.apple.keylayout.Hebrew-QWERTY,,False,True,False,False
ת,ט,com.apple.keylayout.Hebrew-QWERTY,,False,True,False,False
ט,ת,com.apple.keylayout.Hebrew-QWERTY,,False,True,False,False
!,1,com.apple.keylayout.Hebrew-QWERTY,,False,True,False,False
“,2,com.apple.keylayout.Hebrew-QWERTY,,False,True,False,False
#,3,com.apple.keylayout.Hebrew-QWERTY,,False,True,False,False
$,4,com.apple.keylayout.Hebrew-QWERTY,,False,True,False,False
”,6,com.apple.keylayout.Hebrew-QWERTY,,False,True,False,False
%,5,com.apple.keylayout.Hebrew-QWERTY,,False,True,False,False
+,=,com.apple.keylayout.Hebrew-QWERTY,,False,True,False,False
),9,com.apple.keylayout.Hebrew-QWERTY,,False,True,False,False
₪,7,com.apple.keylayout.Hebrew-QWERTY,,False,True,False,False
—,–,com.apple.keylayout.Hebrew-QWERTY,,False,True,False,False
*,8,com.apple.keylayout.Hebrew-QWERTY,,False,True,False,False
(,0,com.apple.keylayout.Hebrew-QWERTY,,False,True,False,False
{,ײַ,com.apple.keylayout.Hebrew-QWERTY,,False,True,False,False
וֹ,ו,com.apple.keylayout.Hebrew-QWERTY,,False,True,False,False
וּ,ו,com.apple.keylayout.Hebrew-QWERTY,,False,True,False,False
},’,com.apple.keylayout.Hebrew-QWERTY,,False,True,False,False
ײַ,י,com.apple.keylayout.Hebrew-QWERTY,,False,True,False,False
ף,פ,com.apple.keylayout.Hebrew-QWERTY,,False,True,False,False
לֹ,ל,com.apple.keylayout.Hebrew-QWERTY,,False,True,False,False
’,',com.apple.keylayout.Hebrew-QWERTY,,False,True,False,False
ך,כ,com.apple.keylayout.Hebrew-QWERTY,,False,True,False,False
:,;,com.apple.keylayout.Hebrew-QWERTY,,False,True,False,False
-,ֿ,com.apple.keylayout.Hebrew-QWERTY,,False,True,False,False
>,",",com.apple.keylayout.Hebrew-QWERTY,,False,True,False,False
?,/,com.apple.keylayout.Hebrew-QWERTY,,False,True,False,False
ן,נ,com.apple.keylayout.Hebrew-QWERTY,,False,True,False,False
ם,מ,com.apple.keylayout.Hebrew-QWERTY,,False,True,False,False
<,.,com.apple.keylayout.Hebrew-QWERTY,,False,True,False,False
 , ,com.apple.keylayout.Hebrew-QWERTY,,False,True,False,False
ּ,ּ,com.apple.keylayout.Hebrew-QWERTY,50,False,True,False,False
ַ,א,com.apple.keylayout.Hebrew-QWERTY,,True,False,False,False
שׁ,ס,com.apple.keylayout.Hebrew-QWERTY,,True,False,False,False
ח,ה,com.apple.keylayout.Hebrew-QWERTY,,True,False,False,False
–,ז,com.apple.keylayout.Hebrew-QWERTY,,True,False,False,False
—,כ,com.apple.keylayout.Hebrew-QWERTY,,True,False,False,False
“,צ,com.apple.keylayout.Hebrew-QWERTY,,True,False,False,False
”,ו,com.apple.keylayout.Hebrew-QWERTY,,True,False,False,False
‘,ב,com.apple.keylayout.Hebrew-QWERTY,,True,False,False,False
שׂ,ש,com.apple.keylayout.Hebrew-QWERTY,,True,False,False,False
ֶ,ע,com.apple.keylayout.Hebrew-QWERTY,,True,False,False,False
ָ,ר,com.apple.keylayout.Hebrew-QWERTY,,True,False,False,False
ײַ,ט,com.apple.keylayout.Hebrew-QWERTY,,True,False,False,False
ָ,ת,com.apple.keylayout.Hebrew-QWERTY,,True,False,False,False
ֲ,1,com.apple.keylayout.Hebrew-QWERTY,,True,False,False,False
ֳ,2,com.apple.keylayout.Hebrew-QWERTY,,True,False,False,False
ֱ,3,com.apple.keylayout.Hebrew-QWERTY,,True,False,False,False
ִ,4,com.apple.keylayout.Hebrew-QWERTY,,True,False,False,False
ַ,6,com.apple.keylayout.Hebrew-QWERTY,,True,False,False,False
ֵ,5,com.apple.keylayout.Hebrew-QWERTY,,True,False,False,False
-,=,com.apple.keylayout.Hebrew-QWERTY,,True,False,False,False
ֶ,9,com.apple.keylayout.Hebrew-QWERTY,,True,False,False,False
ָ,7,com.apple.keylayout.Hebrew-QWERTY,,True,False,False,False
+,–,com.apple.keylayout.Hebrew-QWERTY,,True,False,False,False
ֻ,8,com.apple.keylayout.Hebrew-QWERTY,,True,False,False,False
ְ,0,com.apple.keylayout.Hebrew-QWERTY,,True,False,False,False
[,ײַ,com.apple.keylayout.Hebrew-QWERTY,,True,False,False,False
ֹ,ו,com.apple.keylayout.Hebrew-QWERTY,,True,False,False,False
ֻ,ו,com.apple.keylayout.Hebrew-QWERTY,,True,False,False,False
],’,com.apple.keylayout.Hebrew-QWERTY,,True,False,False,False
ִ,י,com.apple.keylayout.Hebrew-QWERTY,,True,False,False,False
ְ,פ,com.apple.keylayout.Hebrew-QWERTY,,True,False,False,False
ִ,ח,com.apple.keylayout.Hebrew-QWERTY,,True,False,False,False
’,',com.apple.keylayout.Hebrew-QWERTY,,True,False,False,False
ְ,;,com.apple.keylayout.Hebrew-QWERTY,,True,False,False,False
־,ֿ,com.apple.keylayout.Hebrew-QWERTY,,True,False,False,False
’,",",com.apple.keylayout.Hebrew-QWERTY,,True,False,False,False
’,נ,com.apple.keylayout.Hebrew-QWERTY,,True,False,False,False
ם,מ,com.apple.keylayout.Hebrew-QWERTY,,True,False,False,False
ּ,.,com.apple.keylayout.Hebrew-QWERTY,,True,False,False,False
 , ,com.apple.keylayout.Hebrew-QWERTY,,True,False,False,False
ּ,ּ,com.apple.keylayout.Hebrew-QWERTY,50,True,False,False,False
ֲ,א,com.apple.keylayout.Hebrew-QWERTY,,True,True,False,False
שׁ,ס,com.apple.keylayout.Hebrew-QWERTY,,True,True,False,False
€,פ,com.apple.keylayout.Hebrew-QWERTY,,True,True,False,False
ח,ה,com.apple.keylayout.Hebrew-QWERTY,,True,True,False,False
–,ז,com.apple.keylayout.Hebrew-QWERTY,,True,True,False,False
—,כ,com.apple.keylayout.Hebrew-QWERTY,,True,True,False,False
֞,צ,com.apple.keylayout.Hebrew-QWERTY,,True,True,False,False
”,ו,com.apple.keylayout.Hebrew-QWERTY,,True,True,False,False
֜,ב,com.apple.keylayout.Hebrew-QWERTY,,True,True,False,False
שׂ,ש,com.apple.keylayout.Hebrew-QWERTY,,True,True,False,False
ֱ,ע,com.apple.keylayout.Hebrew-QWERTY,,True,True,False,False
ֳ,ר,com.apple.keylayout.Hebrew-QWERTY,,True,True,False,False
ײַ,ט,com.apple.keylayout.Hebrew-QWERTY,,True,True,False,False
ֳ,ת,com.apple.keylayout.Hebrew-QWERTY,,True,True,False,False
ֲ,1,com.apple.keylayout.Hebrew-QWERTY,,True,True,False,False
ֳ,2,com.apple.keylayout.Hebrew-QWERTY,,True,True,False,False
ֱ,3,com.apple.keylayout.Hebrew-QWERTY,,True,True,False,False
ִ,4,com.apple.keylayout.Hebrew-QWERTY,,True,True,False,False
ַ,6,com.apple.keylayout.Hebrew-QWERTY,,True,True,False,False
ֵ,5,com.apple.keylayout.Hebrew-QWERTY,,True,True,False,False
+,=,com.apple.keylayout.Hebrew-QWERTY,,True,True,False,False
ֶ,9,com.apple.keylayout.Hebrew-QWERTY,,True,True,False,False
ָ,7,com.apple.keylayout.Hebrew-QWERTY,,True,True,False,False
-,–,com.apple.keylayout.Hebrew-QWERTY,,True,True,False,False
ֻ,8,com.apple.keylayout.Hebrew-QWERTY,,True,True,False,False
ְ,0,com.apple.keylayout.Hebrew-QWERTY,,True,True,False,False
{,ײַ,com.apple.keylayout.Hebrew-QWERTY,,True,True,False,False
ֹ,ו,com.apple.keylayout.Hebrew-QWERTY,,True,True,False,False
ֻ,ו,com.apple.keylayout.Hebrew-QWERTY,,True,True,False,False
},’,com.apple.keylayout.Hebrew-QWERTY,,True,True,False,False
ִ,י,com.apple.keylayout.Hebrew-QWERTY,,True,True,False,False
ְ,פ,com.apple.keylayout.Hebrew-QWERTY,,True,True,False,False
ִ,ח,com.apple.keylayout.Hebrew-QWERTY,,True,True,False,False
’,',com.apple.keylayout.Hebrew-QWERTY,,True,True,False,False
ְ,;,com.apple.keylayout.Hebrew-QWERTY,,True,True,False,False
ֿ,ֿ,com.apple.keylayout.Hebrew-QWERTY,,True,True,False,False
‘,",",com.apple.keylayout.Hebrew-QWERTY,,True,True,False,False
’,נ,com.apple.keylayout.Hebrew-QWERTY,,True,True,False,False
ם,מ,com.apple.keylayout.Hebrew-QWERTY,,True,True,False,False
…,.,com.apple.keylayout.Hebrew-QWERTY,,True,True,False,False
 , ,com.apple.keylayout.Hebrew-QWERTY,,True,True,False,False
ּ,ּ,com.apple.keylayout.Hebrew-QWERTY,50,True,True,False,False
a,a,com.apple.keylayout.German,,False,False,False,False
s,s,com.apple.keylayout.German,,False,False,False,False
d,d,com.apple.keylayout.German,,False,False,False,False
f,f,com.apple.keylayout.German,,False,False,False,False
h,h,com.apple.keylayout.German,,False,False,False,False
g,g,com.apple.keylayout.German,,False,False,False,False
y,y,com.apple.keylayout.German,,False,False,False,False
x,x,com.apple.keylayout.German,,False,False,False,False
c,c,com.apple.keylayout.German,,False,False,False,False
v,v,com.apple.keylayout.German,,False,False,False,False
b,b,com.apple.keylayout.German,,False,False,False,False
q,q,com.apple.keylayout.German,,False,False,False,False
w,w,com.apple.keylayout.German,,False,False,False,False
e,e,com.apple.keylayout.German,,False,False,False,False
r,r,com.apple.keylayout.German,,False,False,False,False
z,z,com.apple.keylayout.German,,False,False,False,False
t,t,com.apple.keylayout.German,,False,False,False,False
1,1,com.apple.keylayout.German,,False,False,False,False
2,2,com.apple.keylayout.German,,False,False,False,False
3,3,com.apple.keylayout.German,,False,False,False,False
4,4,com.apple.keylayout.German,,False,False,False,False
6,6,com.apple.keylayout.German,,False,False,False,False
5,5,com.apple.keylayout.German,,False,False,False,False
9,9,com.apple.keylayout.German,,False,False,False,False
7,7,com.apple.keylayout.German,,False,False,False,False
ß,ß,com.apple.keylayout.German,,False,False,False,False
8,8,com.apple.keylayout.German,,False,False,False,False
0,0,com.apple.keylayout.German,,False,False,False,False
+,+,com.apple.keylayout.German,,False,False,False,False
o,o,com.apple.keylayout.German,,False,False,False,False
u,u,com.apple.keylayout.German,,False,False,False,False
ü,ü,com.apple.keylayout.German,,False,False,False,False
i,i,com.apple.keylayout.German,,False,False,False,False
p,p,com.apple.keylayout.German,,False,False,False,False
l,l,com.apple.keylayout.German,,False,False,False,False
j,j,com.apple.keylayout.German,,False,False,False,False
ä,ä,com.apple.keylayout.German,,False,False,False,False
k,k,com.apple.keylayout.German,,False,False,False,False
ö,ö,com.apple.keylayout.German,,False,False,False,False
#,#,com.apple.keylayout.German,,False,False,False,False
",",",",com.apple.keylayout.German,,False,False,False,False
-,-,com.apple.keylayout.German,,False,False,False,False
n,n,com.apple.keylayout.German,,False,False,False,False
m,m,com.apple.keylayout.German,,False,False,False,False
.,.,com.apple.keylayout.German,,False,False,False,False
 , ,com.apple.keylayout.German,,False,False,False,False
<,<,com.apple.keylayout.German,50,False,False,False,False
A,a,com.apple.keylayout.German,,False,True,False,False
S,s,com.apple.keylayout.German,,False,True,False,False
D,d,com.apple.keylayout.German,,False,True,False,False
F,f,com.apple.keylayout.German,,False,True,False,False
H,h,com.apple.keylayout.German,,False,True,False,False
G,g,com.apple.keylayout.German,,False,True,False,False
Y,y,com.apple.keylayout.German,,False,True,False,False
X,x,com.apple.keylayout.German,,False,True,False,False
C,c,com.apple.keylayout.German,,False,True,False,False
V,v,com.apple.keylayout.German,,False,True,False,False
B,b,com.apple.keylayout.German,,False,True,False,False
Q,q,com.apple.keylayout.German,,False,True,False,False
W,w,com.apple.keylayout.German,,False,True,False,False
E,e,com.apple.keylayout.German,,False,True,False,False
R,r,com.apple.keylayout.German,,False,True,False,False
Z,z,com.apple.keylayout.German,,False,True,False,False
T,t,com.apple.keylayout.German,,False,True,False,False
!,1,com.apple.keylayout.German,,False,True,False,False
"""",2,com.apple.keylayout.German,,False,True,False,False
§,3,com.apple.keylayout.German,,False,True,False,False
$,4,com.apple.keylayout.German,,False,True,False,False
&,6,com.apple.keylayout.German,,False,True,False,False
%,5,com.apple.keylayout.German,,False,True,False,False
),9,com.apple.keylayout.German,,False,True,False,False
/,7,com.apple.keylayout.German,,False,True,False,False
?,ß,com.apple.keylayout.German,,False,True,False,False
(,8,com.apple.keylayout.German,,False,True,False,False
=,0,com.apple.keylayout.German,,False,True,False,False
*,+,com.apple.keylayout.German,,False,True,False,False
O,o,com.apple.keylayout.German,,False,True,False,False
U,u,com.apple.keylayout.German,,False,True,False,False
Ü,ü,com.apple.keylayout.German,,False,True,False,False
I,i,com.apple.keylayout.German,,False,True,False,False
P,p,com.apple.keylayout.German,,False,True,False,False
L,l,com.apple.keylayout.German,,False,True,False,False
J,j,com.apple.keylayout.German,,False,True,False,False
Ä,ä,com.apple.keylayout.German,,False,True,False,False
K,k,com.apple.keylayout.German,,False,True,False,False
Ö,ö,com.apple.keylayout.German,,False,True,False,False
',#,com.apple.keylayout.German,,False,True,False,False
;,",",com.apple.keylayout.German,,False,True,False,False
_,-,com.apple.keylayout.German,,False,True,False,False
N,n,com.apple.keylayout.German,,False,True,False,False
M,m,com.apple.keylayout.German,,False,True,False,False
:,.,com.apple.keylayout.German,,False,True,False,False
 , ,com.apple.keylayout.German,,False,True,False,False
>,<,com.apple.keylayout.German,50,False,True,False,False
å,a,com.apple.keylayout.German,,True,False,False,False
‚,s,com.apple.keylayout.German,,True,False,False,False
∂,d,com.apple.keylayout.German,,True,False,False,False
ƒ,f,com.apple.keylayout.German,,True,False,False,False
ª,h,com.apple.keylayout.German,,True,False,False,False
©,g,com.apple.keylayout.German,,True,False,False,False
¥,y,com.apple.keylayout.German,,True,False,False,False
≈,x,com.apple.keylayout.German,,True,False,False,False
ç,c,com.apple.keylayout.German,,True,False,False,False
√,v,com.apple.keylayout.German,,True,False,False,False
∫,b,com.apple.keylayout.German,,True,False,False,False
«,q,com.apple.keylayout.German,,True,False,False,False
∑,w,com.apple.keylayout.German,,True,False,False,False
€,e,com.apple.keylayout.German,,True,False,False,False
®,r,com.apple.keylayout.German,,True,False,False,False
Ω,z,com.apple.keylayout.German,,True,False,False,False
†,t,com.apple.keylayout.German,,True,False,False,False
¡,1,com.apple.keylayout.German,,True,False,False,False
“,2,com.apple.keylayout.German,,True,False,False,False
¶,3,com.apple.keylayout.German,,True,False,False,False
¢,4,com.apple.keylayout.German,,True,False,False,False
],6,com.apple.keylayout.German,,True,False,False,False
[,5,com.apple.keylayout.German,,True,False,False,False
},9,com.apple.keylayout.German,,True,False,False,False
|,7,com.apple.keylayout.German,,True,False,False,False
¿,ß,com.apple.keylayout.German,,True,False,False,False
{,8,com.apple.keylayout.German,,True,False,False,False
≠,0,com.apple.keylayout.German,,True,False,False,False
±,+,com.apple.keylayout.German,,True,False,False,False
ø,o,com.apple.keylayout.German,,True,False,False,False
•,ü,com.apple.keylayout.German,,True,False,False,False
⁄,i,com.apple.keylayout.German,,True,False,False,False
π,p,com.apple.keylayout.German,,True,False,False,False
@,l,com.apple.keylayout.German,,True,False,False,False
º,j,com.apple.keylayout.German,,True,False,False,False
æ,ä,com.apple.keylayout.German,,True,False,False,False
∆,k,com.apple.keylayout.German,,True,False,False,False
œ,ö,com.apple.keylayout.German,,True,False,False,False
‘,#,com.apple.keylayout.German,,True,False,False,False
∞,",",com.apple.keylayout.German,,True,False,False,False
–,-,com.apple.keylayout.German,,True,False,False,False
µ,m,com.apple.keylayout.German,,True,False,False,False
…,.,com.apple.keylayout.German,,True,False,False,False
 , ,com.apple.keylayout.German,,True,False,False,False
≤,<,com.apple.keylayout.German,50,True,False,False,False
Å,a,com.apple.keylayout.German,,True,True,False,False
Í,s,com.apple.keylayout.German,,True,True,False,False
™,d,com.apple.keylayout.German,,True,True,False,False
Ï,f,com.apple.keylayout.German,,True,True,False,False
Ó,h,com.apple.keylayout.German,,True,True,False,False
Ì,g,com.apple.keylayout.German,,True,True,False,False
‡,y,com.apple.keylayout.German,,True,True,False,False
Ù,x,com.apple.keylayout.German,,True,True,False,False
Ç,c,com.apple.keylayout.German,,True,True,False,False
◊,v,com.apple.keylayout.German,,True,True,False,False
‹,b,com.apple.keylayout.German,,True,True,False,False
»,q,com.apple.keylayout.German,,True,True,False,False
„,w,com.apple.keylayout.German,,True,True,False,False
‰,e,com.apple.keylayout.German,,True,True,False,False
¸,r,com.apple.keylayout.German,,True,True,False,False
ˇ,z,com.apple.keylayout.German,,True,True,False,False
˝,t,com.apple.keylayout.German,,True,True,False,False
¬,1,com.apple.keylayout.German,,True,True,False,False
”,2,com.apple.keylayout.German,,True,True,False,False
#,3,com.apple.keylayout.German,,True,True,False,False
£,4,com.apple.keylayout.German,,True,True,False,False
ﬁ,5,com.apple.keylayout.German,,True,True,False,False
·,9,com.apple.keylayout.German,,True,True,False,False
\,7,com.apple.keylayout.German,,True,True,False,False
˙,ß,com.apple.keylayout.German,,True,True,False,False
˜,8,com.apple.keylayout.German,,True,True,False,False
¯,0,com.apple.keylayout.German,,True,True,False,False
,+,com.apple.keylayout.German,,True,True,False,False
Ø,o,com.apple.keylayout.German,,True,True,False,False
Á,u,com.apple.keylayout.German,,True,True,False,False
°,ü,com.apple.keylayout.German,,True,True,False,False
Û,i,com.apple.keylayout.German,,True,True,False,False
∏,p,com.apple.keylayout.German,,True,True,False,False
ﬂ,l,com.apple.keylayout.German,,True,True,False,False
ı,j,com.apple.keylayout.German,,True,True,False,False
Æ,ä,com.apple.keylayout.German,,True,True,False,False
ˆ,k,com.apple.keylayout.German,,True,True,False,False
Œ,ö,com.apple.keylayout.German,,True,True,False,False
’,#,com.apple.keylayout.German,,True,True,False,False
˛,",",com.apple.keylayout.German,,True,True,False,False
—,-,com.apple.keylayout.German,,True,True,False,False
›,n,com.apple.keylayout.German,,True,True,False,False
˘,m,com.apple.keylayout.German,,True,True,False,False
÷,.,com.apple.keylayout.German,,True,True,False,False
 , ,com.apple.keylayout.German,,True,True,False,False
≥,<,com.apple.keylayout.German,50,True,True,False,False
a,a,com.apple.keylayout.Azeri,,False,False,False,False
s,s,com.apple.keylayout.Azeri,,False,False,False,False
d,d,com.apple.keylayout.Azeri,,False,False,False,False
f,f,com.apple.keylayout.Azeri,,False,False,False,False
h,h,com.apple.keylayout.Azeri,,False,False,False,False
g,g,com.apple.keylayout.Azeri,,False,False,False,False
z,z,com.apple.keylayout.Azeri,,False,False,False,False
x,x,com.apple.keylayout.Azeri,,False,False,False,False
c,c,com.apple.keylayout.Azeri,,False,False,False,False
v,v,com.apple.keylayout.Azeri,,False,False,False,False
§,§,com.apple.keylayout.Azeri,10,False,False,False,False
b,b,com.apple.keylayout.Azeri,,False,False,False,False
q,q,com.apple.keylayout.Azeri,,False,False,False,False
ü,ü,com.apple.keylayout.Azeri,,False,False,False,False
e,e,com.apple.keylayout.Azeri,,False,False,False,False
r,r,com.apple.keylayout.Azeri,,False,False,False,False
y,y,com.apple.keylayout.Azeri,,False,False,False,False
t,t,com.apple.keylayout.Azeri,,False,False,False,False
1,1,com.apple.keylayout.Azeri,,False,False,False,False
2,2,com.apple.keylayout.Azeri,,False,False,False,False
3,3,com.apple.keylayout.Azeri,,False,False,False,False
4,4,com.apple.keylayout.Azeri,,False,False,False,False
6,6,com.apple.keylayout.Azeri,,False,False,False,False
5,5,com.apple.keylayout.Azeri,,False,False,False,False
=,=,com.apple.keylayout.Azeri,,False,False,False,False
9,9,com.apple.keylayout.Azeri,,False,False,False,False
7,7,com.apple.keylayout.Azeri,,False,False,False,False
-,-,com.apple.keylayout.Azeri,,False,False,False,False
8,8,com.apple.keylayout.Azeri,,False,False,False,False
0,0,com.apple.keylayout.Azeri,,False,False,False,False
ğ,ğ,com.apple.keylayout.Azeri,,False,False,False,False
o,o,com.apple.keylayout.Azeri,,False,False,False,False
u,u,com.apple.keylayout.Azeri,,False,False,False,False
ö,ö,com.apple.keylayout.Azeri,,False,False,False,False
i,i,com.apple.keylayout.Azeri,,False,False,False,False
p,p,com.apple.keylayout.Azeri,,False,False,False,False
l,l,com.apple.keylayout.Azeri,,False,False,False,False
j,j,com.apple.keylayout.Azeri,,False,False,False,False
ə,ə,com.apple.keylayout.Azeri,,False,False,False,False
k,k,com.apple.keylayout.Azeri,,False,False,False,False
ı,ı,com.apple.keylayout.Azeri,,False,False,False,False
\,\,com.apple.keylayout.Azeri,,False,False,False,False
ç,ç,com.apple.keylayout.Azeri,,False,False,False,False
.,.,com.apple.keylayout.Azeri,,False,False,False,False
n,n,com.apple.keylayout.Azeri,,False,False,False,False
m,m,com.apple.keylayout.Azeri,,False,False,False,False
ş,ş,com.apple.keylayout.Azeri,,False,False,False,False
 , ,com.apple.keylayout.Azeri,,False,False,False,False
`,`,com.apple.keylayout.Azeri,50,False,False,False,False
A,a,com.apple.keylayout.Azeri,,False,True,False,False
S,s,com.apple.keylayout.Azeri,,False,True,False,False
D,d,com.apple.keylayout.Azeri,,False,True,False,False
F,f,com.apple.keylayout.Azeri,,False,True,False,False
H,h,com.apple.keylayout.Azeri,,False,True,False,False
G,g,com.apple.keylayout.Azeri,,False,True,False,False
Z,z,com.apple.keylayout.Azeri,,False,True,False,False
X,x,com.apple.keylayout.Azeri,,False,True,False,False
C,c,com.apple.keylayout.Azeri,,False,True,False,False
V,v,com.apple.keylayout.Azeri,,False,True,False,False
±,§,com.apple.keylayout.Azeri,10,False,True,False,False
B,b,com.apple.keylayout.Azeri,,False,True,False,False
Q,q,com.apple.keylayout.Azeri,,False,True,False,False
Ü,ü,com.apple.keylayout.Azeri,,False,True,False,False
E,e,com.apple.keylayout.Azeri,,False,True,False,False
R,r,com.apple.keylayout.Azeri,,False,True,False,False
Y,y,com.apple.keylayout.Azeri,,False,True,False,False
T,t,com.apple.keylayout.Azeri,,False,True,False,False
!,1,com.apple.keylayout.Azeri,,False,True,False,False
@,2,com.apple.keylayout.Azeri,,False,True,False,False
#,3,com.apple.keylayout.Azeri,,False,True,False,False
$,4,com.apple.keylayout.Azeri,,False,True,False,False
^,6,com.apple.keylayout.Azeri,,False,True,False,False
%,5,com.apple.keylayout.Azeri,,False,True,False,False
+,=,com.apple.keylayout.Azeri,,False,True,False,False
(,9,com.apple.keylayout.Azeri,,False,True,False,False
&,7,com.apple.keylayout.Azeri,,False,True,False,False
_,-,com.apple.keylayout.Azeri,,False,True,False,False
*,8,com.apple.keylayout.Azeri,,False,True,False,False
),0,com.apple.keylayout.Azeri,,False,True,False,False
Ğ,ğ,com.apple.keylayout.Azeri,,False,True,False,False
O,o,com.apple.keylayout.Azeri,,False,True,False,False
U,u,com.apple.keylayout.Azeri,,False,True,False,False
Ö,ö,com.apple.keylayout.Azeri,,False,True,False,False
İ,i,com.apple.keylayout.Azeri,,False,True,False,False
P,p,com.apple.keylayout.Azeri,,False,True,False,False
L,l,com.apple.keylayout.Azeri,,False,True,False,False
J,j,com.apple.keylayout.Azeri,,False,True,False,False
Ə,ə,com.apple.keylayout.Azeri,,False,True,False,False
K,k,com.apple.keylayout.Azeri,,False,True,False,False
I,ı,com.apple.keylayout.Azeri,,False,True,False,False
/,\,com.apple.keylayout.Azeri,,False,True,False,False
Ç,ç,com.apple.keylayout.Azeri,,False,True,False,False
",",.,com.apple.keylayout.Azeri,,False,True,False,False
N,n,com.apple.keylayout.Azeri,,False,True,False,False
M,m,com.apple.keylayout.Azeri,,False,True,False,False
Ş,ş,com.apple.keylayout.Azeri,,False,True,False,False
 , ,com.apple.keylayout.Azeri,,False,True,False,False
~,`,com.apple.keylayout.Azeri,50,False,True,False,False
ä,a,com.apple.keylayout.Azeri,,True,False,False,False
ß,s,com.apple.keylayout.Azeri,,True,False,False,False
ð,d,com.apple.keylayout.Azeri,,True,False,False,False
ƒ,f,com.apple.keylayout.Azeri,,True,False,False,False
©,g,com.apple.keylayout.Azeri,,True,False,False,False
§,§,com.apple.keylayout.Azeri,10,True,False,False,False
w,ü,com.apple.keylayout.Azeri,,True,False,False,False
®,r,com.apple.keylayout.Azeri,,True,False,False,False
¥,y,com.apple.keylayout.Azeri,,True,False,False,False
þ,t,com.apple.keylayout.Azeri,,True,False,False,False
¡,1,com.apple.keylayout.Azeri,,True,False,False,False
™,2,com.apple.keylayout.Azeri,,True,False,False,False
£,3,com.apple.keylayout.Azeri,,True,False,False,False
¢,4,com.apple.keylayout.Azeri,,True,False,False,False
§,5,com.apple.keylayout.Azeri,,True,False,False,False
≠,=,com.apple.keylayout.Azeri,,True,False,False,False
ª,9,com.apple.keylayout.Azeri,,True,False,False,False
¶,7,com.apple.keylayout.Azeri,,True,False,False,False
–,-,com.apple.keylayout.Azeri,,True,False,False,False
•,8,com.apple.keylayout.Azeri,,True,False,False,False
º,0,com.apple.keylayout.Azeri,,True,False,False,False
],ğ,com.apple.keylayout.Azeri,,True,False,False,False
[,ö,com.apple.keylayout.Azeri,,True,False,False,False
',ə,com.apple.keylayout.Azeri,,True,False,False,False
;,ı,com.apple.keylayout.Azeri,,True,False,False,False
|,\,com.apple.keylayout.Azeri,,True,False,False,False
<,ç,com.apple.keylayout.Azeri,,True,False,False,False
",",.,com.apple.keylayout.Azeri,,True,False,False,False
>,ş,com.apple.keylayout.Azeri,,True,False,False,False
 , ,com.apple.keylayout.Azeri,,True,False,False,False
Ä,a,com.apple.keylayout.Azeri,,True,True,False,False
Ð,d,com.apple.keylayout.Azeri,,True,True,False,False
̱,h,com.apple.keylayout.Azeri,,True,True,False,False
̉,z,com.apple.keylayout.Azeri,,True,True,False,False
̣,x,com.apple.keylayout.Azeri,,True,True,False,False
̧,c,com.apple.keylayout.Azeri,,True,True,False,False
̌,v,com.apple.keylayout.Azeri,,True,True,False,False
±,§,com.apple.keylayout.Azeri,10,True,True,False,False
̆,b,com.apple.keylayout.Azeri,,True,True,False,False
̇,q,com.apple.keylayout.Azeri,,True,True,False,False
W,ü,com.apple.keylayout.Azeri,,True,True,False,False
́,e,com.apple.keylayout.Azeri,,True,True,False,False
‰,r,com.apple.keylayout.Azeri,,True,True,False,False
Þ,t,com.apple.keylayout.Azeri,,True,True,False,False
⁄,1,com.apple.keylayout.Azeri,,True,True,False,False
€,2,com.apple.keylayout.Azeri,,True,True,False,False
‹,3,com.apple.keylayout.Azeri,,True,True,False,False
›,4,com.apple.keylayout.Azeri,,True,True,False,False
̂,6,com.apple.keylayout.Azeri,,True,True,False,False
†,5,com.apple.keylayout.Azeri,,True,True,False,False
±,=,com.apple.keylayout.Azeri,,True,True,False,False
·,9,com.apple.keylayout.Azeri,,True,True,False,False
‡,7,com.apple.keylayout.Azeri,,True,True,False,False
—,-,com.apple.keylayout.Azeri,,True,True,False,False
°,8,com.apple.keylayout.Azeri,,True,True,False,False
‚,0,com.apple.keylayout.Azeri,,True,True,False,False
},ğ,com.apple.keylayout.Azeri,,True,True,False,False
̄,o,com.apple.keylayout.Azeri,,True,True,False,False
̈,u,com.apple.keylayout.Azeri,,True,True,False,False
{,ö,com.apple.keylayout.Azeri,,True,True,False,False
̛,i,com.apple.keylayout.Azeri,,True,True,False,False
̦,p,com.apple.keylayout.Azeri,,True,True,False,False
̵,l,com.apple.keylayout.Azeri,,True,True,False,False
̋,j,com.apple.keylayout.Azeri,,True,True,False,False
"""",ə,com.apple.keylayout.Azeri,,True,True,False,False
̊,k,com.apple.keylayout.Azeri,,True,True,False,False
:,ı,com.apple.keylayout.Azeri,,True,True,False,False
„,ç,com.apple.keylayout.Azeri,,True,True,False,False
¿,.,com.apple.keylayout.Azeri,,True,True,False,False
̃,n,com.apple.keylayout.Azeri,,True,True,False,False
̨,m,com.apple.keylayout.Azeri,,True,True,False,False
 , ,com.apple.keylayout.Azeri,,True,True,False,False
̀,`,com.apple.keylayout.Azeri,50,True,True,False,False
ф,ф,com.apple.keylayout.Russian,,False,False,False,False
ы,ы,com.apple.keylayout.Russian,,False,False,False,False
в,в,com.apple.keylayout.Russian,,False,False,False,False
а,а,com.apple.keylayout.Russian,,False,False,False,False
р,р,com.apple.keylayout.Russian,,False,False,False,False
п,п,com.apple.keylayout.Russian,,False,False,False,False
я,я,com.apple.keylayout.Russian,,False,False,False,False
ч,ч,com.apple.keylayout.Russian,,False,False,False,False
с,с,com.apple.keylayout.Russian,,False,False,False,False
м,м,com.apple.keylayout.Russian,,False,False,False,False
>,>,com.apple.keylayout.Russian,10,False,False,False,False
и,и,com.apple.keylayout.Russian,,False,False,False,False
й,й,com.apple.keylayout.Russian,,False,False,False,False
ц,ц,com.apple.keylayout.Russian,,False,False,False,False
у,у,com.apple.keylayout.Russian,,False,False,False,False
к,к,com.apple.keylayout.Russian,,False,False,False,False
н,н,com.apple.keylayout.Russian,,False,False,False,False
е,е,com.apple.keylayout.Russian,,False,False,False,False
1,1,com.apple.keylayout.Russian,,False,False,False,False
2,2,com.apple.keylayout.Russian,,False,False,False,False
3,3,com.apple.keylayout.Russian,,False,False,False,False
4,4,com.apple.keylayout.Russian,,False,False,False,False
6,6,com.apple.keylayout.Russian,,False,False,False,False
5,5,com.apple.keylayout.Russian,,False,False,False,False
=,=,com.apple.keylayout.Russian,,False,False,False,False
9,9,com.apple.keylayout.Russian,,False,False,False,False
7,7,com.apple.keylayout.Russian,,False,False,False,False
-,-,com.apple.keylayout.Russian,,False,False,False,False
8,8,com.apple.keylayout.Russian,,False,False,False,False
0,0,com.apple.keylayout.Russian,,False,False,False,False
ъ,ъ,com.apple.keylayout.Russian,,False,False,False,False
щ,щ,com.apple.keylayout.Russian,,False,False,False,False
г,г,com.apple.keylayout.Russian,,False,False,False,False
х,х,com.apple.keylayout.Russian,,False,False,False,False
ш,ш,com.apple.keylayout.Russian,,False,False,False,False
з,з,com.apple.keylayout.Russian,,False,False,False,False
д,д,com.apple.keylayout.Russian,,False,False,False,False
о,о,com.apple.keylayout.Russian,,False,False,False,False
э,э,com.apple.keylayout.Russian,,False,False,False,False
л,л,com.apple.keylayout.Russian,,False,False,False,False
ж,ж,com.apple.keylayout.Russian,,False,False,False,False
ё,ё,com.apple.keylayout.Russian,,False,False,False,False
б,б,com.apple.keylayout.Russian,,False,False,False,False
/,/,com.apple.keylayout.Russian,,False,False,False,False
т,т,com.apple.keylayout.Russian,,False,False,False,False
ь,ь,com.apple.keylayout.Russian,,False,False,False,False
ю,ю,com.apple.keylayout.Russian,,False,False,False,False
 , ,com.apple.keylayout.Russian,,False,False,False,False
],],com.apple.keylayout.Russian,50,False,False,False,False
Ф,ф,com.apple.keylayout.Russian,,False,True,False,False
Ы,ы,com.apple.keylayout.Russian,,False,True,False,False
В,в,com.apple.keylayout.Russian,,False,True,False,False
А,а,com.apple.keylayout.Russian,,False,True,False,False
Р,р,com.apple.keylayout.Russian,,False,True,False,False
П,п,com.apple.keylayout.Russian,,False,True,False,False
Я,я,com.apple.keylayout.Russian,,False,True,False,False
Ч,ч,com.apple.keylayout.Russian,,False,True,False,False
С,с,com.apple.keylayout.Russian,,False,True,False,False
М,м,com.apple.keylayout.Russian,,False,True,False,False
<,>,com.apple.keylayout.Russian,10,False,True,False,False
И,и,com.apple.keylayout.Russian,,False,True,False,False
Й,й,com.apple.keylayout.Russian,,False,True,False,False
Ц,ц,com.apple.keylayout.Russian,,False,True,False,False
У,у,com.apple.keylayout.Russian,,False,True,False,False
К,к,com.apple.keylayout.Russian,,False,True,False,False
Н,н,com.apple.keylayout.Russian,,False,True,False,False
Е,е,com.apple.keylayout.Russian,,False,True,False,False
!,1,com.apple.keylayout.Russian,,False,True,False,False
"""",2,com.apple.keylayout.Russian,,False,True,False,False
№,3,com.apple.keylayout.Russian,,False,True,False,False
%,4,com.apple.keylayout.Russian,,False,True,False,False
",",6,com.apple.keylayout.Russian,,False,True,False,False
:,5,com.apple.keylayout.Russian,,False,True,False,False
+,=,com.apple.keylayout.Russian,,False,True,False,False
(,9,com.apple.keylayout.Russian,,False,True,False,False
.,7,com.apple.keylayout.Russian,,False,True,False,False
_,-,com.apple.keylayout.Russian,,False,True,False,False
;,8,com.apple.keylayout.Russian,,False,True,False,False
),0,com.apple.keylayout.Russian,,False,True,False,False
Ъ,ъ,com.apple.keylayout.Russian,,False,True,False,False
Щ,щ,com.apple.keylayout.Russian,,False,True,False,False
Г,г,com.apple.keylayout.Russian,,False,True,False,False
Х,х,com.apple.keylayout.Russian,,False,True,False,False
Ш,ш,com.apple.keylayout.Russian,,False,True,False,False
З,з,com.apple.keylayout.Russian,,False,True,False,False
Д,д,com.apple.keylayout.Russian,,False,True,False,False
О,о,com.apple.keylayout.Russian,,False,True,False,False
Э,э,com.apple.keylayout.Russian,,False,True,False,False
Л,л,com.apple.keylayout.Russian,,False,True,False,False
Ж,ж,com.apple.keylayout.Russian,,False,True,False,False
Ё,ё,com.apple.keylayout.Russian,,False,True,False,False
Б,б,com.apple.keylayout.Russian,,False,True,False,False
?,/,com.apple.keylayout.Russian,,False,True,False,False
Т,т,com.apple.keylayout.Russian,,False,True,False,False
Ь,ь,com.apple.keylayout.Russian,,False,True,False,False
Ю,ю,com.apple.keylayout.Russian,,False,True,False,False
 , ,com.apple.keylayout.Russian,,False,True,False,False
[,],com.apple.keylayout.Russian,50,False,True,False,False
ƒ,ф,com.apple.keylayout.Russian,,True,False,False,False
ы,ы,com.apple.keylayout.Russian,,True,False,False,False
ћ,в,com.apple.keylayout.Russian,,True,False,False,False
÷,а,com.apple.keylayout.Russian,,True,False,False,False
},р,com.apple.keylayout.Russian,,True,False,False,False
©,п,com.apple.keylayout.Russian,,True,False,False,False
ђ,я,com.apple.keylayout.Russian,,True,False,False,False
≈,ч,com.apple.keylayout.Russian,,True,False,False,False
≠,с,com.apple.keylayout.Russian,,True,False,False,False
µ,м,com.apple.keylayout.Russian,,True,False,False,False
§,>,com.apple.keylayout.Russian,10,True,False,False,False
и,и,com.apple.keylayout.Russian,,True,False,False,False
ј,й,com.apple.keylayout.Russian,,True,False,False,False
џ,ц,com.apple.keylayout.Russian,,True,False,False,False
ќ,у,com.apple.keylayout.Russian,,True,False,False,False
®,к,com.apple.keylayout.Russian,,True,False,False,False
њ,н,com.apple.keylayout.Russian,,True,False,False,False
†,е,com.apple.keylayout.Russian,,True,False,False,False
!,1,com.apple.keylayout.Russian,,True,False,False,False
@,2,com.apple.keylayout.Russian,,True,False,False,False
#,3,com.apple.keylayout.Russian,,True,False,False,False
$,4,com.apple.keylayout.Russian,,True,False,False,False
^,6,com.apple.keylayout.Russian,,True,False,False,False
%,5,com.apple.keylayout.Russian,,True,False,False,False
»,=,com.apple.keylayout.Russian,,True,False,False,False
(,9,com.apple.keylayout.Russian,,True,False,False,False
&,7,com.apple.keylayout.Russian,,True,False,False,False
–,-,com.apple.keylayout.Russian,,True,False,False,False
*,8,com.apple.keylayout.Russian,,True,False,False,False
),0,com.apple.keylayout.Russian,,True,False,False,False
ъ,ъ,com.apple.keylayout.Russian,,True,False,False,False
ў,щ,com.apple.keylayout.Russian,,True,False,False,False
ѓ,г,com.apple.keylayout.Russian,,True,False,False,False
“,х,com.apple.keylayout.Russian,,True,False,False,False
ѕ,ш,com.apple.keylayout.Russian,,True,False,False,False
‘,з,com.apple.keylayout.Russian,,True,False,False,False
∆,д,com.apple.keylayout.Russian,,True,False,False,False
°,о,com.apple.keylayout.Russian,,True,False,False,False
э,э,com.apple.keylayout.Russian,,True,False,False,False
љ,л,com.apple.keylayout.Russian,,True,False,False,False
…,ж,com.apple.keylayout.Russian,,True,False,False,False
ё,ё,com.apple.keylayout.Russian,,True,False,False,False
≤,б,com.apple.keylayout.Russian,,True,False,False,False
“,/,com.apple.keylayout.Russian,,True,False,False,False
™,т,com.apple.keylayout.Russian,,True,False,False,False
~,ь,com.apple.keylayout.Russian,,True,False,False,False
≥,ю,com.apple.keylayout.Russian,,True,False,False,False
 , ,com.apple.keylayout.Russian,,True,False,False,False
],],com.apple.keylayout.Russian,50,True,False,False,False
ƒ,ф,com.apple.keylayout.Russian,,True,True,False,False
Ы,ы,com.apple.keylayout.Russian,,True,True,False,False
Ћ,в,com.apple.keylayout.Russian,,True,True,False,False
÷,а,com.apple.keylayout.Russian,,True,True,False,False
{,р,com.apple.keylayout.Russian,,True,True,False,False
©,п,com.apple.keylayout.Russian,,True,True,False,False
Ђ,я,com.apple.keylayout.Russian,,True,True,False,False
≈,ч,com.apple.keylayout.Russian,,True,True,False,False
≠,с,com.apple.keylayout.Russian,,True,True,False,False
µ,м,com.apple.keylayout.Russian,,True,True,False,False
±,>,com.apple.keylayout.Russian,10,True,True,False,False
И,и,com.apple.keylayout.Russian,,True,True,False,False
Ј,й,com.apple.keylayout.Russian,,True,True,False,False
Џ,ц,com.apple.keylayout.Russian,,True,True,False,False
Ќ,у,com.apple.keylayout.Russian,,True,True,False,False
®,к,com.apple.keylayout.Russian,,True,True,False,False
Њ,н,com.apple.keylayout.Russian,,True,True,False,False
†,е,com.apple.keylayout.Russian,,True,True,False,False
|,1,com.apple.keylayout.Russian,,True,True,False,False
"""",2,com.apple.keylayout.Russian,,True,True,False,False
£,3,com.apple.keylayout.Russian,,True,True,False,False
€,4,com.apple.keylayout.Russian,,True,True,False,False
¬,6,com.apple.keylayout.Russian,,True,True,False,False
∞,5,com.apple.keylayout.Russian,,True,True,False,False
«,=,com.apple.keylayout.Russian,,True,True,False,False
',9,com.apple.keylayout.Russian,,True,True,False,False
¶,7,com.apple.keylayout.Russian,,True,True,False,False
—,-,com.apple.keylayout.Russian,,True,True,False,False
√,8,com.apple.keylayout.Russian,,True,True,False,False
`,0,com.apple.keylayout.Russian,,True,True,False,False
Ъ,ъ,com.apple.keylayout.Russian,,True,True,False,False
Ў,щ,com.apple.keylayout.Russian,,True,True,False,False
Ѓ,г,com.apple.keylayout.Russian,,True,True,False,False
”,х,com.apple.keylayout.Russian,,True,True,False,False
Ѕ,ш,com.apple.keylayout.Russian,,True,True,False,False
’,з,com.apple.keylayout.Russian,,True,True,False,False
∆,д,com.apple.keylayout.Russian,,True,True,False,False
•,о,com.apple.keylayout.Russian,,True,True,False,False
Э,э,com.apple.keylayout.Russian,,True,True,False,False
Љ,л,com.apple.keylayout.Russian,,True,True,False,False
…,ж,com.apple.keylayout.Russian,,True,True,False,False
Ё,ё,com.apple.keylayout.Russian,,True,True,False,False
<,б,com.apple.keylayout.Russian,,True,True,False,False
„,/,com.apple.keylayout.Russian,,True,True,False,False
™,т,com.apple.keylayout.Russian,,True,True,False,False
~,ь,com.apple.keylayout.Russian,,True,True,False,False
>,ю,com.apple.keylayout.Russian,,True,True,False,False
 , ,com.apple.keylayout.Russian,,True,True,False,False
[,],com.apple.keylayout.Russian,50,True,True,False,False
a,a,com.apple.keylayout.NorwegianExtended,,False,False,False,False
s,s,com.apple.keylayout.NorwegianExtended,,False,False,False,False
d,d,com.apple.keylayout.NorwegianExtended,,False,False,False,False
f,f,com.apple.keylayout.NorwegianExtended,,False,False,False,False
h,h,com.apple.keylayout.NorwegianExtended,,False,False,False,False
g,g,com.apple.keylayout.NorwegianExtended,,False,False,False,False
z,z,com.apple.keylayout.NorwegianExtended,,False,False,False,False
x,x,com.apple.keylayout.NorwegianExtended,,False,False,False,False
c,c,com.apple.keylayout.NorwegianExtended,,False,False,False,False
v,v,com.apple.keylayout.NorwegianExtended,,False,False,False,False
',',com.apple.keylayout.NorwegianExtended,10,False,False,False,False
b,b,com.apple.keylayout.NorwegianExtended,,False,False,False,False
q,q,com.apple.keylayout.NorwegianExtended,,False,False,False,False
w,w,com.apple.keylayout.NorwegianExtended,,False,False,False,False
e,e,com.apple.keylayout.NorwegianExtended,,False,False,False,False
r,r,com.apple.keylayout.NorwegianExtended,,False,False,False,False
y,y,com.apple.keylayout.NorwegianExtended,,False,False,False,False
t,t,com.apple.keylayout.NorwegianExtended,,False,False,False,False
1,1,com.apple.keylayout.NorwegianExtended,,False,False,False,False
2,2,com.apple.keylayout.NorwegianExtended,,False,False,False,False
3,3,com.apple.keylayout.NorwegianExtended,,False,False,False,False
4,4,com.apple.keylayout.NorwegianExtended,,False,False,False,False
6,6,com.apple.keylayout.NorwegianExtended,,False,False,False,False
5,5,com.apple.keylayout.NorwegianExtended,,False,False,False,False
9,9,com.apple.keylayout.NorwegianExtended,,False,False,False,False
7,7,com.apple.keylayout.NorwegianExtended,,False,False,False,False
+,+,com.apple.keylayout.NorwegianExtended,,False,False,False,False
8,8,com.apple.keylayout.NorwegianExtended,,False,False,False,False
0,0,com.apple.keylayout.NorwegianExtended,,False,False,False,False
o,o,com.apple.keylayout.NorwegianExtended,,False,False,False,False
u,u,com.apple.keylayout.NorwegianExtended,,False,False,False,False
å,å,com.apple.keylayout.NorwegianExtended,,False,False,False,False
i,i,com.apple.keylayout.NorwegianExtended,,False,False,False,False
p,p,com.apple.keylayout.NorwegianExtended,,False,False,False,False
l,l,com.apple.keylayout.NorwegianExtended,,False,False,False,False
j,j,com.apple.keylayout.NorwegianExtended,,False,False,False,False
æ,æ,com.apple.keylayout.NorwegianExtended,,False,False,False,False
k,k,com.apple.keylayout.NorwegianExtended,,False,False,False,False
ø,ø,com.apple.keylayout.NorwegianExtended,,False,False,False,False
@,@,com.apple.keylayout.NorwegianExtended,,False,False,False,False
",",",",com.apple.keylayout.NorwegianExtended,,False,False,False,False
-,-,com.apple.keylayout.NorwegianExtended,,False,False,False,False
n,n,com.apple.keylayout.NorwegianExtended,,False,False,False,False
m,m,com.apple.keylayout.NorwegianExtended,,False,False,False,False
.,.,com.apple.keylayout.NorwegianExtended,,False,False,False,False
 , ,com.apple.keylayout.NorwegianExtended,,False,False,False,False
<,<,com.apple.keylayout.NorwegianExtended,50,False,False,False,False
A,a,com.apple.keylayout.NorwegianExtended,,False,True,False,False
S,s,com.apple.keylayout.NorwegianExtended,,False,True,False,False
D,d,com.apple.keylayout.NorwegianExtended,,False,True,False,False
F,f,com.apple.keylayout.NorwegianExtended,,False,True,False,False
H,h,com.apple.keylayout.NorwegianExtended,,False,True,False,False
G,g,com.apple.keylayout.NorwegianExtended,,False,True,False,False
Z,z,com.apple.keylayout.NorwegianExtended,,False,True,False,False
X,x,com.apple.keylayout.NorwegianExtended,,False,True,False,False
C,c,com.apple.keylayout.NorwegianExtended,,False,True,False,False
V,v,com.apple.keylayout.NorwegianExtended,,False,True,False,False
§,',com.apple.keylayout.NorwegianExtended,10,False,True,False,False
B,b,com.apple.keylayout.NorwegianExtended,,False,True,False,False
Q,q,com.apple.keylayout.NorwegianExtended,,False,True,False,False
W,w,com.apple.keylayout.NorwegianExtended,,False,True,False,False
E,e,com.apple.keylayout.NorwegianExtended,,False,True,False,False
R,r,com.apple.keylayout.NorwegianExtended,,False,True,False,False
Y,y,com.apple.keylayout.NorwegianExtended,,False,True,False,False
T,t,com.apple.keylayout.NorwegianExtended,,False,True,False,False
!,1,com.apple.keylayout.NorwegianExtended,,False,True,False,False
"""",2,com.apple.keylayout.NorwegianExtended,,False,True,False,False
#,3,com.apple.keylayout.NorwegianExtended,,False,True,False,False
$,4,com.apple.keylayout.NorwegianExtended,,False,True,False,False
&,6,com.apple.keylayout.NorwegianExtended,,False,True,False,False
%,5,com.apple.keylayout.NorwegianExtended,,False,True,False,False
),9,com.apple.keylayout.NorwegianExtended,,False,True,False,False
/,7,com.apple.keylayout.NorwegianExtended,,False,True,False,False
?,+,com.apple.keylayout.NorwegianExtended,,False,True,False,False
(,8,com.apple.keylayout.NorwegianExtended,,False,True,False,False
=,0,com.apple.keylayout.NorwegianExtended,,False,True,False,False
O,o,com.apple.keylayout.NorwegianExtended,,False,True,False,False
U,u,com.apple.keylayout.NorwegianExtended,,False,True,False,False
Å,å,com.apple.keylayout.NorwegianExtended,,False,True,False,False
I,i,com.apple.keylayout.NorwegianExtended,,False,True,False,False
P,p,com.apple.keylayout.NorwegianExtended,,False,True,False,False
L,l,com.apple.keylayout.NorwegianExtended,,False,True,False,False
J,j,com.apple.keylayout.NorwegianExtended,,False,True,False,False
Æ,æ,com.apple.keylayout.NorwegianExtended,,False,True,False,False
K,k,com.apple.keylayout.NorwegianExtended,,False,True,False,False
Ø,ø,com.apple.keylayout.NorwegianExtended,,False,True,False,False
*,@,com.apple.keylayout.NorwegianExtended,,False,True,False,False
;,",",com.apple.keylayout.NorwegianExtended,,False,True,False,False
_,-,com.apple.keylayout.NorwegianExtended,,False,True,False,False
N,n,com.apple.keylayout.NorwegianExtended,,False,True,False,False
M,m,com.apple.keylayout.NorwegianExtended,,False,True,False,False
:,.,com.apple.keylayout.NorwegianExtended,,False,True,False,False
 , ,com.apple.keylayout.NorwegianExtended,,False,True,False,False
>,<,com.apple.keylayout.NorwegianExtended,50,False,True,False,False
ß,s,com.apple.keylayout.NorwegianExtended,,True,False,False,False
ð,d,com.apple.keylayout.NorwegianExtended,,True,False,False,False
ƒ,f,com.apple.keylayout.NorwegianExtended,,True,False,False,False
÷,z,com.apple.keylayout.NorwegianExtended,,True,False,False,False
‹,v,com.apple.keylayout.NorwegianExtended,,True,False,False,False
',',com.apple.keylayout.NorwegianExtended,10,True,False,False,False
›,b,com.apple.keylayout.NorwegianExtended,,True,False,False,False
•,q,com.apple.keylayout.NorwegianExtended,,True,False,False,False
é,e,com.apple.keylayout.NorwegianExtended,,True,False,False,False
þ,t,com.apple.keylayout.NorwegianExtended,,True,False,False,False
©,1,com.apple.keylayout.NorwegianExtended,,True,False,False,False
™,2,com.apple.keylayout.NorwegianExtended,,True,False,False,False
£,3,com.apple.keylayout.NorwegianExtended,,True,False,False,False
€,4,com.apple.keylayout.NorwegianExtended,,True,False,False,False
§,6,com.apple.keylayout.NorwegianExtended,,True,False,False,False
],9,com.apple.keylayout.NorwegianExtended,,True,False,False,False
|,7,com.apple.keylayout.NorwegianExtended,,True,False,False,False
±,+,com.apple.keylayout.NorwegianExtended,,True,False,False,False
[,8,com.apple.keylayout.NorwegianExtended,,True,False,False,False
œ,o,com.apple.keylayout.NorwegianExtended,,True,False,False,False
ä,æ,com.apple.keylayout.NorwegianExtended,,True,False,False,False
ö,ø,com.apple.keylayout.NorwegianExtended,,True,False,False,False
',@,com.apple.keylayout.NorwegianExtended,,True,False,False,False
‚,",",com.apple.keylayout.NorwegianExtended,,True,False,False,False
–,-,com.apple.keylayout.NorwegianExtended,,True,False,False,False
‘,n,com.apple.keylayout.NorwegianExtended,,True,False,False,False
’,m,com.apple.keylayout.NorwegianExtended,,True,False,False,False
…,.,com.apple.keylayout.NorwegianExtended,,True,False,False,False
 , ,com.apple.keylayout.NorwegianExtended,,True,False,False,False
≤,<,com.apple.keylayout.NorwegianExtended,50,True,False,False,False
̄,a,com.apple.keylayout.NorwegianExtended,,True,True,False,False
Ð,d,com.apple.keylayout.NorwegianExtended,,True,True,False,False
̨,h,com.apple.keylayout.NorwegianExtended,,True,True,False,False
̣,g,com.apple.keylayout.NorwegianExtended,,True,True,False,False
⁄,z,com.apple.keylayout.NorwegianExtended,,True,True,False,False
̱,x,com.apple.keylayout.NorwegianExtended,,True,True,False,False
̧,c,com.apple.keylayout.NorwegianExtended,,True,True,False,False
«,v,com.apple.keylayout.NorwegianExtended,,True,True,False,False
§,',com.apple.keylayout.NorwegianExtended,10,True,True,False,False
»,b,com.apple.keylayout.NorwegianExtended,,True,True,False,False
°,q,com.apple.keylayout.NorwegianExtended,,True,True,False,False
̦,w,com.apple.keylayout.NorwegianExtended,,True,True,False,False
É,e,com.apple.keylayout.NorwegianExtended,,True,True,False,False
̌,r,com.apple.keylayout.NorwegianExtended,,True,True,False,False
̆,y,com.apple.keylayout.NorwegianExtended,,True,True,False,False
Þ,t,com.apple.keylayout.NorwegianExtended,,True,True,False,False
¡,1,com.apple.keylayout.NorwegianExtended,,True,True,False,False
®,2,com.apple.keylayout.NorwegianExtended,,True,True,False,False
¥,3,com.apple.keylayout.NorwegianExtended,,True,True,False,False
¢,4,com.apple.keylayout.NorwegianExtended,,True,True,False,False
¶,6,com.apple.keylayout.NorwegianExtended,,True,True,False,False
̭,5,com.apple.keylayout.NorwegianExtended,,True,True,False,False
},9,com.apple.keylayout.NorwegianExtended,,True,True,False,False
\,7,com.apple.keylayout.NorwegianExtended,,True,True,False,False
¿,+,com.apple.keylayout.NorwegianExtended,,True,True,False,False
{,8,com.apple.keylayout.NorwegianExtended,,True,True,False,False
̋,0,com.apple.keylayout.NorwegianExtended,,True,True,False,False
Œ,o,com.apple.keylayout.NorwegianExtended,,True,True,False,False
̉,u,com.apple.keylayout.NorwegianExtended,,True,True,False,False
̊,å,com.apple.keylayout.NorwegianExtended,,True,True,False,False
̛,i,com.apple.keylayout.NorwegianExtended,,True,True,False,False
̇,p,com.apple.keylayout.NorwegianExtended,,True,True,False,False
̵,l,com.apple.keylayout.NorwegianExtended,,True,True,False,False
̰,j,com.apple.keylayout.NorwegianExtended,,True,True,False,False
Ä,æ,com.apple.keylayout.NorwegianExtended,,True,True,False,False
̃,k,com.apple.keylayout.NorwegianExtended,,True,True,False,False
Ö,ø,com.apple.keylayout.NorwegianExtended,,True,True,False,False
"""",@,com.apple.keylayout.NorwegianExtended,,True,True,False,False
„,",",com.apple.keylayout.NorwegianExtended,,True,True,False,False
—,-,com.apple.keylayout.NorwegianExtended,,True,True,False,False
“,n,com.apple.keylayout.NorwegianExtended,,True,True,False,False
”,m,com.apple.keylayout.NorwegianExtended,,True,True,False,False
·,.,com.apple.keylayout.NorwegianExtended,,True,True,False,False
 , ,com.apple.keylayout.NorwegianExtended,,True,True,False,False
≥,<,com.apple.keylayout.NorwegianExtended,50,True,True,False,False
ф,ф,com.apple.keylayout.Ukrainian-PC,,False,False,False,False
и,и,com.apple.keylayout.Ukrainian-PC,,False,False,False,False
в,в,com.apple.keylayout.Ukrainian-PC,,False,False,False,False
а,а,com.apple.keylayout.Ukrainian-PC,,False,False,False,False
р,р,com.apple.keylayout.Ukrainian-PC,,False,False,False,False
п,п,com.apple.keylayout.Ukrainian-PC,,False,False,False,False
я,я,com.apple.keylayout.Ukrainian-PC,,False,False,False,False
ч,ч,com.apple.keylayout.Ukrainian-PC,,False,False,False,False
с,с,com.apple.keylayout.Ukrainian-PC,,False,False,False,False
м,м,com.apple.keylayout.Ukrainian-PC,,False,False,False,False
>,>,com.apple.keylayout.Ukrainian-PC,10,False,False,False,False
і,і,com.apple.keylayout.Ukrainian-PC,,False,False,False,False
й,й,com.apple.keylayout.Ukrainian-PC,,False,False,False,False
ц,ц,com.apple.keylayout.Ukrainian-PC,,False,False,False,False
у,у,com.apple.keylayout.Ukrainian-PC,,False,False,False,False
к,к,com.apple.keylayout.Ukrainian-PC,,False,False,False,False
н,н,com.apple.keylayout.Ukrainian-PC,,False,False,False,False
е,е,com.apple.keylayout.Ukrainian-PC,,False,False,False,False
1,1,com.apple.keylayout.Ukrainian-PC,,False,False,False,False
2,2,com.apple.keylayout.Ukrainian-PC,,False,False,False,False
3,3,com.apple.keylayout.Ukrainian-PC,,False,False,False,False
4,4,com.apple.keylayout.Ukrainian-PC,,False,False,False,False
6,6,com.apple.keylayout.Ukrainian-PC,,False,False,False,False
5,5,com.apple.keylayout.Ukrainian-PC,,False,False,False,False
=,=,com.apple.keylayout.Ukrainian-PC,,False,False,False,False
9,9,com.apple.keylayout.Ukrainian-PC,,False,False,False,False
7,7,com.apple.keylayout.Ukrainian-PC,,False,False,False,False
-,-,com.apple.keylayout.Ukrainian-PC,,False,False,False,False
8,8,com.apple.keylayout.Ukrainian-PC,,False,False,False,False
0,0,com.apple.keylayout.Ukrainian-PC,,False,False,False,False
ї,ї,com.apple.keylayout.Ukrainian-PC,,False,False,False,False
щ,щ,com.apple.keylayout.Ukrainian-PC,,False,False,False,False
г,г,com.apple.keylayout.Ukrainian-PC,,False,False,False,False
х,х,com.apple.keylayout.Ukrainian-PC,,False,False,False,False
ш,ш,com.apple.keylayout.Ukrainian-PC,,False,False,False,False
з,з,com.apple.keylayout.Ukrainian-PC,,False,False,False,False
д,д,com.apple.keylayout.Ukrainian-PC,,False,False,False,False
о,о,com.apple.keylayout.Ukrainian-PC,,False,False,False,False
є,є,com.apple.keylayout.Ukrainian-PC,,False,False,False,False
л,л,com.apple.keylayout.Ukrainian-PC,,False,False,False,False
ж,ж,com.apple.keylayout.Ukrainian-PC,,False,False,False,False
ґ,ґ,com.apple.keylayout.Ukrainian-PC,,False,False,False,False
б,б,com.apple.keylayout.Ukrainian-PC,,False,False,False,False
/,/,com.apple.keylayout.Ukrainian-PC,,False,False,False,False
т,т,com.apple.keylayout.Ukrainian-PC,,False,False,False,False
ь,ь,com.apple.keylayout.Ukrainian-PC,,False,False,False,False
ю,ю,com.apple.keylayout.Ukrainian-PC,,False,False,False,False
 , ,com.apple.keylayout.Ukrainian-PC,,False,False,False,False
',',com.apple.keylayout.Ukrainian-PC,50,False,False,False,False
Ф,ф,com.apple.keylayout.Ukrainian-PC,,False,True,False,False
И,и,com.apple.keylayout.Ukrainian-PC,,False,True,False,False
В,в,com.apple.keylayout.Ukrainian-PC,,False,True,False,False
А,а,com.apple.keylayout.Ukrainian-PC,,False,True,False,False
Р,р,com.apple.keylayout.Ukrainian-PC,,False,True,False,False
П,п,com.apple.keylayout.Ukrainian-PC,,False,True,False,False
Я,я,com.apple.keylayout.Ukrainian-PC,,False,True,False,False
Ч,ч,com.apple.keylayout.Ukrainian-PC,,False,True,False,False
С,с,com.apple.keylayout.Ukrainian-PC,,False,True,False,False
М,м,com.apple.keylayout.Ukrainian-PC,,False,True,False,False
<,>,com.apple.keylayout.Ukrainian-PC,10,False,True,False,False
І,і,com.apple.keylayout.Ukrainian-PC,,False,True,False,False
Й,й,com.apple.keylayout.Ukrainian-PC,,False,True,False,False
Ц,ц,com.apple.keylayout.Ukrainian-PC,,False,True,False,False
У,у,com.apple.keylayout.Ukrainian-PC,,False,True,False,False
К,к,com.apple.keylayout.Ukrainian-PC,,False,True,False,False
Н,н,com.apple.keylayout.Ukrainian-PC,,False,True,False,False
Е,е,com.apple.keylayout.Ukrainian-PC,,False,True,False,False
!,1,com.apple.keylayout.Ukrainian-PC,,False,True,False,False
"""",2,com.apple.keylayout.Ukrainian-PC,,False,True,False,False
№,3,com.apple.keylayout.Ukrainian-PC,,False,True,False,False
%,4,com.apple.keylayout.Ukrainian-PC,,False,True,False,False
",",6,com.apple.keylayout.Ukrainian-PC,,False,True,False,False
:,5,com.apple.keylayout.Ukrainian-PC,,False,True,False,False
+,=,com.apple.keylayout.Ukrainian-PC,,False,True,False,False
(,9,com.apple.keylayout.Ukrainian-PC,,False,True,False,False
.,7,com.apple.keylayout.Ukrainian-PC,,False,True,False,False
_,-,com.apple.keylayout.Ukrainian-PC,,False,True,False,False
;,8,com.apple.keylayout.Ukrainian-PC,,False,True,False,False
),0,com.apple.keylayout.Ukrainian-PC,,False,True,False,False
Ї,ї,com.apple.keylayout.Ukrainian-PC,,False,True,False,False
Щ,щ,com.apple.keylayout.Ukrainian-PC,,False,True,False,False
Г,г,com.apple.keylayout.Ukrainian-PC,,False,True,False,False
Х,х,com.apple.keylayout.Ukrainian-PC,,False,True,False,False
Ш,ш,com.apple.keylayout.Ukrainian-PC,,False,True,False,False
З,з,com.apple.keylayout.Ukrainian-PC,,False,True,False,False
Д,д,com.apple.keylayout.Ukrainian-PC,,False,True,False,False
О,о,com.apple.keylayout.Ukrainian-PC,,False,True,False,False
Є,є,com.apple.keylayout.Ukrainian-PC,,False,True,False,False
Л,л,com.apple.keylayout.Ukrainian-PC,,False,True,False,False
Ж,ж,com.apple.keylayout.Ukrainian-PC,,False,True,False,False
Ґ,ґ,com.apple.keylayout.Ukrainian-PC,,False,True,False,False
Б,б,com.apple.keylayout.Ukrainian-PC,,False,True,False,False
?,/,com.apple.keylayout.Ukrainian-PC,,False,True,False,False
Т,т,com.apple.keylayout.Ukrainian-PC,,False,True,False,False
Ь,ь,com.apple.keylayout.Ukrainian-PC,,False,True,False,False
Ю,ю,com.apple.keylayout.Ukrainian-PC,,False,True,False,False
 , ,com.apple.keylayout.Ukrainian-PC,,False,True,False,False
~,',com.apple.keylayout.Ukrainian-PC,50,False,True,False,False
ƒ,ф,com.apple.keylayout.Ukrainian-PC,,True,False,False,False
ы,и,com.apple.keylayout.Ukrainian-PC,,True,False,False,False
ћ,в,com.apple.keylayout.Ukrainian-PC,,True,False,False,False
÷,а,com.apple.keylayout.Ukrainian-PC,,True,False,False,False
},р,com.apple.keylayout.Ukrainian-PC,,True,False,False,False
©,п,com.apple.keylayout.Ukrainian-PC,,True,False,False,False
ђ,я,com.apple.keylayout.Ukrainian-PC,,True,False,False,False
≈,ч,com.apple.keylayout.Ukrainian-PC,,True,False,False,False
≠,с,com.apple.keylayout.Ukrainian-PC,,True,False,False,False
µ,м,com.apple.keylayout.Ukrainian-PC,,True,False,False,False
§,>,com.apple.keylayout.Ukrainian-PC,10,True,False,False,False
и,і,com.apple.keylayout.Ukrainian-PC,,True,False,False,False
ј,й,com.apple.keylayout.Ukrainian-PC,,True,False,False,False
џ,ц,com.apple.keylayout.Ukrainian-PC,,True,False,False,False
ќ,у,com.apple.keylayout.Ukrainian-PC,,True,False,False,False
®,к,com.apple.keylayout.Ukrainian-PC,,True,False,False,False
њ,н,com.apple.keylayout.Ukrainian-PC,,True,False,False,False
†,е,com.apple.keylayout.Ukrainian-PC,,True,False,False,False
!,1,com.apple.keylayout.Ukrainian-PC,,True,False,False,False
@,2,com.apple.keylayout.Ukrainian-PC,,True,False,False,False
#,3,com.apple.keylayout.Ukrainian-PC,,True,False,False,False
$,4,com.apple.keylayout.Ukrainian-PC,,True,False,False,False
^,6,com.apple.keylayout.Ukrainian-PC,,True,False,False,False
%,5,com.apple.keylayout.Ukrainian-PC,,True,False,False,False
»,=,com.apple.keylayout.Ukrainian-PC,,True,False,False,False
(,9,com.apple.keylayout.Ukrainian-PC,,True,False,False,False
&,7,com.apple.keylayout.Ukrainian-PC,,True,False,False,False
–,-,com.apple.keylayout.Ukrainian-PC,,True,False,False,False
*,8,com.apple.keylayout.Ukrainian-PC,,True,False,False,False
),0,com.apple.keylayout.Ukrainian-PC,,True,False,False,False
ъ,ї,com.apple.keylayout.Ukrainian-PC,,True,False,False,False
ў,щ,com.apple.keylayout.Ukrainian-PC,,True,False,False,False
ѓ,г,com.apple.keylayout.Ukrainian-PC,,True,False,False,False
“,х,com.apple.keylayout.Ukrainian-PC,,True,False,False,False
ѕ,ш,com.apple.keylayout.Ukrainian-PC,,True,False,False,False
‘,з,com.apple.keylayout.Ukrainian-PC,,True,False,False,False
∆,д,com.apple.keylayout.Ukrainian-PC,,True,False,False,False
°,о,com.apple.keylayout.Ukrainian-PC,,True,False,False,False
э,є,com.apple.keylayout.Ukrainian-PC,,True,False,False,False
љ,л,com.apple.keylayout.Ukrainian-PC,,True,False,False,False
…,ж,com.apple.keylayout.Ukrainian-PC,,True,False,False,False
ё,ґ,com.apple.keylayout.Ukrainian-PC,,True,False,False,False
≤,б,com.apple.keylayout.Ukrainian-PC,,True,False,False,False
“,/,com.apple.keylayout.Ukrainian-PC,,True,False,False,False
™,т,com.apple.keylayout.Ukrainian-PC,,True,False,False,False
~,ь,com.apple.keylayout.Ukrainian-PC,,True,False,False,False
≥,ю,com.apple.keylayout.Ukrainian-PC,,True,False,False,False
 , ,com.apple.keylayout.Ukrainian-PC,,True,False,False,False
],',com.apple.keylayout.Ukrainian-PC,50,True,False,False,False
ƒ,ф,com.apple.keylayout.Ukrainian-PC,,True,True,False,False
Ы,и,com.apple.keylayout.Ukrainian-PC,,True,True,False,False
Ћ,в,com.apple.keylayout.Ukrainian-PC,,True,True,False,False
÷,а,com.apple.keylayout.Ukrainian-PC,,True,True,False,False
{,р,com.apple.keylayout.Ukrainian-PC,,True,True,False,False
©,п,com.apple.keylayout.Ukrainian-PC,,True,True,False,False
Ђ,я,com.apple.keylayout.Ukrainian-PC,,True,True,False,False
≈,ч,com.apple.keylayout.Ukrainian-PC,,True,True,False,False
≠,с,com.apple.keylayout.Ukrainian-PC,,True,True,False,False
µ,м,com.apple.keylayout.Ukrainian-PC,,True,True,False,False
±,>,com.apple.keylayout.Ukrainian-PC,10,True,True,False,False
И,і,com.apple.keylayout.Ukrainian-PC,,True,True,False,False
Ј,й,com.apple.keylayout.Ukrainian-PC,,True,True,False,False
Џ,ц,com.apple.keylayout.Ukrainian-PC,,True,True,False,False
Ќ,у,com.apple.keylayout.Ukrainian-PC,,True,True,False,False
®,к,com.apple.keylayout.Ukrainian-PC,,True,True,False,False
Њ,н,com.apple.keylayout.Ukrainian-PC,,True,True,False,False
†,е,com.apple.keylayout.Ukrainian-PC,,True,True,False,False
|,1,com.apple.keylayout.Ukrainian-PC,,True,True,False,False
"""",2,com.apple.keylayout.Ukrainian-PC,,True,True,False,False
£,3,com.apple.keylayout.Ukrainian-PC,,True,True,False,False
€,4,com.apple.keylayout.Ukrainian-PC,,True,True,False,False
¬,6,com.apple.keylayout.Ukrainian-PC,,True,True,False,False
∞,5,com.apple.keylayout.Ukrainian-PC,,True,True,False,False
«,=,com.apple.keylayout.Ukrainian-PC,,True,True,False,False
',9,com.apple.keylayout.Ukrainian-PC,,True,True,False,False
¶,7,com.apple.keylayout.Ukrainian-PC,,True,True,False,False
—,-,com.apple.keylayout.Ukrainian-PC,,True,True,False,False
√,8,com.apple.keylayout.Ukrainian-PC,,True,True,False,False
`,0,com.apple.keylayout.Ukrainian-PC,,True,True,False,False
Ъ,ї,com.apple.keylayout.Ukrainian-PC,,True,True,False,False
Ў,щ,com.apple.keylayout.Ukrainian-PC,,True,True,False,False
Ѓ,г,com.apple.keylayout.Ukrainian-PC,,True,True,False,False
”,х,com.apple.keylayout.Ukrainian-PC,,True,True,False,False
Ѕ,ш,com.apple.keylayout.Ukrainian-PC,,True,True,False,False
’,з,com.apple.keylayout.Ukrainian-PC,,True,True,False,False
∆,д,com.apple.keylayout.Ukrainian-PC,,True,True,False,False
•,о,com.apple.keylayout.Ukrainian-PC,,True,True,False,False
Э,є,com.apple.keylayout.Ukrainian-PC,,True,True,False,False
Љ,л,com.apple.keylayout.Ukrainian-PC,,True,True,False,False
…,ж,com.apple.keylayout.Ukrainian-PC,,True,True,False,False
Ё,ґ,com.apple.keylayout.Ukrainian-PC,,True,True,False,False
<,б,com.apple.keylayout.Ukrainian-PC,,True,True,False,False
„,/,com.apple.keylayout.Ukrainian-PC,,True,True,False,False
™,т,com.apple.keylayout.Ukrainian-PC,,True,True,False,False
~,ь,com.apple.keylayout.Ukrainian-PC,,True,True,False,False
>,ю,com.apple.keylayout.Ukrainian-PC,,True,True,False,False
 , ,com.apple.keylayout.Ukrainian-PC,,True,True,False,False
[,',com.apple.keylayout.Ukrainian-PC,50,True,True,False,False
a,a,com.apple.keylayout.Faroese,,False,False,False,False
s,s,com.apple.keylayout.Faroese,,False,False,False,False
d,d,com.apple.keylayout.Faroese,,False,False,False,False
f,f,com.apple.keylayout.Faroese,,False,False,False,False
h,h,com.apple.keylayout.Faroese,,False,False,False,False
g,g,com.apple.keylayout.Faroese,,False,False,False,False
z,z,com.apple.keylayout.Faroese,,False,False,False,False
x,x,com.apple.keylayout.Faroese,,False,False,False,False
c,c,com.apple.keylayout.Faroese,,False,False,False,False
v,v,com.apple.keylayout.Faroese,,False,False,False,False
$,$,com.apple.keylayout.Faroese,10,False,False,False,False
b,b,com.apple.keylayout.Faroese,,False,False,False,False
q,q,com.apple.keylayout.Faroese,,False,False,False,False
w,w,com.apple.keylayout.Faroese,,False,False,False,False
e,e,com.apple.keylayout.Faroese,,False,False,False,False
r,r,com.apple.keylayout.Faroese,,False,False,False,False
y,y,com.apple.keylayout.Faroese,,False,False,False,False
t,t,com.apple.keylayout.Faroese,,False,False,False,False
1,1,com.apple.keylayout.Faroese,,False,False,False,False
2,2,com.apple.keylayout.Faroese,,False,False,False,False
3,3,com.apple.keylayout.Faroese,,False,False,False,False
4,4,com.apple.keylayout.Faroese,,False,False,False,False
6,6,com.apple.keylayout.Faroese,,False,False,False,False
5,5,com.apple.keylayout.Faroese,,False,False,False,False
9,9,com.apple.keylayout.Faroese,,False,False,False,False
7,7,com.apple.keylayout.Faroese,,False,False,False,False
+,+,com.apple.keylayout.Faroese,,False,False,False,False
8,8,com.apple.keylayout.Faroese,,False,False,False,False
0,0,com.apple.keylayout.Faroese,,False,False,False,False
ð,ð,com.apple.keylayout.Faroese,,False,False,False,False
o,o,com.apple.keylayout.Faroese,,False,False,False,False
u,u,com.apple.keylayout.Faroese,,False,False,False,False
å,å,com.apple.keylayout.Faroese,,False,False,False,False
i,i,com.apple.keylayout.Faroese,,False,False,False,False
p,p,com.apple.keylayout.Faroese,,False,False,False,False
l,l,com.apple.keylayout.Faroese,,False,False,False,False
j,j,com.apple.keylayout.Faroese,,False,False,False,False
ø,ø,com.apple.keylayout.Faroese,,False,False,False,False
k,k,com.apple.keylayout.Faroese,,False,False,False,False
æ,æ,com.apple.keylayout.Faroese,,False,False,False,False
',',com.apple.keylayout.Faroese,,False,False,False,False
",",",",com.apple.keylayout.Faroese,,False,False,False,False
-,-,com.apple.keylayout.Faroese,,False,False,False,False
n,n,com.apple.keylayout.Faroese,,False,False,False,False
m,m,com.apple.keylayout.Faroese,,False,False,False,False
.,.,com.apple.keylayout.Faroese,,False,False,False,False
 , ,com.apple.keylayout.Faroese,,False,False,False,False
<,<,com.apple.keylayout.Faroese,50,False,False,False,False
A,a,com.apple.keylayout.Faroese,,False,True,False,False
S,s,com.apple.keylayout.Faroese,,False,True,False,False
D,d,com.apple.keylayout.Faroese,,False,True,False,False
F,f,com.apple.keylayout.Faroese,,False,True,False,False
H,h,com.apple.keylayout.Faroese,,False,True,False,False
G,g,com.apple.keylayout.Faroese,,False,True,False,False
Z,z,com.apple.keylayout.Faroese,,False,True,False,False
X,x,com.apple.keylayout.Faroese,,False,True,False,False
C,c,com.apple.keylayout.Faroese,,False,True,False,False
V,v,com.apple.keylayout.Faroese,,False,True,False,False
§,$,com.apple.keylayout.Faroese,10,False,True,False,False
B,b,com.apple.keylayout.Faroese,,False,True,False,False
Q,q,com.apple.keylayout.Faroese,,False,True,False,False
W,w,com.apple.keylayout.Faroese,,False,True,False,False
E,e,com.apple.keylayout.Faroese,,False,True,False,False
R,r,com.apple.keylayout.Faroese,,False,True,False,False
Y,y,com.apple.keylayout.Faroese,,False,True,False,False
T,t,com.apple.keylayout.Faroese,,False,True,False,False
!,1,com.apple.keylayout.Faroese,,False,True,False,False
"""",2,com.apple.keylayout.Faroese,,False,True,False,False
#,3,com.apple.keylayout.Faroese,,False,True,False,False
€,4,com.apple.keylayout.Faroese,,False,True,False,False
&,6,com.apple.keylayout.Faroese,,False,True,False,False
%,5,com.apple.keylayout.Faroese,,False,True,False,False
),9,com.apple.keylayout.Faroese,,False,True,False,False
/,7,com.apple.keylayout.Faroese,,False,True,False,False
?,+,com.apple.keylayout.Faroese,,False,True,False,False
(,8,com.apple.keylayout.Faroese,,False,True,False,False
=,0,com.apple.keylayout.Faroese,,False,True,False,False
Ð,ð,com.apple.keylayout.Faroese,,False,True,False,False
O,o,com.apple.keylayout.Faroese,,False,True,False,False
U,u,com.apple.keylayout.Faroese,,False,True,False,False
Å,å,com.apple.keylayout.Faroese,,False,True,False,False
I,i,com.apple.keylayout.Faroese,,False,True,False,False
P,p,com.apple.keylayout.Faroese,,False,True,False,False
L,l,com.apple.keylayout.Faroese,,False,True,False,False
J,j,com.apple.keylayout.Faroese,,False,True,False,False
Ø,ø,com.apple.keylayout.Faroese,,False,True,False,False
K,k,com.apple.keylayout.Faroese,,False,True,False,False
Æ,æ,com.apple.keylayout.Faroese,,False,True,False,False
*,',com.apple.keylayout.Faroese,,False,True,False,False
;,",",com.apple.keylayout.Faroese,,False,True,False,False
_,-,com.apple.keylayout.Faroese,,False,True,False,False
N,n,com.apple.keylayout.Faroese,,False,True,False,False
M,m,com.apple.keylayout.Faroese,,False,True,False,False
:,.,com.apple.keylayout.Faroese,,False,True,False,False
 , ,com.apple.keylayout.Faroese,,False,True,False,False
>,<,com.apple.keylayout.Faroese,50,False,True,False,False
ª,a,com.apple.keylayout.Faroese,,True,False,False,False
ß,s,com.apple.keylayout.Faroese,,True,False,False,False
∂,d,com.apple.keylayout.Faroese,,True,False,False,False
ƒ,f,com.apple.keylayout.Faroese,,True,False,False,False
«,h,com.apple.keylayout.Faroese,,True,False,False,False
©,g,com.apple.keylayout.Faroese,,True,False,False,False
Ω,z,com.apple.keylayout.Faroese,,True,False,False,False
…,x,com.apple.keylayout.Faroese,,True,False,False,False
ç,c,com.apple.keylayout.Faroese,,True,False,False,False
√,v,com.apple.keylayout.Faroese,,True,False,False,False
,$,com.apple.keylayout.Faroese,10,True,False,False,False
∫,b,com.apple.keylayout.Faroese,,True,False,False,False
°,q,com.apple.keylayout.Faroese,,True,False,False,False
∑,w,com.apple.keylayout.Faroese,,True,False,False,False
é,e,com.apple.keylayout.Faroese,,True,False,False,False
®,r,com.apple.keylayout.Faroese,,True,False,False,False
¥,y,com.apple.keylayout.Faroese,,True,False,False,False
™,t,com.apple.keylayout.Faroese,,True,False,False,False
¡,1,com.apple.keylayout.Faroese,,True,False,False,False
“,2,com.apple.keylayout.Faroese,,True,False,False,False
§,3,com.apple.keylayout.Faroese,,True,False,False,False
£,4,com.apple.keylayout.Faroese,,True,False,False,False
þ,6,com.apple.keylayout.Faroese,,True,False,False,False
∞,5,com.apple.keylayout.Faroese,,True,False,False,False
],9,com.apple.keylayout.Faroese,,True,False,False,False
¶,7,com.apple.keylayout.Faroese,,True,False,False,False
±,+,com.apple.keylayout.Faroese,,True,False,False,False
[,8,com.apple.keylayout.Faroese,,True,False,False,False
≠,0,com.apple.keylayout.Faroese,,True,False,False,False
œ,o,com.apple.keylayout.Faroese,,True,False,False,False
ü,u,com.apple.keylayout.Faroese,,True,False,False,False
‘,å,com.apple.keylayout.Faroese,,True,False,False,False
|,i,com.apple.keylayout.Faroese,,True,False,False,False
π,p,com.apple.keylayout.Faroese,,True,False,False,False
¬,l,com.apple.keylayout.Faroese,,True,False,False,False
<,j,com.apple.keylayout.Faroese,,True,False,False,False
∆,k,com.apple.keylayout.Faroese,,True,False,False,False
ä,æ,com.apple.keylayout.Faroese,,True,False,False,False
@,',com.apple.keylayout.Faroese,,True,False,False,False
",",",",com.apple.keylayout.Faroese,,True,False,False,False
–,-,com.apple.keylayout.Faroese,,True,False,False,False
ñ,n,com.apple.keylayout.Faroese,,True,False,False,False
µ,m,com.apple.keylayout.Faroese,,True,False,False,False
·,.,com.apple.keylayout.Faroese,,True,False,False,False
 , ,com.apple.keylayout.Faroese,,True,False,False,False
≤,<,com.apple.keylayout.Faroese,50,True,False,False,False
Ê,a,com.apple.keylayout.Faroese,,True,True,False,False
˘,s,com.apple.keylayout.Faroese,,True,True,False,False
ˇ,d,com.apple.keylayout.Faroese,,True,True,False,False
Ä,f,com.apple.keylayout.Faroese,,True,True,False,False
»,h,com.apple.keylayout.Faroese,,True,True,False,False
Á,g,com.apple.keylayout.Faroese,,True,True,False,False
¸,z,com.apple.keylayout.Faroese,,True,True,False,False
˙,x,com.apple.keylayout.Faroese,,True,True,False,False
Ç,c,com.apple.keylayout.Faroese,,True,True,False,False
◊,v,com.apple.keylayout.Faroese,,True,True,False,False
',$,com.apple.keylayout.Faroese,10,True,True,False,False
Ë,b,com.apple.keylayout.Faroese,,True,True,False,False
•,q,com.apple.keylayout.Faroese,,True,True,False,False
·,w,com.apple.keylayout.Faroese,,True,True,False,False
É,e,com.apple.keylayout.Faroese,,True,True,False,False
Â,r,com.apple.keylayout.Faroese,,True,True,False,False
Ÿ,y,com.apple.keylayout.Faroese,,True,True,False,False
Ÿ,t,com.apple.keylayout.Faroese,,True,True,False,False
¯,1,com.apple.keylayout.Faroese,,True,True,False,False
”,2,com.apple.keylayout.Faroese,,True,True,False,False
$,3,com.apple.keylayout.Faroese,,True,True,False,False
¢,4,com.apple.keylayout.Faroese,,True,True,False,False
Þ,6,com.apple.keylayout.Faroese,,True,True,False,False
‰,5,com.apple.keylayout.Faroese,,True,True,False,False
},9,com.apple.keylayout.Faroese,,True,True,False,False
\,7,com.apple.keylayout.Faroese,,True,True,False,False
¿,+,com.apple.keylayout.Faroese,,True,True,False,False
{,8,com.apple.keylayout.Faroese,,True,True,False,False
≈,0,com.apple.keylayout.Faroese,,True,True,False,False
Œ,o,com.apple.keylayout.Faroese,,True,True,False,False
Ü,u,com.apple.keylayout.Faroese,,True,True,False,False
’,å,com.apple.keylayout.Faroese,,True,True,False,False
ı,i,com.apple.keylayout.Faroese,,True,True,False,False
∏,p,com.apple.keylayout.Faroese,,True,True,False,False
Ë,l,com.apple.keylayout.Faroese,,True,True,False,False
>,j,com.apple.keylayout.Faroese,,True,True,False,False
Ö,ø,com.apple.keylayout.Faroese,,True,True,False,False
˜,k,com.apple.keylayout.Faroese,,True,True,False,False
Ä,æ,com.apple.keylayout.Faroese,,True,True,False,False
º,',com.apple.keylayout.Faroese,,True,True,False,False
„,",",com.apple.keylayout.Faroese,,True,True,False,False
—,-,com.apple.keylayout.Faroese,,True,True,False,False
Ñ,n,com.apple.keylayout.Faroese,,True,True,False,False
˛,m,com.apple.keylayout.Faroese,,True,True,False,False
÷,.,com.apple.keylayout.Faroese,,True,True,False,False
 , ,com.apple.keylayout.Faroese,,True,True,False,False
≥,<,com.apple.keylayout.Faroese,50,True,True,False,False
a,a,com.apple.keylayout.Romanian,,False,False,False,False
s,s,com.apple.keylayout.Romanian,,False,False,False,False
d,d,com.apple.keylayout.Romanian,,False,False,False,False
f,f,com.apple.keylayout.Romanian,,False,False,False,False
h,h,com.apple.keylayout.Romanian,,False,False,False,False
g,g,com.apple.keylayout.Romanian,,False,False,False,False
z,z,com.apple.keylayout.Romanian,,False,False,False,False
x,x,com.apple.keylayout.Romanian,,False,False,False,False
c,c,com.apple.keylayout.Romanian,,False,False,False,False
v,v,com.apple.keylayout.Romanian,,False,False,False,False
ș,ș,com.apple.keylayout.Romanian,10,False,False,False,False
b,b,com.apple.keylayout.Romanian,,False,False,False,False
q,q,com.apple.keylayout.Romanian,,False,False,False,False
w,w,com.apple.keylayout.Romanian,,False,False,False,False
e,e,com.apple.keylayout.Romanian,,False,False,False,False
r,r,com.apple.keylayout.Romanian,,False,False,False,False
y,y,com.apple.keylayout.Romanian,,False,False,False,False
t,t,com.apple.keylayout.Romanian,,False,False,False,False
1,1,com.apple.keylayout.Romanian,,False,False,False,False
2,2,com.apple.keylayout.Romanian,,False,False,False,False
3,3,com.apple.keylayout.Romanian,,False,False,False,False
4,4,com.apple.keylayout.Romanian,,False,False,False,False
6,6,com.apple.keylayout.Romanian,,False,False,False,False
5,5,com.apple.keylayout.Romanian,,False,False,False,False
=,=,com.apple.keylayout.Romanian,,False,False,False,False
9,9,com.apple.keylayout.Romanian,,False,False,False,False
7,7,com.apple.keylayout.Romanian,,False,False,False,False
-,-,com.apple.keylayout.Romanian,,False,False,False,False
8,8,com.apple.keylayout.Romanian,,False,False,False,False
0,0,com.apple.keylayout.Romanian,,False,False,False,False
â,â,com.apple.keylayout.Romanian,,False,False,False,False
o,o,com.apple.keylayout.Romanian,,False,False,False,False
u,u,com.apple.keylayout.Romanian,,False,False,False,False
ă,ă,com.apple.keylayout.Romanian,,False,False,False,False
i,i,com.apple.keylayout.Romanian,,False,False,False,False
p,p,com.apple.keylayout.Romanian,,False,False,False,False
l,l,com.apple.keylayout.Romanian,,False,False,False,False
j,j,com.apple.keylayout.Romanian,,False,False,False,False
',',com.apple.keylayout.Romanian,,False,False,False,False
k,k,com.apple.keylayout.Romanian,,False,False,False,False
;,;,com.apple.keylayout.Romanian,,False,False,False,False
ț,ț,com.apple.keylayout.Romanian,,False,False,False,False
",",",",com.apple.keylayout.Romanian,,False,False,False,False
/,/,com.apple.keylayout.Romanian,,False,False,False,False
n,n,com.apple.keylayout.Romanian,,False,False,False,False
m,m,com.apple.keylayout.Romanian,,False,False,False,False
.,.,com.apple.keylayout.Romanian,,False,False,False,False
 , ,com.apple.keylayout.Romanian,,False,False,False,False
î,î,com.apple.keylayout.Romanian,50,False,False,False,False
A,a,com.apple.keylayout.Romanian,,False,True,False,False
S,s,com.apple.keylayout.Romanian,,False,True,False,False
D,d,com.apple.keylayout.Romanian,,False,True,False,False
F,f,com.apple.keylayout.Romanian,,False,True,False,False
H,h,com.apple.keylayout.Romanian,,False,True,False,False
G,g,com.apple.keylayout.Romanian,,False,True,False,False
Z,z,com.apple.keylayout.Romanian,,False,True,False,False
X,x,com.apple.keylayout.Romanian,,False,True,False,False
C,c,com.apple.keylayout.Romanian,,False,True,False,False
V,v,com.apple.keylayout.Romanian,,False,True,False,False
Ș,ș,com.apple.keylayout.Romanian,10,False,True,False,False
B,b,com.apple.keylayout.Romanian,,False,True,False,False
Q,q,com.apple.keylayout.Romanian,,False,True,False,False
W,w,com.apple.keylayout.Romanian,,False,True,False,False
E,e,com.apple.keylayout.Romanian,,False,True,False,False
R,r,com.apple.keylayout.Romanian,,False,True,False,False
Y,y,com.apple.keylayout.Romanian,,False,True,False,False
T,t,com.apple.keylayout.Romanian,,False,True,False,False
!,1,com.apple.keylayout.Romanian,,False,True,False,False
@,2,com.apple.keylayout.Romanian,,False,True,False,False
#,3,com.apple.keylayout.Romanian,,False,True,False,False
$,4,com.apple.keylayout.Romanian,,False,True,False,False
^,6,com.apple.keylayout.Romanian,,False,True,False,False
%,5,com.apple.keylayout.Romanian,,False,True,False,False
+,=,com.apple.keylayout.Romanian,,False,True,False,False
(,9,com.apple.keylayout.Romanian,,False,True,False,False
&,7,com.apple.keylayout.Romanian,,False,True,False,False
_,-,com.apple.keylayout.Romanian,,False,True,False,False
*,8,com.apple.keylayout.Romanian,,False,True,False,False
),0,com.apple.keylayout.Romanian,,False,True,False,False
Â,â,com.apple.keylayout.Romanian,,False,True,False,False
O,o,com.apple.keylayout.Romanian,,False,True,False,False
U,u,com.apple.keylayout.Romanian,,False,True,False,False
Ă,ă,com.apple.keylayout.Romanian,,False,True,False,False
I,i,com.apple.keylayout.Romanian,,False,True,False,False
P,p,com.apple.keylayout.Romanian,,False,True,False,False
L,l,com.apple.keylayout.Romanian,,False,True,False,False
J,j,com.apple.keylayout.Romanian,,False,True,False,False
"""",',com.apple.keylayout.Romanian,,False,True,False,False
K,k,com.apple.keylayout.Romanian,,False,True,False,False
:,;,com.apple.keylayout.Romanian,,False,True,False,False
Ț,ț,com.apple.keylayout.Romanian,,False,True,False,False
<,",",com.apple.keylayout.Romanian,,False,True,False,False
?,/,com.apple.keylayout.Romanian,,False,True,False,False
N,n,com.apple.keylayout.Romanian,,False,True,False,False
M,m,com.apple.keylayout.Romanian,,False,True,False,False
>,.,com.apple.keylayout.Romanian,,False,True,False,False
 , ,com.apple.keylayout.Romanian,,False,True,False,False
Î,î,com.apple.keylayout.Romanian,50,False,True,False,False
å,a,com.apple.keylayout.Romanian,,True,False,False,False
ß,s,com.apple.keylayout.Romanian,,True,False,False,False
∂,d,com.apple.keylayout.Romanian,,True,False,False,False
ƒ,f,com.apple.keylayout.Romanian,,True,False,False,False
˙,h,com.apple.keylayout.Romanian,,True,False,False,False
©,g,com.apple.keylayout.Romanian,,True,False,False,False
Ω,z,com.apple.keylayout.Romanian,,True,False,False,False
≈,x,com.apple.keylayout.Romanian,,True,False,False,False
ç,c,com.apple.keylayout.Romanian,,True,False,False,False
√,v,com.apple.keylayout.Romanian,,True,False,False,False
`,ș,com.apple.keylayout.Romanian,10,True,False,False,False
∫,b,com.apple.keylayout.Romanian,,True,False,False,False
œ,q,com.apple.keylayout.Romanian,,True,False,False,False
∑,w,com.apple.keylayout.Romanian,,True,False,False,False
®,r,com.apple.keylayout.Romanian,,True,False,False,False
†,t,com.apple.keylayout.Romanian,,True,False,False,False
¡,1,com.apple.keylayout.Romanian,,True,False,False,False
™,2,com.apple.keylayout.Romanian,,True,False,False,False
£,3,com.apple.keylayout.Romanian,,True,False,False,False
¢,4,com.apple.keylayout.Romanian,,True,False,False,False
§,6,com.apple.keylayout.Romanian,,True,False,False,False
∞,5,com.apple.keylayout.Romanian,,True,False,False,False
≠,=,com.apple.keylayout.Romanian,,True,False,False,False
ª,9,com.apple.keylayout.Romanian,,True,False,False,False
¶,7,com.apple.keylayout.Romanian,,True,False,False,False
–,-,com.apple.keylayout.Romanian,,True,False,False,False
•,8,com.apple.keylayout.Romanian,,True,False,False,False
º,0,com.apple.keylayout.Romanian,,True,False,False,False
],â,com.apple.keylayout.Romanian,,True,False,False,False
“,o,com.apple.keylayout.Romanian,,True,False,False,False
[,ă,com.apple.keylayout.Romanian,,True,False,False,False
π,p,com.apple.keylayout.Romanian,,True,False,False,False
¬,l,com.apple.keylayout.Romanian,,True,False,False,False
∆,j,com.apple.keylayout.Romanian,,True,False,False,False
‘,',com.apple.keylayout.Romanian,,True,False,False,False
˚,k,com.apple.keylayout.Romanian,,True,False,False,False
…,;,com.apple.keylayout.Romanian,,True,False,False,False
\,ț,com.apple.keylayout.Romanian,,True,False,False,False
≤,",",com.apple.keylayout.Romanian,,True,False,False,False
÷,/,com.apple.keylayout.Romanian,,True,False,False,False
µ,m,com.apple.keylayout.Romanian,,True,False,False,False
≥,.,com.apple.keylayout.Romanian,,True,False,False,False
 , ,com.apple.keylayout.Romanian,,True,False,False,False
§,î,com.apple.keylayout.Romanian,50,True,False,False,False
Å,a,com.apple.keylayout.Romanian,,True,True,False,False
Í,s,com.apple.keylayout.Romanian,,True,True,False,False
`,d,com.apple.keylayout.Romanian,,True,True,False,False
Ï,f,com.apple.keylayout.Romanian,,True,True,False,False
Ó,h,com.apple.keylayout.Romanian,,True,True,False,False
˝,g,com.apple.keylayout.Romanian,,True,True,False,False
¸,z,com.apple.keylayout.Romanian,,True,True,False,False
˛,x,com.apple.keylayout.Romanian,,True,True,False,False
Ç,c,com.apple.keylayout.Romanian,,True,True,False,False
◊,v,com.apple.keylayout.Romanian,,True,True,False,False
~,ș,com.apple.keylayout.Romanian,10,True,True,False,False
ı,b,com.apple.keylayout.Romanian,,True,True,False,False
Œ,q,com.apple.keylayout.Romanian,,True,True,False,False
„,w,com.apple.keylayout.Romanian,,True,True,False,False
´,e,com.apple.keylayout.Romanian,,True,True,False,False
‰,r,com.apple.keylayout.Romanian,,True,True,False,False
Á,y,com.apple.keylayout.Romanian,,True,True,False,False
ˇ,t,com.apple.keylayout.Romanian,,True,True,False,False
⁄,1,com.apple.keylayout.Romanian,,True,True,False,False
€,2,com.apple.keylayout.Romanian,,True,True,False,False
‹,3,com.apple.keylayout.Romanian,,True,True,False,False
›,4,com.apple.keylayout.Romanian,,True,True,False,False
»,6,com.apple.keylayout.Romanian,,True,True,False,False
«,5,com.apple.keylayout.Romanian,,True,True,False,False
±,=,com.apple.keylayout.Romanian,,True,True,False,False
·,9,com.apple.keylayout.Romanian,,True,True,False,False
‡,7,com.apple.keylayout.Romanian,,True,True,False,False
—,-,com.apple.keylayout.Romanian,,True,True,False,False
°,8,com.apple.keylayout.Romanian,,True,True,False,False
‚,0,com.apple.keylayout.Romanian,,True,True,False,False
},â,com.apple.keylayout.Romanian,,True,True,False,False
”,o,com.apple.keylayout.Romanian,,True,True,False,False
¨,u,com.apple.keylayout.Romanian,,True,True,False,False
{,ă,com.apple.keylayout.Romanian,,True,True,False,False
ˆ,i,com.apple.keylayout.Romanian,,True,True,False,False
∏,p,com.apple.keylayout.Romanian,,True,True,False,False
Ò,l,com.apple.keylayout.Romanian,,True,True,False,False
Ô,j,com.apple.keylayout.Romanian,,True,True,False,False
’,',com.apple.keylayout.Romanian,,True,True,False,False
,k,com.apple.keylayout.Romanian,,True,True,False,False
Ú,;,com.apple.keylayout.Romanian,,True,True,False,False
|,ț,com.apple.keylayout.Romanian,,True,True,False,False
¯,",",com.apple.keylayout.Romanian,,True,True,False,False
¿,/,com.apple.keylayout.Romanian,,True,True,False,False
˜,n,com.apple.keylayout.Romanian,,True,True,False,False
¥,m,com.apple.keylayout.Romanian,,True,True,False,False
˘,.,com.apple.keylayout.Romanian,,True,True,False,False
 , ,com.apple.keylayout.Romanian,,True,True,False,False
±,î,com.apple.keylayout.Romanian,50,True,True,False,False
ش,ش,com.apple.keylayout.AfghanUzbek,,False,False,False,False
س,س,com.apple.keylayout.AfghanUzbek,,False,False,False,False
ی,ی,com.apple.keylayout.AfghanUzbek,,False,False,False,False
ب,ب,com.apple.keylayout.AfghanUzbek,,False,False,False,False
ا,ا,com.apple.keylayout.AfghanUzbek,,False,False,False,False
ل,ل,com.apple.keylayout.AfghanUzbek,,False,False,False,False
ظ,ظ,com.apple.keylayout.AfghanUzbek,,False,False,False,False
ط,ط,com.apple.keylayout.AfghanUzbek,,False,False,False,False
ز,ز,com.apple.keylayout.AfghanUzbek,,False,False,False,False
ر,ر,com.apple.keylayout.AfghanUzbek,,False,False,False,False
‍,‍,com.apple.keylayout.AfghanUzbek,10,False,False,False,False
ذ,ذ,com.apple.keylayout.AfghanUzbek,,False,False,False,False
ض,ض,com.apple.keylayout.AfghanUzbek,,False,False,False,False
ص,ص,com.apple.keylayout.AfghanUzbek,,False,False,False,False
ث,ث,com.apple.keylayout.AfghanUzbek,,False,False,False,False
ق,ق,com.apple.keylayout.AfghanUzbek,,False,False,False,False
غ,غ,com.apple.keylayout.AfghanUzbek,,False,False,False,False
ف,ف,com.apple.keylayout.AfghanUzbek,,False,False,False,False
۱,۱,com.apple.keylayout.AfghanUzbek,,False,False,False,False
۲,۲,com.apple.keylayout.AfghanUzbek,,False,False,False,False
۳,۳,com.apple.keylayout.AfghanUzbek,,False,False,False,False
۴,۴,com.apple.keylayout.AfghanUzbek,,False,False,False,False
۶,۶,com.apple.keylayout.AfghanUzbek,,False,False,False,False
۵,۵,com.apple.keylayout.AfghanUzbek,,False,False,False,False
=,=,com.apple.keylayout.AfghanUzbek,,False,False,False,False
۹,۹,com.apple.keylayout.AfghanUzbek,,False,False,False,False
۷,۷,com.apple.keylayout.AfghanUzbek,,False,False,False,False
-,-,com.apple.keylayout.AfghanUzbek,,False,False,False,False
۸,۸,com.apple.keylayout.AfghanUzbek,,False,False,False,False
۰,۰,com.apple.keylayout.AfghanUzbek,,False,False,False,False
چ,چ,com.apple.keylayout.AfghanUzbek,,False,False,False,False
خ,خ,com.apple.keylayout.AfghanUzbek,,False,False,False,False
ع,ع,com.apple.keylayout.AfghanUzbek,,False,False,False,False
ج,ج,com.apple.keylayout.AfghanUzbek,,False,False,False,False
ه,ه,com.apple.keylayout.AfghanUzbek,,False,False,False,False
ح,ح,com.apple.keylayout.AfghanUzbek,,False,False,False,False
م,م,com.apple.keylayout.AfghanUzbek,,False,False,False,False
ت,ت,com.apple.keylayout.AfghanUzbek,,False,False,False,False
گ,گ,com.apple.keylayout.AfghanUzbek,,False,False,False,False
ن,ن,com.apple.keylayout.AfghanUzbek,,False,False,False,False
ک,ک,com.apple.keylayout.AfghanUzbek,,False,False,False,False
\,\,com.apple.keylayout.AfghanUzbek,,False,False,False,False
و,و,com.apple.keylayout.AfghanUzbek,,False,False,False,False
/,/,com.apple.keylayout.AfghanUzbek,,False,False,False,False
د,د,com.apple.keylayout.AfghanUzbek,,False,False,False,False
پ,پ,com.apple.keylayout.AfghanUzbek,,False,False,False,False
.,.,com.apple.keylayout.AfghanUzbek,,False,False,False,False
 , ,com.apple.keylayout.AfghanUzbek,,False,False,False,False
‍,‍,com.apple.keylayout.AfghanUzbek,50,False,False,False,False
ؤ,ش,com.apple.keylayout.AfghanUzbek,,False,True,False,False
ئ,س,com.apple.keylayout.AfghanUzbek,,False,True,False,False
ي,ی,com.apple.keylayout.AfghanUzbek,,False,True,False,False
ې,ب,com.apple.keylayout.AfghanUzbek,,False,True,False,False
آ,ا,com.apple.keylayout.AfghanUzbek,,False,True,False,False
أ,ل,com.apple.keylayout.AfghanUzbek,,False,True,False,False
ۉ,ظ,com.apple.keylayout.AfghanUzbek,,False,True,False,False
ۇ,ط,com.apple.keylayout.AfghanUzbek,,False,True,False,False
ژ,ز,com.apple.keylayout.AfghanUzbek,,False,True,False,False
إ,ر,com.apple.keylayout.AfghanUzbek,,False,True,False,False
÷,‍,com.apple.keylayout.AfghanUzbek,10,False,True,False,False
‌,ذ,com.apple.keylayout.AfghanUzbek,,False,True,False,False
ْ,ض,com.apple.keylayout.AfghanUzbek,,False,True,False,False
ٌ,ص,com.apple.keylayout.AfghanUzbek,,False,True,False,False
ٍ,ث,com.apple.keylayout.AfghanUzbek,,False,True,False,False
ً,ق,com.apple.keylayout.AfghanUzbek,,False,True,False,False
ِ,غ,com.apple.keylayout.AfghanUzbek,,False,True,False,False
ُ,ف,com.apple.keylayout.AfghanUzbek,,False,True,False,False
!,۱,com.apple.keylayout.AfghanUzbek,,False,True,False,False
٬,۲,com.apple.keylayout.AfghanUzbek,,False,True,False,False
٫,۳,com.apple.keylayout.AfghanUzbek,,False,True,False,False
؋,۴,com.apple.keylayout.AfghanUzbek,,False,True,False,False
×,۶,com.apple.keylayout.AfghanUzbek,,False,True,False,False
٪,۵,com.apple.keylayout.AfghanUzbek,,False,True,False,False
+,=,com.apple.keylayout.AfghanUzbek,,False,True,False,False
),۹,com.apple.keylayout.AfghanUzbek,,False,True,False,False
،,۷,com.apple.keylayout.AfghanUzbek,,False,True,False,False
ـ,-,com.apple.keylayout.AfghanUzbek,,False,True,False,False
*,۸,com.apple.keylayout.AfghanUzbek,,False,True,False,False
(,۰,com.apple.keylayout.AfghanUzbek,,False,True,False,False
{,چ,com.apple.keylayout.AfghanUzbek,,False,True,False,False
],خ,com.apple.keylayout.AfghanUzbek,,False,True,False,False
َ,ع,com.apple.keylayout.AfghanUzbek,,False,True,False,False
},ج,com.apple.keylayout.AfghanUzbek,,False,True,False,False
ّ,ه,com.apple.keylayout.AfghanUzbek,,False,True,False,False
[,ح,com.apple.keylayout.AfghanUzbek,,False,True,False,False
»,م,com.apple.keylayout.AfghanUzbek,,False,True,False,False
ة,ت,com.apple.keylayout.AfghanUzbek,,False,True,False,False
؛,گ,com.apple.keylayout.AfghanUzbek,,False,True,False,False
«,ن,com.apple.keylayout.AfghanUzbek,,False,True,False,False
:,ک,com.apple.keylayout.AfghanUzbek,,False,True,False,False
|,\,com.apple.keylayout.AfghanUzbek,,False,True,False,False
<,و,com.apple.keylayout.AfghanUzbek,,False,True,False,False
؟,/,com.apple.keylayout.AfghanUzbek,,False,True,False,False
ٔ,د,com.apple.keylayout.AfghanUzbek,,False,True,False,False
ء,پ,com.apple.keylayout.AfghanUzbek,,False,True,False,False
>,.,com.apple.keylayout.AfghanUzbek,,False,True,False,False
‌, ,com.apple.keylayout.AfghanUzbek,,False,True,False,False
÷,‍,com.apple.keylayout.AfghanUzbek,50,False,True,False,False
ښ,ش,com.apple.keylayout.AfghanUzbek,,True,False,False,False
ۍ,س,com.apple.keylayout.AfghanUzbek,,True,False,False,False
ى,ی,com.apple.keylayout.AfghanUzbek,,True,False,False,False
ك,ب,com.apple.keylayout.AfghanUzbek,,True,False,False,False
ٱ,ا,com.apple.keylayout.AfghanUzbek,,True,False,False,False
ڷ,ل,com.apple.keylayout.AfghanUzbek,,True,False,False,False
ے,ظ,com.apple.keylayout.AfghanUzbek,,True,False,False,False
ڑ,ط,com.apple.keylayout.AfghanUzbek,,True,False,False,False
ږ,ز,com.apple.keylayout.AfghanUzbek,,True,False,False,False
ړ,ر,com.apple.keylayout.AfghanUzbek,,True,False,False,False
~,‍,com.apple.keylayout.AfghanUzbek,10,True,False,False,False
ڈ,ذ,com.apple.keylayout.AfghanUzbek,,True,False,False,False
°,ض,com.apple.keylayout.AfghanUzbek,,True,False,False,False
ٓ,ص,com.apple.keylayout.AfghanUzbek,,True,False,False,False
€,ث,com.apple.keylayout.AfghanUzbek,,True,False,False,False
﴿,ق,com.apple.keylayout.AfghanUzbek,,True,False,False,False
ٖ,غ,com.apple.keylayout.AfghanUzbek,,True,False,False,False
﴾,ف,com.apple.keylayout.AfghanUzbek,,True,False,False,False
`,۱,com.apple.keylayout.AfghanUzbek,,True,False,False,False
@,۲,com.apple.keylayout.AfghanUzbek,,True,False,False,False
#,۳,com.apple.keylayout.AfghanUzbek,,True,False,False,False
$,۴,com.apple.keylayout.AfghanUzbek,,True,False,False,False
^,۶,com.apple.keylayout.AfghanUzbek,,True,False,False,False
%,۵,com.apple.keylayout.AfghanUzbek,,True,False,False,False
—,=,com.apple.keylayout.AfghanUzbek,,True,False,False,False
‎,۹,com.apple.keylayout.AfghanUzbek,,True,False,False,False
&,۷,com.apple.keylayout.AfghanUzbek,,True,False,False,False
_,-,com.apple.keylayout.AfghanUzbek,,True,False,False,False
•,۸,com.apple.keylayout.AfghanUzbek,,True,False,False,False
‏,۰,com.apple.keylayout.AfghanUzbek,,True,False,False,False
څ,چ,com.apple.keylayout.AfghanUzbek,,True,False,False,False
',خ,com.apple.keylayout.AfghanUzbek,,True,False,False,False
ٙ,ع,com.apple.keylayout.AfghanUzbek,,True,False,False,False
ځ,ج,com.apple.keylayout.AfghanUzbek,,True,False,False,False
ٰ,ه,com.apple.keylayout.AfghanUzbek,,True,False,False,False
"""",ح,com.apple.keylayout.AfghanUzbek,,True,False,False,False
ں,م,com.apple.keylayout.AfghanUzbek,,True,False,False,False
ټ,ت,com.apple.keylayout.AfghanUzbek,,True,False,False,False
ګ,گ,com.apple.keylayout.AfghanUzbek,,True,False,False,False
ڼ,ن,com.apple.keylayout.AfghanUzbek,,True,False,False,False
;,ک,com.apple.keylayout.AfghanUzbek,,True,False,False,False
?,\,com.apple.keylayout.AfghanUzbek,,True,False,False,False
",",و,com.apple.keylayout.AfghanUzbek,,True,False,False,False
ٕ,/,com.apple.keylayout.AfghanUzbek,,True,False,False,False
ډ,د,com.apple.keylayout.AfghanUzbek,,True,False,False,False
ٹ,پ,com.apple.keylayout.AfghanUzbek,,True,False,False,False
…,.,com.apple.keylayout.AfghanUzbek,,True,False,False,False
 , ,com.apple.keylayout.AfghanUzbek,,True,False,False,False
`,‍,com.apple.keylayout.AfghanUzbek,50,True,False,False,False
ښ,ش,com.apple.keylayout.AfghanUzbek,,True,True,False,False
ۍ,س,com.apple.keylayout.AfghanUzbek,,True,True,False,False
ى,ی,com.apple.keylayout.AfghanUzbek,,True,True,False,False
ك,ب,com.apple.keylayout.AfghanUzbek,,True,True,False,False
ٱ,ا,com.apple.keylayout.AfghanUzbek,,True,True,False,False
ڷ,ل,com.apple.keylayout.AfghanUzbek,,True,True,False,False
ے,ظ,com.apple.keylayout.AfghanUzbek,,True,True,False,False
ڑ,ط,com.apple.keylayout.AfghanUzbek,,True,True,False,False
ږ,ز,com.apple.keylayout.AfghanUzbek,,True,True,False,False
ړ,ر,com.apple.keylayout.AfghanUzbek,,True,True,False,False
~,‍,com.apple.keylayout.AfghanUzbek,10,True,True,False,False
ڈ,ذ,com.apple.keylayout.AfghanUzbek,,True,True,False,False
°,ض,com.apple.keylayout.AfghanUzbek,,True,True,False,False
ٓ,ص,com.apple.keylayout.AfghanUzbek,,True,True,False,False
€,ث,com.apple.keylayout.AfghanUzbek,,True,True,False,False
﴿,ق,com.apple.keylayout.AfghanUzbek,,True,True,False,False
ٖ,غ,com.apple.keylayout.AfghanUzbek,,True,True,False,False
﴾,ف,com.apple.keylayout.AfghanUzbek,,True,True,False,False
`,۱,com.apple.keylayout.AfghanUzbek,,True,True,False,False
@,۲,com.apple.keylayout.AfghanUzbek,,True,True,False,False
#,۳,com.apple.keylayout.AfghanUzbek,,True,True,False,False
$,۴,com.apple.keylayout.AfghanUzbek,,True,True,False,False
^,۶,com.apple.keylayout.AfghanUzbek,,True,True,False,False
%,۵,com.apple.keylayout.AfghanUzbek,,True,True,False,False
—,=,com.apple.keylayout.AfghanUzbek,,True,True,False,False
‎,۹,com.apple.keylayout.AfghanUzbek,,True,True,False,False
&,۷,com.apple.keylayout.AfghanUzbek,,True,True,False,False
_,-,com.apple.keylayout.AfghanUzbek,,True,True,False,False
•,۸,com.apple.keylayout.AfghanUzbek,,True,True,False,False
‏,۰,com.apple.keylayout.AfghanUzbek,,True,True,False,False
څ,چ,com.apple.keylayout.AfghanUzbek,,True,True,False,False
',خ,com.apple.keylayout.AfghanUzbek,,True,True,False,False
ٙ,ع,com.apple.keylayout.AfghanUzbek,,True,True,False,False
ځ,ج,com.apple.keylayout.AfghanUzbek,,True,True,False,False
ٰ,ه,com.apple.keylayout.AfghanUzbek,,True,True,False,False
"""",ح,com.apple.keylayout.AfghanUzbek,,True,True,False,False
ں,م,com.apple.keylayout.AfghanUzbek,,True,True,False,False
ټ,ت,com.apple.keylayout.AfghanUzbek,,True,True,False,False
ګ,گ,com.apple.keylayout.AfghanUzbek,,True,True,False,False
ڼ,ن,com.apple.keylayout.AfghanUzbek,,True,True,False,False
;,ک,com.apple.keylayout.AfghanUzbek,,True,True,False,False
?,\,com.apple.keylayout.AfghanUzbek,,True,True,False,False
",",و,com.apple.keylayout.AfghanUzbek,,True,True,False,False
ٕ,/,com.apple.keylayout.AfghanUzbek,,True,True,False,False
ډ,د,com.apple.keylayout.AfghanUzbek,,True,True,False,False
ٹ,پ,com.apple.keylayout.AfghanUzbek,,True,True,False,False
…,.,com.apple.keylayout.AfghanUzbek,,True,True,False,False
 , ,com.apple.keylayout.AfghanUzbek,,True,True,False,False
`,‍,com.apple.keylayout.AfghanUzbek,50,True,True,False,False
a,a,com.apple.keylayout.Maori,,False,False,False,False
s,s,com.apple.keylayout.Maori,,False,False,False,False
d,d,com.apple.keylayout.Maori,,False,False,False,False
f,f,com.apple.keylayout.Maori,,False,False,False,False
h,h,com.apple.keylayout.Maori,,False,False,False,False
g,g,com.apple.keylayout.Maori,,False,False,False,False
z,z,com.apple.keylayout.Maori,,False,False,False,False
x,x,com.apple.keylayout.Maori,,False,False,False,False
c,c,com.apple.keylayout.Maori,,False,False,False,False
v,v,com.apple.keylayout.Maori,,False,False,False,False
§,§,com.apple.keylayout.Maori,10,False,False,False,False
b,b,com.apple.keylayout.Maori,,False,False,False,False
q,q,com.apple.keylayout.Maori,,False,False,False,False
w,w,com.apple.keylayout.Maori,,False,False,False,False
e,e,com.apple.keylayout.Maori,,False,False,False,False
r,r,com.apple.keylayout.Maori,,False,False,False,False
y,y,com.apple.keylayout.Maori,,False,False,False,False
t,t,com.apple.keylayout.Maori,,False,False,False,False
1,1,com.apple.keylayout.Maori,,False,False,False,False
2,2,com.apple.keylayout.Maori,,False,False,False,False
3,3,com.apple.keylayout.Maori,,False,False,False,False
4,4,com.apple.keylayout.Maori,,False,False,False,False
6,6,com.apple.keylayout.Maori,,False,False,False,False
5,5,com.apple.keylayout.Maori,,False,False,False,False
=,=,com.apple.keylayout.Maori,,False,False,False,False
9,9,com.apple.keylayout.Maori,,False,False,False,False
7,7,com.apple.keylayout.Maori,,False,False,False,False
-,-,com.apple.keylayout.Maori,,False,False,False,False
8,8,com.apple.keylayout.Maori,,False,False,False,False
0,0,com.apple.keylayout.Maori,,False,False,False,False
],],com.apple.keylayout.Maori,,False,False,False,False
o,o,com.apple.keylayout.Maori,,False,False,False,False
u,u,com.apple.keylayout.Maori,,False,False,False,False
[,[,com.apple.keylayout.Maori,,False,False,False,False
i,i,com.apple.keylayout.Maori,,False,False,False,False
p,p,com.apple.keylayout.Maori,,False,False,False,False
l,l,com.apple.keylayout.Maori,,False,False,False,False
j,j,com.apple.keylayout.Maori,,False,False,False,False
',',com.apple.keylayout.Maori,,False,False,False,False
k,k,com.apple.keylayout.Maori,,False,False,False,False
;,;,com.apple.keylayout.Maori,,False,False,False,False
\,\,com.apple.keylayout.Maori,,False,False,False,False
",",",",com.apple.keylayout.Maori,,False,False,False,False
/,/,com.apple.keylayout.Maori,,False,False,False,False
n,n,com.apple.keylayout.Maori,,False,False,False,False
m,m,com.apple.keylayout.Maori,,False,False,False,False
.,.,com.apple.keylayout.Maori,,False,False,False,False
 , ,com.apple.keylayout.Maori,,False,False,False,False
A,a,com.apple.keylayout.Maori,,False,True,False,False
S,s,com.apple.keylayout.Maori,,False,True,False,False
D,d,com.apple.keylayout.Maori,,False,True,False,False
F,f,com.apple.keylayout.Maori,,False,True,False,False
H,h,com.apple.keylayout.Maori,,False,True,False,False
G,g,com.apple.keylayout.Maori,,False,True,False,False
Z,z,com.apple.keylayout.Maori,,False,True,False,False
X,x,com.apple.keylayout.Maori,,False,True,False,False
C,c,com.apple.keylayout.Maori,,False,True,False,False
V,v,com.apple.keylayout.Maori,,False,True,False,False
±,§,com.apple.keylayout.Maori,10,False,True,False,False
B,b,com.apple.keylayout.Maori,,False,True,False,False
Q,q,com.apple.keylayout.Maori,,False,True,False,False
W,w,com.apple.keylayout.Maori,,False,True,False,False
E,e,com.apple.keylayout.Maori,,False,True,False,False
R,r,com.apple.keylayout.Maori,,False,True,False,False
Y,y,com.apple.keylayout.Maori,,False,True,False,False
T,t,com.apple.keylayout.Maori,,False,True,False,False
!,1,com.apple.keylayout.Maori,,False,True,False,False
@,2,com.apple.keylayout.Maori,,False,True,False,False
#,3,com.apple.keylayout.Maori,,False,True,False,False
$,4,com.apple.keylayout.Maori,,False,True,False,False
^,6,com.apple.keylayout.Maori,,False,True,False,False
%,5,com.apple.keylayout.Maori,,False,True,False,False
+,=,com.apple.keylayout.Maori,,False,True,False,False
(,9,com.apple.keylayout.Maori,,False,True,False,False
&,7,com.apple.keylayout.Maori,,False,True,False,False
_,-,com.apple.keylayout.Maori,,False,True,False,False
*,8,com.apple.keylayout.Maori,,False,True,False,False
),0,com.apple.keylayout.Maori,,False,True,False,False
},],com.apple.keylayout.Maori,,False,True,False,False
O,o,com.apple.keylayout.Maori,,False,True,False,False
U,u,com.apple.keylayout.Maori,,False,True,False,False
{,[,com.apple.keylayout.Maori,,False,True,False,False
I,i,com.apple.keylayout.Maori,,False,True,False,False
P,p,com.apple.keylayout.Maori,,False,True,False,False
L,l,com.apple.keylayout.Maori,,False,True,False,False
J,j,com.apple.keylayout.Maori,,False,True,False,False
"""",',com.apple.keylayout.Maori,,False,True,False,False
K,k,com.apple.keylayout.Maori,,False,True,False,False
:,;,com.apple.keylayout.Maori,,False,True,False,False
|,\,com.apple.keylayout.Maori,,False,True,False,False
<,",",com.apple.keylayout.Maori,,False,True,False,False
?,/,com.apple.keylayout.Maori,,False,True,False,False
N,n,com.apple.keylayout.Maori,,False,True,False,False
M,m,com.apple.keylayout.Maori,,False,True,False,False
>,.,com.apple.keylayout.Maori,,False,True,False,False
 , ,com.apple.keylayout.Maori,,False,True,False,False
ā,a,com.apple.keylayout.Maori,,True,False,False,False
ß,s,com.apple.keylayout.Maori,,True,False,False,False
∂,d,com.apple.keylayout.Maori,,True,False,False,False
ƒ,f,com.apple.keylayout.Maori,,True,False,False,False
˙,h,com.apple.keylayout.Maori,,True,False,False,False
©,g,com.apple.keylayout.Maori,,True,False,False,False
Ω,z,com.apple.keylayout.Maori,,True,False,False,False
≈,x,com.apple.keylayout.Maori,,True,False,False,False
ç,c,com.apple.keylayout.Maori,,True,False,False,False
√,v,com.apple.keylayout.Maori,,True,False,False,False
§,§,com.apple.keylayout.Maori,10,True,False,False,False
∫,b,com.apple.keylayout.Maori,,True,False,False,False
œ,q,com.apple.keylayout.Maori,,True,False,False,False
∑,w,com.apple.keylayout.Maori,,True,False,False,False
ē,e,com.apple.keylayout.Maori,,True,False,False,False
®,r,com.apple.keylayout.Maori,,True,False,False,False
¥,y,com.apple.keylayout.Maori,,True,False,False,False
†,t,com.apple.keylayout.Maori,,True,False,False,False
¡,1,com.apple.keylayout.Maori,,True,False,False,False
™,2,com.apple.keylayout.Maori,,True,False,False,False
£,3,com.apple.keylayout.Maori,,True,False,False,False
¢,4,com.apple.keylayout.Maori,,True,False,False,False
§,6,com.apple.keylayout.Maori,,True,False,False,False
∞,5,com.apple.keylayout.Maori,,True,False,False,False
≠,=,com.apple.keylayout.Maori,,True,False,False,False
ª,9,com.apple.keylayout.Maori,,True,False,False,False
¶,7,com.apple.keylayout.Maori,,True,False,False,False
–,-,com.apple.keylayout.Maori,,True,False,False,False
•,8,com.apple.keylayout.Maori,,True,False,False,False
º,0,com.apple.keylayout.Maori,,True,False,False,False
‘,],com.apple.keylayout.Maori,,True,False,False,False
ō,o,com.apple.keylayout.Maori,,True,False,False,False
ū,u,com.apple.keylayout.Maori,,True,False,False,False
“,[,com.apple.keylayout.Maori,,True,False,False,False
ī,i,com.apple.keylayout.Maori,,True,False,False,False
π,p,com.apple.keylayout.Maori,,True,False,False,False
¬,l,com.apple.keylayout.Maori,,True,False,False,False
∆,j,com.apple.keylayout.Maori,,True,False,False,False
ʻ,',com.apple.keylayout.Maori,,True,False,False,False
˚,k,com.apple.keylayout.Maori,,True,False,False,False
…,;,com.apple.keylayout.Maori,,True,False,False,False
«,\,com.apple.keylayout.Maori,,True,False,False,False
≤,",",com.apple.keylayout.Maori,,True,False,False,False
÷,/,com.apple.keylayout.Maori,,True,False,False,False
n,n,com.apple.keylayout.Maori,,True,False,False,False
µ,m,com.apple.keylayout.Maori,,True,False,False,False
≥,.,com.apple.keylayout.Maori,,True,False,False,False
 , ,com.apple.keylayout.Maori,,True,False,False,False
Ā,a,com.apple.keylayout.Maori,,True,True,False,False
Í,s,com.apple.keylayout.Maori,,True,True,False,False
Î,d,com.apple.keylayout.Maori,,True,True,False,False
Ï,f,com.apple.keylayout.Maori,,True,True,False,False
Ó,h,com.apple.keylayout.Maori,,True,True,False,False
˝,g,com.apple.keylayout.Maori,,True,True,False,False
¸,z,com.apple.keylayout.Maori,,True,True,False,False
˛,x,com.apple.keylayout.Maori,,True,True,False,False
Ç,c,com.apple.keylayout.Maori,,True,True,False,False
◊,v,com.apple.keylayout.Maori,,True,True,False,False
±,§,com.apple.keylayout.Maori,10,True,True,False,False
ı,b,com.apple.keylayout.Maori,,True,True,False,False
Œ,q,com.apple.keylayout.Maori,,True,True,False,False
„,w,com.apple.keylayout.Maori,,True,True,False,False
Ē,e,com.apple.keylayout.Maori,,True,True,False,False
‰,r,com.apple.keylayout.Maori,,True,True,False,False
Á,y,com.apple.keylayout.Maori,,True,True,False,False
ˇ,t,com.apple.keylayout.Maori,,True,True,False,False
⁄,1,com.apple.keylayout.Maori,,True,True,False,False
€,2,com.apple.keylayout.Maori,,True,True,False,False
‹,3,com.apple.keylayout.Maori,,True,True,False,False
›,4,com.apple.keylayout.Maori,,True,True,False,False
ﬂ,6,com.apple.keylayout.Maori,,True,True,False,False
ﬁ,5,com.apple.keylayout.Maori,,True,True,False,False
±,=,com.apple.keylayout.Maori,,True,True,False,False
·,9,com.apple.keylayout.Maori,,True,True,False,False
‡,7,com.apple.keylayout.Maori,,True,True,False,False
—,-,com.apple.keylayout.Maori,,True,True,False,False
°,8,com.apple.keylayout.Maori,,True,True,False,False
‚,0,com.apple.keylayout.Maori,,True,True,False,False
’,],com.apple.keylayout.Maori,,True,True,False,False
Ō,o,com.apple.keylayout.Maori,,True,True,False,False
Ū,u,com.apple.keylayout.Maori,,True,True,False,False
”,[,com.apple.keylayout.Maori,,True,True,False,False
Ī,i,com.apple.keylayout.Maori,,True,True,False,False
∏,p,com.apple.keylayout.Maori,,True,True,False,False
Ò,l,com.apple.keylayout.Maori,,True,True,False,False
Ô,j,com.apple.keylayout.Maori,,True,True,False,False
ʻ,',com.apple.keylayout.Maori,,True,True,False,False
,k,com.apple.keylayout.Maori,,True,True,False,False
Ú,;,com.apple.keylayout.Maori,,True,True,False,False
»,\,com.apple.keylayout.Maori,,True,True,False,False
¯,",",com.apple.keylayout.Maori,,True,True,False,False
¿,/,com.apple.keylayout.Maori,,True,True,False,False
˜,n,com.apple.keylayout.Maori,,True,True,False,False
Â,m,com.apple.keylayout.Maori,,True,True,False,False
˘,.,com.apple.keylayout.Maori,,True,True,False,False
 , ,com.apple.keylayout.Maori,,True,True,False,False
a,a,com.apple.keylayout.Brazilian-Pro,,False,False,False,False
s,s,com.apple.keylayout.Brazilian-Pro,,False,False,False,False
d,d,com.apple.keylayout.Brazilian-Pro,,False,False,False,False
f,f,com.apple.keylayout.Brazilian-Pro,,False,False,False,False
h,h,com.apple.keylayout.Brazilian-Pro,,False,False,False,False
g,g,com.apple.keylayout.Brazilian-Pro,,False,False,False,False
z,z,com.apple.keylayout.Brazilian-Pro,,False,False,False,False
x,x,com.apple.keylayout.Brazilian-Pro,,False,False,False,False
c,c,com.apple.keylayout.Brazilian-Pro,,False,False,False,False
v,v,com.apple.keylayout.Brazilian-Pro,,False,False,False,False
§,§,com.apple.keylayout.Brazilian-Pro,10,False,False,False,False
b,b,com.apple.keylayout.Brazilian-Pro,,False,False,False,False
q,q,com.apple.keylayout.Brazilian-Pro,,False,False,False,False
w,w,com.apple.keylayout.Brazilian-Pro,,False,False,False,False
e,e,com.apple.keylayout.Brazilian-Pro,,False,False,False,False
r,r,com.apple.keylayout.Brazilian-Pro,,False,False,False,False
y,y,com.apple.keylayout.Brazilian-Pro,,False,False,False,False
t,t,com.apple.keylayout.Brazilian-Pro,,False,False,False,False
1,1,com.apple.keylayout.Brazilian-Pro,,False,False,False,False
2,2,com.apple.keylayout.Brazilian-Pro,,False,False,False,False
3,3,com.apple.keylayout.Brazilian-Pro,,False,False,False,False
4,4,com.apple.keylayout.Brazilian-Pro,,False,False,False,False
6,6,com.apple.keylayout.Brazilian-Pro,,False,False,False,False
5,5,com.apple.keylayout.Brazilian-Pro,,False,False,False,False
=,=,com.apple.keylayout.Brazilian-Pro,,False,False,False,False
9,9,com.apple.keylayout.Brazilian-Pro,,False,False,False,False
7,7,com.apple.keylayout.Brazilian-Pro,,False,False,False,False
-,-,com.apple.keylayout.Brazilian-Pro,,False,False,False,False
8,8,com.apple.keylayout.Brazilian-Pro,,False,False,False,False
0,0,com.apple.keylayout.Brazilian-Pro,,False,False,False,False
],],com.apple.keylayout.Brazilian-Pro,,False,False,False,False
o,o,com.apple.keylayout.Brazilian-Pro,,False,False,False,False
u,u,com.apple.keylayout.Brazilian-Pro,,False,False,False,False
[,[,com.apple.keylayout.Brazilian-Pro,,False,False,False,False
i,i,com.apple.keylayout.Brazilian-Pro,,False,False,False,False
p,p,com.apple.keylayout.Brazilian-Pro,,False,False,False,False
l,l,com.apple.keylayout.Brazilian-Pro,,False,False,False,False
j,j,com.apple.keylayout.Brazilian-Pro,,False,False,False,False
',',com.apple.keylayout.Brazilian-Pro,,False,False,False,False
k,k,com.apple.keylayout.Brazilian-Pro,,False,False,False,False
;,;,com.apple.keylayout.Brazilian-Pro,,False,False,False,False
\,\,com.apple.keylayout.Brazilian-Pro,,False,False,False,False
",",",",com.apple.keylayout.Brazilian-Pro,,False,False,False,False
/,/,com.apple.keylayout.Brazilian-Pro,,False,False,False,False
n,n,com.apple.keylayout.Brazilian-Pro,,False,False,False,False
m,m,com.apple.keylayout.Brazilian-Pro,,False,False,False,False
.,.,com.apple.keylayout.Brazilian-Pro,,False,False,False,False
 , ,com.apple.keylayout.Brazilian-Pro,,False,False,False,False
`,`,com.apple.keylayout.Brazilian-Pro,50,False,False,False,False
A,a,com.apple.keylayout.Brazilian-Pro,,False,True,False,False
S,s,com.apple.keylayout.Brazilian-Pro,,False,True,False,False
D,d,com.apple.keylayout.Brazilian-Pro,,False,True,False,False
F,f,com.apple.keylayout.Brazilian-Pro,,False,True,False,False
H,h,com.apple.keylayout.Brazilian-Pro,,False,True,False,False
G,g,com.apple.keylayout.Brazilian-Pro,,False,True,False,False
Z,z,com.apple.keylayout.Brazilian-Pro,,False,True,False,False
X,x,com.apple.keylayout.Brazilian-Pro,,False,True,False,False
C,c,com.apple.keylayout.Brazilian-Pro,,False,True,False,False
V,v,com.apple.keylayout.Brazilian-Pro,,False,True,False,False
±,§,com.apple.keylayout.Brazilian-Pro,10,False,True,False,False
B,b,com.apple.keylayout.Brazilian-Pro,,False,True,False,False
Q,q,com.apple.keylayout.Brazilian-Pro,,False,True,False,False
W,w,com.apple.keylayout.Brazilian-Pro,,False,True,False,False
E,e,com.apple.keylayout.Brazilian-Pro,,False,True,False,False
R,r,com.apple.keylayout.Brazilian-Pro,,False,True,False,False
Y,y,com.apple.keylayout.Brazilian-Pro,,False,True,False,False
T,t,com.apple.keylayout.Brazilian-Pro,,False,True,False,False
!,1,com.apple.keylayout.Brazilian-Pro,,False,True,False,False
@,2,com.apple.keylayout.Brazilian-Pro,,False,True,False,False
#,3,com.apple.keylayout.Brazilian-Pro,,False,True,False,False
$,4,com.apple.keylayout.Brazilian-Pro,,False,True,False,False
^,6,com.apple.keylayout.Brazilian-Pro,,False,True,False,False
%,5,com.apple.keylayout.Brazilian-Pro,,False,True,False,False
+,=,com.apple.keylayout.Brazilian-Pro,,False,True,False,False
(,9,com.apple.keylayout.Brazilian-Pro,,False,True,False,False
&,7,com.apple.keylayout.Brazilian-Pro,,False,True,False,False
_,-,com.apple.keylayout.Brazilian-Pro,,False,True,False,False
*,8,com.apple.keylayout.Brazilian-Pro,,False,True,False,False
),0,com.apple.keylayout.Brazilian-Pro,,False,True,False,False
},],com.apple.keylayout.Brazilian-Pro,,False,True,False,False
O,o,com.apple.keylayout.Brazilian-Pro,,False,True,False,False
U,u,com.apple.keylayout.Brazilian-Pro,,False,True,False,False
{,[,com.apple.keylayout.Brazilian-Pro,,False,True,False,False
I,i,com.apple.keylayout.Brazilian-Pro,,False,True,False,False
P,p,com.apple.keylayout.Brazilian-Pro,,False,True,False,False
L,l,com.apple.keylayout.Brazilian-Pro,,False,True,False,False
J,j,com.apple.keylayout.Brazilian-Pro,,False,True,False,False
"""",',com.apple.keylayout.Brazilian-Pro,,False,True,False,False
K,k,com.apple.keylayout.Brazilian-Pro,,False,True,False,False
:,;,com.apple.keylayout.Brazilian-Pro,,False,True,False,False
|,\,com.apple.keylayout.Brazilian-Pro,,False,True,False,False
<,",",com.apple.keylayout.Brazilian-Pro,,False,True,False,False
?,/,com.apple.keylayout.Brazilian-Pro,,False,True,False,False
N,n,com.apple.keylayout.Brazilian-Pro,,False,True,False,False
M,m,com.apple.keylayout.Brazilian-Pro,,False,True,False,False
>,.,com.apple.keylayout.Brazilian-Pro,,False,True,False,False
 , ,com.apple.keylayout.Brazilian-Pro,,False,True,False,False
~,`,com.apple.keylayout.Brazilian-Pro,50,False,True,False,False
å,a,com.apple.keylayout.Brazilian-Pro,,True,False,False,False
ß,s,com.apple.keylayout.Brazilian-Pro,,True,False,False,False
∂,d,com.apple.keylayout.Brazilian-Pro,,True,False,False,False
ƒ,f,com.apple.keylayout.Brazilian-Pro,,True,False,False,False
˙,h,com.apple.keylayout.Brazilian-Pro,,True,False,False,False
©,g,com.apple.keylayout.Brazilian-Pro,,True,False,False,False
Ω,z,com.apple.keylayout.Brazilian-Pro,,True,False,False,False
≈,x,com.apple.keylayout.Brazilian-Pro,,True,False,False,False
ç,c,com.apple.keylayout.Brazilian-Pro,,True,False,False,False
√,v,com.apple.keylayout.Brazilian-Pro,,True,False,False,False
§,§,com.apple.keylayout.Brazilian-Pro,10,True,False,False,False
∫,b,com.apple.keylayout.Brazilian-Pro,,True,False,False,False
œ,q,com.apple.keylayout.Brazilian-Pro,,True,False,False,False
∑,w,com.apple.keylayout.Brazilian-Pro,,True,False,False,False
®,r,com.apple.keylayout.Brazilian-Pro,,True,False,False,False
¥,y,com.apple.keylayout.Brazilian-Pro,,True,False,False,False
†,t,com.apple.keylayout.Brazilian-Pro,,True,False,False,False
¡,1,com.apple.keylayout.Brazilian-Pro,,True,False,False,False
™,2,com.apple.keylayout.Brazilian-Pro,,True,False,False,False
£,3,com.apple.keylayout.Brazilian-Pro,,True,False,False,False
¢,4,com.apple.keylayout.Brazilian-Pro,,True,False,False,False
§,6,com.apple.keylayout.Brazilian-Pro,,True,False,False,False
∞,5,com.apple.keylayout.Brazilian-Pro,,True,False,False,False
≠,=,com.apple.keylayout.Brazilian-Pro,,True,False,False,False
ª,9,com.apple.keylayout.Brazilian-Pro,,True,False,False,False
¶,7,com.apple.keylayout.Brazilian-Pro,,True,False,False,False
–,-,com.apple.keylayout.Brazilian-Pro,,True,False,False,False
•,8,com.apple.keylayout.Brazilian-Pro,,True,False,False,False
º,0,com.apple.keylayout.Brazilian-Pro,,True,False,False,False
‘,],com.apple.keylayout.Brazilian-Pro,,True,False,False,False
ø,o,com.apple.keylayout.Brazilian-Pro,,True,False,False,False
“,[,com.apple.keylayout.Brazilian-Pro,,True,False,False,False
π,p,com.apple.keylayout.Brazilian-Pro,,True,False,False,False
¬,l,com.apple.keylayout.Brazilian-Pro,,True,False,False,False
∆,j,com.apple.keylayout.Brazilian-Pro,,True,False,False,False
æ,',com.apple.keylayout.Brazilian-Pro,,True,False,False,False
˚,k,com.apple.keylayout.Brazilian-Pro,,True,False,False,False
…,;,com.apple.keylayout.Brazilian-Pro,,True,False,False,False
«,\,com.apple.keylayout.Brazilian-Pro,,True,False,False,False
≤,",",com.apple.keylayout.Brazilian-Pro,,True,False,False,False
÷,/,com.apple.keylayout.Brazilian-Pro,,True,False,False,False
µ,m,com.apple.keylayout.Brazilian-Pro,,True,False,False,False
≥,.,com.apple.keylayout.Brazilian-Pro,,True,False,False,False
 , ,com.apple.keylayout.Brazilian-Pro,,True,False,False,False
Å,a,com.apple.keylayout.Brazilian-Pro,,True,True,False,False
Í,s,com.apple.keylayout.Brazilian-Pro,,True,True,False,False
Î,d,com.apple.keylayout.Brazilian-Pro,,True,True,False,False
Ï,f,com.apple.keylayout.Brazilian-Pro,,True,True,False,False
Ó,h,com.apple.keylayout.Brazilian-Pro,,True,True,False,False
˝,g,com.apple.keylayout.Brazilian-Pro,,True,True,False,False
¸,z,com.apple.keylayout.Brazilian-Pro,,True,True,False,False
˛,x,com.apple.keylayout.Brazilian-Pro,,True,True,False,False
Ç,c,com.apple.keylayout.Brazilian-Pro,,True,True,False,False
◊,v,com.apple.keylayout.Brazilian-Pro,,True,True,False,False
±,§,com.apple.keylayout.Brazilian-Pro,10,True,True,False,False
ı,b,com.apple.keylayout.Brazilian-Pro,,True,True,False,False
Œ,q,com.apple.keylayout.Brazilian-Pro,,True,True,False,False
„,w,com.apple.keylayout.Brazilian-Pro,,True,True,False,False
´,e,com.apple.keylayout.Brazilian-Pro,,True,True,False,False
‰,r,com.apple.keylayout.Brazilian-Pro,,True,True,False,False
Á,y,com.apple.keylayout.Brazilian-Pro,,True,True,False,False
ˇ,t,com.apple.keylayout.Brazilian-Pro,,True,True,False,False
⁄,1,com.apple.keylayout.Brazilian-Pro,,True,True,False,False
€,2,com.apple.keylayout.Brazilian-Pro,,True,True,False,False
‹,3,com.apple.keylayout.Brazilian-Pro,,True,True,False,False
›,4,com.apple.keylayout.Brazilian-Pro,,True,True,False,False
ﬂ,6,com.apple.keylayout.Brazilian-Pro,,True,True,False,False
ﬁ,5,com.apple.keylayout.Brazilian-Pro,,True,True,False,False
±,=,com.apple.keylayout.Brazilian-Pro,,True,True,False,False
·,9,com.apple.keylayout.Brazilian-Pro,,True,True,False,False
‡,7,com.apple.keylayout.Brazilian-Pro,,True,True,False,False
—,-,com.apple.keylayout.Brazilian-Pro,,True,True,False,False
°,8,com.apple.keylayout.Brazilian-Pro,,True,True,False,False
‚,0,com.apple.keylayout.Brazilian-Pro,,True,True,False,False
’,],com.apple.keylayout.Brazilian-Pro,,True,True,False,False
Ø,o,com.apple.keylayout.Brazilian-Pro,,True,True,False,False
¨,u,com.apple.keylayout.Brazilian-Pro,,True,True,False,False
”,[,com.apple.keylayout.Brazilian-Pro,,True,True,False,False
ˆ,i,com.apple.keylayout.Brazilian-Pro,,True,True,False,False
∏,p,com.apple.keylayout.Brazilian-Pro,,True,True,False,False
Ò,l,com.apple.keylayout.Brazilian-Pro,,True,True,False,False
Ô,j,com.apple.keylayout.Brazilian-Pro,,True,True,False,False
Æ,',com.apple.keylayout.Brazilian-Pro,,True,True,False,False
,k,com.apple.keylayout.Brazilian-Pro,,True,True,False,False
Ú,;,com.apple.keylayout.Brazilian-Pro,,True,True,False,False
»,\,com.apple.keylayout.Brazilian-Pro,,True,True,False,False
¯,",",com.apple.keylayout.Brazilian-Pro,,True,True,False,False
¿,/,com.apple.keylayout.Brazilian-Pro,,True,True,False,False
˜,n,com.apple.keylayout.Brazilian-Pro,,True,True,False,False
Â,m,com.apple.keylayout.Brazilian-Pro,,True,True,False,False
˘,.,com.apple.keylayout.Brazilian-Pro,,True,True,False,False
 , ,com.apple.keylayout.Brazilian-Pro,,True,True,False,False
`,`,com.apple.keylayout.Brazilian-Pro,50,True,True,False,False
a,a,com.apple.keylayout.Estonian,,False,False,False,False
s,s,com.apple.keylayout.Estonian,,False,False,False,False
d,d,com.apple.keylayout.Estonian,,False,False,False,False
f,f,com.apple.keylayout.Estonian,,False,False,False,False
h,h,com.apple.keylayout.Estonian,,False,False,False,False
g,g,com.apple.keylayout.Estonian,,False,False,False,False
z,z,com.apple.keylayout.Estonian,,False,False,False,False
x,x,com.apple.keylayout.Estonian,,False,False,False,False
c,c,com.apple.keylayout.Estonian,,False,False,False,False
v,v,com.apple.keylayout.Estonian,,False,False,False,False
b,b,com.apple.keylayout.Estonian,,False,False,False,False
q,q,com.apple.keylayout.Estonian,,False,False,False,False
w,w,com.apple.keylayout.Estonian,,False,False,False,False
e,e,com.apple.keylayout.Estonian,,False,False,False,False
r,r,com.apple.keylayout.Estonian,,False,False,False,False
y,y,com.apple.keylayout.Estonian,,False,False,False,False
t,t,com.apple.keylayout.Estonian,,False,False,False,False
1,1,com.apple.keylayout.Estonian,,False,False,False,False
2,2,com.apple.keylayout.Estonian,,False,False,False,False
3,3,com.apple.keylayout.Estonian,,False,False,False,False
4,4,com.apple.keylayout.Estonian,,False,False,False,False
6,6,com.apple.keylayout.Estonian,,False,False,False,False
5,5,com.apple.keylayout.Estonian,,False,False,False,False
9,9,com.apple.keylayout.Estonian,,False,False,False,False
7,7,com.apple.keylayout.Estonian,,False,False,False,False
+,+,com.apple.keylayout.Estonian,,False,False,False,False
8,8,com.apple.keylayout.Estonian,,False,False,False,False
0,0,com.apple.keylayout.Estonian,,False,False,False,False
õ,õ,com.apple.keylayout.Estonian,,False,False,False,False
o,o,com.apple.keylayout.Estonian,,False,False,False,False
u,u,com.apple.keylayout.Estonian,,False,False,False,False
ü,ü,com.apple.keylayout.Estonian,,False,False,False,False
i,i,com.apple.keylayout.Estonian,,False,False,False,False
p,p,com.apple.keylayout.Estonian,,False,False,False,False
l,l,com.apple.keylayout.Estonian,,False,False,False,False
j,j,com.apple.keylayout.Estonian,,False,False,False,False
ä,ä,com.apple.keylayout.Estonian,,False,False,False,False
k,k,com.apple.keylayout.Estonian,,False,False,False,False
ö,ö,com.apple.keylayout.Estonian,,False,False,False,False
',',com.apple.keylayout.Estonian,,False,False,False,False
",",",",com.apple.keylayout.Estonian,,False,False,False,False
-,-,com.apple.keylayout.Estonian,,False,False,False,False
n,n,com.apple.keylayout.Estonian,,False,False,False,False
m,m,com.apple.keylayout.Estonian,,False,False,False,False
.,.,com.apple.keylayout.Estonian,,False,False,False,False
 , ,com.apple.keylayout.Estonian,,False,False,False,False
<,<,com.apple.keylayout.Estonian,50,False,False,False,False
A,a,com.apple.keylayout.Estonian,,False,True,False,False
S,s,com.apple.keylayout.Estonian,,False,True,False,False
D,d,com.apple.keylayout.Estonian,,False,True,False,False
F,f,com.apple.keylayout.Estonian,,False,True,False,False
H,h,com.apple.keylayout.Estonian,,False,True,False,False
G,g,com.apple.keylayout.Estonian,,False,True,False,False
Z,z,com.apple.keylayout.Estonian,,False,True,False,False
X,x,com.apple.keylayout.Estonian,,False,True,False,False
C,c,com.apple.keylayout.Estonian,,False,True,False,False
V,v,com.apple.keylayout.Estonian,,False,True,False,False
B,b,com.apple.keylayout.Estonian,,False,True,False,False
Q,q,com.apple.keylayout.Estonian,,False,True,False,False
W,w,com.apple.keylayout.Estonian,,False,True,False,False
E,e,com.apple.keylayout.Estonian,,False,True,False,False
R,r,com.apple.keylayout.Estonian,,False,True,False,False
Y,y,com.apple.keylayout.Estonian,,False,True,False,False
T,t,com.apple.keylayout.Estonian,,False,True,False,False
!,1,com.apple.keylayout.Estonian,,False,True,False,False
"""",2,com.apple.keylayout.Estonian,,False,True,False,False
#,3,com.apple.keylayout.Estonian,,False,True,False,False
€,4,com.apple.keylayout.Estonian,,False,True,False,False
&,6,com.apple.keylayout.Estonian,,False,True,False,False
%,5,com.apple.keylayout.Estonian,,False,True,False,False
),9,com.apple.keylayout.Estonian,,False,True,False,False
/,7,com.apple.keylayout.Estonian,,False,True,False,False
?,+,com.apple.keylayout.Estonian,,False,True,False,False
(,8,com.apple.keylayout.Estonian,,False,True,False,False
=,0,com.apple.keylayout.Estonian,,False,True,False,False
Õ,õ,com.apple.keylayout.Estonian,,False,True,False,False
O,o,com.apple.keylayout.Estonian,,False,True,False,False
U,u,com.apple.keylayout.Estonian,,False,True,False,False
Ü,ü,com.apple.keylayout.Estonian,,False,True,False,False
I,i,com.apple.keylayout.Estonian,,False,True,False,False
P,p,com.apple.keylayout.Estonian,,False,True,False,False
L,l,com.apple.keylayout.Estonian,,False,True,False,False
J,j,com.apple.keylayout.Estonian,,False,True,False,False
Ä,ä,com.apple.keylayout.Estonian,,False,True,False,False
K,k,com.apple.keylayout.Estonian,,False,True,False,False
Ö,ö,com.apple.keylayout.Estonian,,False,True,False,False
*,',com.apple.keylayout.Estonian,,False,True,False,False
;,",",com.apple.keylayout.Estonian,,False,True,False,False
_,-,com.apple.keylayout.Estonian,,False,True,False,False
N,n,com.apple.keylayout.Estonian,,False,True,False,False
M,m,com.apple.keylayout.Estonian,,False,True,False,False
:,.,com.apple.keylayout.Estonian,,False,True,False,False
 , ,com.apple.keylayout.Estonian,,False,True,False,False
>,<,com.apple.keylayout.Estonian,50,False,True,False,False
 ,a,com.apple.keylayout.Estonian,,True,False,False,False
š,s,com.apple.keylayout.Estonian,,True,False,False,False
∂,d,com.apple.keylayout.Estonian,,True,False,False,False
 ,f,com.apple.keylayout.Estonian,,True,False,False,False
 ,h,com.apple.keylayout.Estonian,,True,False,False,False
 ,g,com.apple.keylayout.Estonian,,True,False,False,False
ž,z,com.apple.keylayout.Estonian,,True,False,False,False
 ,x,com.apple.keylayout.Estonian,,True,False,False,False
č,c,com.apple.keylayout.Estonian,,True,False,False,False
‹,v,com.apple.keylayout.Estonian,,True,False,False,False
›,b,com.apple.keylayout.Estonian,,True,False,False,False
•,q,com.apple.keylayout.Estonian,,True,False,False,False
 ,w,com.apple.keylayout.Estonian,,True,False,False,False
é,e,com.apple.keylayout.Estonian,,True,False,False,False
®,r,com.apple.keylayout.Estonian,,True,False,False,False
 ,y,com.apple.keylayout.Estonian,,True,False,False,False
†,t,com.apple.keylayout.Estonian,,True,False,False,False
©,1,com.apple.keylayout.Estonian,,True,False,False,False
@,2,com.apple.keylayout.Estonian,,True,False,False,False
£,3,com.apple.keylayout.Estonian,,True,False,False,False
$,4,com.apple.keylayout.Estonian,,True,False,False,False
§,6,com.apple.keylayout.Estonian,,True,False,False,False
 ,5,com.apple.keylayout.Estonian,,True,False,False,False
],9,com.apple.keylayout.Estonian,,True,False,False,False
{,7,com.apple.keylayout.Estonian,,True,False,False,False
\,+,com.apple.keylayout.Estonian,,True,False,False,False
[,8,com.apple.keylayout.Estonian,,True,False,False,False
},0,com.apple.keylayout.Estonian,,True,False,False,False
§,õ,com.apple.keylayout.Estonian,,True,False,False,False
 ,o,com.apple.keylayout.Estonian,,True,False,False,False
 ,u,com.apple.keylayout.Estonian,,True,False,False,False
ű,ü,com.apple.keylayout.Estonian,,True,False,False,False
 ,i,com.apple.keylayout.Estonian,,True,False,False,False
 ,p,com.apple.keylayout.Estonian,,True,False,False,False
ß,l,com.apple.keylayout.Estonian,,True,False,False,False
√,j,com.apple.keylayout.Estonian,,True,False,False,False
 ,ä,com.apple.keylayout.Estonian,,True,False,False,False
 ,k,com.apple.keylayout.Estonian,,True,False,False,False
ő,ö,com.apple.keylayout.Estonian,,True,False,False,False
™,',com.apple.keylayout.Estonian,,True,False,False,False
’,",",com.apple.keylayout.Estonian,,True,False,False,False
–,-,com.apple.keylayout.Estonian,,True,False,False,False
‚,n,com.apple.keylayout.Estonian,,True,False,False,False
‘,m,com.apple.keylayout.Estonian,,True,False,False,False
…,.,com.apple.keylayout.Estonian,,True,False,False,False
 , ,com.apple.keylayout.Estonian,,True,False,False,False
|,<,com.apple.keylayout.Estonian,50,True,False,False,False
◊,a,com.apple.keylayout.Estonian,,True,True,False,False
Š,s,com.apple.keylayout.Estonian,,True,True,False,False
∆,d,com.apple.keylayout.Estonian,,True,True,False,False
 ,f,com.apple.keylayout.Estonian,,True,True,False,False
 ,h,com.apple.keylayout.Estonian,,True,True,False,False
 ,g,com.apple.keylayout.Estonian,,True,True,False,False
Ž,z,com.apple.keylayout.Estonian,,True,True,False,False
≠,x,com.apple.keylayout.Estonian,,True,True,False,False
Č,c,com.apple.keylayout.Estonian,,True,True,False,False
«,v,com.apple.keylayout.Estonian,,True,True,False,False
»,b,com.apple.keylayout.Estonian,,True,True,False,False
°,q,com.apple.keylayout.Estonian,,True,True,False,False
 ,w,com.apple.keylayout.Estonian,,True,True,False,False
É,e,com.apple.keylayout.Estonian,,True,True,False,False
√,r,com.apple.keylayout.Estonian,,True,True,False,False
 ,y,com.apple.keylayout.Estonian,,True,True,False,False
 ,t,com.apple.keylayout.Estonian,,True,True,False,False
 ,1,com.apple.keylayout.Estonian,,True,True,False,False
”,2,com.apple.keylayout.Estonian,,True,True,False,False
 ,3,com.apple.keylayout.Estonian,,True,True,False,False
 ,4,com.apple.keylayout.Estonian,,True,True,False,False
¶,6,com.apple.keylayout.Estonian,,True,True,False,False
 ,5,com.apple.keylayout.Estonian,,True,True,False,False
≥,9,com.apple.keylayout.Estonian,,True,True,False,False
 ,7,com.apple.keylayout.Estonian,,True,True,False,False
 ,+,com.apple.keylayout.Estonian,,True,True,False,False
≤,8,com.apple.keylayout.Estonian,,True,True,False,False
≠,0,com.apple.keylayout.Estonian,,True,True,False,False
 ,o,com.apple.keylayout.Estonian,,True,True,False,False
 ,u,com.apple.keylayout.Estonian,,True,True,False,False
Ű,ü,com.apple.keylayout.Estonian,,True,True,False,False
ˇ,i,com.apple.keylayout.Estonian,,True,True,False,False
 ,p,com.apple.keylayout.Estonian,,True,True,False,False
∑,l,com.apple.keylayout.Estonian,,True,True,False,False
¬,j,com.apple.keylayout.Estonian,,True,True,False,False
 ,ä,com.apple.keylayout.Estonian,,True,True,False,False
 ,k,com.apple.keylayout.Estonian,,True,True,False,False
Ő,ö,com.apple.keylayout.Estonian,,True,True,False,False
’,',com.apple.keylayout.Estonian,,True,True,False,False
”,",",com.apple.keylayout.Estonian,,True,True,False,False
—,-,com.apple.keylayout.Estonian,,True,True,False,False
„,n,com.apple.keylayout.Estonian,,True,True,False,False
“,m,com.apple.keylayout.Estonian,,True,True,False,False
÷,.,com.apple.keylayout.Estonian,,True,True,False,False
 , ,com.apple.keylayout.Estonian,,True,True,False,False
|,<,com.apple.keylayout.Estonian,50,True,True,False,False
a,a,com.apple.keylayout.Inuktitut-Nunavut,,False,False,False,False
s,s,com.apple.keylayout.Inuktitut-Nunavut,,False,False,False,False
d,d,com.apple.keylayout.Inuktitut-Nunavut,,False,False,False,False
f,f,com.apple.keylayout.Inuktitut-Nunavut,,False,False,False,False
h,h,com.apple.keylayout.Inuktitut-Nunavut,,False,False,False,False
g,g,com.apple.keylayout.Inuktitut-Nunavut,,False,False,False,False
z,z,com.apple.keylayout.Inuktitut-Nunavut,,False,False,False,False
x,x,com.apple.keylayout.Inuktitut-Nunavut,,False,False,False,False
c,c,com.apple.keylayout.Inuktitut-Nunavut,,False,False,False,False
v,v,com.apple.keylayout.Inuktitut-Nunavut,,False,False,False,False
§,§,com.apple.keylayout.Inuktitut-Nunavut,10,False,False,False,False
b,b,com.apple.keylayout.Inuktitut-Nunavut,,False,False,False,False
q,q,com.apple.keylayout.Inuktitut-Nunavut,,False,False,False,False
w,w,com.apple.keylayout.Inuktitut-Nunavut,,False,False,False,False
e,e,com.apple.keylayout.Inuktitut-Nunavut,,False,False,False,False
r,r,com.apple.keylayout.Inuktitut-Nunavut,,False,False,False,False
y,y,com.apple.keylayout.Inuktitut-Nunavut,,False,False,False,False
t,t,com.apple.keylayout.Inuktitut-Nunavut,,False,False,False,False
1,1,com.apple.keylayout.Inuktitut-Nunavut,,False,False,False,False
2,2,com.apple.keylayout.Inuktitut-Nunavut,,False,False,False,False
3,3,com.apple.keylayout.Inuktitut-Nunavut,,False,False,False,False
4,4,com.apple.keylayout.Inuktitut-Nunavut,,False,False,False,False
6,6,com.apple.keylayout.Inuktitut-Nunavut,,False,False,False,False
5,5,com.apple.keylayout.Inuktitut-Nunavut,,False,False,False,False
=,=,com.apple.keylayout.Inuktitut-Nunavut,,False,False,False,False
9,9,com.apple.keylayout.Inuktitut-Nunavut,,False,False,False,False
7,7,com.apple.keylayout.Inuktitut-Nunavut,,False,False,False,False
-,-,com.apple.keylayout.Inuktitut-Nunavut,,False,False,False,False
8,8,com.apple.keylayout.Inuktitut-Nunavut,,False,False,False,False
0,0,com.apple.keylayout.Inuktitut-Nunavut,,False,False,False,False
],],com.apple.keylayout.Inuktitut-Nunavut,,False,False,False,False
o,o,com.apple.keylayout.Inuktitut-Nunavut,,False,False,False,False
u,u,com.apple.keylayout.Inuktitut-Nunavut,,False,False,False,False
[,[,com.apple.keylayout.Inuktitut-Nunavut,,False,False,False,False
i,i,com.apple.keylayout.Inuktitut-Nunavut,,False,False,False,False
p,p,com.apple.keylayout.Inuktitut-Nunavut,,False,False,False,False
l,l,com.apple.keylayout.Inuktitut-Nunavut,,False,False,False,False
j,j,com.apple.keylayout.Inuktitut-Nunavut,,False,False,False,False
',',com.apple.keylayout.Inuktitut-Nunavut,,False,False,False,False
k,k,com.apple.keylayout.Inuktitut-Nunavut,,False,False,False,False
;,;,com.apple.keylayout.Inuktitut-Nunavut,,False,False,False,False
\,\,com.apple.keylayout.Inuktitut-Nunavut,,False,False,False,False
",",",",com.apple.keylayout.Inuktitut-Nunavut,,False,False,False,False
/,/,com.apple.keylayout.Inuktitut-Nunavut,,False,False,False,False
n,n,com.apple.keylayout.Inuktitut-Nunavut,,False,False,False,False
m,m,com.apple.keylayout.Inuktitut-Nunavut,,False,False,False,False
.,.,com.apple.keylayout.Inuktitut-Nunavut,,False,False,False,False
 , ,com.apple.keylayout.Inuktitut-Nunavut,,False,False,False,False
`,`,com.apple.keylayout.Inuktitut-Nunavut,50,False,False,False,False
A,a,com.apple.keylayout.Inuktitut-Nunavut,,False,True,False,False
S,s,com.apple.keylayout.Inuktitut-Nunavut,,False,True,False,False
D,d,com.apple.keylayout.Inuktitut-Nunavut,,False,True,False,False
F,f,com.apple.keylayout.Inuktitut-Nunavut,,False,True,False,False
H,h,com.apple.keylayout.Inuktitut-Nunavut,,False,True,False,False
G,g,com.apple.keylayout.Inuktitut-Nunavut,,False,True,False,False
Z,z,com.apple.keylayout.Inuktitut-Nunavut,,False,True,False,False
X,x,com.apple.keylayout.Inuktitut-Nunavut,,False,True,False,False
C,c,com.apple.keylayout.Inuktitut-Nunavut,,False,True,False,False
V,v,com.apple.keylayout.Inuktitut-Nunavut,,False,True,False,False
±,§,com.apple.keylayout.Inuktitut-Nunavut,10,False,True,False,False
B,b,com.apple.keylayout.Inuktitut-Nunavut,,False,True,False,False
Q,q,com.apple.keylayout.Inuktitut-Nunavut,,False,True,False,False
W,w,com.apple.keylayout.Inuktitut-Nunavut,,False,True,False,False
E,e,com.apple.keylayout.Inuktitut-Nunavut,,False,True,False,False
R,r,com.apple.keylayout.Inuktitut-Nunavut,,False,True,False,False
Y,y,com.apple.keylayout.Inuktitut-Nunavut,,False,True,False,False
T,t,com.apple.keylayout.Inuktitut-Nunavut,,False,True,False,False
!,1,com.apple.keylayout.Inuktitut-Nunavut,,False,True,False,False
@,2,com.apple.keylayout.Inuktitut-Nunavut,,False,True,False,False
#,3,com.apple.keylayout.Inuktitut-Nunavut,,False,True,False,False
$,4,com.apple.keylayout.Inuktitut-Nunavut,,False,True,False,False
^,6,com.apple.keylayout.Inuktitut-Nunavut,,False,True,False,False
%,5,com.apple.keylayout.Inuktitut-Nunavut,,False,True,False,False
+,=,com.apple.keylayout.Inuktitut-Nunavut,,False,True,False,False
(,9,com.apple.keylayout.Inuktitut-Nunavut,,False,True,False,False
&,7,com.apple.keylayout.Inuktitut-Nunavut,,False,True,False,False
_,-,com.apple.keylayout.Inuktitut-Nunavut,,False,True,False,False
*,8,com.apple.keylayout.Inuktitut-Nunavut,,False,True,False,False
),0,com.apple.keylayout.Inuktitut-Nunavut,,False,True,False,False
},],com.apple.keylayout.Inuktitut-Nunavut,,False,True,False,False
O,o,com.apple.keylayout.Inuktitut-Nunavut,,False,True,False,False
U,u,com.apple.keylayout.Inuktitut-Nunavut,,False,True,False,False
{,[,com.apple.keylayout.Inuktitut-Nunavut,,False,True,False,False
I,i,com.apple.keylayout.Inuktitut-Nunavut,,False,True,False,False
P,p,com.apple.keylayout.Inuktitut-Nunavut,,False,True,False,False
L,l,com.apple.keylayout.Inuktitut-Nunavut,,False,True,False,False
J,j,com.apple.keylayout.Inuktitut-Nunavut,,False,True,False,False
"""",',com.apple.keylayout.Inuktitut-Nunavut,,False,True,False,False
K,k,com.apple.keylayout.Inuktitut-Nunavut,,False,True,False,False
:,;,com.apple.keylayout.Inuktitut-Nunavut,,False,True,False,False
|,\,com.apple.keylayout.Inuktitut-Nunavut,,False,True,False,False
<,",",com.apple.keylayout.Inuktitut-Nunavut,,False,True,False,False
?,/,com.apple.keylayout.Inuktitut-Nunavut,,False,True,False,False
N,n,com.apple.keylayout.Inuktitut-Nunavut,,False,True,False,False
M,m,com.apple.keylayout.Inuktitut-Nunavut,,False,True,False,False
>,.,com.apple.keylayout.Inuktitut-Nunavut,,False,True,False,False
 , ,com.apple.keylayout.Inuktitut-Nunavut,,False,True,False,False
~,`,com.apple.keylayout.Inuktitut-Nunavut,50,False,True,False,False
ß,s,com.apple.keylayout.Inuktitut-Nunavut,,True,False,False,False
ð,d,com.apple.keylayout.Inuktitut-Nunavut,,True,False,False,False
ƒ,f,com.apple.keylayout.Inuktitut-Nunavut,,True,False,False,False
©,g,com.apple.keylayout.Inuktitut-Nunavut,,True,False,False,False
§,§,com.apple.keylayout.Inuktitut-Nunavut,10,True,False,False,False
œ,q,com.apple.keylayout.Inuktitut-Nunavut,,True,False,False,False
®,r,com.apple.keylayout.Inuktitut-Nunavut,,True,False,False,False
¥,y,com.apple.keylayout.Inuktitut-Nunavut,,True,False,False,False
þ,t,com.apple.keylayout.Inuktitut-Nunavut,,True,False,False,False
¡,1,com.apple.keylayout.Inuktitut-Nunavut,,True,False,False,False
™,2,com.apple.keylayout.Inuktitut-Nunavut,,True,False,False,False
£,3,com.apple.keylayout.Inuktitut-Nunavut,,True,False,False,False
¢,4,com.apple.keylayout.Inuktitut-Nunavut,,True,False,False,False
§,5,com.apple.keylayout.Inuktitut-Nunavut,,True,False,False,False
≠,=,com.apple.keylayout.Inuktitut-Nunavut,,True,False,False,False
ª,9,com.apple.keylayout.Inuktitut-Nunavut,,True,False,False,False
¶,7,com.apple.keylayout.Inuktitut-Nunavut,,True,False,False,False
–,-,com.apple.keylayout.Inuktitut-Nunavut,,True,False,False,False
•,8,com.apple.keylayout.Inuktitut-Nunavut,,True,False,False,False
º,0,com.apple.keylayout.Inuktitut-Nunavut,,True,False,False,False
‘,],com.apple.keylayout.Inuktitut-Nunavut,,True,False,False,False
ø,o,com.apple.keylayout.Inuktitut-Nunavut,,True,False,False,False
“,[,com.apple.keylayout.Inuktitut-Nunavut,,True,False,False,False
æ,',com.apple.keylayout.Inuktitut-Nunavut,,True,False,False,False
…,;,com.apple.keylayout.Inuktitut-Nunavut,,True,False,False,False
«,\,com.apple.keylayout.Inuktitut-Nunavut,,True,False,False,False
≤,",",com.apple.keylayout.Inuktitut-Nunavut,,True,False,False,False
÷,/,com.apple.keylayout.Inuktitut-Nunavut,,True,False,False,False
≥,.,com.apple.keylayout.Inuktitut-Nunavut,,True,False,False,False
 , ,com.apple.keylayout.Inuktitut-Nunavut,,True,False,False,False
̄,a,com.apple.keylayout.Inuktitut-Nunavut,,True,True,False,False
Ð,d,com.apple.keylayout.Inuktitut-Nunavut,,True,True,False,False
̱,h,com.apple.keylayout.Inuktitut-Nunavut,,True,True,False,False
̉,z,com.apple.keylayout.Inuktitut-Nunavut,,True,True,False,False
̣,x,com.apple.keylayout.Inuktitut-Nunavut,,True,True,False,False
̧,c,com.apple.keylayout.Inuktitut-Nunavut,,True,True,False,False
̌,v,com.apple.keylayout.Inuktitut-Nunavut,,True,True,False,False
±,§,com.apple.keylayout.Inuktitut-Nunavut,10,True,True,False,False
̆,b,com.apple.keylayout.Inuktitut-Nunavut,,True,True,False,False
Œ,q,com.apple.keylayout.Inuktitut-Nunavut,,True,True,False,False
̇,w,com.apple.keylayout.Inuktitut-Nunavut,,True,True,False,False
́,e,com.apple.keylayout.Inuktitut-Nunavut,,True,True,False,False
‰,r,com.apple.keylayout.Inuktitut-Nunavut,,True,True,False,False
Þ,t,com.apple.keylayout.Inuktitut-Nunavut,,True,True,False,False
⁄,1,com.apple.keylayout.Inuktitut-Nunavut,,True,True,False,False
€,2,com.apple.keylayout.Inuktitut-Nunavut,,True,True,False,False
‹,3,com.apple.keylayout.Inuktitut-Nunavut,,True,True,False,False
›,4,com.apple.keylayout.Inuktitut-Nunavut,,True,True,False,False
̂,6,com.apple.keylayout.Inuktitut-Nunavut,,True,True,False,False
†,5,com.apple.keylayout.Inuktitut-Nunavut,,True,True,False,False
±,=,com.apple.keylayout.Inuktitut-Nunavut,,True,True,False,False
·,9,com.apple.keylayout.Inuktitut-Nunavut,,True,True,False,False
‡,7,com.apple.keylayout.Inuktitut-Nunavut,,True,True,False,False
—,-,com.apple.keylayout.Inuktitut-Nunavut,,True,True,False,False
°,8,com.apple.keylayout.Inuktitut-Nunavut,,True,True,False,False
‚,0,com.apple.keylayout.Inuktitut-Nunavut,,True,True,False,False
’,],com.apple.keylayout.Inuktitut-Nunavut,,True,True,False,False
Ø,o,com.apple.keylayout.Inuktitut-Nunavut,,True,True,False,False
̈,u,com.apple.keylayout.Inuktitut-Nunavut,,True,True,False,False
”,[,com.apple.keylayout.Inuktitut-Nunavut,,True,True,False,False
̛,i,com.apple.keylayout.Inuktitut-Nunavut,,True,True,False,False
̦,p,com.apple.keylayout.Inuktitut-Nunavut,,True,True,False,False
̵,l,com.apple.keylayout.Inuktitut-Nunavut,,True,True,False,False
̋,j,com.apple.keylayout.Inuktitut-Nunavut,,True,True,False,False
Æ,',com.apple.keylayout.Inuktitut-Nunavut,,True,True,False,False
̊,k,com.apple.keylayout.Inuktitut-Nunavut,,True,True,False,False
»,\,com.apple.keylayout.Inuktitut-Nunavut,,True,True,False,False
„,",",com.apple.keylayout.Inuktitut-Nunavut,,True,True,False,False
¿,/,com.apple.keylayout.Inuktitut-Nunavut,,True,True,False,False
̃,n,com.apple.keylayout.Inuktitut-Nunavut,,True,True,False,False
̨,m,com.apple.keylayout.Inuktitut-Nunavut,,True,True,False,False
 , ,com.apple.keylayout.Inuktitut-Nunavut,,True,True,False,False
̀,`,com.apple.keylayout.Inuktitut-Nunavut,50,True,True,False,False
a,a,com.apple.keylayout.Australian,,False,False,False,False
s,s,com.apple.keylayout.Australian,,False,False,False,False
d,d,com.apple.keylayout.Australian,,False,False,False,False
f,f,com.apple.keylayout.Australian,,False,False,False,False
h,h,com.apple.keylayout.Australian,,False,False,False,False
g,g,com.apple.keylayout.Australian,,False,False,False,False
z,z,com.apple.keylayout.Australian,,False,False,False,False
x,x,com.apple.keylayout.Australian,,False,False,False,False
c,c,com.apple.keylayout.Australian,,False,False,False,False
v,v,com.apple.keylayout.Australian,,False,False,False,False
§,§,com.apple.keylayout.Australian,10,False,False,False,False
b,b,com.apple.keylayout.Australian,,False,False,False,False
q,q,com.apple.keylayout.Australian,,False,False,False,False
w,w,com.apple.keylayout.Australian,,False,False,False,False
e,e,com.apple.keylayout.Australian,,False,False,False,False
r,r,com.apple.keylayout.Australian,,False,False,False,False
y,y,com.apple.keylayout.Australian,,False,False,False,False
t,t,com.apple.keylayout.Australian,,False,False,False,False
1,1,com.apple.keylayout.Australian,,False,False,False,False
2,2,com.apple.keylayout.Australian,,False,False,False,False
3,3,com.apple.keylayout.Australian,,False,False,False,False
4,4,com.apple.keylayout.Australian,,False,False,False,False
6,6,com.apple.keylayout.Australian,,False,False,False,False
5,5,com.apple.keylayout.Australian,,False,False,False,False
=,=,com.apple.keylayout.Australian,,False,False,False,False
9,9,com.apple.keylayout.Australian,,False,False,False,False
7,7,com.apple.keylayout.Australian,,False,False,False,False
-,-,com.apple.keylayout.Australian,,False,False,False,False
8,8,com.apple.keylayout.Australian,,False,False,False,False
0,0,com.apple.keylayout.Australian,,False,False,False,False
],],com.apple.keylayout.Australian,,False,False,False,False
o,o,com.apple.keylayout.Australian,,False,False,False,False
u,u,com.apple.keylayout.Australian,,False,False,False,False
[,[,com.apple.keylayout.Australian,,False,False,False,False
i,i,com.apple.keylayout.Australian,,False,False,False,False
p,p,com.apple.keylayout.Australian,,False,False,False,False
l,l,com.apple.keylayout.Australian,,False,False,False,False
j,j,com.apple.keylayout.Australian,,False,False,False,False
',',com.apple.keylayout.Australian,,False,False,False,False
k,k,com.apple.keylayout.Australian,,False,False,False,False
;,;,com.apple.keylayout.Australian,,False,False,False,False
\,\,com.apple.keylayout.Australian,,False,False,False,False
",",",",com.apple.keylayout.Australian,,False,False,False,False
/,/,com.apple.keylayout.Australian,,False,False,False,False
n,n,com.apple.keylayout.Australian,,False,False,False,False
m,m,com.apple.keylayout.Australian,,False,False,False,False
.,.,com.apple.keylayout.Australian,,False,False,False,False
 , ,com.apple.keylayout.Australian,,False,False,False,False
`,`,com.apple.keylayout.Australian,50,False,False,False,False
A,a,com.apple.keylayout.Australian,,False,True,False,False
S,s,com.apple.keylayout.Australian,,False,True,False,False
D,d,com.apple.keylayout.Australian,,False,True,False,False
F,f,com.apple.keylayout.Australian,,False,True,False,False
H,h,com.apple.keylayout.Australian,,False,True,False,False
G,g,com.apple.keylayout.Australian,,False,True,False,False
Z,z,com.apple.keylayout.Australian,,False,True,False,False
X,x,com.apple.keylayout.Australian,,False,True,False,False
C,c,com.apple.keylayout.Australian,,False,True,False,False
V,v,com.apple.keylayout.Australian,,False,True,False,False
±,§,com.apple.keylayout.Australian,10,False,True,False,False
B,b,com.apple.keylayout.Australian,,False,True,False,False
Q,q,com.apple.keylayout.Australian,,False,True,False,False
W,w,com.apple.keylayout.Australian,,False,True,False,False
E,e,com.apple.keylayout.Australian,,False,True,False,False
R,r,com.apple.keylayout.Australian,,False,True,False,False
Y,y,com.apple.keylayout.Australian,,False,True,False,False
T,t,com.apple.keylayout.Australian,,False,True,False,False
!,1,com.apple.keylayout.Australian,,False,True,False,False
@,2,com.apple.keylayout.Australian,,False,True,False,False
#,3,com.apple.keylayout.Australian,,False,True,False,False
$,4,com.apple.keylayout.Australian,,False,True,False,False
^,6,com.apple.keylayout.Australian,,False,True,False,False
%,5,com.apple.keylayout.Australian,,False,True,False,False
+,=,com.apple.keylayout.Australian,,False,True,False,False
(,9,com.apple.keylayout.Australian,,False,True,False,False
&,7,com.apple.keylayout.Australian,,False,True,False,False
_,-,com.apple.keylayout.Australian,,False,True,False,False
*,8,com.apple.keylayout.Australian,,False,True,False,False
),0,com.apple.keylayout.Australian,,False,True,False,False
},],com.apple.keylayout.Australian,,False,True,False,False
O,o,com.apple.keylayout.Australian,,False,True,False,False
U,u,com.apple.keylayout.Australian,,False,True,False,False
{,[,com.apple.keylayout.Australian,,False,True,False,False
I,i,com.apple.keylayout.Australian,,False,True,False,False
P,p,com.apple.keylayout.Australian,,False,True,False,False
L,l,com.apple.keylayout.Australian,,False,True,False,False
J,j,com.apple.keylayout.Australian,,False,True,False,False
"""",',com.apple.keylayout.Australian,,False,True,False,False
K,k,com.apple.keylayout.Australian,,False,True,False,False
:,;,com.apple.keylayout.Australian,,False,True,False,False
|,\,com.apple.keylayout.Australian,,False,True,False,False
<,",",com.apple.keylayout.Australian,,False,True,False,False
?,/,com.apple.keylayout.Australian,,False,True,False,False
N,n,com.apple.keylayout.Australian,,False,True,False,False
M,m,com.apple.keylayout.Australian,,False,True,False,False
>,.,com.apple.keylayout.Australian,,False,True,False,False
 , ,com.apple.keylayout.Australian,,False,True,False,False
~,`,com.apple.keylayout.Australian,50,False,True,False,False
å,a,com.apple.keylayout.Australian,,True,False,False,False
ß,s,com.apple.keylayout.Australian,,True,False,False,False
∂,d,com.apple.keylayout.Australian,,True,False,False,False
ƒ,f,com.apple.keylayout.Australian,,True,False,False,False
˙,h,com.apple.keylayout.Australian,,True,False,False,False
©,g,com.apple.keylayout.Australian,,True,False,False,False
Ω,z,com.apple.keylayout.Australian,,True,False,False,False
≈,x,com.apple.keylayout.Australian,,True,False,False,False
ç,c,com.apple.keylayout.Australian,,True,False,False,False
√,v,com.apple.keylayout.Australian,,True,False,False,False
§,§,com.apple.keylayout.Australian,10,True,False,False,False
∫,b,com.apple.keylayout.Australian,,True,False,False,False
œ,q,com.apple.keylayout.Australian,,True,False,False,False
∑,w,com.apple.keylayout.Australian,,True,False,False,False
®,r,com.apple.keylayout.Australian,,True,False,False,False
¥,y,com.apple.keylayout.Australian,,True,False,False,False
†,t,com.apple.keylayout.Australian,,True,False,False,False
¡,1,com.apple.keylayout.Australian,,True,False,False,False
™,2,com.apple.keylayout.Australian,,True,False,False,False
£,3,com.apple.keylayout.Australian,,True,False,False,False
¢,4,com.apple.keylayout.Australian,,True,False,False,False
§,6,com.apple.keylayout.Australian,,True,False,False,False
∞,5,com.apple.keylayout.Australian,,True,False,False,False
≠,=,com.apple.keylayout.Australian,,True,False,False,False
ª,9,com.apple.keylayout.Australian,,True,False,False,False
¶,7,com.apple.keylayout.Australian,,True,False,False,False
–,-,com.apple.keylayout.Australian,,True,False,False,False
•,8,com.apple.keylayout.Australian,,True,False,False,False
º,0,com.apple.keylayout.Australian,,True,False,False,False
‘,],com.apple.keylayout.Australian,,True,False,False,False
ø,o,com.apple.keylayout.Australian,,True,False,False,False
“,[,com.apple.keylayout.Australian,,True,False,False,False
π,p,com.apple.keylayout.Australian,,True,False,False,False
¬,l,com.apple.keylayout.Australian,,True,False,False,False
∆,j,com.apple.keylayout.Australian,,True,False,False,False
æ,',com.apple.keylayout.Australian,,True,False,False,False
˚,k,com.apple.keylayout.Australian,,True,False,False,False
…,;,com.apple.keylayout.Australian,,True,False,False,False
«,\,com.apple.keylayout.Australian,,True,False,False,False
≤,",",com.apple.keylayout.Australian,,True,False,False,False
÷,/,com.apple.keylayout.Australian,,True,False,False,False
µ,m,com.apple.keylayout.Australian,,True,False,False,False
≥,.,com.apple.keylayout.Australian,,True,False,False,False
 , ,com.apple.keylayout.Australian,,True,False,False,False
Å,a,com.apple.keylayout.Australian,,True,True,False,False
Í,s,com.apple.keylayout.Australian,,True,True,False,False
Î,d,com.apple.keylayout.Australian,,True,True,False,False
Ï,f,com.apple.keylayout.Australian,,True,True,False,False
Ó,h,com.apple.keylayout.Australian,,True,True,False,False
˝,g,com.apple.keylayout.Australian,,True,True,False,False
¸,z,com.apple.keylayout.Australian,,True,True,False,False
˛,x,com.apple.keylayout.Australian,,True,True,False,False
Ç,c,com.apple.keylayout.Australian,,True,True,False,False
◊,v,com.apple.keylayout.Australian,,True,True,False,False
±,§,com.apple.keylayout.Australian,10,True,True,False,False
ı,b,com.apple.keylayout.Australian,,True,True,False,False
Œ,q,com.apple.keylayout.Australian,,True,True,False,False
„,w,com.apple.keylayout.Australian,,True,True,False,False
´,e,com.apple.keylayout.Australian,,True,True,False,False
‰,r,com.apple.keylayout.Australian,,True,True,False,False
Á,y,com.apple.keylayout.Australian,,True,True,False,False
ˇ,t,com.apple.keylayout.Australian,,True,True,False,False
⁄,1,com.apple.keylayout.Australian,,True,True,False,False
€,2,com.apple.keylayout.Australian,,True,True,False,False
‹,3,com.apple.keylayout.Australian,,True,True,False,False
›,4,com.apple.keylayout.Australian,,True,True,False,False
ﬂ,6,com.apple.keylayout.Australian,,True,True,False,False
ﬁ,5,com.apple.keylayout.Australian,,True,True,False,False
±,=,com.apple.keylayout.Australian,,True,True,False,False
·,9,com.apple.keylayout.Australian,,True,True,False,False
‡,7,com.apple.keylayout.Australian,,True,True,False,False
—,-,com.apple.keylayout.Australian,,True,True,False,False
°,8,com.apple.keylayout.Australian,,True,True,False,False
‚,0,com.apple.keylayout.Australian,,True,True,False,False
’,],com.apple.keylayout.Australian,,True,True,False,False
Ø,o,com.apple.keylayout.Australian,,True,True,False,False
¨,u,com.apple.keylayout.Australian,,True,True,False,False
”,[,com.apple.keylayout.Australian,,True,True,False,False
ˆ,i,com.apple.keylayout.Australian,,True,True,False,False
∏,p,com.apple.keylayout.Australian,,True,True,False,False
Ò,l,com.apple.keylayout.Australian,,True,True,False,False
Ô,j,com.apple.keylayout.Australian,,True,True,False,False
Æ,',com.apple.keylayout.Australian,,True,True,False,False
,k,com.apple.keylayout.Australian,,True,True,False,False
Ú,;,com.apple.keylayout.Australian,,True,True,False,False
»,\,com.apple.keylayout.Australian,,True,True,False,False
¯,",",com.apple.keylayout.Australian,,True,True,False,False
¿,/,com.apple.keylayout.Australian,,True,True,False,False
˜,n,com.apple.keylayout.Australian,,True,True,False,False
Â,m,com.apple.keylayout.Australian,,True,True,False,False
˘,.,com.apple.keylayout.Australian,,True,True,False,False
 , ,com.apple.keylayout.Australian,,True,True,False,False
`,`,com.apple.keylayout.Australian,50,True,True,False,False
a,a,com.apple.keylayout.FinnishExtended,,False,False,False,False
s,s,com.apple.keylayout.FinnishExtended,,False,False,False,False
d,d,com.apple.keylayout.FinnishExtended,,False,False,False,False
f,f,com.apple.keylayout.FinnishExtended,,False,False,False,False
h,h,com.apple.keylayout.FinnishExtended,,False,False,False,False
g,g,com.apple.keylayout.FinnishExtended,,False,False,False,False
z,z,com.apple.keylayout.FinnishExtended,,False,False,False,False
x,x,com.apple.keylayout.FinnishExtended,,False,False,False,False
c,c,com.apple.keylayout.FinnishExtended,,False,False,False,False
v,v,com.apple.keylayout.FinnishExtended,,False,False,False,False
§,§,com.apple.keylayout.FinnishExtended,10,False,False,False,False
b,b,com.apple.keylayout.FinnishExtended,,False,False,False,False
q,q,com.apple.keylayout.FinnishExtended,,False,False,False,False
w,w,com.apple.keylayout.FinnishExtended,,False,False,False,False
e,e,com.apple.keylayout.FinnishExtended,,False,False,False,False
r,r,com.apple.keylayout.FinnishExtended,,False,False,False,False
y,y,com.apple.keylayout.FinnishExtended,,False,False,False,False
t,t,com.apple.keylayout.FinnishExtended,,False,False,False,False
1,1,com.apple.keylayout.FinnishExtended,,False,False,False,False
2,2,com.apple.keylayout.FinnishExtended,,False,False,False,False
3,3,com.apple.keylayout.FinnishExtended,,False,False,False,False
4,4,com.apple.keylayout.FinnishExtended,,False,False,False,False
6,6,com.apple.keylayout.FinnishExtended,,False,False,False,False
5,5,com.apple.keylayout.FinnishExtended,,False,False,False,False
9,9,com.apple.keylayout.FinnishExtended,,False,False,False,False
7,7,com.apple.keylayout.FinnishExtended,,False,False,False,False
+,+,com.apple.keylayout.FinnishExtended,,False,False,False,False
8,8,com.apple.keylayout.FinnishExtended,,False,False,False,False
0,0,com.apple.keylayout.FinnishExtended,,False,False,False,False
o,o,com.apple.keylayout.FinnishExtended,,False,False,False,False
u,u,com.apple.keylayout.FinnishExtended,,False,False,False,False
å,å,com.apple.keylayout.FinnishExtended,,False,False,False,False
i,i,com.apple.keylayout.FinnishExtended,,False,False,False,False
p,p,com.apple.keylayout.FinnishExtended,,False,False,False,False
l,l,com.apple.keylayout.FinnishExtended,,False,False,False,False
j,j,com.apple.keylayout.FinnishExtended,,False,False,False,False
ä,ä,com.apple.keylayout.FinnishExtended,,False,False,False,False
k,k,com.apple.keylayout.FinnishExtended,,False,False,False,False
ö,ö,com.apple.keylayout.FinnishExtended,,False,False,False,False
',',com.apple.keylayout.FinnishExtended,,False,False,False,False
",",",",com.apple.keylayout.FinnishExtended,,False,False,False,False
-,-,com.apple.keylayout.FinnishExtended,,False,False,False,False
n,n,com.apple.keylayout.FinnishExtended,,False,False,False,False
m,m,com.apple.keylayout.FinnishExtended,,False,False,False,False
.,.,com.apple.keylayout.FinnishExtended,,False,False,False,False
 , ,com.apple.keylayout.FinnishExtended,,False,False,False,False
<,<,com.apple.keylayout.FinnishExtended,50,False,False,False,False
A,a,com.apple.keylayout.FinnishExtended,,False,True,False,False
S,s,com.apple.keylayout.FinnishExtended,,False,True,False,False
D,d,com.apple.keylayout.FinnishExtended,,False,True,False,False
F,f,com.apple.keylayout.FinnishExtended,,False,True,False,False
H,h,com.apple.keylayout.FinnishExtended,,False,True,False,False
G,g,com.apple.keylayout.FinnishExtended,,False,True,False,False
Z,z,com.apple.keylayout.FinnishExtended,,False,True,False,False
X,x,com.apple.keylayout.FinnishExtended,,False,True,False,False
C,c,com.apple.keylayout.FinnishExtended,,False,True,False,False
V,v,com.apple.keylayout.FinnishExtended,,False,True,False,False
°,§,com.apple.keylayout.FinnishExtended,10,False,True,False,False
B,b,com.apple.keylayout.FinnishExtended,,False,True,False,False
Q,q,com.apple.keylayout.FinnishExtended,,False,True,False,False
W,w,com.apple.keylayout.FinnishExtended,,False,True,False,False
E,e,com.apple.keylayout.FinnishExtended,,False,True,False,False
R,r,com.apple.keylayout.FinnishExtended,,False,True,False,False
Y,y,com.apple.keylayout.FinnishExtended,,False,True,False,False
T,t,com.apple.keylayout.FinnishExtended,,False,True,False,False
!,1,com.apple.keylayout.FinnishExtended,,False,True,False,False
"""",2,com.apple.keylayout.FinnishExtended,,False,True,False,False
#,3,com.apple.keylayout.FinnishExtended,,False,True,False,False
€,4,com.apple.keylayout.FinnishExtended,,False,True,False,False
&,6,com.apple.keylayout.FinnishExtended,,False,True,False,False
%,5,com.apple.keylayout.FinnishExtended,,False,True,False,False
),9,com.apple.keylayout.FinnishExtended,,False,True,False,False
/,7,com.apple.keylayout.FinnishExtended,,False,True,False,False
?,+,com.apple.keylayout.FinnishExtended,,False,True,False,False
(,8,com.apple.keylayout.FinnishExtended,,False,True,False,False
=,0,com.apple.keylayout.FinnishExtended,,False,True,False,False
O,o,com.apple.keylayout.FinnishExtended,,False,True,False,False
U,u,com.apple.keylayout.FinnishExtended,,False,True,False,False
Å,å,com.apple.keylayout.FinnishExtended,,False,True,False,False
I,i,com.apple.keylayout.FinnishExtended,,False,True,False,False
P,p,com.apple.keylayout.FinnishExtended,,False,True,False,False
L,l,com.apple.keylayout.FinnishExtended,,False,True,False,False
J,j,com.apple.keylayout.FinnishExtended,,False,True,False,False
Ä,ä,com.apple.keylayout.FinnishExtended,,False,True,False,False
K,k,com.apple.keylayout.FinnishExtended,,False,True,False,False
Ö,ö,com.apple.keylayout.FinnishExtended,,False,True,False,False
*,',com.apple.keylayout.FinnishExtended,,False,True,False,False
;,",",com.apple.keylayout.FinnishExtended,,False,True,False,False
_,-,com.apple.keylayout.FinnishExtended,,False,True,False,False
N,n,com.apple.keylayout.FinnishExtended,,False,True,False,False
M,m,com.apple.keylayout.FinnishExtended,,False,True,False,False
:,.,com.apple.keylayout.FinnishExtended,,False,True,False,False
 , ,com.apple.keylayout.FinnishExtended,,False,True,False,False
>,<,com.apple.keylayout.FinnishExtended,50,False,True,False,False
ß,s,com.apple.keylayout.FinnishExtended,,True,False,False,False
ð,d,com.apple.keylayout.FinnishExtended,,True,False,False,False
ƒ,f,com.apple.keylayout.FinnishExtended,,True,False,False,False
÷,z,com.apple.keylayout.FinnishExtended,,True,False,False,False
‹,v,com.apple.keylayout.FinnishExtended,,True,False,False,False
¶,§,com.apple.keylayout.FinnishExtended,10,True,False,False,False
›,b,com.apple.keylayout.FinnishExtended,,True,False,False,False
•,q,com.apple.keylayout.FinnishExtended,,True,False,False,False
é,e,com.apple.keylayout.FinnishExtended,,True,False,False,False
þ,t,com.apple.keylayout.FinnishExtended,,True,False,False,False
©,1,com.apple.keylayout.FinnishExtended,,True,False,False,False
@,2,com.apple.keylayout.FinnishExtended,,True,False,False,False
£,3,com.apple.keylayout.FinnishExtended,,True,False,False,False
$,4,com.apple.keylayout.FinnishExtended,,True,False,False,False
§,6,com.apple.keylayout.FinnishExtended,,True,False,False,False
],9,com.apple.keylayout.FinnishExtended,,True,False,False,False
|,7,com.apple.keylayout.FinnishExtended,,True,False,False,False
±,+,com.apple.keylayout.FinnishExtended,,True,False,False,False
[,8,com.apple.keylayout.FinnishExtended,,True,False,False,False
œ,o,com.apple.keylayout.FinnishExtended,,True,False,False,False
æ,ä,com.apple.keylayout.FinnishExtended,,True,False,False,False
ø,ö,com.apple.keylayout.FinnishExtended,,True,False,False,False
™,',com.apple.keylayout.FinnishExtended,,True,False,False,False
‚,",",com.apple.keylayout.FinnishExtended,,True,False,False,False
–,-,com.apple.keylayout.FinnishExtended,,True,False,False,False
‘,n,com.apple.keylayout.FinnishExtended,,True,False,False,False
’,m,com.apple.keylayout.FinnishExtended,,True,False,False,False
…,.,com.apple.keylayout.FinnishExtended,,True,False,False,False
 , ,com.apple.keylayout.FinnishExtended,,True,False,False,False
≤,<,com.apple.keylayout.FinnishExtended,50,True,False,False,False
̄,a,com.apple.keylayout.FinnishExtended,,True,True,False,False
Ð,d,com.apple.keylayout.FinnishExtended,,True,True,False,False
̨,h,com.apple.keylayout.FinnishExtended,,True,True,False,False
̣,g,com.apple.keylayout.FinnishExtended,,True,True,False,False
⁄,z,com.apple.keylayout.FinnishExtended,,True,True,False,False
̱,x,com.apple.keylayout.FinnishExtended,,True,True,False,False
̧,c,com.apple.keylayout.FinnishExtended,,True,True,False,False
«,v,com.apple.keylayout.FinnishExtended,,True,True,False,False
•,§,com.apple.keylayout.FinnishExtended,10,True,True,False,False
»,b,com.apple.keylayout.FinnishExtended,,True,True,False,False
°,q,com.apple.keylayout.FinnishExtended,,True,True,False,False
̦,w,com.apple.keylayout.FinnishExtended,,True,True,False,False
É,e,com.apple.keylayout.FinnishExtended,,True,True,False,False
̌,r,com.apple.keylayout.FinnishExtended,,True,True,False,False
̆,y,com.apple.keylayout.FinnishExtended,,True,True,False,False
Þ,t,com.apple.keylayout.FinnishExtended,,True,True,False,False
¡,1,com.apple.keylayout.FinnishExtended,,True,True,False,False
”,2,com.apple.keylayout.FinnishExtended,,True,True,False,False
¥,3,com.apple.keylayout.FinnishExtended,,True,True,False,False
¢,4,com.apple.keylayout.FinnishExtended,,True,True,False,False
¶,6,com.apple.keylayout.FinnishExtended,,True,True,False,False
̭,5,com.apple.keylayout.FinnishExtended,,True,True,False,False
},9,com.apple.keylayout.FinnishExtended,,True,True,False,False
\,7,com.apple.keylayout.FinnishExtended,,True,True,False,False
¿,+,com.apple.keylayout.FinnishExtended,,True,True,False,False
{,8,com.apple.keylayout.FinnishExtended,,True,True,False,False
̋,0,com.apple.keylayout.FinnishExtended,,True,True,False,False
Œ,o,com.apple.keylayout.FinnishExtended,,True,True,False,False
̉,u,com.apple.keylayout.FinnishExtended,,True,True,False,False
̊,å,com.apple.keylayout.FinnishExtended,,True,True,False,False
̛,i,com.apple.keylayout.FinnishExtended,,True,True,False,False
̇,p,com.apple.keylayout.FinnishExtended,,True,True,False,False
̵,l,com.apple.keylayout.FinnishExtended,,True,True,False,False
̰,j,com.apple.keylayout.FinnishExtended,,True,True,False,False
Æ,ä,com.apple.keylayout.FinnishExtended,,True,True,False,False
̃,k,com.apple.keylayout.FinnishExtended,,True,True,False,False
Ø,ö,com.apple.keylayout.FinnishExtended,,True,True,False,False
®,',com.apple.keylayout.FinnishExtended,,True,True,False,False
„,",",com.apple.keylayout.FinnishExtended,,True,True,False,False
—,-,com.apple.keylayout.FinnishExtended,,True,True,False,False
“,n,com.apple.keylayout.FinnishExtended,,True,True,False,False
”,m,com.apple.keylayout.FinnishExtended,,True,True,False,False
·,.,com.apple.keylayout.FinnishExtended,,True,True,False,False
 , ,com.apple.keylayout.FinnishExtended,,True,True,False,False
≥,<,com.apple.keylayout.FinnishExtended,50,True,True,False,False
q,q,com.apple.keylayout.French,,False,False,False,False
s,s,com.apple.keylayout.French,,False,False,False,False
d,d,com.apple.keylayout.French,,False,False,False,False
f,f,com.apple.keylayout.French,,False,False,False,False
h,h,com.apple.keylayout.French,,False,False,False,False
g,g,com.apple.keylayout.French,,False,False,False,False
w,w,com.apple.keylayout.French,,False,False,False,False
x,x,com.apple.keylayout.French,,False,False,False,False
c,c,com.apple.keylayout.French,,False,False,False,False
v,v,com.apple.keylayout.French,,False,False,False,False
@,@,com.apple.keylayout.French,10,False,False,False,False
b,b,com.apple.keylayout.French,,False,False,False,False
a,a,com.apple.keylayout.French,,False,False,False,False
z,z,com.apple.keylayout.French,,False,False,False,False
e,e,com.apple.keylayout.French,,False,False,False,False
r,r,com.apple.keylayout.French,,False,False,False,False
y,y,com.apple.keylayout.French,,False,False,False,False
t,t,com.apple.keylayout.French,,False,False,False,False
&,&,com.apple.keylayout.French,,False,False,False,False
é,é,com.apple.keylayout.French,,False,False,False,False
"""","""",com.apple.keylayout.French,,False,False,False,False
',',com.apple.keylayout.French,,False,False,False,False
§,§,com.apple.keylayout.French,,False,False,False,False
(,(,com.apple.keylayout.French,,False,False,False,False
-,-,com.apple.keylayout.French,,False,False,False,False
ç,ç,com.apple.keylayout.French,,False,False,False,False
è,è,com.apple.keylayout.French,,False,False,False,False
),),com.apple.keylayout.French,,False,False,False,False
!,!,com.apple.keylayout.French,,False,False,False,False
à,à,com.apple.keylayout.French,,False,False,False,False
$,$,com.apple.keylayout.French,,False,False,False,False
o,o,com.apple.keylayout.French,,False,False,False,False
u,u,com.apple.keylayout.French,,False,False,False,False
i,i,com.apple.keylayout.French,,False,False,False,False
p,p,com.apple.keylayout.French,,False,False,False,False
l,l,com.apple.keylayout.French,,False,False,False,False
j,j,com.apple.keylayout.French,,False,False,False,False
ù,ù,com.apple.keylayout.French,,False,False,False,False
k,k,com.apple.keylayout.French,,False,False,False,False
m,m,com.apple.keylayout.French,,False,False,False,False
;,;,com.apple.keylayout.French,,False,False,False,False
=,=,com.apple.keylayout.French,,False,False,False,False
n,n,com.apple.keylayout.French,,False,False,False,False
",",",",com.apple.keylayout.French,,False,False,False,False
:,:,com.apple.keylayout.French,,False,False,False,False
 , ,com.apple.keylayout.French,,False,False,False,False
<,<,com.apple.keylayout.French,50,False,False,False,False
Q,q,com.apple.keylayout.French,,False,True,False,False
S,s,com.apple.keylayout.French,,False,True,False,False
D,d,com.apple.keylayout.French,,False,True,False,False
F,f,com.apple.keylayout.French,,False,True,False,False
H,h,com.apple.keylayout.French,,False,True,False,False
G,g,com.apple.keylayout.French,,False,True,False,False
W,w,com.apple.keylayout.French,,False,True,False,False
X,x,com.apple.keylayout.French,,False,True,False,False
C,c,com.apple.keylayout.French,,False,True,False,False
V,v,com.apple.keylayout.French,,False,True,False,False
#,@,com.apple.keylayout.French,10,False,True,False,False
B,b,com.apple.keylayout.French,,False,True,False,False
A,a,com.apple.keylayout.French,,False,True,False,False
Z,z,com.apple.keylayout.French,,False,True,False,False
E,e,com.apple.keylayout.French,,False,True,False,False
R,r,com.apple.keylayout.French,,False,True,False,False
Y,y,com.apple.keylayout.French,,False,True,False,False
T,t,com.apple.keylayout.French,,False,True,False,False
1,&,com.apple.keylayout.French,,False,True,False,False
2,é,com.apple.keylayout.French,,False,True,False,False
3,"""",com.apple.keylayout.French,,False,True,False,False
4,',com.apple.keylayout.French,,False,True,False,False
6,§,com.apple.keylayout.French,,False,True,False,False
5,(,com.apple.keylayout.French,,False,True,False,False
_,-,com.apple.keylayout.French,,False,True,False,False
9,ç,com.apple.keylayout.French,,False,True,False,False
7,è,com.apple.keylayout.French,,False,True,False,False
°,),com.apple.keylayout.French,,False,True,False,False
8,!,com.apple.keylayout.French,,False,True,False,False
0,à,com.apple.keylayout.French,,False,True,False,False
*,$,com.apple.keylayout.French,,False,True,False,False
O,o,com.apple.keylayout.French,,False,True,False,False
U,u,com.apple.keylayout.French,,False,True,False,False
I,i,com.apple.keylayout.French,,False,True,False,False
P,p,com.apple.keylayout.French,,False,True,False,False
L,l,com.apple.keylayout.French,,False,True,False,False
J,j,com.apple.keylayout.French,,False,True,False,False
%,ù,com.apple.keylayout.French,,False,True,False,False
K,k,com.apple.keylayout.French,,False,True,False,False
M,m,com.apple.keylayout.French,,False,True,False,False
.,;,com.apple.keylayout.French,,False,True,False,False
+,=,com.apple.keylayout.French,,False,True,False,False
N,n,com.apple.keylayout.French,,False,True,False,False
?,",",com.apple.keylayout.French,,False,True,False,False
/,:,com.apple.keylayout.French,,False,True,False,False
 , ,com.apple.keylayout.French,,False,True,False,False
>,<,com.apple.keylayout.French,50,False,True,False,False
‡,q,com.apple.keylayout.French,,True,False,False,False
Ò,s,com.apple.keylayout.French,,True,False,False,False
∂,d,com.apple.keylayout.French,,True,False,False,False
ƒ,f,com.apple.keylayout.French,,True,False,False,False
Ì,h,com.apple.keylayout.French,,True,False,False,False
ﬁ,g,com.apple.keylayout.French,,True,False,False,False
‹,w,com.apple.keylayout.French,,True,False,False,False
≈,x,com.apple.keylayout.French,,True,False,False,False
©,c,com.apple.keylayout.French,,True,False,False,False
◊,v,com.apple.keylayout.French,,True,False,False,False
•,@,com.apple.keylayout.French,10,True,False,False,False
ß,b,com.apple.keylayout.French,,True,False,False,False
æ,a,com.apple.keylayout.French,,True,False,False,False
Â,z,com.apple.keylayout.French,,True,False,False,False
ê,e,com.apple.keylayout.French,,True,False,False,False
®,r,com.apple.keylayout.French,,True,False,False,False
Ú,y,com.apple.keylayout.French,,True,False,False,False
†,t,com.apple.keylayout.French,,True,False,False,False
,&,com.apple.keylayout.French,,True,False,False,False
ë,é,com.apple.keylayout.French,,True,False,False,False
“,"""",com.apple.keylayout.French,,True,False,False,False
‘,',com.apple.keylayout.French,,True,False,False,False
¶,§,com.apple.keylayout.French,,True,False,False,False
{,(,com.apple.keylayout.French,,True,False,False,False
—,-,com.apple.keylayout.French,,True,False,False,False
Ç,ç,com.apple.keylayout.French,,True,False,False,False
«,è,com.apple.keylayout.French,,True,False,False,False
},),com.apple.keylayout.French,,True,False,False,False
¡,!,com.apple.keylayout.French,,True,False,False,False
ø,à,com.apple.keylayout.French,,True,False,False,False
€,$,com.apple.keylayout.French,,True,False,False,False
œ,o,com.apple.keylayout.French,,True,False,False,False
º,u,com.apple.keylayout.French,,True,False,False,False
î,i,com.apple.keylayout.French,,True,False,False,False
π,p,com.apple.keylayout.French,,True,False,False,False
¬,l,com.apple.keylayout.French,,True,False,False,False
Ï,j,com.apple.keylayout.French,,True,False,False,False
Ù,ù,com.apple.keylayout.French,,True,False,False,False
È,k,com.apple.keylayout.French,,True,False,False,False
µ,m,com.apple.keylayout.French,,True,False,False,False
…,;,com.apple.keylayout.French,,True,False,False,False
≠,=,com.apple.keylayout.French,,True,False,False,False
∞,",",com.apple.keylayout.French,,True,False,False,False
÷,:,com.apple.keylayout.French,,True,False,False,False
 , ,com.apple.keylayout.French,,True,False,False,False
≤,<,com.apple.keylayout.French,50,True,False,False,False
Ω,q,com.apple.keylayout.French,,True,True,False,False
∑,s,com.apple.keylayout.French,,True,True,False,False
∆,d,com.apple.keylayout.French,,True,True,False,False
·,f,com.apple.keylayout.French,,True,True,False,False
Î,h,com.apple.keylayout.French,,True,True,False,False
ﬂ,g,com.apple.keylayout.French,,True,True,False,False
›,w,com.apple.keylayout.French,,True,True,False,False
⁄,x,com.apple.keylayout.French,,True,True,False,False
¢,c,com.apple.keylayout.French,,True,True,False,False
√,v,com.apple.keylayout.French,,True,True,False,False
Ÿ,@,com.apple.keylayout.French,10,True,True,False,False
∫,b,com.apple.keylayout.French,,True,True,False,False
Æ,a,com.apple.keylayout.French,,True,True,False,False
Å,z,com.apple.keylayout.French,,True,True,False,False
Ê,e,com.apple.keylayout.French,,True,True,False,False
‚,r,com.apple.keylayout.French,,True,True,False,False
Ÿ,y,com.apple.keylayout.French,,True,True,False,False
™,t,com.apple.keylayout.French,,True,True,False,False
„,é,com.apple.keylayout.French,,True,True,False,False
”,"""",com.apple.keylayout.French,,True,True,False,False
’,',com.apple.keylayout.French,,True,True,False,False
å,§,com.apple.keylayout.French,,True,True,False,False
[,(,com.apple.keylayout.French,,True,True,False,False
–,-,com.apple.keylayout.French,,True,True,False,False
Á,ç,com.apple.keylayout.French,,True,True,False,False
»,è,com.apple.keylayout.French,,True,True,False,False
],),com.apple.keylayout.French,,True,True,False,False
Û,!,com.apple.keylayout.French,,True,True,False,False
Ø,à,com.apple.keylayout.French,,True,True,False,False
¥,$,com.apple.keylayout.French,,True,True,False,False
Œ,o,com.apple.keylayout.French,,True,True,False,False
ª,u,com.apple.keylayout.French,,True,True,False,False
ï,i,com.apple.keylayout.French,,True,True,False,False
∏,p,com.apple.keylayout.French,,True,True,False,False
|,l,com.apple.keylayout.French,,True,True,False,False
Í,j,com.apple.keylayout.French,,True,True,False,False
‰,ù,com.apple.keylayout.French,,True,True,False,False
Ë,k,com.apple.keylayout.French,,True,True,False,False
Ó,m,com.apple.keylayout.French,,True,True,False,False
•,;,com.apple.keylayout.French,,True,True,False,False
±,=,com.apple.keylayout.French,,True,True,False,False
ı,n,com.apple.keylayout.French,,True,True,False,False
¿,",",com.apple.keylayout.French,,True,True,False,False
\,:,com.apple.keylayout.French,,True,True,False,False
 , ,com.apple.keylayout.French,,True,True,False,False
≥,<,com.apple.keylayout.French,50,True,True,False,False
a,a,com.apple.keylayout.Inuktitut-QWERTY,,False,False,False,False
s,s,com.apple.keylayout.Inuktitut-QWERTY,,False,False,False,False
d,d,com.apple.keylayout.Inuktitut-QWERTY,,False,False,False,False
f,f,com.apple.keylayout.Inuktitut-QWERTY,,False,False,False,False
h,h,com.apple.keylayout.Inuktitut-QWERTY,,False,False,False,False
g,g,com.apple.keylayout.Inuktitut-QWERTY,,False,False,False,False
z,z,com.apple.keylayout.Inuktitut-QWERTY,,False,False,False,False
x,x,com.apple.keylayout.Inuktitut-QWERTY,,False,False,False,False
c,c,com.apple.keylayout.Inuktitut-QWERTY,,False,False,False,False
v,v,com.apple.keylayout.Inuktitut-QWERTY,,False,False,False,False
§,§,com.apple.keylayout.Inuktitut-QWERTY,10,False,False,False,False
b,b,com.apple.keylayout.Inuktitut-QWERTY,,False,False,False,False
q,q,com.apple.keylayout.Inuktitut-QWERTY,,False,False,False,False
w,w,com.apple.keylayout.Inuktitut-QWERTY,,False,False,False,False
e,e,com.apple.keylayout.Inuktitut-QWERTY,,False,False,False,False
r,r,com.apple.keylayout.Inuktitut-QWERTY,,False,False,False,False
y,y,com.apple.keylayout.Inuktitut-QWERTY,,False,False,False,False
t,t,com.apple.keylayout.Inuktitut-QWERTY,,False,False,False,False
1,1,com.apple.keylayout.Inuktitut-QWERTY,,False,False,False,False
2,2,com.apple.keylayout.Inuktitut-QWERTY,,False,False,False,False
3,3,com.apple.keylayout.Inuktitut-QWERTY,,False,False,False,False
4,4,com.apple.keylayout.Inuktitut-QWERTY,,False,False,False,False
6,6,com.apple.keylayout.Inuktitut-QWERTY,,False,False,False,False
5,5,com.apple.keylayout.Inuktitut-QWERTY,,False,False,False,False
=,=,com.apple.keylayout.Inuktitut-QWERTY,,False,False,False,False
9,9,com.apple.keylayout.Inuktitut-QWERTY,,False,False,False,False
7,7,com.apple.keylayout.Inuktitut-QWERTY,,False,False,False,False
-,-,com.apple.keylayout.Inuktitut-QWERTY,,False,False,False,False
8,8,com.apple.keylayout.Inuktitut-QWERTY,,False,False,False,False
0,0,com.apple.keylayout.Inuktitut-QWERTY,,False,False,False,False
],],com.apple.keylayout.Inuktitut-QWERTY,,False,False,False,False
o,o,com.apple.keylayout.Inuktitut-QWERTY,,False,False,False,False
u,u,com.apple.keylayout.Inuktitut-QWERTY,,False,False,False,False
[,[,com.apple.keylayout.Inuktitut-QWERTY,,False,False,False,False
i,i,com.apple.keylayout.Inuktitut-QWERTY,,False,False,False,False
p,p,com.apple.keylayout.Inuktitut-QWERTY,,False,False,False,False
l,l,com.apple.keylayout.Inuktitut-QWERTY,,False,False,False,False
j,j,com.apple.keylayout.Inuktitut-QWERTY,,False,False,False,False
',',com.apple.keylayout.Inuktitut-QWERTY,,False,False,False,False
k,k,com.apple.keylayout.Inuktitut-QWERTY,,False,False,False,False
;,;,com.apple.keylayout.Inuktitut-QWERTY,,False,False,False,False
\,\,com.apple.keylayout.Inuktitut-QWERTY,,False,False,False,False
",",",",com.apple.keylayout.Inuktitut-QWERTY,,False,False,False,False
/,/,com.apple.keylayout.Inuktitut-QWERTY,,False,False,False,False
n,n,com.apple.keylayout.Inuktitut-QWERTY,,False,False,False,False
m,m,com.apple.keylayout.Inuktitut-QWERTY,,False,False,False,False
.,.,com.apple.keylayout.Inuktitut-QWERTY,,False,False,False,False
 , ,com.apple.keylayout.Inuktitut-QWERTY,,False,False,False,False
`,`,com.apple.keylayout.Inuktitut-QWERTY,50,False,False,False,False
A,a,com.apple.keylayout.Inuktitut-QWERTY,,False,True,False,False
S,s,com.apple.keylayout.Inuktitut-QWERTY,,False,True,False,False
D,d,com.apple.keylayout.Inuktitut-QWERTY,,False,True,False,False
F,f,com.apple.keylayout.Inuktitut-QWERTY,,False,True,False,False
H,h,com.apple.keylayout.Inuktitut-QWERTY,,False,True,False,False
G,g,com.apple.keylayout.Inuktitut-QWERTY,,False,True,False,False
Z,z,com.apple.keylayout.Inuktitut-QWERTY,,False,True,False,False
X,x,com.apple.keylayout.Inuktitut-QWERTY,,False,True,False,False
C,c,com.apple.keylayout.Inuktitut-QWERTY,,False,True,False,False
V,v,com.apple.keylayout.Inuktitut-QWERTY,,False,True,False,False
±,§,com.apple.keylayout.Inuktitut-QWERTY,10,False,True,False,False
B,b,com.apple.keylayout.Inuktitut-QWERTY,,False,True,False,False
Q,q,com.apple.keylayout.Inuktitut-QWERTY,,False,True,False,False
W,w,com.apple.keylayout.Inuktitut-QWERTY,,False,True,False,False
E,e,com.apple.keylayout.Inuktitut-QWERTY,,False,True,False,False
R,r,com.apple.keylayout.Inuktitut-QWERTY,,False,True,False,False
Y,y,com.apple.keylayout.Inuktitut-QWERTY,,False,True,False,False
T,t,com.apple.keylayout.Inuktitut-QWERTY,,False,True,False,False
!,1,com.apple.keylayout.Inuktitut-QWERTY,,False,True,False,False
@,2,com.apple.keylayout.Inuktitut-QWERTY,,False,True,False,False
#,3,com.apple.keylayout.Inuktitut-QWERTY,,False,True,False,False
$,4,com.apple.keylayout.Inuktitut-QWERTY,,False,True,False,False
^,6,com.apple.keylayout.Inuktitut-QWERTY,,False,True,False,False
%,5,com.apple.keylayout.Inuktitut-QWERTY,,False,True,False,False
+,=,com.apple.keylayout.Inuktitut-QWERTY,,False,True,False,False
(,9,com.apple.keylayout.Inuktitut-QWERTY,,False,True,False,False
&,7,com.apple.keylayout.Inuktitut-QWERTY,,False,True,False,False
_,-,com.apple.keylayout.Inuktitut-QWERTY,,False,True,False,False
*,8,com.apple.keylayout.Inuktitut-QWERTY,,False,True,False,False
),0,com.apple.keylayout.Inuktitut-QWERTY,,False,True,False,False
},],com.apple.keylayout.Inuktitut-QWERTY,,False,True,False,False
O,o,com.apple.keylayout.Inuktitut-QWERTY,,False,True,False,False
U,u,com.apple.keylayout.Inuktitut-QWERTY,,False,True,False,False
{,[,com.apple.keylayout.Inuktitut-QWERTY,,False,True,False,False
I,i,com.apple.keylayout.Inuktitut-QWERTY,,False,True,False,False
P,p,com.apple.keylayout.Inuktitut-QWERTY,,False,True,False,False
L,l,com.apple.keylayout.Inuktitut-QWERTY,,False,True,False,False
J,j,com.apple.keylayout.Inuktitut-QWERTY,,False,True,False,False
"""",',com.apple.keylayout.Inuktitut-QWERTY,,False,True,False,False
K,k,com.apple.keylayout.Inuktitut-QWERTY,,False,True,False,False
:,;,com.apple.keylayout.Inuktitut-QWERTY,,False,True,False,False
|,\,com.apple.keylayout.Inuktitut-QWERTY,,False,True,False,False
<,",",com.apple.keylayout.Inuktitut-QWERTY,,False,True,False,False
?,/,com.apple.keylayout.Inuktitut-QWERTY,,False,True,False,False
N,n,com.apple.keylayout.Inuktitut-QWERTY,,False,True,False,False
M,m,com.apple.keylayout.Inuktitut-QWERTY,,False,True,False,False
>,.,com.apple.keylayout.Inuktitut-QWERTY,,False,True,False,False
 , ,com.apple.keylayout.Inuktitut-QWERTY,,False,True,False,False
~,`,com.apple.keylayout.Inuktitut-QWERTY,50,False,True,False,False
ß,s,com.apple.keylayout.Inuktitut-QWERTY,,True,False,False,False
ð,d,com.apple.keylayout.Inuktitut-QWERTY,,True,False,False,False
ƒ,f,com.apple.keylayout.Inuktitut-QWERTY,,True,False,False,False
©,g,com.apple.keylayout.Inuktitut-QWERTY,,True,False,False,False
§,§,com.apple.keylayout.Inuktitut-QWERTY,10,True,False,False,False
œ,q,com.apple.keylayout.Inuktitut-QWERTY,,True,False,False,False
®,r,com.apple.keylayout.Inuktitut-QWERTY,,True,False,False,False
¥,y,com.apple.keylayout.Inuktitut-QWERTY,,True,False,False,False
þ,t,com.apple.keylayout.Inuktitut-QWERTY,,True,False,False,False
¡,1,com.apple.keylayout.Inuktitut-QWERTY,,True,False,False,False
™,2,com.apple.keylayout.Inuktitut-QWERTY,,True,False,False,False
£,3,com.apple.keylayout.Inuktitut-QWERTY,,True,False,False,False
¢,4,com.apple.keylayout.Inuktitut-QWERTY,,True,False,False,False
§,5,com.apple.keylayout.Inuktitut-QWERTY,,True,False,False,False
≠,=,com.apple.keylayout.Inuktitut-QWERTY,,True,False,False,False
ª,9,com.apple.keylayout.Inuktitut-QWERTY,,True,False,False,False
¶,7,com.apple.keylayout.Inuktitut-QWERTY,,True,False,False,False
–,-,com.apple.keylayout.Inuktitut-QWERTY,,True,False,False,False
•,8,com.apple.keylayout.Inuktitut-QWERTY,,True,False,False,False
º,0,com.apple.keylayout.Inuktitut-QWERTY,,True,False,False,False
‘,],com.apple.keylayout.Inuktitut-QWERTY,,True,False,False,False
ø,o,com.apple.keylayout.Inuktitut-QWERTY,,True,False,False,False
“,[,com.apple.keylayout.Inuktitut-QWERTY,,True,False,False,False
æ,',com.apple.keylayout.Inuktitut-QWERTY,,True,False,False,False
…,;,com.apple.keylayout.Inuktitut-QWERTY,,True,False,False,False
«,\,com.apple.keylayout.Inuktitut-QWERTY,,True,False,False,False
≤,",",com.apple.keylayout.Inuktitut-QWERTY,,True,False,False,False
÷,/,com.apple.keylayout.Inuktitut-QWERTY,,True,False,False,False
≥,.,com.apple.keylayout.Inuktitut-QWERTY,,True,False,False,False
 , ,com.apple.keylayout.Inuktitut-QWERTY,,True,False,False,False
̄,a,com.apple.keylayout.Inuktitut-QWERTY,,True,True,False,False
Ð,d,com.apple.keylayout.Inuktitut-QWERTY,,True,True,False,False
̱,h,com.apple.keylayout.Inuktitut-QWERTY,,True,True,False,False
̉,z,com.apple.keylayout.Inuktitut-QWERTY,,True,True,False,False
̣,x,com.apple.keylayout.Inuktitut-QWERTY,,True,True,False,False
̧,c,com.apple.keylayout.Inuktitut-QWERTY,,True,True,False,False
̌,v,com.apple.keylayout.Inuktitut-QWERTY,,True,True,False,False
±,§,com.apple.keylayout.Inuktitut-QWERTY,10,True,True,False,False
̆,b,com.apple.keylayout.Inuktitut-QWERTY,,True,True,False,False
Œ,q,com.apple.keylayout.Inuktitut-QWERTY,,True,True,False,False
̇,w,com.apple.keylayout.Inuktitut-QWERTY,,True,True,False,False
́,e,com.apple.keylayout.Inuktitut-QWERTY,,True,True,False,False
‰,r,com.apple.keylayout.Inuktitut-QWERTY,,True,True,False,False
Þ,t,com.apple.keylayout.Inuktitut-QWERTY,,True,True,False,False
⁄,1,com.apple.keylayout.Inuktitut-QWERTY,,True,True,False,False
€,2,com.apple.keylayout.Inuktitut-QWERTY,,True,True,False,False
‹,3,com.apple.keylayout.Inuktitut-QWERTY,,True,True,False,False
›,4,com.apple.keylayout.Inuktitut-QWERTY,,True,True,False,False
̂,6,com.apple.keylayout.Inuktitut-QWERTY,,True,True,False,False
†,5,com.apple.keylayout.Inuktitut-QWERTY,,True,True,False,False
±,=,com.apple.keylayout.Inuktitut-QWERTY,,True,True,False,False
·,9,com.apple.keylayout.Inuktitut-QWERTY,,True,True,False,False
‡,7,com.apple.keylayout.Inuktitut-QWERTY,,True,True,False,False
—,-,com.apple.keylayout.Inuktitut-QWERTY,,True,True,False,False
°,8,com.apple.keylayout.Inuktitut-QWERTY,,True,True,False,False
‚,0,com.apple.keylayout.Inuktitut-QWERTY,,True,True,False,False
’,],com.apple.keylayout.Inuktitut-QWERTY,,True,True,False,False
Ø,o,com.apple.keylayout.Inuktitut-QWERTY,,True,True,False,False
̈,u,com.apple.keylayout.Inuktitut-QWERTY,,True,True,False,False
”,[,com.apple.keylayout.Inuktitut-QWERTY,,True,True,False,False
̛,i,com.apple.keylayout.Inuktitut-QWERTY,,True,True,False,False
̦,p,com.apple.keylayout.Inuktitut-QWERTY,,True,True,False,False
̵,l,com.apple.keylayout.Inuktitut-QWERTY,,True,True,False,False
̋,j,com.apple.keylayout.Inuktitut-QWERTY,,True,True,False,False
Æ,',com.apple.keylayout.Inuktitut-QWERTY,,True,True,False,False
̊,k,com.apple.keylayout.Inuktitut-QWERTY,,True,True,False,False
»,\,com.apple.keylayout.Inuktitut-QWERTY,,True,True,False,False
„,",",com.apple.keylayout.Inuktitut-QWERTY,,True,True,False,False
¿,/,com.apple.keylayout.Inuktitut-QWERTY,,True,True,False,False
̃,n,com.apple.keylayout.Inuktitut-QWERTY,,True,True,False,False
̨,m,com.apple.keylayout.Inuktitut-QWERTY,,True,True,False,False
 , ,com.apple.keylayout.Inuktitut-QWERTY,,True,True,False,False
̀,`,com.apple.keylayout.Inuktitut-QWERTY,50,True,True,False,False
q,q,com.apple.keylayout.Belgian,,False,False,False,False
s,s,com.apple.keylayout.Belgian,,False,False,False,False
d,d,com.apple.keylayout.Belgian,,False,False,False,False
f,f,com.apple.keylayout.Belgian,,False,False,False,False
h,h,com.apple.keylayout.Belgian,,False,False,False,False
g,g,com.apple.keylayout.Belgian,,False,False,False,False
w,w,com.apple.keylayout.Belgian,,False,False,False,False
x,x,com.apple.keylayout.Belgian,,False,False,False,False
c,c,com.apple.keylayout.Belgian,,False,False,False,False
v,v,com.apple.keylayout.Belgian,,False,False,False,False
@,@,com.apple.keylayout.Belgian,10,False,False,False,False
b,b,com.apple.keylayout.Belgian,,False,False,False,False
a,a,com.apple.keylayout.Belgian,,False,False,False,False
z,z,com.apple.keylayout.Belgian,,False,False,False,False
e,e,com.apple.keylayout.Belgian,,False,False,False,False
r,r,com.apple.keylayout.Belgian,,False,False,False,False
y,y,com.apple.keylayout.Belgian,,False,False,False,False
t,t,com.apple.keylayout.Belgian,,False,False,False,False
&,&,com.apple.keylayout.Belgian,,False,False,False,False
é,é,com.apple.keylayout.Belgian,,False,False,False,False
"""","""",com.apple.keylayout.Belgian,,False,False,False,False
',',com.apple.keylayout.Belgian,,False,False,False,False
§,§,com.apple.keylayout.Belgian,,False,False,False,False
(,(,com.apple.keylayout.Belgian,,False,False,False,False
-,-,com.apple.keylayout.Belgian,,False,False,False,False
ç,ç,com.apple.keylayout.Belgian,,False,False,False,False
è,è,com.apple.keylayout.Belgian,,False,False,False,False
),),com.apple.keylayout.Belgian,,False,False,False,False
!,!,com.apple.keylayout.Belgian,,False,False,False,False
à,à,com.apple.keylayout.Belgian,,False,False,False,False
$,$,com.apple.keylayout.Belgian,,False,False,False,False
o,o,com.apple.keylayout.Belgian,,False,False,False,False
u,u,com.apple.keylayout.Belgian,,False,False,False,False
i,i,com.apple.keylayout.Belgian,,False,False,False,False
p,p,com.apple.keylayout.Belgian,,False,False,False,False
l,l,com.apple.keylayout.Belgian,,False,False,False,False
j,j,com.apple.keylayout.Belgian,,False,False,False,False
ù,ù,com.apple.keylayout.Belgian,,False,False,False,False
k,k,com.apple.keylayout.Belgian,,False,False,False,False
m,m,com.apple.keylayout.Belgian,,False,False,False,False
;,;,com.apple.keylayout.Belgian,,False,False,False,False
=,=,com.apple.keylayout.Belgian,,False,False,False,False
n,n,com.apple.keylayout.Belgian,,False,False,False,False
",",",",com.apple.keylayout.Belgian,,False,False,False,False
:,:,com.apple.keylayout.Belgian,,False,False,False,False
 , ,com.apple.keylayout.Belgian,,False,False,False,False
<,<,com.apple.keylayout.Belgian,50,False,False,False,False
Q,q,com.apple.keylayout.Belgian,,False,True,False,False
S,s,com.apple.keylayout.Belgian,,False,True,False,False
D,d,com.apple.keylayout.Belgian,,False,True,False,False
F,f,com.apple.keylayout.Belgian,,False,True,False,False
H,h,com.apple.keylayout.Belgian,,False,True,False,False
G,g,com.apple.keylayout.Belgian,,False,True,False,False
W,w,com.apple.keylayout.Belgian,,False,True,False,False
X,x,com.apple.keylayout.Belgian,,False,True,False,False
C,c,com.apple.keylayout.Belgian,,False,True,False,False
V,v,com.apple.keylayout.Belgian,,False,True,False,False
#,@,com.apple.keylayout.Belgian,10,False,True,False,False
B,b,com.apple.keylayout.Belgian,,False,True,False,False
A,a,com.apple.keylayout.Belgian,,False,True,False,False
Z,z,com.apple.keylayout.Belgian,,False,True,False,False
E,e,com.apple.keylayout.Belgian,,False,True,False,False
R,r,com.apple.keylayout.Belgian,,False,True,False,False
Y,y,com.apple.keylayout.Belgian,,False,True,False,False
T,t,com.apple.keylayout.Belgian,,False,True,False,False
1,&,com.apple.keylayout.Belgian,,False,True,False,False
2,é,com.apple.keylayout.Belgian,,False,True,False,False
3,"""",com.apple.keylayout.Belgian,,False,True,False,False
4,',com.apple.keylayout.Belgian,,False,True,False,False
6,§,com.apple.keylayout.Belgian,,False,True,False,False
5,(,com.apple.keylayout.Belgian,,False,True,False,False
_,-,com.apple.keylayout.Belgian,,False,True,False,False
9,ç,com.apple.keylayout.Belgian,,False,True,False,False
7,è,com.apple.keylayout.Belgian,,False,True,False,False
°,),com.apple.keylayout.Belgian,,False,True,False,False
8,!,com.apple.keylayout.Belgian,,False,True,False,False
0,à,com.apple.keylayout.Belgian,,False,True,False,False
*,$,com.apple.keylayout.Belgian,,False,True,False,False
O,o,com.apple.keylayout.Belgian,,False,True,False,False
U,u,com.apple.keylayout.Belgian,,False,True,False,False
I,i,com.apple.keylayout.Belgian,,False,True,False,False
P,p,com.apple.keylayout.Belgian,,False,True,False,False
L,l,com.apple.keylayout.Belgian,,False,True,False,False
J,j,com.apple.keylayout.Belgian,,False,True,False,False
%,ù,com.apple.keylayout.Belgian,,False,True,False,False
K,k,com.apple.keylayout.Belgian,,False,True,False,False
M,m,com.apple.keylayout.Belgian,,False,True,False,False
.,;,com.apple.keylayout.Belgian,,False,True,False,False
+,=,com.apple.keylayout.Belgian,,False,True,False,False
N,n,com.apple.keylayout.Belgian,,False,True,False,False
?,",",com.apple.keylayout.Belgian,,False,True,False,False
/,:,com.apple.keylayout.Belgian,,False,True,False,False
 , ,com.apple.keylayout.Belgian,,False,True,False,False
>,<,com.apple.keylayout.Belgian,50,False,True,False,False
‡,q,com.apple.keylayout.Belgian,,True,False,False,False
Ò,s,com.apple.keylayout.Belgian,,True,False,False,False
∂,d,com.apple.keylayout.Belgian,,True,False,False,False
ƒ,f,com.apple.keylayout.Belgian,,True,False,False,False
Ì,h,com.apple.keylayout.Belgian,,True,False,False,False
ﬁ,g,com.apple.keylayout.Belgian,,True,False,False,False
‹,w,com.apple.keylayout.Belgian,,True,False,False,False
≈,x,com.apple.keylayout.Belgian,,True,False,False,False
©,c,com.apple.keylayout.Belgian,,True,False,False,False
◊,v,com.apple.keylayout.Belgian,,True,False,False,False
•,@,com.apple.keylayout.Belgian,10,True,False,False,False
ß,b,com.apple.keylayout.Belgian,,True,False,False,False
æ,a,com.apple.keylayout.Belgian,,True,False,False,False
Â,z,com.apple.keylayout.Belgian,,True,False,False,False
ê,e,com.apple.keylayout.Belgian,,True,False,False,False
®,r,com.apple.keylayout.Belgian,,True,False,False,False
Ú,y,com.apple.keylayout.Belgian,,True,False,False,False
†,t,com.apple.keylayout.Belgian,,True,False,False,False
,&,com.apple.keylayout.Belgian,,True,False,False,False
ë,é,com.apple.keylayout.Belgian,,True,False,False,False
“,"""",com.apple.keylayout.Belgian,,True,False,False,False
‘,',com.apple.keylayout.Belgian,,True,False,False,False
¶,§,com.apple.keylayout.Belgian,,True,False,False,False
{,(,com.apple.keylayout.Belgian,,True,False,False,False
—,-,com.apple.keylayout.Belgian,,True,False,False,False
Ç,ç,com.apple.keylayout.Belgian,,True,False,False,False
«,è,com.apple.keylayout.Belgian,,True,False,False,False
},),com.apple.keylayout.Belgian,,True,False,False,False
¡,!,com.apple.keylayout.Belgian,,True,False,False,False
ø,à,com.apple.keylayout.Belgian,,True,False,False,False
€,$,com.apple.keylayout.Belgian,,True,False,False,False
œ,o,com.apple.keylayout.Belgian,,True,False,False,False
º,u,com.apple.keylayout.Belgian,,True,False,False,False
î,i,com.apple.keylayout.Belgian,,True,False,False,False
π,p,com.apple.keylayout.Belgian,,True,False,False,False
¬,l,com.apple.keylayout.Belgian,,True,False,False,False
Ï,j,com.apple.keylayout.Belgian,,True,False,False,False
Ù,ù,com.apple.keylayout.Belgian,,True,False,False,False
È,k,com.apple.keylayout.Belgian,,True,False,False,False
µ,m,com.apple.keylayout.Belgian,,True,False,False,False
…,;,com.apple.keylayout.Belgian,,True,False,False,False
≠,=,com.apple.keylayout.Belgian,,True,False,False,False
∞,",",com.apple.keylayout.Belgian,,True,False,False,False
÷,:,com.apple.keylayout.Belgian,,True,False,False,False
 , ,com.apple.keylayout.Belgian,,True,False,False,False
≤,<,com.apple.keylayout.Belgian,50,True,False,False,False
Ω,q,com.apple.keylayout.Belgian,,True,True,False,False
∑,s,com.apple.keylayout.Belgian,,True,True,False,False
∆,d,com.apple.keylayout.Belgian,,True,True,False,False
·,f,com.apple.keylayout.Belgian,,True,True,False,False
Î,h,com.apple.keylayout.Belgian,,True,True,False,False
ﬂ,g,com.apple.keylayout.Belgian,,True,True,False,False
›,w,com.apple.keylayout.Belgian,,True,True,False,False
⁄,x,com.apple.keylayout.Belgian,,True,True,False,False
¢,c,com.apple.keylayout.Belgian,,True,True,False,False
√,v,com.apple.keylayout.Belgian,,True,True,False,False
Ÿ,@,com.apple.keylayout.Belgian,10,True,True,False,False
∫,b,com.apple.keylayout.Belgian,,True,True,False,False
Æ,a,com.apple.keylayout.Belgian,,True,True,False,False
Å,z,com.apple.keylayout.Belgian,,True,True,False,False
Ê,e,com.apple.keylayout.Belgian,,True,True,False,False
‚,r,com.apple.keylayout.Belgian,,True,True,False,False
Ÿ,y,com.apple.keylayout.Belgian,,True,True,False,False
™,t,com.apple.keylayout.Belgian,,True,True,False,False
„,é,com.apple.keylayout.Belgian,,True,True,False,False
”,"""",com.apple.keylayout.Belgian,,True,True,False,False
’,',com.apple.keylayout.Belgian,,True,True,False,False
å,§,com.apple.keylayout.Belgian,,True,True,False,False
[,(,com.apple.keylayout.Belgian,,True,True,False,False
–,-,com.apple.keylayout.Belgian,,True,True,False,False
Á,ç,com.apple.keylayout.Belgian,,True,True,False,False
»,è,com.apple.keylayout.Belgian,,True,True,False,False
],),com.apple.keylayout.Belgian,,True,True,False,False
Û,!,com.apple.keylayout.Belgian,,True,True,False,False
Ø,à,com.apple.keylayout.Belgian,,True,True,False,False
¥,$,com.apple.keylayout.Belgian,,True,True,False,False
Œ,o,com.apple.keylayout.Belgian,,True,True,False,False
ª,u,com.apple.keylayout.Belgian,,True,True,False,False
ï,i,com.apple.keylayout.Belgian,,True,True,False,False
∏,p,com.apple.keylayout.Belgian,,True,True,False,False
|,l,com.apple.keylayout.Belgian,,True,True,False,False
Í,j,com.apple.keylayout.Belgian,,True,True,False,False
‰,ù,com.apple.keylayout.Belgian,,True,True,False,False
Ë,k,com.apple.keylayout.Belgian,,True,True,False,False
Ó,m,com.apple.keylayout.Belgian,,True,True,False,False
•,;,com.apple.keylayout.Belgian,,True,True,False,False
±,=,com.apple.keylayout.Belgian,,True,True,False,False
ı,n,com.apple.keylayout.Belgian,,True,True,False,False
¿,",",com.apple.keylayout.Belgian,,True,True,False,False
\,:,com.apple.keylayout.Belgian,,True,True,False,False
 , ,com.apple.keylayout.Belgian,,True,True,False,False
≥,<,com.apple.keylayout.Belgian,50,True,True,False,False
a,a,com.apple.keylayout.Lithuanian,,False,False,False,False
s,s,com.apple.keylayout.Lithuanian,,False,False,False,False
d,d,com.apple.keylayout.Lithuanian,,False,False,False,False
f,f,com.apple.keylayout.Lithuanian,,False,False,False,False
h,h,com.apple.keylayout.Lithuanian,,False,False,False,False
g,g,com.apple.keylayout.Lithuanian,,False,False,False,False
z,z,com.apple.keylayout.Lithuanian,,False,False,False,False
x,x,com.apple.keylayout.Lithuanian,,False,False,False,False
c,c,com.apple.keylayout.Lithuanian,,False,False,False,False
v,v,com.apple.keylayout.Lithuanian,,False,False,False,False
§,§,com.apple.keylayout.Lithuanian,10,False,False,False,False
b,b,com.apple.keylayout.Lithuanian,,False,False,False,False
q,q,com.apple.keylayout.Lithuanian,,False,False,False,False
w,w,com.apple.keylayout.Lithuanian,,False,False,False,False
e,e,com.apple.keylayout.Lithuanian,,False,False,False,False
r,r,com.apple.keylayout.Lithuanian,,False,False,False,False
y,y,com.apple.keylayout.Lithuanian,,False,False,False,False
t,t,com.apple.keylayout.Lithuanian,,False,False,False,False
ą,ą,com.apple.keylayout.Lithuanian,,False,False,False,False
č,č,com.apple.keylayout.Lithuanian,,False,False,False,False
ę,ę,com.apple.keylayout.Lithuanian,,False,False,False,False
ė,ė,com.apple.keylayout.Lithuanian,,False,False,False,False
š,š,com.apple.keylayout.Lithuanian,,False,False,False,False
į,į,com.apple.keylayout.Lithuanian,,False,False,False,False
ž,ž,com.apple.keylayout.Lithuanian,,False,False,False,False
9,9,com.apple.keylayout.Lithuanian,,False,False,False,False
ų,ų,com.apple.keylayout.Lithuanian,,False,False,False,False
-,-,com.apple.keylayout.Lithuanian,,False,False,False,False
ū,ū,com.apple.keylayout.Lithuanian,,False,False,False,False
0,0,com.apple.keylayout.Lithuanian,,False,False,False,False
],],com.apple.keylayout.Lithuanian,,False,False,False,False
o,o,com.apple.keylayout.Lithuanian,,False,False,False,False
u,u,com.apple.keylayout.Lithuanian,,False,False,False,False
[,[,com.apple.keylayout.Lithuanian,,False,False,False,False
i,i,com.apple.keylayout.Lithuanian,,False,False,False,False
p,p,com.apple.keylayout.Lithuanian,,False,False,False,False
l,l,com.apple.keylayout.Lithuanian,,False,False,False,False
j,j,com.apple.keylayout.Lithuanian,,False,False,False,False
',',com.apple.keylayout.Lithuanian,,False,False,False,False
k,k,com.apple.keylayout.Lithuanian,,False,False,False,False
;,;,com.apple.keylayout.Lithuanian,,False,False,False,False
\,\,com.apple.keylayout.Lithuanian,,False,False,False,False
",",",",com.apple.keylayout.Lithuanian,,False,False,False,False
/,/,com.apple.keylayout.Lithuanian,,False,False,False,False
n,n,com.apple.keylayout.Lithuanian,,False,False,False,False
m,m,com.apple.keylayout.Lithuanian,,False,False,False,False
.,.,com.apple.keylayout.Lithuanian,,False,False,False,False
 , ,com.apple.keylayout.Lithuanian,,False,False,False,False
A,a,com.apple.keylayout.Lithuanian,,False,True,False,False
S,s,com.apple.keylayout.Lithuanian,,False,True,False,False
D,d,com.apple.keylayout.Lithuanian,,False,True,False,False
F,f,com.apple.keylayout.Lithuanian,,False,True,False,False
H,h,com.apple.keylayout.Lithuanian,,False,True,False,False
G,g,com.apple.keylayout.Lithuanian,,False,True,False,False
Z,z,com.apple.keylayout.Lithuanian,,False,True,False,False
X,x,com.apple.keylayout.Lithuanian,,False,True,False,False
C,c,com.apple.keylayout.Lithuanian,,False,True,False,False
V,v,com.apple.keylayout.Lithuanian,,False,True,False,False
Ī,§,com.apple.keylayout.Lithuanian,10,False,True,False,False
B,b,com.apple.keylayout.Lithuanian,,False,True,False,False
Q,q,com.apple.keylayout.Lithuanian,,False,True,False,False
W,w,com.apple.keylayout.Lithuanian,,False,True,False,False
E,e,com.apple.keylayout.Lithuanian,,False,True,False,False
R,r,com.apple.keylayout.Lithuanian,,False,True,False,False
Y,y,com.apple.keylayout.Lithuanian,,False,True,False,False
T,t,com.apple.keylayout.Lithuanian,,False,True,False,False
Ą,ą,com.apple.keylayout.Lithuanian,,False,True,False,False
Č,č,com.apple.keylayout.Lithuanian,,False,True,False,False
Ę,ę,com.apple.keylayout.Lithuanian,,False,True,False,False
Ė,ė,com.apple.keylayout.Lithuanian,,False,True,False,False
Š,š,com.apple.keylayout.Lithuanian,,False,True,False,False
Į,į,com.apple.keylayout.Lithuanian,,False,True,False,False
Ž,ž,com.apple.keylayout.Lithuanian,,False,True,False,False
(,9,com.apple.keylayout.Lithuanian,,False,True,False,False
Ų,ų,com.apple.keylayout.Lithuanian,,False,True,False,False
_,-,com.apple.keylayout.Lithuanian,,False,True,False,False
Ū,ū,com.apple.keylayout.Lithuanian,,False,True,False,False
),0,com.apple.keylayout.Lithuanian,,False,True,False,False
},],com.apple.keylayout.Lithuanian,,False,True,False,False
O,o,com.apple.keylayout.Lithuanian,,False,True,False,False
U,u,com.apple.keylayout.Lithuanian,,False,True,False,False
{,[,com.apple.keylayout.Lithuanian,,False,True,False,False
I,i,com.apple.keylayout.Lithuanian,,False,True,False,False
P,p,com.apple.keylayout.Lithuanian,,False,True,False,False
L,l,com.apple.keylayout.Lithuanian,,False,True,False,False
J,j,com.apple.keylayout.Lithuanian,,False,True,False,False
"""",',com.apple.keylayout.Lithuanian,,False,True,False,False
K,k,com.apple.keylayout.Lithuanian,,False,True,False,False
:,;,com.apple.keylayout.Lithuanian,,False,True,False,False
|,\,com.apple.keylayout.Lithuanian,,False,True,False,False
<,",",com.apple.keylayout.Lithuanian,,False,True,False,False
?,/,com.apple.keylayout.Lithuanian,,False,True,False,False
N,n,com.apple.keylayout.Lithuanian,,False,True,False,False
M,m,com.apple.keylayout.Lithuanian,,False,True,False,False
>,.,com.apple.keylayout.Lithuanian,,False,True,False,False
 , ,com.apple.keylayout.Lithuanian,,False,True,False,False
Ć,a,com.apple.keylayout.Lithuanian,,True,False,False,False
ß,s,com.apple.keylayout.Lithuanian,,True,False,False,False
∂,d,com.apple.keylayout.Lithuanian,,True,False,False,False
ń,f,com.apple.keylayout.Lithuanian,,True,False,False,False
ķ,h,com.apple.keylayout.Lithuanian,,True,False,False,False
©,g,com.apple.keylayout.Lithuanian,,True,False,False,False
Ĺ,z,com.apple.keylayout.Lithuanian,,True,False,False,False
Ň,x,com.apple.keylayout.Lithuanian,,True,False,False,False
ć,c,com.apple.keylayout.Lithuanian,,True,False,False,False
√,v,com.apple.keylayout.Lithuanian,,True,False,False,False
§,§,com.apple.keylayout.Lithuanian,10,True,False,False,False
ļ,b,com.apple.keylayout.Lithuanian,,True,False,False,False
Ō,q,com.apple.keylayout.Lithuanian,,True,False,False,False
∑,w,com.apple.keylayout.Lithuanian,,True,False,False,False
®,r,com.apple.keylayout.Lithuanian,,True,False,False,False
ī,y,com.apple.keylayout.Lithuanian,,True,False,False,False
†,t,com.apple.keylayout.Lithuanian,,True,False,False,False
Ń,ą,com.apple.keylayout.Lithuanian,,True,False,False,False
™,č,com.apple.keylayout.Lithuanian,,True,False,False,False
£,ę,com.apple.keylayout.Lithuanian,,True,False,False,False
Ę,ė,com.apple.keylayout.Lithuanian,,True,False,False,False
§,š,com.apple.keylayout.Lithuanian,,True,False,False,False
į,į,com.apple.keylayout.Lithuanian,,True,False,False,False
≠,ž,com.apple.keylayout.Lithuanian,,True,False,False,False
Ľ,9,com.apple.keylayout.Lithuanian,,True,False,False,False
¶,ų,com.apple.keylayout.Lithuanian,,True,False,False,False
–,-,com.apple.keylayout.Lithuanian,,True,False,False,False
•,ū,com.apple.keylayout.Lithuanian,,True,False,False,False
ľ,0,com.apple.keylayout.Lithuanian,,True,False,False,False
‘,],com.apple.keylayout.Lithuanian,,True,False,False,False
Ņ,o,com.apple.keylayout.Lithuanian,,True,False,False,False
“,[,com.apple.keylayout.Lithuanian,,True,False,False,False
Ļ,p,com.apple.keylayout.Lithuanian,,True,False,False,False
¬,l,com.apple.keylayout.Lithuanian,,True,False,False,False
∆,j,com.apple.keylayout.Lithuanian,,True,False,False,False
ĺ,',com.apple.keylayout.Lithuanian,,True,False,False,False
Ż,k,com.apple.keylayout.Lithuanian,,True,False,False,False
…,;,com.apple.keylayout.Lithuanian,,True,False,False,False
«,\,com.apple.keylayout.Lithuanian,,True,False,False,False
≤,",",com.apple.keylayout.Lithuanian,,True,False,False,False
÷,/,com.apple.keylayout.Lithuanian,,True,False,False,False
Ķ,m,com.apple.keylayout.Lithuanian,,True,False,False,False
≥,.,com.apple.keylayout.Lithuanian,,True,False,False,False
 , ,com.apple.keylayout.Lithuanian,,True,False,False,False
Ā,a,com.apple.keylayout.Lithuanian,,True,True,False,False
Í,s,com.apple.keylayout.Lithuanian,,True,True,False,False
Ž,d,com.apple.keylayout.Lithuanian,,True,True,False,False
ž,f,com.apple.keylayout.Lithuanian,,True,True,False,False
Ó,h,com.apple.keylayout.Lithuanian,,True,True,False,False
ż,g,com.apple.keylayout.Lithuanian,,True,True,False,False
Ł,z,com.apple.keylayout.Lithuanian,,True,True,False,False
Ģ,x,com.apple.keylayout.Lithuanian,,True,True,False,False
ā,c,com.apple.keylayout.Lithuanian,,True,True,False,False
◊,v,com.apple.keylayout.Lithuanian,,True,True,False,False
Ī,§,com.apple.keylayout.Lithuanian,10,True,True,False,False
ű,b,com.apple.keylayout.Lithuanian,,True,True,False,False
ő,q,com.apple.keylayout.Lithuanian,,True,True,False,False
„,w,com.apple.keylayout.Lithuanian,,True,True,False,False
ę,e,com.apple.keylayout.Lithuanian,,True,True,False,False
š,r,com.apple.keylayout.Lithuanian,,True,True,False,False
Á,y,com.apple.keylayout.Lithuanian,,True,True,False,False
ˇ,t,com.apple.keylayout.Lithuanian,,True,True,False,False
ŕ,ą,com.apple.keylayout.Lithuanian,,True,True,False,False
Ř,č,com.apple.keylayout.Lithuanian,,True,True,False,False
‹,ę,com.apple.keylayout.Lithuanian,,True,True,False,False
›,ė,com.apple.keylayout.Lithuanian,,True,True,False,False
Ŗ,š,com.apple.keylayout.Lithuanian,,True,True,False,False
ř,į,com.apple.keylayout.Lithuanian,,True,True,False,False
Ī,ž,com.apple.keylayout.Lithuanian,,True,True,False,False
Š,9,com.apple.keylayout.Lithuanian,,True,True,False,False
ŗ,ų,com.apple.keylayout.Lithuanian,,True,True,False,False
—,-,com.apple.keylayout.Lithuanian,,True,True,False,False
°,ū,com.apple.keylayout.Lithuanian,,True,True,False,False
‚,0,com.apple.keylayout.Lithuanian,,True,True,False,False
’,],com.apple.keylayout.Lithuanian,,True,True,False,False
Į,o,com.apple.keylayout.Lithuanian,,True,True,False,False
¨,u,com.apple.keylayout.Lithuanian,,True,True,False,False
”,[,com.apple.keylayout.Lithuanian,,True,True,False,False
Ų,i,com.apple.keylayout.Lithuanian,,True,True,False,False
ł,p,com.apple.keylayout.Lithuanian,,True,True,False,False
Ů,l,com.apple.keylayout.Lithuanian,,True,True,False,False
Ô,j,com.apple.keylayout.Lithuanian,,True,True,False,False
ģ,',com.apple.keylayout.Lithuanian,,True,True,False,False
ū,k,com.apple.keylayout.Lithuanian,,True,True,False,False
Ú,;,com.apple.keylayout.Lithuanian,,True,True,False,False
»,\,com.apple.keylayout.Lithuanian,,True,True,False,False
Ý,",",com.apple.keylayout.Lithuanian,,True,True,False,False
ņ,/,com.apple.keylayout.Lithuanian,,True,True,False,False
ų,n,com.apple.keylayout.Lithuanian,,True,True,False,False
Ś,m,com.apple.keylayout.Lithuanian,,True,True,False,False
ý,.,com.apple.keylayout.Lithuanian,,True,True,False,False
 , ,com.apple.keylayout.Lithuanian,,True,True,False,False
a,a,com.apple.keylayout.Italian-Pro,,False,False,False,False
s,s,com.apple.keylayout.Italian-Pro,,False,False,False,False
d,d,com.apple.keylayout.Italian-Pro,,False,False,False,False
f,f,com.apple.keylayout.Italian-Pro,,False,False,False,False
h,h,com.apple.keylayout.Italian-Pro,,False,False,False,False
g,g,com.apple.keylayout.Italian-Pro,,False,False,False,False
z,z,com.apple.keylayout.Italian-Pro,,False,False,False,False
x,x,com.apple.keylayout.Italian-Pro,,False,False,False,False
c,c,com.apple.keylayout.Italian-Pro,,False,False,False,False
v,v,com.apple.keylayout.Italian-Pro,,False,False,False,False
\,\,com.apple.keylayout.Italian-Pro,10,False,False,False,False
b,b,com.apple.keylayout.Italian-Pro,,False,False,False,False
q,q,com.apple.keylayout.Italian-Pro,,False,False,False,False
w,w,com.apple.keylayout.Italian-Pro,,False,False,False,False
e,e,com.apple.keylayout.Italian-Pro,,False,False,False,False
r,r,com.apple.keylayout.Italian-Pro,,False,False,False,False
y,y,com.apple.keylayout.Italian-Pro,,False,False,False,False
t,t,com.apple.keylayout.Italian-Pro,,False,False,False,False
1,1,com.apple.keylayout.Italian-Pro,,False,False,False,False
2,2,com.apple.keylayout.Italian-Pro,,False,False,False,False
3,3,com.apple.keylayout.Italian-Pro,,False,False,False,False
4,4,com.apple.keylayout.Italian-Pro,,False,False,False,False
6,6,com.apple.keylayout.Italian-Pro,,False,False,False,False
5,5,com.apple.keylayout.Italian-Pro,,False,False,False,False
ì,ì,com.apple.keylayout.Italian-Pro,,False,False,False,False
9,9,com.apple.keylayout.Italian-Pro,,False,False,False,False
7,7,com.apple.keylayout.Italian-Pro,,False,False,False,False
',',com.apple.keylayout.Italian-Pro,,False,False,False,False
8,8,com.apple.keylayout.Italian-Pro,,False,False,False,False
0,0,com.apple.keylayout.Italian-Pro,,False,False,False,False
+,+,com.apple.keylayout.Italian-Pro,,False,False,False,False
o,o,com.apple.keylayout.Italian-Pro,,False,False,False,False
u,u,com.apple.keylayout.Italian-Pro,,False,False,False,False
è,è,com.apple.keylayout.Italian-Pro,,False,False,False,False
i,i,com.apple.keylayout.Italian-Pro,,False,False,False,False
p,p,com.apple.keylayout.Italian-Pro,,False,False,False,False
l,l,com.apple.keylayout.Italian-Pro,,False,False,False,False
j,j,com.apple.keylayout.Italian-Pro,,False,False,False,False
à,à,com.apple.keylayout.Italian-Pro,,False,False,False,False
k,k,com.apple.keylayout.Italian-Pro,,False,False,False,False
ò,ò,com.apple.keylayout.Italian-Pro,,False,False,False,False
ù,ù,com.apple.keylayout.Italian-Pro,,False,False,False,False
",",",",com.apple.keylayout.Italian-Pro,,False,False,False,False
-,-,com.apple.keylayout.Italian-Pro,,False,False,False,False
n,n,com.apple.keylayout.Italian-Pro,,False,False,False,False
m,m,com.apple.keylayout.Italian-Pro,,False,False,False,False
.,.,com.apple.keylayout.Italian-Pro,,False,False,False,False
 , ,com.apple.keylayout.Italian-Pro,,False,False,False,False
<,<,com.apple.keylayout.Italian-Pro,50,False,False,False,False
A,a,com.apple.keylayout.Italian-Pro,,False,True,False,False
S,s,com.apple.keylayout.Italian-Pro,,False,True,False,False
D,d,com.apple.keylayout.Italian-Pro,,False,True,False,False
F,f,com.apple.keylayout.Italian-Pro,,False,True,False,False
H,h,com.apple.keylayout.Italian-Pro,,False,True,False,False
G,g,com.apple.keylayout.Italian-Pro,,False,True,False,False
Z,z,com.apple.keylayout.Italian-Pro,,False,True,False,False
X,x,com.apple.keylayout.Italian-Pro,,False,True,False,False
C,c,com.apple.keylayout.Italian-Pro,,False,True,False,False
V,v,com.apple.keylayout.Italian-Pro,,False,True,False,False
|,\,com.apple.keylayout.Italian-Pro,10,False,True,False,False
B,b,com.apple.keylayout.Italian-Pro,,False,True,False,False
Q,q,com.apple.keylayout.Italian-Pro,,False,True,False,False
W,w,com.apple.keylayout.Italian-Pro,,False,True,False,False
E,e,com.apple.keylayout.Italian-Pro,,False,True,False,False
R,r,com.apple.keylayout.Italian-Pro,,False,True,False,False
Y,y,com.apple.keylayout.Italian-Pro,,False,True,False,False
T,t,com.apple.keylayout.Italian-Pro,,False,True,False,False
!,1,com.apple.keylayout.Italian-Pro,,False,True,False,False
"""",2,com.apple.keylayout.Italian-Pro,,False,True,False,False
£,3,com.apple.keylayout.Italian-Pro,,False,True,False,False
$,4,com.apple.keylayout.Italian-Pro,,False,True,False,False
&,6,com.apple.keylayout.Italian-Pro,,False,True,False,False
%,5,com.apple.keylayout.Italian-Pro,,False,True,False,False
^,ì,com.apple.keylayout.Italian-Pro,,False,True,False,False
),9,com.apple.keylayout.Italian-Pro,,False,True,False,False
/,7,com.apple.keylayout.Italian-Pro,,False,True,False,False
?,',com.apple.keylayout.Italian-Pro,,False,True,False,False
(,8,com.apple.keylayout.Italian-Pro,,False,True,False,False
=,0,com.apple.keylayout.Italian-Pro,,False,True,False,False
*,+,com.apple.keylayout.Italian-Pro,,False,True,False,False
O,o,com.apple.keylayout.Italian-Pro,,False,True,False,False
U,u,com.apple.keylayout.Italian-Pro,,False,True,False,False
é,è,com.apple.keylayout.Italian-Pro,,False,True,False,False
I,i,com.apple.keylayout.Italian-Pro,,False,True,False,False
P,p,com.apple.keylayout.Italian-Pro,,False,True,False,False
L,l,com.apple.keylayout.Italian-Pro,,False,True,False,False
J,j,com.apple.keylayout.Italian-Pro,,False,True,False,False
°,à,com.apple.keylayout.Italian-Pro,,False,True,False,False
K,k,com.apple.keylayout.Italian-Pro,,False,True,False,False
ç,ò,com.apple.keylayout.Italian-Pro,,False,True,False,False
§,ù,com.apple.keylayout.Italian-Pro,,False,True,False,False
;,",",com.apple.keylayout.Italian-Pro,,False,True,False,False
_,-,com.apple.keylayout.Italian-Pro,,False,True,False,False
N,n,com.apple.keylayout.Italian-Pro,,False,True,False,False
M,m,com.apple.keylayout.Italian-Pro,,False,True,False,False
:,.,com.apple.keylayout.Italian-Pro,,False,True,False,False
 , ,com.apple.keylayout.Italian-Pro,,False,True,False,False
>,<,com.apple.keylayout.Italian-Pro,50,False,True,False,False
å,a,com.apple.keylayout.Italian-Pro,,True,False,False,False
ß,s,com.apple.keylayout.Italian-Pro,,True,False,False,False
∂,d,com.apple.keylayout.Italian-Pro,,True,False,False,False
ƒ,f,com.apple.keylayout.Italian-Pro,,True,False,False,False
∆,h,com.apple.keylayout.Italian-Pro,,True,False,False,False
∞,g,com.apple.keylayout.Italian-Pro,,True,False,False,False
∑,z,com.apple.keylayout.Italian-Pro,,True,False,False,False
†,x,com.apple.keylayout.Italian-Pro,,True,False,False,False
©,c,com.apple.keylayout.Italian-Pro,,True,False,False,False
√,v,com.apple.keylayout.Italian-Pro,,True,False,False,False
`,\,com.apple.keylayout.Italian-Pro,10,True,False,False,False
∫,b,com.apple.keylayout.Italian-Pro,,True,False,False,False
„,q,com.apple.keylayout.Italian-Pro,,True,False,False,False
Ω,w,com.apple.keylayout.Italian-Pro,,True,False,False,False
€,e,com.apple.keylayout.Italian-Pro,,True,False,False,False
®,r,com.apple.keylayout.Italian-Pro,,True,False,False,False
æ,y,com.apple.keylayout.Italian-Pro,,True,False,False,False
™,t,com.apple.keylayout.Italian-Pro,,True,False,False,False
«,1,com.apple.keylayout.Italian-Pro,,True,False,False,False
“,2,com.apple.keylayout.Italian-Pro,,True,False,False,False
‘,3,com.apple.keylayout.Italian-Pro,,True,False,False,False
¥,4,com.apple.keylayout.Italian-Pro,,True,False,False,False
‹,6,com.apple.keylayout.Italian-Pro,,True,False,False,False
~,5,com.apple.keylayout.Italian-Pro,,True,False,False,False
÷,7,com.apple.keylayout.Italian-Pro,,True,False,False,False
¡,',com.apple.keylayout.Italian-Pro,,True,False,False,False
≠,0,com.apple.keylayout.Italian-Pro,,True,False,False,False
],+,com.apple.keylayout.Italian-Pro,,True,False,False,False
ø,o,com.apple.keylayout.Italian-Pro,,True,False,False,False
[,è,com.apple.keylayout.Italian-Pro,,True,False,False,False
œ,i,com.apple.keylayout.Italian-Pro,,True,False,False,False
π,p,com.apple.keylayout.Italian-Pro,,True,False,False,False
¬,l,com.apple.keylayout.Italian-Pro,,True,False,False,False
ª,j,com.apple.keylayout.Italian-Pro,,True,False,False,False
#,à,com.apple.keylayout.Italian-Pro,,True,False,False,False
º,k,com.apple.keylayout.Italian-Pro,,True,False,False,False
@,ò,com.apple.keylayout.Italian-Pro,,True,False,False,False
¶,ù,com.apple.keylayout.Italian-Pro,,True,False,False,False
…,",",com.apple.keylayout.Italian-Pro,,True,False,False,False
–,-,com.apple.keylayout.Italian-Pro,,True,False,False,False
µ,m,com.apple.keylayout.Italian-Pro,,True,False,False,False
•,.,com.apple.keylayout.Italian-Pro,,True,False,False,False
 , ,com.apple.keylayout.Italian-Pro,,True,False,False,False
≤,<,com.apple.keylayout.Italian-Pro,50,True,False,False,False
Å,a,com.apple.keylayout.Italian-Pro,,True,True,False,False
¯,s,com.apple.keylayout.Italian-Pro,,True,True,False,False
˘,d,com.apple.keylayout.Italian-Pro,,True,True,False,False
˙,f,com.apple.keylayout.Italian-Pro,,True,True,False,False
¸,h,com.apple.keylayout.Italian-Pro,,True,True,False,False
˚,g,com.apple.keylayout.Italian-Pro,,True,True,False,False
 ,z,com.apple.keylayout.Italian-Pro,,True,True,False,False
‡,x,com.apple.keylayout.Italian-Pro,,True,True,False,False
Á,c,com.apple.keylayout.Italian-Pro,,True,True,False,False
É,v,com.apple.keylayout.Italian-Pro,,True,True,False,False
ı,\,com.apple.keylayout.Italian-Pro,10,True,True,False,False
Í,b,com.apple.keylayout.Italian-Pro,,True,True,False,False
‚,q,com.apple.keylayout.Italian-Pro,,True,True,False,False
À,w,com.apple.keylayout.Italian-Pro,,True,True,False,False
È,e,com.apple.keylayout.Italian-Pro,,True,True,False,False
Ì,r,com.apple.keylayout.Italian-Pro,,True,True,False,False
Æ,y,com.apple.keylayout.Italian-Pro,,True,True,False,False
Ò,t,com.apple.keylayout.Italian-Pro,,True,True,False,False
»,1,com.apple.keylayout.Italian-Pro,,True,True,False,False
”,2,com.apple.keylayout.Italian-Pro,,True,True,False,False
’,3,com.apple.keylayout.Italian-Pro,,True,True,False,False
¢,4,com.apple.keylayout.Italian-Pro,,True,True,False,False
›,6,com.apple.keylayout.Italian-Pro,,True,True,False,False
‰,5,com.apple.keylayout.Italian-Pro,,True,True,False,False
±,ì,com.apple.keylayout.Italian-Pro,,True,True,False,False
 ,9,com.apple.keylayout.Italian-Pro,,True,True,False,False
⁄,7,com.apple.keylayout.Italian-Pro,,True,True,False,False
¿,',com.apple.keylayout.Italian-Pro,,True,True,False,False
,8,com.apple.keylayout.Italian-Pro,,True,True,False,False
≈,0,com.apple.keylayout.Italian-Pro,,True,True,False,False
},+,com.apple.keylayout.Italian-Pro,,True,True,False,False
Ø,o,com.apple.keylayout.Italian-Pro,,True,True,False,False
Ù,u,com.apple.keylayout.Italian-Pro,,True,True,False,False
{,è,com.apple.keylayout.Italian-Pro,,True,True,False,False
Œ,i,com.apple.keylayout.Italian-Pro,,True,True,False,False
∏,p,com.apple.keylayout.Italian-Pro,,True,True,False,False
ˇ,l,com.apple.keylayout.Italian-Pro,,True,True,False,False
˝,j,com.apple.keylayout.Italian-Pro,,True,True,False,False
∞,à,com.apple.keylayout.Italian-Pro,,True,True,False,False
˛,k,com.apple.keylayout.Italian-Pro,,True,True,False,False
Ç,ò,com.apple.keylayout.Italian-Pro,,True,True,False,False
◊,ù,com.apple.keylayout.Italian-Pro,,True,True,False,False
 ,",",com.apple.keylayout.Italian-Pro,,True,True,False,False
—,-,com.apple.keylayout.Italian-Pro,,True,True,False,False
Ó,n,com.apple.keylayout.Italian-Pro,,True,True,False,False
Ú,m,com.apple.keylayout.Italian-Pro,,True,True,False,False
·,.,com.apple.keylayout.Italian-Pro,,True,True,False,False
 , ,com.apple.keylayout.Italian-Pro,,True,True,False,False
≥,<,com.apple.keylayout.Italian-Pro,50,True,True,False,False
ь,ь,com.apple.keylayout.Bulgarian,,False,False,False,False
я,я,com.apple.keylayout.Bulgarian,,False,False,False,False
а,а,com.apple.keylayout.Bulgarian,,False,False,False,False
о,о,com.apple.keylayout.Bulgarian,,False,False,False,False
г,г,com.apple.keylayout.Bulgarian,,False,False,False,False
ж,ж,com.apple.keylayout.Bulgarian,,False,False,False,False
ю,ю,com.apple.keylayout.Bulgarian,,False,False,False,False
й,й,com.apple.keylayout.Bulgarian,,False,False,False,False
ъ,ъ,com.apple.keylayout.Bulgarian,,False,False,False,False
э,э,com.apple.keylayout.Bulgarian,,False,False,False,False
§,§,com.apple.keylayout.Bulgarian,10,False,False,False,False
ф,ф,com.apple.keylayout.Bulgarian,,False,False,False,False
",",",",com.apple.keylayout.Bulgarian,,False,False,False,False
у,у,com.apple.keylayout.Bulgarian,,False,False,False,False
е,е,com.apple.keylayout.Bulgarian,,False,False,False,False
и,и,com.apple.keylayout.Bulgarian,,False,False,False,False
щ,щ,com.apple.keylayout.Bulgarian,,False,False,False,False
ш,ш,com.apple.keylayout.Bulgarian,,False,False,False,False
1,1,com.apple.keylayout.Bulgarian,,False,False,False,False
2,2,com.apple.keylayout.Bulgarian,,False,False,False,False
3,3,com.apple.keylayout.Bulgarian,,False,False,False,False
4,4,com.apple.keylayout.Bulgarian,,False,False,False,False
6,6,com.apple.keylayout.Bulgarian,,False,False,False,False
5,5,com.apple.keylayout.Bulgarian,,False,False,False,False
.,.,com.apple.keylayout.Bulgarian,,False,False,False,False
9,9,com.apple.keylayout.Bulgarian,,False,False,False,False
7,7,com.apple.keylayout.Bulgarian,,False,False,False,False
-,-,com.apple.keylayout.Bulgarian,,False,False,False,False
8,8,com.apple.keylayout.Bulgarian,,False,False,False,False
0,0,com.apple.keylayout.Bulgarian,,False,False,False,False
;,;,com.apple.keylayout.Bulgarian,,False,False,False,False
д,д,com.apple.keylayout.Bulgarian,,False,False,False,False
к,к,com.apple.keylayout.Bulgarian,,False,False,False,False
ц,ц,com.apple.keylayout.Bulgarian,,False,False,False,False
с,с,com.apple.keylayout.Bulgarian,,False,False,False,False
з,з,com.apple.keylayout.Bulgarian,,False,False,False,False
в,в,com.apple.keylayout.Bulgarian,,False,False,False,False
т,т,com.apple.keylayout.Bulgarian,,False,False,False,False
ч,ч,com.apple.keylayout.Bulgarian,,False,False,False,False
н,н,com.apple.keylayout.Bulgarian,,False,False,False,False
м,м,com.apple.keylayout.Bulgarian,,False,False,False,False
(,(,com.apple.keylayout.Bulgarian,,False,False,False,False
р,р,com.apple.keylayout.Bulgarian,,False,False,False,False
б,б,com.apple.keylayout.Bulgarian,,False,False,False,False
х,х,com.apple.keylayout.Bulgarian,,False,False,False,False
п,п,com.apple.keylayout.Bulgarian,,False,False,False,False
л,л,com.apple.keylayout.Bulgarian,,False,False,False,False
 , ,com.apple.keylayout.Bulgarian,,False,False,False,False
Ь,ь,com.apple.keylayout.Bulgarian,,False,True,False,False
Я,я,com.apple.keylayout.Bulgarian,,False,True,False,False
А,а,com.apple.keylayout.Bulgarian,,False,True,False,False
О,о,com.apple.keylayout.Bulgarian,,False,True,False,False
Г,г,com.apple.keylayout.Bulgarian,,False,True,False,False
Ж,ж,com.apple.keylayout.Bulgarian,,False,True,False,False
Ю,ю,com.apple.keylayout.Bulgarian,,False,True,False,False
Й,й,com.apple.keylayout.Bulgarian,,False,True,False,False
Ъ,ъ,com.apple.keylayout.Bulgarian,,False,True,False,False
Э,э,com.apple.keylayout.Bulgarian,,False,True,False,False
±,§,com.apple.keylayout.Bulgarian,10,False,True,False,False
Ф,ф,com.apple.keylayout.Bulgarian,,False,True,False,False
ы,",",com.apple.keylayout.Bulgarian,,False,True,False,False
У,у,com.apple.keylayout.Bulgarian,,False,True,False,False
Е,е,com.apple.keylayout.Bulgarian,,False,True,False,False
И,и,com.apple.keylayout.Bulgarian,,False,True,False,False
Щ,щ,com.apple.keylayout.Bulgarian,,False,True,False,False
Ш,ш,com.apple.keylayout.Bulgarian,,False,True,False,False
!,1,com.apple.keylayout.Bulgarian,,False,True,False,False
?,2,com.apple.keylayout.Bulgarian,,False,True,False,False
+,3,com.apple.keylayout.Bulgarian,,False,True,False,False
"""",4,com.apple.keylayout.Bulgarian,,False,True,False,False
=,6,com.apple.keylayout.Bulgarian,,False,True,False,False
%,5,com.apple.keylayout.Bulgarian,,False,True,False,False
V,.,com.apple.keylayout.Bulgarian,,False,True,False,False
_,9,com.apple.keylayout.Bulgarian,,False,True,False,False
:,7,com.apple.keylayout.Bulgarian,,False,True,False,False
I,-,com.apple.keylayout.Bulgarian,,False,True,False,False
/,8,com.apple.keylayout.Bulgarian,,False,True,False,False
№,0,com.apple.keylayout.Bulgarian,,False,True,False,False
§,;,com.apple.keylayout.Bulgarian,,False,True,False,False
Д,д,com.apple.keylayout.Bulgarian,,False,True,False,False
К,к,com.apple.keylayout.Bulgarian,,False,True,False,False
Ц,ц,com.apple.keylayout.Bulgarian,,False,True,False,False
С,с,com.apple.keylayout.Bulgarian,,False,True,False,False
З,з,com.apple.keylayout.Bulgarian,,False,True,False,False
В,в,com.apple.keylayout.Bulgarian,,False,True,False,False
Т,т,com.apple.keylayout.Bulgarian,,False,True,False,False
Ч,ч,com.apple.keylayout.Bulgarian,,False,True,False,False
Н,н,com.apple.keylayout.Bulgarian,,False,True,False,False
М,м,com.apple.keylayout.Bulgarian,,False,True,False,False
),(,com.apple.keylayout.Bulgarian,,False,True,False,False
Р,р,com.apple.keylayout.Bulgarian,,False,True,False,False
Б,б,com.apple.keylayout.Bulgarian,,False,True,False,False
Х,х,com.apple.keylayout.Bulgarian,,False,True,False,False
П,п,com.apple.keylayout.Bulgarian,,False,True,False,False
Л,л,com.apple.keylayout.Bulgarian,,False,True,False,False
 , ,com.apple.keylayout.Bulgarian,,False,True,False,False
a,ь,com.apple.keylayout.Bulgarian,,True,False,False,False
s,я,com.apple.keylayout.Bulgarian,,True,False,False,False
d,а,com.apple.keylayout.Bulgarian,,True,False,False,False
f,о,com.apple.keylayout.Bulgarian,,True,False,False,False
h,г,com.apple.keylayout.Bulgarian,,True,False,False,False
g,ж,com.apple.keylayout.Bulgarian,,True,False,False,False
z,ю,com.apple.keylayout.Bulgarian,,True,False,False,False
x,й,com.apple.keylayout.Bulgarian,,True,False,False,False
c,ъ,com.apple.keylayout.Bulgarian,,True,False,False,False
v,э,com.apple.keylayout.Bulgarian,,True,False,False,False
§,§,com.apple.keylayout.Bulgarian,10,True,False,False,False
b,ф,com.apple.keylayout.Bulgarian,,True,False,False,False
q,",",com.apple.keylayout.Bulgarian,,True,False,False,False
w,у,com.apple.keylayout.Bulgarian,,True,False,False,False
e,е,com.apple.keylayout.Bulgarian,,True,False,False,False
r,и,com.apple.keylayout.Bulgarian,,True,False,False,False
y,щ,com.apple.keylayout.Bulgarian,,True,False,False,False
t,ш,com.apple.keylayout.Bulgarian,,True,False,False,False
€,1,com.apple.keylayout.Bulgarian,,True,False,False,False
°,2,com.apple.keylayout.Bulgarian,,True,False,False,False
$,3,com.apple.keylayout.Bulgarian,,True,False,False,False
„,4,com.apple.keylayout.Bulgarian,,True,False,False,False
∞,6,com.apple.keylayout.Bulgarian,,True,False,False,False
™,5,com.apple.keylayout.Bulgarian,,True,False,False,False
=,.,com.apple.keylayout.Bulgarian,,True,False,False,False
¶,9,com.apple.keylayout.Bulgarian,,True,False,False,False
£,7,com.apple.keylayout.Bulgarian,,True,False,False,False
–,-,com.apple.keylayout.Bulgarian,,True,False,False,False
Ґ,8,com.apple.keylayout.Bulgarian,,True,False,False,False
•,0,com.apple.keylayout.Bulgarian,,True,False,False,False
],;,com.apple.keylayout.Bulgarian,,True,False,False,False
o,д,com.apple.keylayout.Bulgarian,,True,False,False,False
u,к,com.apple.keylayout.Bulgarian,,True,False,False,False
[,ц,com.apple.keylayout.Bulgarian,,True,False,False,False
i,с,com.apple.keylayout.Bulgarian,,True,False,False,False
p,з,com.apple.keylayout.Bulgarian,,True,False,False,False
l,в,com.apple.keylayout.Bulgarian,,True,False,False,False
j,т,com.apple.keylayout.Bulgarian,,True,False,False,False
“,ч,com.apple.keylayout.Bulgarian,,True,False,False,False
k,н,com.apple.keylayout.Bulgarian,,True,False,False,False
;,м,com.apple.keylayout.Bulgarian,,True,False,False,False
‘,(,com.apple.keylayout.Bulgarian,,True,False,False,False
",",р,com.apple.keylayout.Bulgarian,,True,False,False,False
/,б,com.apple.keylayout.Bulgarian,,True,False,False,False
n,х,com.apple.keylayout.Bulgarian,,True,False,False,False
m,п,com.apple.keylayout.Bulgarian,,True,False,False,False
.,л,com.apple.keylayout.Bulgarian,,True,False,False,False
 , ,com.apple.keylayout.Bulgarian,,True,False,False,False
A,ь,com.apple.keylayout.Bulgarian,,True,True,False,False
S,я,com.apple.keylayout.Bulgarian,,True,True,False,False
D,а,com.apple.keylayout.Bulgarian,,True,True,False,False
F,о,com.apple.keylayout.Bulgarian,,True,True,False,False
H,г,com.apple.keylayout.Bulgarian,,True,True,False,False
G,ж,com.apple.keylayout.Bulgarian,,True,True,False,False
Z,ю,com.apple.keylayout.Bulgarian,,True,True,False,False
X,й,com.apple.keylayout.Bulgarian,,True,True,False,False
C,ъ,com.apple.keylayout.Bulgarian,,True,True,False,False
V,э,com.apple.keylayout.Bulgarian,,True,True,False,False
±,§,com.apple.keylayout.Bulgarian,10,True,True,False,False
B,ф,com.apple.keylayout.Bulgarian,,True,True,False,False
Q,",",com.apple.keylayout.Bulgarian,,True,True,False,False
W,у,com.apple.keylayout.Bulgarian,,True,True,False,False
E,е,com.apple.keylayout.Bulgarian,,True,True,False,False
R,и,com.apple.keylayout.Bulgarian,,True,True,False,False
Y,щ,com.apple.keylayout.Bulgarian,,True,True,False,False
T,ш,com.apple.keylayout.Bulgarian,,True,True,False,False
†,1,com.apple.keylayout.Bulgarian,,True,True,False,False
@,2,com.apple.keylayout.Bulgarian,,True,True,False,False
#,3,com.apple.keylayout.Bulgarian,,True,True,False,False
“,4,com.apple.keylayout.Bulgarian,,True,True,False,False
^,6,com.apple.keylayout.Bulgarian,,True,True,False,False
%,5,com.apple.keylayout.Bulgarian,,True,True,False,False
+,.,com.apple.keylayout.Bulgarian,,True,True,False,False
(,9,com.apple.keylayout.Bulgarian,,True,True,False,False
&,7,com.apple.keylayout.Bulgarian,,True,True,False,False
—,-,com.apple.keylayout.Bulgarian,,True,True,False,False
*,8,com.apple.keylayout.Bulgarian,,True,True,False,False
),0,com.apple.keylayout.Bulgarian,,True,True,False,False
},;,com.apple.keylayout.Bulgarian,,True,True,False,False
O,д,com.apple.keylayout.Bulgarian,,True,True,False,False
U,к,com.apple.keylayout.Bulgarian,,True,True,False,False
{,ц,com.apple.keylayout.Bulgarian,,True,True,False,False
I,с,com.apple.keylayout.Bulgarian,,True,True,False,False
P,з,com.apple.keylayout.Bulgarian,,True,True,False,False
L,в,com.apple.keylayout.Bulgarian,,True,True,False,False
J,т,com.apple.keylayout.Bulgarian,,True,True,False,False
”,ч,com.apple.keylayout.Bulgarian,,True,True,False,False
K,н,com.apple.keylayout.Bulgarian,,True,True,False,False
:,м,com.apple.keylayout.Bulgarian,,True,True,False,False
’,(,com.apple.keylayout.Bulgarian,,True,True,False,False
<,р,com.apple.keylayout.Bulgarian,,True,True,False,False
?,б,com.apple.keylayout.Bulgarian,,True,True,False,False
N,х,com.apple.keylayout.Bulgarian,,True,True,False,False
M,п,com.apple.keylayout.Bulgarian,,True,True,False,False
>,л,com.apple.keylayout.Bulgarian,,True,True,False,False
 , ,com.apple.keylayout.Bulgarian,,True,True,False,False
a,a,com.apple.keylayout.Italian,,False,False,False,False
s,s,com.apple.keylayout.Italian,,False,False,False,False
d,d,com.apple.keylayout.Italian,,False,False,False,False
f,f,com.apple.keylayout.Italian,,False,False,False,False
h,h,com.apple.keylayout.Italian,,False,False,False,False
g,g,com.apple.keylayout.Italian,,False,False,False,False
w,w,com.apple.keylayout.Italian,,False,False,False,False
x,x,com.apple.keylayout.Italian,,False,False,False,False
c,c,com.apple.keylayout.Italian,,False,False,False,False
v,v,com.apple.keylayout.Italian,,False,False,False,False
@,@,com.apple.keylayout.Italian,10,False,False,False,False
b,b,com.apple.keylayout.Italian,,False,False,False,False
q,q,com.apple.keylayout.Italian,,False,False,False,False
z,z,com.apple.keylayout.Italian,,False,False,False,False
e,e,com.apple.keylayout.Italian,,False,False,False,False
r,r,com.apple.keylayout.Italian,,False,False,False,False
y,y,com.apple.keylayout.Italian,,False,False,False,False
t,t,com.apple.keylayout.Italian,,False,False,False,False
&,&,com.apple.keylayout.Italian,,False,False,False,False
"""","""",com.apple.keylayout.Italian,,False,False,False,False
',',com.apple.keylayout.Italian,,False,False,False,False
(,(,com.apple.keylayout.Italian,,False,False,False,False
è,è,com.apple.keylayout.Italian,,False,False,False,False
ç,ç,com.apple.keylayout.Italian,,False,False,False,False
=,=,com.apple.keylayout.Italian,,False,False,False,False
à,à,com.apple.keylayout.Italian,,False,False,False,False
),),com.apple.keylayout.Italian,,False,False,False,False
-,-,com.apple.keylayout.Italian,,False,False,False,False
£,£,com.apple.keylayout.Italian,,False,False,False,False
é,é,com.apple.keylayout.Italian,,False,False,False,False
$,$,com.apple.keylayout.Italian,,False,False,False,False
o,o,com.apple.keylayout.Italian,,False,False,False,False
u,u,com.apple.keylayout.Italian,,False,False,False,False
ì,ì,com.apple.keylayout.Italian,,False,False,False,False
i,i,com.apple.keylayout.Italian,,False,False,False,False
p,p,com.apple.keylayout.Italian,,False,False,False,False
l,l,com.apple.keylayout.Italian,,False,False,False,False
j,j,com.apple.keylayout.Italian,,False,False,False,False
ù,ù,com.apple.keylayout.Italian,,False,False,False,False
k,k,com.apple.keylayout.Italian,,False,False,False,False
m,m,com.apple.keylayout.Italian,,False,False,False,False
§,§,com.apple.keylayout.Italian,,False,False,False,False
;,;,com.apple.keylayout.Italian,,False,False,False,False
ò,ò,com.apple.keylayout.Italian,,False,False,False,False
n,n,com.apple.keylayout.Italian,,False,False,False,False
",",",",com.apple.keylayout.Italian,,False,False,False,False
:,:,com.apple.keylayout.Italian,,False,False,False,False
 , ,com.apple.keylayout.Italian,,False,False,False,False
<,<,com.apple.keylayout.Italian,50,False,False,False,False
A,a,com.apple.keylayout.Italian,,False,True,False,False
S,s,com.apple.keylayout.Italian,,False,True,False,False
D,d,com.apple.keylayout.Italian,,False,True,False,False
F,f,com.apple.keylayout.Italian,,False,True,False,False
H,h,com.apple.keylayout.Italian,,False,True,False,False
G,g,com.apple.keylayout.Italian,,False,True,False,False
W,w,com.apple.keylayout.Italian,,False,True,False,False
X,x,com.apple.keylayout.Italian,,False,True,False,False
C,c,com.apple.keylayout.Italian,,False,True,False,False
V,v,com.apple.keylayout.Italian,,False,True,False,False
#,@,com.apple.keylayout.Italian,10,False,True,False,False
B,b,com.apple.keylayout.Italian,,False,True,False,False
Q,q,com.apple.keylayout.Italian,,False,True,False,False
Z,z,com.apple.keylayout.Italian,,False,True,False,False
E,e,com.apple.keylayout.Italian,,False,True,False,False
R,r,com.apple.keylayout.Italian,,False,True,False,False
Y,y,com.apple.keylayout.Italian,,False,True,False,False
T,t,com.apple.keylayout.Italian,,False,True,False,False
1,&,com.apple.keylayout.Italian,,False,True,False,False
2,"""",com.apple.keylayout.Italian,,False,True,False,False
3,',com.apple.keylayout.Italian,,False,True,False,False
4,(,com.apple.keylayout.Italian,,False,True,False,False
6,è,com.apple.keylayout.Italian,,False,True,False,False
5,ç,com.apple.keylayout.Italian,,False,True,False,False
+,=,com.apple.keylayout.Italian,,False,True,False,False
9,à,com.apple.keylayout.Italian,,False,True,False,False
7,),com.apple.keylayout.Italian,,False,True,False,False
_,-,com.apple.keylayout.Italian,,False,True,False,False
8,£,com.apple.keylayout.Italian,,False,True,False,False
0,é,com.apple.keylayout.Italian,,False,True,False,False
*,$,com.apple.keylayout.Italian,,False,True,False,False
O,o,com.apple.keylayout.Italian,,False,True,False,False
U,u,com.apple.keylayout.Italian,,False,True,False,False
I,i,com.apple.keylayout.Italian,,False,True,False,False
P,p,com.apple.keylayout.Italian,,False,True,False,False
L,l,com.apple.keylayout.Italian,,False,True,False,False
J,j,com.apple.keylayout.Italian,,False,True,False,False
%,ù,com.apple.keylayout.Italian,,False,True,False,False
K,k,com.apple.keylayout.Italian,,False,True,False,False
M,m,com.apple.keylayout.Italian,,False,True,False,False
°,§,com.apple.keylayout.Italian,,False,True,False,False
.,;,com.apple.keylayout.Italian,,False,True,False,False
!,ò,com.apple.keylayout.Italian,,False,True,False,False
N,n,com.apple.keylayout.Italian,,False,True,False,False
?,",",com.apple.keylayout.Italian,,False,True,False,False
/,:,com.apple.keylayout.Italian,,False,True,False,False
 , ,com.apple.keylayout.Italian,,False,True,False,False
>,<,com.apple.keylayout.Italian,50,False,True,False,False
å,a,com.apple.keylayout.Italian,,True,False,False,False
ß,s,com.apple.keylayout.Italian,,True,False,False,False
∂,d,com.apple.keylayout.Italian,,True,False,False,False
ƒ,f,com.apple.keylayout.Italian,,True,False,False,False
∆,h,com.apple.keylayout.Italian,,True,False,False,False
Ÿ,g,com.apple.keylayout.Italian,,True,False,False,False
∑,w,com.apple.keylayout.Italian,,True,False,False,False
≈,x,com.apple.keylayout.Italian,,True,False,False,False
©,c,com.apple.keylayout.Italian,,True,False,False,False
√,v,com.apple.keylayout.Italian,,True,False,False,False
@,@,com.apple.keylayout.Italian,10,True,False,False,False
∫,b,com.apple.keylayout.Italian,,True,False,False,False
⁄,q,com.apple.keylayout.Italian,,True,False,False,False
Ω,z,com.apple.keylayout.Italian,,True,False,False,False
™,e,com.apple.keylayout.Italian,,True,False,False,False
®,r,com.apple.keylayout.Italian,,True,False,False,False
¥,y,com.apple.keylayout.Italian,,True,False,False,False
†,t,com.apple.keylayout.Italian,,True,False,False,False
«,&,com.apple.keylayout.Italian,,True,False,False,False
“,"""",com.apple.keylayout.Italian,,True,False,False,False
‘,',com.apple.keylayout.Italian,,True,False,False,False
{,(,com.apple.keylayout.Italian,,True,False,False,False
¶,è,com.apple.keylayout.Italian,,True,False,False,False
Ç,ç,com.apple.keylayout.Italian,,True,False,False,False
≠,=,com.apple.keylayout.Italian,,True,False,False,False
},),com.apple.keylayout.Italian,,True,False,False,False
–,-,com.apple.keylayout.Italian,,True,False,False,False
∞,£,com.apple.keylayout.Italian,,True,False,False,False
¢,$,com.apple.keylayout.Italian,,True,False,False,False
ø,o,com.apple.keylayout.Italian,,True,False,False,False
œ,ì,com.apple.keylayout.Italian,,True,False,False,False
€,i,com.apple.keylayout.Italian,,True,False,False,False
π,p,com.apple.keylayout.Italian,,True,False,False,False
¬,l,com.apple.keylayout.Italian,,True,False,False,False
ª,j,com.apple.keylayout.Italian,,True,False,False,False
æ,ù,com.apple.keylayout.Italian,,True,False,False,False
º,k,com.apple.keylayout.Italian,,True,False,False,False
µ,m,com.apple.keylayout.Italian,,True,False,False,False
@,§,com.apple.keylayout.Italian,,True,False,False,False
…,;,com.apple.keylayout.Italian,,True,False,False,False
¡,ò,com.apple.keylayout.Italian,,True,False,False,False
¿,",",com.apple.keylayout.Italian,,True,False,False,False
|,:,com.apple.keylayout.Italian,,True,False,False,False
 , ,com.apple.keylayout.Italian,,True,False,False,False
≤,<,com.apple.keylayout.Italian,50,True,False,False,False
Å,a,com.apple.keylayout.Italian,,True,True,False,False
ﬁ,s,com.apple.keylayout.Italian,,True,True,False,False
ﬂ,d,com.apple.keylayout.Italian,,True,True,False,False
‡,f,com.apple.keylayout.Italian,,True,True,False,False
·,h,com.apple.keylayout.Italian,,True,True,False,False
‚,g,com.apple.keylayout.Italian,,True,True,False,False
„,w,com.apple.keylayout.Italian,,True,True,False,False
‰,x,com.apple.keylayout.Italian,,True,True,False,False
Â,c,com.apple.keylayout.Italian,,True,True,False,False
◊,v,com.apple.keylayout.Italian,,True,True,False,False
#,@,com.apple.keylayout.Italian,10,True,True,False,False
Ê,b,com.apple.keylayout.Italian,,True,True,False,False
Á,q,com.apple.keylayout.Italian,,True,True,False,False
Ë,z,com.apple.keylayout.Italian,,True,True,False,False
È,e,com.apple.keylayout.Italian,,True,True,False,False
Í,r,com.apple.keylayout.Italian,,True,True,False,False
Î,y,com.apple.keylayout.Italian,,True,True,False,False
Ï,t,com.apple.keylayout.Italian,,True,True,False,False
»,&,com.apple.keylayout.Italian,,True,True,False,False
”,"""",com.apple.keylayout.Italian,,True,True,False,False
’,',com.apple.keylayout.Italian,,True,True,False,False
[,(,com.apple.keylayout.Italian,,True,True,False,False
•,è,com.apple.keylayout.Italian,,True,True,False,False
Ì,ç,com.apple.keylayout.Italian,,True,True,False,False
±,=,com.apple.keylayout.Italian,,True,True,False,False
Ô,à,com.apple.keylayout.Italian,,True,True,False,False
],),com.apple.keylayout.Italian,,True,True,False,False
—,-,com.apple.keylayout.Italian,,True,True,False,False
,£,com.apple.keylayout.Italian,,True,True,False,False
Ò,é,com.apple.keylayout.Italian,,True,True,False,False
Ú,$,com.apple.keylayout.Italian,,True,True,False,False
Ø,o,com.apple.keylayout.Italian,,True,True,False,False
Û,u,com.apple.keylayout.Italian,,True,True,False,False
Œ,ì,com.apple.keylayout.Italian,,True,True,False,False
Ù,i,com.apple.keylayout.Italian,,True,True,False,False
∏,p,com.apple.keylayout.Italian,,True,True,False,False
ı,l,com.apple.keylayout.Italian,,True,True,False,False
ˆ,j,com.apple.keylayout.Italian,,True,True,False,False
Æ,ù,com.apple.keylayout.Italian,,True,True,False,False
˜,k,com.apple.keylayout.Italian,,True,True,False,False
¯,m,com.apple.keylayout.Italian,,True,True,False,False
#,§,com.apple.keylayout.Italian,,True,True,False,False
÷,;,com.apple.keylayout.Italian,,True,True,False,False
˘,ò,com.apple.keylayout.Italian,,True,True,False,False
˙,n,com.apple.keylayout.Italian,,True,True,False,False
˚,",",com.apple.keylayout.Italian,,True,True,False,False
\,:,com.apple.keylayout.Italian,,True,True,False,False
 , ,com.apple.keylayout.Italian,,True,True,False,False
≥,<,com.apple.keylayout.Italian,50,True,True,False,False
ф,ф,com.apple.keylayout.Byelorussian,,False,False,False,False
ы,ы,com.apple.keylayout.Byelorussian,,False,False,False,False
в,в,com.apple.keylayout.Byelorussian,,False,False,False,False
а,а,com.apple.keylayout.Byelorussian,,False,False,False,False
р,р,com.apple.keylayout.Byelorussian,,False,False,False,False
п,п,com.apple.keylayout.Byelorussian,,False,False,False,False
я,я,com.apple.keylayout.Byelorussian,,False,False,False,False
ч,ч,com.apple.keylayout.Byelorussian,,False,False,False,False
с,с,com.apple.keylayout.Byelorussian,,False,False,False,False
м,м,com.apple.keylayout.Byelorussian,,False,False,False,False
’,’,com.apple.keylayout.Byelorussian,10,False,False,False,False
і,і,com.apple.keylayout.Byelorussian,,False,False,False,False
й,й,com.apple.keylayout.Byelorussian,,False,False,False,False
ц,ц,com.apple.keylayout.Byelorussian,,False,False,False,False
у,у,com.apple.keylayout.Byelorussian,,False,False,False,False
к,к,com.apple.keylayout.Byelorussian,,False,False,False,False
н,н,com.apple.keylayout.Byelorussian,,False,False,False,False
е,е,com.apple.keylayout.Byelorussian,,False,False,False,False
1,1,com.apple.keylayout.Byelorussian,,False,False,False,False
2,2,com.apple.keylayout.Byelorussian,,False,False,False,False
3,3,com.apple.keylayout.Byelorussian,,False,False,False,False
4,4,com.apple.keylayout.Byelorussian,,False,False,False,False
6,6,com.apple.keylayout.Byelorussian,,False,False,False,False
5,5,com.apple.keylayout.Byelorussian,,False,False,False,False
=,=,com.apple.keylayout.Byelorussian,,False,False,False,False
9,9,com.apple.keylayout.Byelorussian,,False,False,False,False
7,7,com.apple.keylayout.Byelorussian,,False,False,False,False
-,-,com.apple.keylayout.Byelorussian,,False,False,False,False
8,8,com.apple.keylayout.Byelorussian,,False,False,False,False
0,0,com.apple.keylayout.Byelorussian,,False,False,False,False
',',com.apple.keylayout.Byelorussian,,False,False,False,False
ў,ў,com.apple.keylayout.Byelorussian,,False,False,False,False
г,г,com.apple.keylayout.Byelorussian,,False,False,False,False
х,х,com.apple.keylayout.Byelorussian,,False,False,False,False
ш,ш,com.apple.keylayout.Byelorussian,,False,False,False,False
з,з,com.apple.keylayout.Byelorussian,,False,False,False,False
д,д,com.apple.keylayout.Byelorussian,,False,False,False,False
о,о,com.apple.keylayout.Byelorussian,,False,False,False,False
э,э,com.apple.keylayout.Byelorussian,,False,False,False,False
л,л,com.apple.keylayout.Byelorussian,,False,False,False,False
ж,ж,com.apple.keylayout.Byelorussian,,False,False,False,False
ё,ё,com.apple.keylayout.Byelorussian,,False,False,False,False
б,б,com.apple.keylayout.Byelorussian,,False,False,False,False
/,/,com.apple.keylayout.Byelorussian,,False,False,False,False
т,т,com.apple.keylayout.Byelorussian,,False,False,False,False
ь,ь,com.apple.keylayout.Byelorussian,,False,False,False,False
ю,ю,com.apple.keylayout.Byelorussian,,False,False,False,False
 , ,com.apple.keylayout.Byelorussian,,False,False,False,False
“,“,com.apple.keylayout.Byelorussian,50,False,False,False,False
>,>,com.apple.keylayout.Byelorussian,,False,False,False,False
Ф,ф,com.apple.keylayout.Byelorussian,,False,True,False,False
Ы,ы,com.apple.keylayout.Byelorussian,,False,True,False,False
В,в,com.apple.keylayout.Byelorussian,,False,True,False,False
А,а,com.apple.keylayout.Byelorussian,,False,True,False,False
Р,р,com.apple.keylayout.Byelorussian,,False,True,False,False
П,п,com.apple.keylayout.Byelorussian,,False,True,False,False
Я,я,com.apple.keylayout.Byelorussian,,False,True,False,False
Ч,ч,com.apple.keylayout.Byelorussian,,False,True,False,False
С,с,com.apple.keylayout.Byelorussian,,False,True,False,False
М,м,com.apple.keylayout.Byelorussian,,False,True,False,False
+,’,com.apple.keylayout.Byelorussian,10,False,True,False,False
І,і,com.apple.keylayout.Byelorussian,,False,True,False,False
Й,й,com.apple.keylayout.Byelorussian,,False,True,False,False
Ц,ц,com.apple.keylayout.Byelorussian,,False,True,False,False
У,у,com.apple.keylayout.Byelorussian,,False,True,False,False
К,к,com.apple.keylayout.Byelorussian,,False,True,False,False
Н,н,com.apple.keylayout.Byelorussian,,False,True,False,False
Е,е,com.apple.keylayout.Byelorussian,,False,True,False,False
!,1,com.apple.keylayout.Byelorussian,,False,True,False,False
"""",2,com.apple.keylayout.Byelorussian,,False,True,False,False
№,3,com.apple.keylayout.Byelorussian,,False,True,False,False
%,4,com.apple.keylayout.Byelorussian,,False,True,False,False
",",6,com.apple.keylayout.Byelorussian,,False,True,False,False
:,5,com.apple.keylayout.Byelorussian,,False,True,False,False
+,=,com.apple.keylayout.Byelorussian,,False,True,False,False
(,9,com.apple.keylayout.Byelorussian,,False,True,False,False
.,7,com.apple.keylayout.Byelorussian,,False,True,False,False
_,-,com.apple.keylayout.Byelorussian,,False,True,False,False
;,8,com.apple.keylayout.Byelorussian,,False,True,False,False
),0,com.apple.keylayout.Byelorussian,,False,True,False,False
',',com.apple.keylayout.Byelorussian,,False,True,False,False
Ў,ў,com.apple.keylayout.Byelorussian,,False,True,False,False
Г,г,com.apple.keylayout.Byelorussian,,False,True,False,False
Х,х,com.apple.keylayout.Byelorussian,,False,True,False,False
Ш,ш,com.apple.keylayout.Byelorussian,,False,True,False,False
З,з,com.apple.keylayout.Byelorussian,,False,True,False,False
Д,д,com.apple.keylayout.Byelorussian,,False,True,False,False
О,о,com.apple.keylayout.Byelorussian,,False,True,False,False
Э,э,com.apple.keylayout.Byelorussian,,False,True,False,False
Л,л,com.apple.keylayout.Byelorussian,,False,True,False,False
Ж,ж,com.apple.keylayout.Byelorussian,,False,True,False,False
Ё,ё,com.apple.keylayout.Byelorussian,,False,True,False,False
Б,б,com.apple.keylayout.Byelorussian,,False,True,False,False
?,/,com.apple.keylayout.Byelorussian,,False,True,False,False
Т,т,com.apple.keylayout.Byelorussian,,False,True,False,False
Ь,ь,com.apple.keylayout.Byelorussian,,False,True,False,False
Ю,ю,com.apple.keylayout.Byelorussian,,False,True,False,False
 , ,com.apple.keylayout.Byelorussian,,False,True,False,False
„,“,com.apple.keylayout.Byelorussian,50,False,True,False,False
<,>,com.apple.keylayout.Byelorussian,,False,True,False,False
ƒ,ф,com.apple.keylayout.Byelorussian,,True,False,False,False
ы,ы,com.apple.keylayout.Byelorussian,,True,False,False,False
ћ,в,com.apple.keylayout.Byelorussian,,True,False,False,False
÷,а,com.apple.keylayout.Byelorussian,,True,False,False,False
√,р,com.apple.keylayout.Byelorussian,,True,False,False,False
©,п,com.apple.keylayout.Byelorussian,,True,False,False,False
ђ,я,com.apple.keylayout.Byelorussian,,True,False,False,False
≈,ч,com.apple.keylayout.Byelorussian,,True,False,False,False
≠,с,com.apple.keylayout.Byelorussian,,True,False,False,False
µ,м,com.apple.keylayout.Byelorussian,,True,False,False,False
§,’,com.apple.keylayout.Byelorussian,10,True,False,False,False
и,і,com.apple.keylayout.Byelorussian,,True,False,False,False
ј,й,com.apple.keylayout.Byelorussian,,True,False,False,False
џ,ц,com.apple.keylayout.Byelorussian,,True,False,False,False
ќ,у,com.apple.keylayout.Byelorussian,,True,False,False,False
®,к,com.apple.keylayout.Byelorussian,,True,False,False,False
њ,н,com.apple.keylayout.Byelorussian,,True,False,False,False
†,е,com.apple.keylayout.Byelorussian,,True,False,False,False
!,1,com.apple.keylayout.Byelorussian,,True,False,False,False
@,2,com.apple.keylayout.Byelorussian,,True,False,False,False
#,3,com.apple.keylayout.Byelorussian,,True,False,False,False
$,4,com.apple.keylayout.Byelorussian,,True,False,False,False
^,6,com.apple.keylayout.Byelorussian,,True,False,False,False
%,5,com.apple.keylayout.Byelorussian,,True,False,False,False
=,=,com.apple.keylayout.Byelorussian,,True,False,False,False
(,9,com.apple.keylayout.Byelorussian,,True,False,False,False
&,7,com.apple.keylayout.Byelorussian,,True,False,False,False
-,-,com.apple.keylayout.Byelorussian,,True,False,False,False
*,8,com.apple.keylayout.Byelorussian,,True,False,False,False
),0,com.apple.keylayout.Byelorussian,,True,False,False,False
ъ,',com.apple.keylayout.Byelorussian,,True,False,False,False
ў,ў,com.apple.keylayout.Byelorussian,,True,False,False,False
ѓ,г,com.apple.keylayout.Byelorussian,,True,False,False,False
”,х,com.apple.keylayout.Byelorussian,,True,False,False,False
ѕ,ш,com.apple.keylayout.Byelorussian,,True,False,False,False
’,з,com.apple.keylayout.Byelorussian,,True,False,False,False
∆,д,com.apple.keylayout.Byelorussian,,True,False,False,False
°,о,com.apple.keylayout.Byelorussian,,True,False,False,False
э,э,com.apple.keylayout.Byelorussian,,True,False,False,False
љ,л,com.apple.keylayout.Byelorussian,,True,False,False,False
…,ж,com.apple.keylayout.Byelorussian,,True,False,False,False
},ё,com.apple.keylayout.Byelorussian,,True,False,False,False
≤,б,com.apple.keylayout.Byelorussian,,True,False,False,False
ё,/,com.apple.keylayout.Byelorussian,,True,False,False,False
™,т,com.apple.keylayout.Byelorussian,,True,False,False,False
~,ь,com.apple.keylayout.Byelorussian,,True,False,False,False
≥,ю,com.apple.keylayout.Byelorussian,,True,False,False,False
 , ,com.apple.keylayout.Byelorussian,,True,False,False,False
],“,com.apple.keylayout.Byelorussian,50,True,False,False,False
ƒ,ф,com.apple.keylayout.Byelorussian,,True,True,False,False
Ы,ы,com.apple.keylayout.Byelorussian,,True,True,False,False
Ћ,в,com.apple.keylayout.Byelorussian,,True,True,False,False
÷,а,com.apple.keylayout.Byelorussian,,True,True,False,False
√,р,com.apple.keylayout.Byelorussian,,True,True,False,False
©,п,com.apple.keylayout.Byelorussian,,True,True,False,False
Ђ,я,com.apple.keylayout.Byelorussian,,True,True,False,False
≈,ч,com.apple.keylayout.Byelorussian,,True,True,False,False
≠,с,com.apple.keylayout.Byelorussian,,True,True,False,False
µ,м,com.apple.keylayout.Byelorussian,,True,True,False,False
±,’,com.apple.keylayout.Byelorussian,10,True,True,False,False
И,і,com.apple.keylayout.Byelorussian,,True,True,False,False
Ј,й,com.apple.keylayout.Byelorussian,,True,True,False,False
Џ,ц,com.apple.keylayout.Byelorussian,,True,True,False,False
Ќ,у,com.apple.keylayout.Byelorussian,,True,True,False,False
®,к,com.apple.keylayout.Byelorussian,,True,True,False,False
Њ,н,com.apple.keylayout.Byelorussian,,True,True,False,False
†,е,com.apple.keylayout.Byelorussian,,True,True,False,False
|,1,com.apple.keylayout.Byelorussian,,True,True,False,False
"""",2,com.apple.keylayout.Byelorussian,,True,True,False,False
£,3,com.apple.keylayout.Byelorussian,,True,True,False,False
€,4,com.apple.keylayout.Byelorussian,,True,True,False,False
¬,6,com.apple.keylayout.Byelorussian,,True,True,False,False
∞,5,com.apple.keylayout.Byelorussian,,True,True,False,False
+,=,com.apple.keylayout.Byelorussian,,True,True,False,False
',9,com.apple.keylayout.Byelorussian,,True,True,False,False
¶,7,com.apple.keylayout.Byelorussian,,True,True,False,False
_,-,com.apple.keylayout.Byelorussian,,True,True,False,False
–,8,com.apple.keylayout.Byelorussian,,True,True,False,False
`,0,com.apple.keylayout.Byelorussian,,True,True,False,False
Ъ,',com.apple.keylayout.Byelorussian,,True,True,False,False
Ў,ў,com.apple.keylayout.Byelorussian,,True,True,False,False
Ѓ,г,com.apple.keylayout.Byelorussian,,True,True,False,False
“,х,com.apple.keylayout.Byelorussian,,True,True,False,False
Ѕ,ш,com.apple.keylayout.Byelorussian,,True,True,False,False
‘,з,com.apple.keylayout.Byelorussian,,True,True,False,False
∆,д,com.apple.keylayout.Byelorussian,,True,True,False,False
•,о,com.apple.keylayout.Byelorussian,,True,True,False,False
Э,э,com.apple.keylayout.Byelorussian,,True,True,False,False
Љ,л,com.apple.keylayout.Byelorussian,,True,True,False,False
…,ж,com.apple.keylayout.Byelorussian,,True,True,False,False
{,ё,com.apple.keylayout.Byelorussian,,True,True,False,False
<,б,com.apple.keylayout.Byelorussian,,True,True,False,False
Ё,/,com.apple.keylayout.Byelorussian,,True,True,False,False
™,т,com.apple.keylayout.Byelorussian,,True,True,False,False
~,ь,com.apple.keylayout.Byelorussian,,True,True,False,False
>,ю,com.apple.keylayout.Byelorussian,,True,True,False,False
 , ,com.apple.keylayout.Byelorussian,,True,True,False,False
[,“,com.apple.keylayout.Byelorussian,50,True,True,False,False
ش,ش,com.apple.keylayout.AfghanPashto,,False,False,False,False
س,س,com.apple.keylayout.AfghanPashto,,False,False,False,False
ی,ی,com.apple.keylayout.AfghanPashto,,False,False,False,False
ب,ب,com.apple.keylayout.AfghanPashto,,False,False,False,False
ا,ا,com.apple.keylayout.AfghanPashto,,False,False,False,False
ل,ل,com.apple.keylayout.AfghanPashto,,False,False,False,False
ۍ,ۍ,com.apple.keylayout.AfghanPashto,,False,False,False,False
ې,ې,com.apple.keylayout.AfghanPashto,,False,False,False,False
ز,ز,com.apple.keylayout.AfghanPashto,,False,False,False,False
ر,ر,com.apple.keylayout.AfghanPashto,,False,False,False,False
‍,‍,com.apple.keylayout.AfghanPashto,10,False,False,False,False
ذ,ذ,com.apple.keylayout.AfghanPashto,,False,False,False,False
ض,ض,com.apple.keylayout.AfghanPashto,,False,False,False,False
ص,ص,com.apple.keylayout.AfghanPashto,,False,False,False,False
ث,ث,com.apple.keylayout.AfghanPashto,,False,False,False,False
ق,ق,com.apple.keylayout.AfghanPashto,,False,False,False,False
غ,غ,com.apple.keylayout.AfghanPashto,,False,False,False,False
ف,ف,com.apple.keylayout.AfghanPashto,,False,False,False,False
۱,۱,com.apple.keylayout.AfghanPashto,,False,False,False,False
۲,۲,com.apple.keylayout.AfghanPashto,,False,False,False,False
۳,۳,com.apple.keylayout.AfghanPashto,,False,False,False,False
۴,۴,com.apple.keylayout.AfghanPashto,,False,False,False,False
۶,۶,com.apple.keylayout.AfghanPashto,,False,False,False,False
۵,۵,com.apple.keylayout.AfghanPashto,,False,False,False,False
=,=,com.apple.keylayout.AfghanPashto,,False,False,False,False
۹,۹,com.apple.keylayout.AfghanPashto,,False,False,False,False
۷,۷,com.apple.keylayout.AfghanPashto,,False,False,False,False
-,-,com.apple.keylayout.AfghanPashto,,False,False,False,False
۸,۸,com.apple.keylayout.AfghanPashto,,False,False,False,False
۰,۰,com.apple.keylayout.AfghanPashto,,False,False,False,False
چ,چ,com.apple.keylayout.AfghanPashto,,False,False,False,False
خ,خ,com.apple.keylayout.AfghanPashto,,False,False,False,False
ع,ع,com.apple.keylayout.AfghanPashto,,False,False,False,False
ج,ج,com.apple.keylayout.AfghanPashto,,False,False,False,False
ه,ه,com.apple.keylayout.AfghanPashto,,False,False,False,False
ح,ح,com.apple.keylayout.AfghanPashto,,False,False,False,False
م,م,com.apple.keylayout.AfghanPashto,,False,False,False,False
ت,ت,com.apple.keylayout.AfghanPashto,,False,False,False,False
ګ,ګ,com.apple.keylayout.AfghanPashto,,False,False,False,False
ن,ن,com.apple.keylayout.AfghanPashto,,False,False,False,False
ک,ک,com.apple.keylayout.AfghanPashto,,False,False,False,False
\,\,com.apple.keylayout.AfghanPashto,,False,False,False,False
و,و,com.apple.keylayout.AfghanPashto,,False,False,False,False
/,/,com.apple.keylayout.AfghanPashto,,False,False,False,False
د,د,com.apple.keylayout.AfghanPashto,,False,False,False,False
ړ,ړ,com.apple.keylayout.AfghanPashto,,False,False,False,False
ږ,ږ,com.apple.keylayout.AfghanPashto,,False,False,False,False
 , ,com.apple.keylayout.AfghanPashto,,False,False,False,False
‍,‍,com.apple.keylayout.AfghanPashto,50,False,False,False,False
ښ,ش,com.apple.keylayout.AfghanPashto,,False,True,False,False
ئ,س,com.apple.keylayout.AfghanPashto,,False,True,False,False
ي,ی,com.apple.keylayout.AfghanPashto,,False,True,False,False
پ,ب,com.apple.keylayout.AfghanPashto,,False,True,False,False
آ,ا,com.apple.keylayout.AfghanPashto,,False,True,False,False
أ,ل,com.apple.keylayout.AfghanPashto,,False,True,False,False
ظ,ۍ,com.apple.keylayout.AfghanPashto,,False,True,False,False
ط,ې,com.apple.keylayout.AfghanPashto,,False,True,False,False
ژ,ز,com.apple.keylayout.AfghanPashto,,False,True,False,False
ء,ر,com.apple.keylayout.AfghanPashto,,False,True,False,False
÷,‍,com.apple.keylayout.AfghanPashto,10,False,True,False,False
‌,ذ,com.apple.keylayout.AfghanPashto,,False,True,False,False
ْ,ض,com.apple.keylayout.AfghanPashto,,False,True,False,False
ٌ,ص,com.apple.keylayout.AfghanPashto,,False,True,False,False
ٍ,ث,com.apple.keylayout.AfghanPashto,,False,True,False,False
ً,ق,com.apple.keylayout.AfghanPashto,,False,True,False,False
ِ,غ,com.apple.keylayout.AfghanPashto,,False,True,False,False
ُ,ف,com.apple.keylayout.AfghanPashto,,False,True,False,False
!,۱,com.apple.keylayout.AfghanPashto,,False,True,False,False
٬,۲,com.apple.keylayout.AfghanPashto,,False,True,False,False
٫,۳,com.apple.keylayout.AfghanPashto,,False,True,False,False
؋,۴,com.apple.keylayout.AfghanPashto,,False,True,False,False
×,۶,com.apple.keylayout.AfghanPashto,,False,True,False,False
٪,۵,com.apple.keylayout.AfghanPashto,,False,True,False,False
+,=,com.apple.keylayout.AfghanPashto,,False,True,False,False
),۹,com.apple.keylayout.AfghanPashto,,False,True,False,False
«,۷,com.apple.keylayout.AfghanPashto,,False,True,False,False
ـ,-,com.apple.keylayout.AfghanPashto,,False,True,False,False
»,۸,com.apple.keylayout.AfghanPashto,,False,True,False,False
(,۰,com.apple.keylayout.AfghanPashto,,False,True,False,False
[,چ,com.apple.keylayout.AfghanPashto,,False,True,False,False
ځ,خ,com.apple.keylayout.AfghanPashto,,False,True,False,False
َ,ع,com.apple.keylayout.AfghanPashto,,False,True,False,False
],ج,com.apple.keylayout.AfghanPashto,,False,True,False,False
ّ,ه,com.apple.keylayout.AfghanPashto,,False,True,False,False
څ,ح,com.apple.keylayout.AfghanPashto,,False,True,False,False
ة,م,com.apple.keylayout.AfghanPashto,,False,True,False,False
ټ,ت,com.apple.keylayout.AfghanPashto,,False,True,False,False
؛,ګ,com.apple.keylayout.AfghanPashto,,False,True,False,False
ڼ,ن,com.apple.keylayout.AfghanPashto,,False,True,False,False
:,ک,com.apple.keylayout.AfghanPashto,,False,True,False,False
*,\,com.apple.keylayout.AfghanPashto,,False,True,False,False
،,و,com.apple.keylayout.AfghanPashto,,False,True,False,False
؟,/,com.apple.keylayout.AfghanPashto,,False,True,False,False
ډ,د,com.apple.keylayout.AfghanPashto,,False,True,False,False
ؤ,ړ,com.apple.keylayout.AfghanPashto,,False,True,False,False
.,ږ,com.apple.keylayout.AfghanPashto,,False,True,False,False
‌, ,com.apple.keylayout.AfghanPashto,,False,True,False,False
÷,‍,com.apple.keylayout.AfghanPashto,50,False,True,False,False
ے,س,com.apple.keylayout.AfghanPashto,,True,False,False,False
ى,ی,com.apple.keylayout.AfghanPashto,,True,False,False,False
ں,ب,com.apple.keylayout.AfghanPashto,,True,False,False,False
ٱ,ا,com.apple.keylayout.AfghanPashto,,True,False,False,False
ڷ,ل,com.apple.keylayout.AfghanPashto,,True,False,False,False
?,ۍ,com.apple.keylayout.AfghanPashto,,True,False,False,False
;,ې,com.apple.keylayout.AfghanPashto,,True,False,False,False
ٕ,ز,com.apple.keylayout.AfghanPashto,,True,False,False,False
ٔ,ر,com.apple.keylayout.AfghanPashto,,True,False,False,False
~,‍,com.apple.keylayout.AfghanPashto,10,True,False,False,False
إ,ذ,com.apple.keylayout.AfghanPashto,,True,False,False,False
°,ض,com.apple.keylayout.AfghanPashto,,True,False,False,False
ٓ,ص,com.apple.keylayout.AfghanPashto,,True,False,False,False
€,ث,com.apple.keylayout.AfghanPashto,,True,False,False,False
﴿,ق,com.apple.keylayout.AfghanPashto,,True,False,False,False
ٖ,غ,com.apple.keylayout.AfghanPashto,,True,False,False,False
﴾,ف,com.apple.keylayout.AfghanPashto,,True,False,False,False
`,۱,com.apple.keylayout.AfghanPashto,,True,False,False,False
@,۲,com.apple.keylayout.AfghanPashto,,True,False,False,False
#,۳,com.apple.keylayout.AfghanPashto,,True,False,False,False
$,۴,com.apple.keylayout.AfghanPashto,,True,False,False,False
^,۶,com.apple.keylayout.AfghanPashto,,True,False,False,False
%,۵,com.apple.keylayout.AfghanPashto,,True,False,False,False
‎,۹,com.apple.keylayout.AfghanPashto,,True,False,False,False
&,۷,com.apple.keylayout.AfghanPashto,,True,False,False,False
_,-,com.apple.keylayout.AfghanPashto,,True,False,False,False
•,۸,com.apple.keylayout.AfghanPashto,,True,False,False,False
‏,۰,com.apple.keylayout.AfghanPashto,,True,False,False,False
{,چ,com.apple.keylayout.AfghanPashto,,True,False,False,False
',خ,com.apple.keylayout.AfghanPashto,,True,False,False,False
ٙ,ع,com.apple.keylayout.AfghanPashto,,True,False,False,False
},ج,com.apple.keylayout.AfghanPashto,,True,False,False,False
ٰ,ه,com.apple.keylayout.AfghanPashto,,True,False,False,False
"""",ح,com.apple.keylayout.AfghanPashto,,True,False,False,False
>,م,com.apple.keylayout.AfghanPashto,,True,False,False,False
ٹ,ت,com.apple.keylayout.AfghanPashto,,True,False,False,False
گ,ګ,com.apple.keylayout.AfghanPashto,,True,False,False,False
<,ن,com.apple.keylayout.AfghanPashto,,True,False,False,False
ك,ک,com.apple.keylayout.AfghanPashto,,True,False,False,False
|,\,com.apple.keylayout.AfghanPashto,,True,False,False,False
",",و,com.apple.keylayout.AfghanPashto,,True,False,False,False
ۉ,/,com.apple.keylayout.AfghanPashto,,True,False,False,False
ڈ,د,com.apple.keylayout.AfghanPashto,,True,False,False,False
ڑ,ړ,com.apple.keylayout.AfghanPashto,,True,False,False,False
ۇ,ږ,com.apple.keylayout.AfghanPashto,,True,False,False,False
 , ,com.apple.keylayout.AfghanPashto,,True,False,False,False
ٔ,‍,com.apple.keylayout.AfghanPashto,50,True,False,False,False
ے,س,com.apple.keylayout.AfghanPashto,,True,True,False,False
ى,ی,com.apple.keylayout.AfghanPashto,,True,True,False,False
ں,ب,com.apple.keylayout.AfghanPashto,,True,True,False,False
ٱ,ا,com.apple.keylayout.AfghanPashto,,True,True,False,False
ڷ,ل,com.apple.keylayout.AfghanPashto,,True,True,False,False
?,ۍ,com.apple.keylayout.AfghanPashto,,True,True,False,False
;,ې,com.apple.keylayout.AfghanPashto,,True,True,False,False
ٕ,ز,com.apple.keylayout.AfghanPashto,,True,True,False,False
ٔ,ر,com.apple.keylayout.AfghanPashto,,True,True,False,False
~,‍,com.apple.keylayout.AfghanPashto,10,True,True,False,False
إ,ذ,com.apple.keylayout.AfghanPashto,,True,True,False,False
°,ض,com.apple.keylayout.AfghanPashto,,True,True,False,False
ٓ,ص,com.apple.keylayout.AfghanPashto,,True,True,False,False
€,ث,com.apple.keylayout.AfghanPashto,,True,True,False,False
﴿,ق,com.apple.keylayout.AfghanPashto,,True,True,False,False
ٖ,غ,com.apple.keylayout.AfghanPashto,,True,True,False,False
﴾,ف,com.apple.keylayout.AfghanPashto,,True,True,False,False
`,۱,com.apple.keylayout.AfghanPashto,,True,True,False,False
@,۲,com.apple.keylayout.AfghanPashto,,True,True,False,False
#,۳,com.apple.keylayout.AfghanPashto,,True,True,False,False
$,۴,com.apple.keylayout.AfghanPashto,,True,True,False,False
^,۶,com.apple.keylayout.AfghanPashto,,True,True,False,False
%,۵,com.apple.keylayout.AfghanPashto,,True,True,False,False
‎,۹,com.apple.keylayout.AfghanPashto,,True,True,False,False
&,۷,com.apple.keylayout.AfghanPashto,,True,True,False,False
_,-,com.apple.keylayout.AfghanPashto,,True,True,False,False
•,۸,com.apple.keylayout.AfghanPashto,,True,True,False,False
‏,۰,com.apple.keylayout.AfghanPashto,,True,True,False,False
{,چ,com.apple.keylayout.AfghanPashto,,True,True,False,False
',خ,com.apple.keylayout.AfghanPashto,,True,True,False,False
ٙ,ع,com.apple.keylayout.AfghanPashto,,True,True,False,False
},ج,com.apple.keylayout.AfghanPashto,,True,True,False,False
ٰ,ه,com.apple.keylayout.AfghanPashto,,True,True,False,False
"""",ح,com.apple.keylayout.AfghanPashto,,True,True,False,False
>,م,com.apple.keylayout.AfghanPashto,,True,True,False,False
ٹ,ت,com.apple.keylayout.AfghanPashto,,True,True,False,False
گ,ګ,com.apple.keylayout.AfghanPashto,,True,True,False,False
<,ن,com.apple.keylayout.AfghanPashto,,True,True,False,False
ك,ک,com.apple.keylayout.AfghanPashto,,True,True,False,False
|,\,com.apple.keylayout.AfghanPashto,,True,True,False,False
",",و,com.apple.keylayout.AfghanPashto,,True,True,False,False
ۉ,/,com.apple.keylayout.AfghanPashto,,True,True,False,False
ڈ,د,com.apple.keylayout.AfghanPashto,,True,True,False,False
ڑ,ړ,com.apple.keylayout.AfghanPashto,,True,True,False,False
ۇ,ږ,com.apple.keylayout.AfghanPashto,,True,True,False,False
 , ,com.apple.keylayout.AfghanPashto,,True,True,False,False
ٔ,‍,com.apple.keylayout.AfghanPashto,50,True,True,False,False
a,a,com.apple.keylayout.Spanish,,False,False,False,False
s,s,com.apple.keylayout.Spanish,,False,False,False,False
d,d,com.apple.keylayout.Spanish,,False,False,False,False
f,f,com.apple.keylayout.Spanish,,False,False,False,False
h,h,com.apple.keylayout.Spanish,,False,False,False,False
g,g,com.apple.keylayout.Spanish,,False,False,False,False
z,z,com.apple.keylayout.Spanish,,False,False,False,False
x,x,com.apple.keylayout.Spanish,,False,False,False,False
c,c,com.apple.keylayout.Spanish,,False,False,False,False
v,v,com.apple.keylayout.Spanish,,False,False,False,False
[,[,com.apple.keylayout.Spanish,10,False,False,False,False
b,b,com.apple.keylayout.Spanish,,False,False,False,False
q,q,com.apple.keylayout.Spanish,,False,False,False,False
w,w,com.apple.keylayout.Spanish,,False,False,False,False
e,e,com.apple.keylayout.Spanish,,False,False,False,False
r,r,com.apple.keylayout.Spanish,,False,False,False,False
y,y,com.apple.keylayout.Spanish,,False,False,False,False
t,t,com.apple.keylayout.Spanish,,False,False,False,False
1,1,com.apple.keylayout.Spanish,,False,False,False,False
2,2,com.apple.keylayout.Spanish,,False,False,False,False
3,3,com.apple.keylayout.Spanish,,False,False,False,False
4,4,com.apple.keylayout.Spanish,,False,False,False,False
6,6,com.apple.keylayout.Spanish,,False,False,False,False
5,5,com.apple.keylayout.Spanish,,False,False,False,False
=,=,com.apple.keylayout.Spanish,,False,False,False,False
9,9,com.apple.keylayout.Spanish,,False,False,False,False
7,7,com.apple.keylayout.Spanish,,False,False,False,False
-,-,com.apple.keylayout.Spanish,,False,False,False,False
8,8,com.apple.keylayout.Spanish,,False,False,False,False
0,0,com.apple.keylayout.Spanish,,False,False,False,False
o,o,com.apple.keylayout.Spanish,,False,False,False,False
u,u,com.apple.keylayout.Spanish,,False,False,False,False
i,i,com.apple.keylayout.Spanish,,False,False,False,False
p,p,com.apple.keylayout.Spanish,,False,False,False,False
l,l,com.apple.keylayout.Spanish,,False,False,False,False
j,j,com.apple.keylayout.Spanish,,False,False,False,False
;,;,com.apple.keylayout.Spanish,,False,False,False,False
k,k,com.apple.keylayout.Spanish,,False,False,False,False
ñ,ñ,com.apple.keylayout.Spanish,,False,False,False,False
',',com.apple.keylayout.Spanish,,False,False,False,False
",",",",com.apple.keylayout.Spanish,,False,False,False,False
ç,ç,com.apple.keylayout.Spanish,,False,False,False,False
n,n,com.apple.keylayout.Spanish,,False,False,False,False
m,m,com.apple.keylayout.Spanish,,False,False,False,False
.,.,com.apple.keylayout.Spanish,,False,False,False,False
 , ,com.apple.keylayout.Spanish,,False,False,False,False
<,<,com.apple.keylayout.Spanish,50,False,False,False,False
A,a,com.apple.keylayout.Spanish,,False,True,False,False
S,s,com.apple.keylayout.Spanish,,False,True,False,False
D,d,com.apple.keylayout.Spanish,,False,True,False,False
F,f,com.apple.keylayout.Spanish,,False,True,False,False
H,h,com.apple.keylayout.Spanish,,False,True,False,False
G,g,com.apple.keylayout.Spanish,,False,True,False,False
Z,z,com.apple.keylayout.Spanish,,False,True,False,False
X,x,com.apple.keylayout.Spanish,,False,True,False,False
C,c,com.apple.keylayout.Spanish,,False,True,False,False
V,v,com.apple.keylayout.Spanish,,False,True,False,False
],[,com.apple.keylayout.Spanish,10,False,True,False,False
B,b,com.apple.keylayout.Spanish,,False,True,False,False
Q,q,com.apple.keylayout.Spanish,,False,True,False,False
W,w,com.apple.keylayout.Spanish,,False,True,False,False
E,e,com.apple.keylayout.Spanish,,False,True,False,False
R,r,com.apple.keylayout.Spanish,,False,True,False,False
Y,y,com.apple.keylayout.Spanish,,False,True,False,False
T,t,com.apple.keylayout.Spanish,,False,True,False,False
¡,1,com.apple.keylayout.Spanish,,False,True,False,False
!,2,com.apple.keylayout.Spanish,,False,True,False,False
#,3,com.apple.keylayout.Spanish,,False,True,False,False
$,4,com.apple.keylayout.Spanish,,False,True,False,False
/,6,com.apple.keylayout.Spanish,,False,True,False,False
%,5,com.apple.keylayout.Spanish,,False,True,False,False
+,=,com.apple.keylayout.Spanish,,False,True,False,False
(,9,com.apple.keylayout.Spanish,,False,True,False,False
&,7,com.apple.keylayout.Spanish,,False,True,False,False
_,-,com.apple.keylayout.Spanish,,False,True,False,False
*,8,com.apple.keylayout.Spanish,,False,True,False,False
),0,com.apple.keylayout.Spanish,,False,True,False,False
O,o,com.apple.keylayout.Spanish,,False,True,False,False
U,u,com.apple.keylayout.Spanish,,False,True,False,False
I,i,com.apple.keylayout.Spanish,,False,True,False,False
P,p,com.apple.keylayout.Spanish,,False,True,False,False
L,l,com.apple.keylayout.Spanish,,False,True,False,False
J,j,com.apple.keylayout.Spanish,,False,True,False,False
:,;,com.apple.keylayout.Spanish,,False,True,False,False
K,k,com.apple.keylayout.Spanish,,False,True,False,False
Ñ,ñ,com.apple.keylayout.Spanish,,False,True,False,False
"""",',com.apple.keylayout.Spanish,,False,True,False,False
¿,",",com.apple.keylayout.Spanish,,False,True,False,False
Ç,ç,com.apple.keylayout.Spanish,,False,True,False,False
N,n,com.apple.keylayout.Spanish,,False,True,False,False
M,m,com.apple.keylayout.Spanish,,False,True,False,False
?,.,com.apple.keylayout.Spanish,,False,True,False,False
 , ,com.apple.keylayout.Spanish,,False,True,False,False
>,<,com.apple.keylayout.Spanish,50,False,True,False,False
å,a,com.apple.keylayout.Spanish,,True,False,False,False
ß,s,com.apple.keylayout.Spanish,,True,False,False,False
∂,d,com.apple.keylayout.Spanish,,True,False,False,False
ƒ,f,com.apple.keylayout.Spanish,,True,False,False,False
™,h,com.apple.keylayout.Spanish,,True,False,False,False
@,g,com.apple.keylayout.Spanish,,True,False,False,False
Ω,z,com.apple.keylayout.Spanish,,True,False,False,False
≈,x,com.apple.keylayout.Spanish,,True,False,False,False
©,c,com.apple.keylayout.Spanish,,True,False,False,False
√,v,com.apple.keylayout.Spanish,,True,False,False,False
{,[,com.apple.keylayout.Spanish,10,True,False,False,False
∫,b,com.apple.keylayout.Spanish,,True,False,False,False
œ,q,com.apple.keylayout.Spanish,,True,False,False,False
∑,w,com.apple.keylayout.Spanish,,True,False,False,False
æ,e,com.apple.keylayout.Spanish,,True,False,False,False
®,r,com.apple.keylayout.Spanish,,True,False,False,False
¥,y,com.apple.keylayout.Spanish,,True,False,False,False
†,t,com.apple.keylayout.Spanish,,True,False,False,False
‘,1,com.apple.keylayout.Spanish,,True,False,False,False
“,2,com.apple.keylayout.Spanish,,True,False,False,False
«,3,com.apple.keylayout.Spanish,,True,False,False,False
¢,4,com.apple.keylayout.Spanish,,True,False,False,False
\,6,com.apple.keylayout.Spanish,,True,False,False,False
∞,5,com.apple.keylayout.Spanish,,True,False,False,False
±,=,com.apple.keylayout.Spanish,,True,False,False,False
£,9,com.apple.keylayout.Spanish,,True,False,False,False
|,7,com.apple.keylayout.Spanish,,True,False,False,False
–,-,com.apple.keylayout.Spanish,,True,False,False,False
°,8,com.apple.keylayout.Spanish,,True,False,False,False
≠,0,com.apple.keylayout.Spanish,,True,False,False,False
ø,o,com.apple.keylayout.Spanish,,True,False,False,False
€,u,com.apple.keylayout.Spanish,,True,False,False,False
π,p,com.apple.keylayout.Spanish,,True,False,False,False
¬,l,com.apple.keylayout.Spanish,,True,False,False,False
∆,j,com.apple.keylayout.Spanish,,True,False,False,False
¶,;,com.apple.keylayout.Spanish,,True,False,False,False
§,k,com.apple.keylayout.Spanish,,True,False,False,False
],',com.apple.keylayout.Spanish,,True,False,False,False
Ÿ,",",com.apple.keylayout.Spanish,,True,False,False,False
•,ç,com.apple.keylayout.Spanish,,True,False,False,False
>,n,com.apple.keylayout.Spanish,,True,False,False,False
µ,m,com.apple.keylayout.Spanish,,True,False,False,False
…,.,com.apple.keylayout.Spanish,,True,False,False,False
 , ,com.apple.keylayout.Spanish,,True,False,False,False
[,<,com.apple.keylayout.Spanish,50,True,False,False,False
Å,a,com.apple.keylayout.Spanish,,True,True,False,False
ﬁ,s,com.apple.keylayout.Spanish,,True,True,False,False
ﬂ,d,com.apple.keylayout.Spanish,,True,True,False,False
‡,f,com.apple.keylayout.Spanish,,True,True,False,False
·,h,com.apple.keylayout.Spanish,,True,True,False,False
‚,g,com.apple.keylayout.Spanish,,True,True,False,False
„,z,com.apple.keylayout.Spanish,,True,True,False,False
‰,x,com.apple.keylayout.Spanish,,True,True,False,False
Â,c,com.apple.keylayout.Spanish,,True,True,False,False
◊,v,com.apple.keylayout.Spanish,,True,True,False,False
},[,com.apple.keylayout.Spanish,10,True,True,False,False
<,b,com.apple.keylayout.Spanish,,True,True,False,False
Œ,q,com.apple.keylayout.Spanish,,True,True,False,False
Ê,w,com.apple.keylayout.Spanish,,True,True,False,False
Æ,e,com.apple.keylayout.Spanish,,True,True,False,False
Á,r,com.apple.keylayout.Spanish,,True,True,False,False
Ë,y,com.apple.keylayout.Spanish,,True,True,False,False
È,t,com.apple.keylayout.Spanish,,True,True,False,False
’,1,com.apple.keylayout.Spanish,,True,True,False,False
”,2,com.apple.keylayout.Spanish,,True,True,False,False
»,3,com.apple.keylayout.Spanish,,True,True,False,False
Î,4,com.apple.keylayout.Spanish,,True,True,False,False
Ï,6,com.apple.keylayout.Spanish,,True,True,False,False
Ì,5,com.apple.keylayout.Spanish,,True,True,False,False
Ó,=,com.apple.keylayout.Spanish,,True,True,False,False
Ô,9,com.apple.keylayout.Spanish,,True,True,False,False
Í,7,com.apple.keylayout.Spanish,,True,True,False,False
—,-,com.apple.keylayout.Spanish,,True,True,False,False
,8,com.apple.keylayout.Spanish,,True,True,False,False
Ò,0,com.apple.keylayout.Spanish,,True,True,False,False
Ø,o,com.apple.keylayout.Spanish,,True,True,False,False
Û,u,com.apple.keylayout.Spanish,,True,True,False,False
ı,i,com.apple.keylayout.Spanish,,True,True,False,False
∏,p,com.apple.keylayout.Spanish,,True,True,False,False
ˆ,l,com.apple.keylayout.Spanish,,True,True,False,False
˜,j,com.apple.keylayout.Spanish,,True,True,False,False
¯,;,com.apple.keylayout.Spanish,,True,True,False,False
˘,k,com.apple.keylayout.Spanish,,True,True,False,False
˙,ñ,com.apple.keylayout.Spanish,,True,True,False,False
},',com.apple.keylayout.Spanish,,True,True,False,False
≥,",",com.apple.keylayout.Spanish,,True,True,False,False
¸,ç,com.apple.keylayout.Spanish,,True,True,False,False
>,n,com.apple.keylayout.Spanish,,True,True,False,False
≤,m,com.apple.keylayout.Spanish,,True,True,False,False
÷,.,com.apple.keylayout.Spanish,,True,True,False,False
 , ,com.apple.keylayout.Spanish,,True,True,False,False
{,<,com.apple.keylayout.Spanish,50,True,True,False,False
ա,ա,com.apple.keylayout.Armenian-HMQWERTY,,False,False,False,False
ս,ս,com.apple.keylayout.Armenian-HMQWERTY,,False,False,False,False
դ,դ,com.apple.keylayout.Armenian-HMQWERTY,,False,False,False,False
ֆ,ֆ,com.apple.keylayout.Armenian-HMQWERTY,,False,False,False,False
հ,հ,com.apple.keylayout.Armenian-HMQWERTY,,False,False,False,False
գ,գ,com.apple.keylayout.Armenian-HMQWERTY,,False,False,False,False
զ,զ,com.apple.keylayout.Armenian-HMQWERTY,,False,False,False,False
խ,խ,com.apple.keylayout.Armenian-HMQWERTY,,False,False,False,False
ծ,ծ,com.apple.keylayout.Armenian-HMQWERTY,,False,False,False,False
վ,վ,com.apple.keylayout.Armenian-HMQWERTY,,False,False,False,False
§,§,com.apple.keylayout.Armenian-HMQWERTY,10,False,False,False,False
բ,բ,com.apple.keylayout.Armenian-HMQWERTY,,False,False,False,False
ճ,ճ,com.apple.keylayout.Armenian-HMQWERTY,,False,False,False,False
ւ,ւ,com.apple.keylayout.Armenian-HMQWERTY,,False,False,False,False
ե,ե,com.apple.keylayout.Armenian-HMQWERTY,,False,False,False,False
ր,ր,com.apple.keylayout.Armenian-HMQWERTY,,False,False,False,False
յ,յ,com.apple.keylayout.Armenian-HMQWERTY,,False,False,False,False
տ,տ,com.apple.keylayout.Armenian-HMQWERTY,,False,False,False,False
1,1,com.apple.keylayout.Armenian-HMQWERTY,,False,False,False,False
2,2,com.apple.keylayout.Armenian-HMQWERTY,,False,False,False,False
3,3,com.apple.keylayout.Armenian-HMQWERTY,,False,False,False,False
4,4,com.apple.keylayout.Armenian-HMQWERTY,,False,False,False,False
6,6,com.apple.keylayout.Armenian-HMQWERTY,,False,False,False,False
5,5,com.apple.keylayout.Armenian-HMQWERTY,,False,False,False,False
=,=,com.apple.keylayout.Armenian-HMQWERTY,,False,False,False,False
9,9,com.apple.keylayout.Armenian-HMQWERTY,,False,False,False,False
7,7,com.apple.keylayout.Armenian-HMQWERTY,,False,False,False,False
-,-,com.apple.keylayout.Armenian-HMQWERTY,,False,False,False,False
8,8,com.apple.keylayout.Armenian-HMQWERTY,,False,False,False,False
0,0,com.apple.keylayout.Armenian-HMQWERTY,,False,False,False,False
],],com.apple.keylayout.Armenian-HMQWERTY,,False,False,False,False
ո,ո,com.apple.keylayout.Armenian-HMQWERTY,,False,False,False,False
ւ,ւ,com.apple.keylayout.Armenian-HMQWERTY,,False,False,False,False
[,[,com.apple.keylayout.Armenian-HMQWERTY,,False,False,False,False
ի,ի,com.apple.keylayout.Armenian-HMQWERTY,,False,False,False,False
պ,պ,com.apple.keylayout.Armenian-HMQWERTY,,False,False,False,False
լ,լ,com.apple.keylayout.Armenian-HMQWERTY,,False,False,False,False
ձ,ձ,com.apple.keylayout.Armenian-HMQWERTY,,False,False,False,False
',',com.apple.keylayout.Armenian-HMQWERTY,,False,False,False,False
կ,կ,com.apple.keylayout.Armenian-HMQWERTY,,False,False,False,False
;,;,com.apple.keylayout.Armenian-HMQWERTY,,False,False,False,False
\,\,com.apple.keylayout.Armenian-HMQWERTY,,False,False,False,False
",",",",com.apple.keylayout.Armenian-HMQWERTY,,False,False,False,False
/,/,com.apple.keylayout.Armenian-HMQWERTY,,False,False,False,False
ն,ն,com.apple.keylayout.Armenian-HMQWERTY,,False,False,False,False
մ,մ,com.apple.keylayout.Armenian-HMQWERTY,,False,False,False,False
.,.,com.apple.keylayout.Armenian-HMQWERTY,,False,False,False,False
 , ,com.apple.keylayout.Armenian-HMQWERTY,,False,False,False,False
`,`,com.apple.keylayout.Armenian-HMQWERTY,50,False,False,False,False
Ա,ա,com.apple.keylayout.Armenian-HMQWERTY,,False,True,False,False
Ս,ս,com.apple.keylayout.Armenian-HMQWERTY,,False,True,False,False
Դ,դ,com.apple.keylayout.Armenian-HMQWERTY,,False,True,False,False
Ֆ,ֆ,com.apple.keylayout.Armenian-HMQWERTY,,False,True,False,False
Հ,հ,com.apple.keylayout.Armenian-HMQWERTY,,False,True,False,False
Գ,գ,com.apple.keylayout.Armenian-HMQWERTY,,False,True,False,False
Զ,զ,com.apple.keylayout.Armenian-HMQWERTY,,False,True,False,False
Խ,խ,com.apple.keylayout.Armenian-HMQWERTY,,False,True,False,False
Ծ,ծ,com.apple.keylayout.Armenian-HMQWERTY,,False,True,False,False
Վ,վ,com.apple.keylayout.Armenian-HMQWERTY,,False,True,False,False
±,§,com.apple.keylayout.Armenian-HMQWERTY,10,False,True,False,False
Բ,բ,com.apple.keylayout.Armenian-HMQWERTY,,False,True,False,False
Ճ,ճ,com.apple.keylayout.Armenian-HMQWERTY,,False,True,False,False
Ւ,ւ,com.apple.keylayout.Armenian-HMQWERTY,,False,True,False,False
Ե,ե,com.apple.keylayout.Armenian-HMQWERTY,,False,True,False,False
Ր,ր,com.apple.keylayout.Armenian-HMQWERTY,,False,True,False,False
Յ,յ,com.apple.keylayout.Armenian-HMQWERTY,,False,True,False,False
Տ,տ,com.apple.keylayout.Armenian-HMQWERTY,,False,True,False,False
!,1,com.apple.keylayout.Armenian-HMQWERTY,,False,True,False,False
@,2,com.apple.keylayout.Armenian-HMQWERTY,,False,True,False,False
#,3,com.apple.keylayout.Armenian-HMQWERTY,,False,True,False,False
$,4,com.apple.keylayout.Armenian-HMQWERTY,,False,True,False,False
^,6,com.apple.keylayout.Armenian-HMQWERTY,,False,True,False,False
%,5,com.apple.keylayout.Armenian-HMQWERTY,,False,True,False,False
+,=,com.apple.keylayout.Armenian-HMQWERTY,,False,True,False,False
(,9,com.apple.keylayout.Armenian-HMQWERTY,,False,True,False,False
&,7,com.apple.keylayout.Armenian-HMQWERTY,,False,True,False,False
_,-,com.apple.keylayout.Armenian-HMQWERTY,,False,True,False,False
*,8,com.apple.keylayout.Armenian-HMQWERTY,,False,True,False,False
),0,com.apple.keylayout.Armenian-HMQWERTY,,False,True,False,False
},],com.apple.keylayout.Armenian-HMQWERTY,,False,True,False,False
Ո,ո,com.apple.keylayout.Armenian-HMQWERTY,,False,True,False,False
Ւ,ւ,com.apple.keylayout.Armenian-HMQWERTY,,False,True,False,False
{,[,com.apple.keylayout.Armenian-HMQWERTY,,False,True,False,False
Ի,ի,com.apple.keylayout.Armenian-HMQWERTY,,False,True,False,False
Պ,պ,com.apple.keylayout.Armenian-HMQWERTY,,False,True,False,False
Լ,լ,com.apple.keylayout.Armenian-HMQWERTY,,False,True,False,False
Ձ,ձ,com.apple.keylayout.Armenian-HMQWERTY,,False,True,False,False
"""",',com.apple.keylayout.Armenian-HMQWERTY,,False,True,False,False
Կ,կ,com.apple.keylayout.Armenian-HMQWERTY,,False,True,False,False
:,;,com.apple.keylayout.Armenian-HMQWERTY,,False,True,False,False
|,\,com.apple.keylayout.Armenian-HMQWERTY,,False,True,False,False
<,",",com.apple.keylayout.Armenian-HMQWERTY,,False,True,False,False
?,/,com.apple.keylayout.Armenian-HMQWERTY,,False,True,False,False
Ն,ն,com.apple.keylayout.Armenian-HMQWERTY,,False,True,False,False
Մ,մ,com.apple.keylayout.Armenian-HMQWERTY,,False,True,False,False
>,.,com.apple.keylayout.Armenian-HMQWERTY,,False,True,False,False
 , ,com.apple.keylayout.Armenian-HMQWERTY,,False,True,False,False
~,`,com.apple.keylayout.Armenian-HMQWERTY,50,False,True,False,False
ը,ա,com.apple.keylayout.Armenian-HMQWERTY,,True,False,False,False
շ,ս,com.apple.keylayout.Armenian-HMQWERTY,,True,False,False,False
ƒ,ֆ,com.apple.keylayout.Armenian-HMQWERTY,,True,False,False,False
©,գ,com.apple.keylayout.Armenian-HMQWERTY,,True,False,False,False
ժ,զ,com.apple.keylayout.Armenian-HMQWERTY,,True,False,False,False
ց,ծ,com.apple.keylayout.Armenian-HMQWERTY,,True,False,False,False
և,վ,com.apple.keylayout.Armenian-HMQWERTY,,True,False,False,False
§,§,com.apple.keylayout.Armenian-HMQWERTY,10,True,False,False,False
չ,ճ,com.apple.keylayout.Armenian-HMQWERTY,,True,False,False,False
է,ե,com.apple.keylayout.Armenian-HMQWERTY,,True,False,False,False
ռ,ր,com.apple.keylayout.Armenian-HMQWERTY,,True,False,False,False
†,յ,com.apple.keylayout.Armenian-HMQWERTY,,True,False,False,False
թ,տ,com.apple.keylayout.Armenian-HMQWERTY,,True,False,False,False
՜,1,com.apple.keylayout.Armenian-HMQWERTY,,True,False,False,False
™,2,com.apple.keylayout.Armenian-HMQWERTY,,True,False,False,False
£,3,com.apple.keylayout.Armenian-HMQWERTY,,True,False,False,False
¢,4,com.apple.keylayout.Armenian-HMQWERTY,,True,False,False,False
§,6,com.apple.keylayout.Armenian-HMQWERTY,,True,False,False,False
★,5,com.apple.keylayout.Armenian-HMQWERTY,,True,False,False,False
≠,=,com.apple.keylayout.Armenian-HMQWERTY,,True,False,False,False
«,9,com.apple.keylayout.Armenian-HMQWERTY,,True,False,False,False
¶,7,com.apple.keylayout.Armenian-HMQWERTY,,True,False,False,False
–,-,com.apple.keylayout.Armenian-HMQWERTY,,True,False,False,False
•,8,com.apple.keylayout.Armenian-HMQWERTY,,True,False,False,False
»,0,com.apple.keylayout.Armenian-HMQWERTY,,True,False,False,False
‘,],com.apple.keylayout.Armenian-HMQWERTY,,True,False,False,False
օ,ո,com.apple.keylayout.Armenian-HMQWERTY,,True,False,False,False
÷,ւ,com.apple.keylayout.Armenian-HMQWERTY,,True,False,False,False
“,[,com.apple.keylayout.Armenian-HMQWERTY,,True,False,False,False
„,ի,com.apple.keylayout.Armenian-HMQWERTY,,True,False,False,False
փ,պ,com.apple.keylayout.Armenian-HMQWERTY,,True,False,False,False
ղ,լ,com.apple.keylayout.Armenian-HMQWERTY,,True,False,False,False
ջ,ձ,com.apple.keylayout.Armenian-HMQWERTY,,True,False,False,False
՛,',com.apple.keylayout.Armenian-HMQWERTY,,True,False,False,False
ք,կ,com.apple.keylayout.Armenian-HMQWERTY,,True,False,False,False
…,;,com.apple.keylayout.Armenian-HMQWERTY,,True,False,False,False
«,\,com.apple.keylayout.Armenian-HMQWERTY,,True,False,False,False
՝,",",com.apple.keylayout.Armenian-HMQWERTY,,True,False,False,False
՞,/,com.apple.keylayout.Armenian-HMQWERTY,,True,False,False,False
։,.,com.apple.keylayout.Armenian-HMQWERTY,,True,False,False,False
 , ,com.apple.keylayout.Armenian-HMQWERTY,,True,False,False,False
`,`,com.apple.keylayout.Armenian-HMQWERTY,50,True,False,False,False
Ը,ա,com.apple.keylayout.Armenian-HMQWERTY,,True,True,False,False
Շ,ս,com.apple.keylayout.Armenian-HMQWERTY,,True,True,False,False
®,գ,com.apple.keylayout.Armenian-HMQWERTY,,True,True,False,False
Ժ,զ,com.apple.keylayout.Armenian-HMQWERTY,,True,True,False,False
Ց,ծ,com.apple.keylayout.Armenian-HMQWERTY,,True,True,False,False
±,§,com.apple.keylayout.Armenian-HMQWERTY,10,True,True,False,False
Չ,ճ,com.apple.keylayout.Armenian-HMQWERTY,,True,True,False,False
Է,ե,com.apple.keylayout.Armenian-HMQWERTY,,True,True,False,False
Ռ,ր,com.apple.keylayout.Armenian-HMQWERTY,,True,True,False,False
¥,յ,com.apple.keylayout.Armenian-HMQWERTY,,True,True,False,False
Թ,տ,com.apple.keylayout.Armenian-HMQWERTY,,True,True,False,False
★,1,com.apple.keylayout.Armenian-HMQWERTY,,True,True,False,False
€,2,com.apple.keylayout.Armenian-HMQWERTY,,True,True,False,False
№,3,com.apple.keylayout.Armenian-HMQWERTY,,True,True,False,False
±,=,com.apple.keylayout.Armenian-HMQWERTY,,True,True,False,False
‹,9,com.apple.keylayout.Armenian-HMQWERTY,,True,True,False,False
—,-,com.apple.keylayout.Armenian-HMQWERTY,,True,True,False,False
°,8,com.apple.keylayout.Armenian-HMQWERTY,,True,True,False,False
›,0,com.apple.keylayout.Armenian-HMQWERTY,,True,True,False,False
’,],com.apple.keylayout.Armenian-HMQWERTY,,True,True,False,False
Օ,ո,com.apple.keylayout.Armenian-HMQWERTY,,True,True,False,False
՚,ւ,com.apple.keylayout.Armenian-HMQWERTY,,True,True,False,False
”,[,com.apple.keylayout.Armenian-HMQWERTY,,True,True,False,False
„,ի,com.apple.keylayout.Armenian-HMQWERTY,,True,True,False,False
Փ,պ,com.apple.keylayout.Armenian-HMQWERTY,,True,True,False,False
Ղ,լ,com.apple.keylayout.Armenian-HMQWERTY,,True,True,False,False
Ջ,ձ,com.apple.keylayout.Armenian-HMQWERTY,,True,True,False,False
֊,',com.apple.keylayout.Armenian-HMQWERTY,,True,True,False,False
Ք,կ,com.apple.keylayout.Armenian-HMQWERTY,,True,True,False,False
՟,;,com.apple.keylayout.Armenian-HMQWERTY,,True,True,False,False
»,\,com.apple.keylayout.Armenian-HMQWERTY,,True,True,False,False
≤,",",com.apple.keylayout.Armenian-HMQWERTY,,True,True,False,False
՞,/,com.apple.keylayout.Armenian-HMQWERTY,,True,True,False,False
≥,.,com.apple.keylayout.Armenian-HMQWERTY,,True,True,False,False
 , ,com.apple.keylayout.Armenian-HMQWERTY,,True,True,False,False
~,`,com.apple.keylayout.Armenian-HMQWERTY,50,True,True,False,False
α,α,com.apple.keylayout.Greek,,False,False,False,False
σ,σ,com.apple.keylayout.Greek,,False,False,False,False
δ,δ,com.apple.keylayout.Greek,,False,False,False,False
φ,φ,com.apple.keylayout.Greek,,False,False,False,False
η,η,com.apple.keylayout.Greek,,False,False,False,False
γ,γ,com.apple.keylayout.Greek,,False,False,False,False
ζ,ζ,com.apple.keylayout.Greek,,False,False,False,False
χ,χ,com.apple.keylayout.Greek,,False,False,False,False
ψ,ψ,com.apple.keylayout.Greek,,False,False,False,False
ω,ω,com.apple.keylayout.Greek,,False,False,False,False
§,§,com.apple.keylayout.Greek,10,False,False,False,False
β,β,com.apple.keylayout.Greek,,False,False,False,False
;,;,com.apple.keylayout.Greek,,False,False,False,False
ς,ς,com.apple.keylayout.Greek,,False,False,False,False
ε,ε,com.apple.keylayout.Greek,,False,False,False,False
ρ,ρ,com.apple.keylayout.Greek,,False,False,False,False
υ,υ,com.apple.keylayout.Greek,,False,False,False,False
τ,τ,com.apple.keylayout.Greek,,False,False,False,False
1,1,com.apple.keylayout.Greek,,False,False,False,False
2,2,com.apple.keylayout.Greek,,False,False,False,False
3,3,com.apple.keylayout.Greek,,False,False,False,False
4,4,com.apple.keylayout.Greek,,False,False,False,False
6,6,com.apple.keylayout.Greek,,False,False,False,False
5,5,com.apple.keylayout.Greek,,False,False,False,False
=,=,com.apple.keylayout.Greek,,False,False,False,False
9,9,com.apple.keylayout.Greek,,False,False,False,False
7,7,com.apple.keylayout.Greek,,False,False,False,False
-,-,com.apple.keylayout.Greek,,False,False,False,False
8,8,com.apple.keylayout.Greek,,False,False,False,False
0,0,com.apple.keylayout.Greek,,False,False,False,False
],],com.apple.keylayout.Greek,,False,False,False,False
ο,ο,com.apple.keylayout.Greek,,False,False,False,False
θ,θ,com.apple.keylayout.Greek,,False,False,False,False
[,[,com.apple.keylayout.Greek,,False,False,False,False
ι,ι,com.apple.keylayout.Greek,,False,False,False,False
π,π,com.apple.keylayout.Greek,,False,False,False,False
λ,λ,com.apple.keylayout.Greek,,False,False,False,False
ξ,ξ,com.apple.keylayout.Greek,,False,False,False,False
',',com.apple.keylayout.Greek,,False,False,False,False
κ,κ,com.apple.keylayout.Greek,,False,False,False,False
\,\,com.apple.keylayout.Greek,,False,False,False,False
",",",",com.apple.keylayout.Greek,,False,False,False,False
/,/,com.apple.keylayout.Greek,,False,False,False,False
ν,ν,com.apple.keylayout.Greek,,False,False,False,False
μ,μ,com.apple.keylayout.Greek,,False,False,False,False
.,.,com.apple.keylayout.Greek,,False,False,False,False
 , ,com.apple.keylayout.Greek,,False,False,False,False
`,`,com.apple.keylayout.Greek,50,False,False,False,False
…,α,com.apple.keylayout.Greek,,True,False,False,False
ß,σ,com.apple.keylayout.Greek,,True,False,False,False
÷,δ,com.apple.keylayout.Greek,,True,False,False,False
≠,φ,com.apple.keylayout.Greek,,True,False,False,False
½,η,com.apple.keylayout.Greek,,True,False,False,False
©,γ,com.apple.keylayout.Greek,,True,False,False,False
§,ζ,com.apple.keylayout.Greek,,True,False,False,False
ç,ψ,com.apple.keylayout.Greek,,True,False,False,False
±,ω,com.apple.keylayout.Greek,,True,False,False,False
·,;,com.apple.keylayout.Greek,,True,False,False,False
―,ς,com.apple.keylayout.Greek,,True,False,False,False
€,ε,com.apple.keylayout.Greek,,True,False,False,False
®,ρ,com.apple.keylayout.Greek,,True,False,False,False
¥,υ,com.apple.keylayout.Greek,,True,False,False,False
™,τ,com.apple.keylayout.Greek,,True,False,False,False
¹,1,com.apple.keylayout.Greek,,True,False,False,False
²,2,com.apple.keylayout.Greek,,True,False,False,False
³,3,com.apple.keylayout.Greek,,True,False,False,False
£,4,com.apple.keylayout.Greek,,True,False,False,False
¶,6,com.apple.keylayout.Greek,,True,False,False,False
§,5,com.apple.keylayout.Greek,,True,False,False,False
½,=,com.apple.keylayout.Greek,,True,False,False,False
“,9,com.apple.keylayout.Greek,,True,False,False,False
°,7,com.apple.keylayout.Greek,,True,False,False,False
±,-,com.apple.keylayout.Greek,,True,False,False,False
•,8,com.apple.keylayout.Greek,,True,False,False,False
°,0,com.apple.keylayout.Greek,,True,False,False,False
»,],com.apple.keylayout.Greek,,True,False,False,False
œ,ο,com.apple.keylayout.Greek,,True,False,False,False
­,θ,com.apple.keylayout.Greek,,True,False,False,False
«,[,com.apple.keylayout.Greek,,True,False,False,False
†,ι,com.apple.keylayout.Greek,,True,False,False,False
≈,π,com.apple.keylayout.Greek,,True,False,False,False
¬,λ,com.apple.keylayout.Greek,,True,False,False,False
≤,ξ,com.apple.keylayout.Greek,,True,False,False,False
',',com.apple.keylayout.Greek,,True,False,False,False
≥,κ,com.apple.keylayout.Greek,,True,False,False,False
¦,\,com.apple.keylayout.Greek,,True,False,False,False
«,",",com.apple.keylayout.Greek,,True,False,False,False
/,/,com.apple.keylayout.Greek,,True,False,False,False
‘,ν,com.apple.keylayout.Greek,,True,False,False,False
’,μ,com.apple.keylayout.Greek,,True,False,False,False
»,.,com.apple.keylayout.Greek,,True,False,False,False
 , ,com.apple.keylayout.Greek,,True,False,False,False
`,`,com.apple.keylayout.Greek,50,True,False,False,False
ά,α,com.apple.keylayout.Greek,,True,True,False,False
ρ,σ,com.apple.keylayout.Greek,,True,True,False,False
Π,φ,com.apple.keylayout.Greek,,True,True,False,False
≠,η,com.apple.keylayout.Greek,,True,True,False,False
Ϊ,γ,com.apple.keylayout.Greek,,True,True,False,False
Χ,ψ,com.apple.keylayout.Greek,,True,True,False,False
Ά,ω,com.apple.keylayout.Greek,,True,True,False,False
―,;,com.apple.keylayout.Greek,,True,True,False,False
Β,ς,com.apple.keylayout.Greek,,True,True,False,False
Έ,ε,com.apple.keylayout.Greek,,True,True,False,False
Δ,ρ,com.apple.keylayout.Greek,,True,True,False,False
έ,1,com.apple.keylayout.Greek,,True,True,False,False
ί,2,com.apple.keylayout.Greek,,True,True,False,False
ή,3,com.apple.keylayout.Greek,,True,True,False,False
ό,4,com.apple.keylayout.Greek,,True,True,False,False
^,6,com.apple.keylayout.Greek,,True,True,False,False
Ώ,5,com.apple.keylayout.Greek,,True,True,False,False
+,=,com.apple.keylayout.Greek,,True,True,False,False
Κ,9,com.apple.keylayout.Greek,,True,True,False,False
_,-,com.apple.keylayout.Greek,,True,True,False,False
Ρ,8,com.apple.keylayout.Greek,,True,True,False,False
ύ,0,com.apple.keylayout.Greek,,True,True,False,False
},],com.apple.keylayout.Greek,,True,True,False,False
Τ,ο,com.apple.keylayout.Greek,,True,True,False,False
Ξ,θ,com.apple.keylayout.Greek,,True,True,False,False
{,[,com.apple.keylayout.Greek,,True,True,False,False
Ν,ι,com.apple.keylayout.Greek,,True,True,False,False
·,λ,com.apple.keylayout.Greek,,True,True,False,False
§,ξ,com.apple.keylayout.Greek,,True,True,False,False
"""",',com.apple.keylayout.Greek,,True,True,False,False
°,κ,com.apple.keylayout.Greek,,True,True,False,False
Ζ,\,com.apple.keylayout.Greek,,True,True,False,False
?,/,com.apple.keylayout.Greek,,True,True,False,False
Ό,ν,com.apple.keylayout.Greek,,True,True,False,False
Ύ,μ,com.apple.keylayout.Greek,,True,True,False,False
ώ,.,com.apple.keylayout.Greek,,True,True,False,False
 , ,com.apple.keylayout.Greek,,True,True,False,False
Μ,`,com.apple.keylayout.Greek,50,True,True,False,False
Α,α,com.apple.keylayout.Greek,,False,True,False,False
Σ,σ,com.apple.keylayout.Greek,,False,True,False,False
Δ,δ,com.apple.keylayout.Greek,,False,True,False,False
Φ,φ,com.apple.keylayout.Greek,,False,True,False,False
Η,η,com.apple.keylayout.Greek,,False,True,False,False
Γ,γ,com.apple.keylayout.Greek,,False,True,False,False
Ζ,ζ,com.apple.keylayout.Greek,,False,True,False,False
Χ,χ,com.apple.keylayout.Greek,,False,True,False,False
Ψ,ψ,com.apple.keylayout.Greek,,False,True,False,False
Ω,ω,com.apple.keylayout.Greek,,False,True,False,False
±,§,com.apple.keylayout.Greek,10,False,True,False,False
Β,β,com.apple.keylayout.Greek,,False,True,False,False
:,;,com.apple.keylayout.Greek,,False,True,False,False
Ε,ε,com.apple.keylayout.Greek,,False,True,False,False
Ρ,ρ,com.apple.keylayout.Greek,,False,True,False,False
Υ,υ,com.apple.keylayout.Greek,,False,True,False,False
Τ,τ,com.apple.keylayout.Greek,,False,True,False,False
!,1,com.apple.keylayout.Greek,,False,True,False,False
@,2,com.apple.keylayout.Greek,,False,True,False,False
#,3,com.apple.keylayout.Greek,,False,True,False,False
$,4,com.apple.keylayout.Greek,,False,True,False,False
^,6,com.apple.keylayout.Greek,,False,True,False,False
%,5,com.apple.keylayout.Greek,,False,True,False,False
+,=,com.apple.keylayout.Greek,,False,True,False,False
(,9,com.apple.keylayout.Greek,,False,True,False,False
&,7,com.apple.keylayout.Greek,,False,True,False,False
_,-,com.apple.keylayout.Greek,,False,True,False,False
*,8,com.apple.keylayout.Greek,,False,True,False,False
),0,com.apple.keylayout.Greek,,False,True,False,False
},],com.apple.keylayout.Greek,,False,True,False,False
Ο,ο,com.apple.keylayout.Greek,,False,True,False,False
Θ,θ,com.apple.keylayout.Greek,,False,True,False,False
{,[,com.apple.keylayout.Greek,,False,True,False,False
Ι,ι,com.apple.keylayout.Greek,,False,True,False,False
Π,π,com.apple.keylayout.Greek,,False,True,False,False
Λ,λ,com.apple.keylayout.Greek,,False,True,False,False
Ξ,ξ,com.apple.keylayout.Greek,,False,True,False,False
"""",',com.apple.keylayout.Greek,,False,True,False,False
Κ,κ,com.apple.keylayout.Greek,,False,True,False,False
|,\,com.apple.keylayout.Greek,,False,True,False,False
<,",",com.apple.keylayout.Greek,,False,True,False,False
?,/,com.apple.keylayout.Greek,,False,True,False,False
Ν,ν,com.apple.keylayout.Greek,,False,True,False,False
Μ,μ,com.apple.keylayout.Greek,,False,True,False,False
>,.,com.apple.keylayout.Greek,,False,True,False,False
 , ,com.apple.keylayout.Greek,,False,True,False,False
~,`,com.apple.keylayout.Greek,50,False,True,False,False
a,a,com.apple.keylayout.Spanish-ISO,,False,False,False,False
s,s,com.apple.keylayout.Spanish-ISO,,False,False,False,False
d,d,com.apple.keylayout.Spanish-ISO,,False,False,False,False
f,f,com.apple.keylayout.Spanish-ISO,,False,False,False,False
h,h,com.apple.keylayout.Spanish-ISO,,False,False,False,False
g,g,com.apple.keylayout.Spanish-ISO,,False,False,False,False
z,z,com.apple.keylayout.Spanish-ISO,,False,False,False,False
x,x,com.apple.keylayout.Spanish-ISO,,False,False,False,False
c,c,com.apple.keylayout.Spanish-ISO,,False,False,False,False
v,v,com.apple.keylayout.Spanish-ISO,,False,False,False,False
º,º,com.apple.keylayout.Spanish-ISO,10,False,False,False,False
b,b,com.apple.keylayout.Spanish-ISO,,False,False,False,False
q,q,com.apple.keylayout.Spanish-ISO,,False,False,False,False
w,w,com.apple.keylayout.Spanish-ISO,,False,False,False,False
e,e,com.apple.keylayout.Spanish-ISO,,False,False,False,False
r,r,com.apple.keylayout.Spanish-ISO,,False,False,False,False
y,y,com.apple.keylayout.Spanish-ISO,,False,False,False,False
t,t,com.apple.keylayout.Spanish-ISO,,False,False,False,False
1,1,com.apple.keylayout.Spanish-ISO,,False,False,False,False
2,2,com.apple.keylayout.Spanish-ISO,,False,False,False,False
3,3,com.apple.keylayout.Spanish-ISO,,False,False,False,False
4,4,com.apple.keylayout.Spanish-ISO,,False,False,False,False
6,6,com.apple.keylayout.Spanish-ISO,,False,False,False,False
5,5,com.apple.keylayout.Spanish-ISO,,False,False,False,False
¡,¡,com.apple.keylayout.Spanish-ISO,,False,False,False,False
9,9,com.apple.keylayout.Spanish-ISO,,False,False,False,False
7,7,com.apple.keylayout.Spanish-ISO,,False,False,False,False
',',com.apple.keylayout.Spanish-ISO,,False,False,False,False
8,8,com.apple.keylayout.Spanish-ISO,,False,False,False,False
0,0,com.apple.keylayout.Spanish-ISO,,False,False,False,False
+,+,com.apple.keylayout.Spanish-ISO,,False,False,False,False
o,o,com.apple.keylayout.Spanish-ISO,,False,False,False,False
u,u,com.apple.keylayout.Spanish-ISO,,False,False,False,False
i,i,com.apple.keylayout.Spanish-ISO,,False,False,False,False
p,p,com.apple.keylayout.Spanish-ISO,,False,False,False,False
l,l,com.apple.keylayout.Spanish-ISO,,False,False,False,False
j,j,com.apple.keylayout.Spanish-ISO,,False,False,False,False
k,k,com.apple.keylayout.Spanish-ISO,,False,False,False,False
ñ,ñ,com.apple.keylayout.Spanish-ISO,,False,False,False,False
ç,ç,com.apple.keylayout.Spanish-ISO,,False,False,False,False
",",",",com.apple.keylayout.Spanish-ISO,,False,False,False,False
-,-,com.apple.keylayout.Spanish-ISO,,False,False,False,False
n,n,com.apple.keylayout.Spanish-ISO,,False,False,False,False
m,m,com.apple.keylayout.Spanish-ISO,,False,False,False,False
.,.,com.apple.keylayout.Spanish-ISO,,False,False,False,False
 , ,com.apple.keylayout.Spanish-ISO,,False,False,False,False
<,<,com.apple.keylayout.Spanish-ISO,50,False,False,False,False
A,a,com.apple.keylayout.Spanish-ISO,,False,True,False,False
S,s,com.apple.keylayout.Spanish-ISO,,False,True,False,False
D,d,com.apple.keylayout.Spanish-ISO,,False,True,False,False
F,f,com.apple.keylayout.Spanish-ISO,,False,True,False,False
H,h,com.apple.keylayout.Spanish-ISO,,False,True,False,False
G,g,com.apple.keylayout.Spanish-ISO,,False,True,False,False
Z,z,com.apple.keylayout.Spanish-ISO,,False,True,False,False
X,x,com.apple.keylayout.Spanish-ISO,,False,True,False,False
C,c,com.apple.keylayout.Spanish-ISO,,False,True,False,False
V,v,com.apple.keylayout.Spanish-ISO,,False,True,False,False
ª,º,com.apple.keylayout.Spanish-ISO,10,False,True,False,False
B,b,com.apple.keylayout.Spanish-ISO,,False,True,False,False
Q,q,com.apple.keylayout.Spanish-ISO,,False,True,False,False
W,w,com.apple.keylayout.Spanish-ISO,,False,True,False,False
E,e,com.apple.keylayout.Spanish-ISO,,False,True,False,False
R,r,com.apple.keylayout.Spanish-ISO,,False,True,False,False
Y,y,com.apple.keylayout.Spanish-ISO,,False,True,False,False
T,t,com.apple.keylayout.Spanish-ISO,,False,True,False,False
!,1,com.apple.keylayout.Spanish-ISO,,False,True,False,False
"""",2,com.apple.keylayout.Spanish-ISO,,False,True,False,False
·,3,com.apple.keylayout.Spanish-ISO,,False,True,False,False
$,4,com.apple.keylayout.Spanish-ISO,,False,True,False,False
&,6,com.apple.keylayout.Spanish-ISO,,False,True,False,False
%,5,com.apple.keylayout.Spanish-ISO,,False,True,False,False
¿,¡,com.apple.keylayout.Spanish-ISO,,False,True,False,False
),9,com.apple.keylayout.Spanish-ISO,,False,True,False,False
/,7,com.apple.keylayout.Spanish-ISO,,False,True,False,False
?,',com.apple.keylayout.Spanish-ISO,,False,True,False,False
(,8,com.apple.keylayout.Spanish-ISO,,False,True,False,False
=,0,com.apple.keylayout.Spanish-ISO,,False,True,False,False
*,+,com.apple.keylayout.Spanish-ISO,,False,True,False,False
O,o,com.apple.keylayout.Spanish-ISO,,False,True,False,False
U,u,com.apple.keylayout.Spanish-ISO,,False,True,False,False
I,i,com.apple.keylayout.Spanish-ISO,,False,True,False,False
P,p,com.apple.keylayout.Spanish-ISO,,False,True,False,False
L,l,com.apple.keylayout.Spanish-ISO,,False,True,False,False
J,j,com.apple.keylayout.Spanish-ISO,,False,True,False,False
K,k,com.apple.keylayout.Spanish-ISO,,False,True,False,False
Ñ,ñ,com.apple.keylayout.Spanish-ISO,,False,True,False,False
Ç,ç,com.apple.keylayout.Spanish-ISO,,False,True,False,False
;,",",com.apple.keylayout.Spanish-ISO,,False,True,False,False
_,-,com.apple.keylayout.Spanish-ISO,,False,True,False,False
N,n,com.apple.keylayout.Spanish-ISO,,False,True,False,False
M,m,com.apple.keylayout.Spanish-ISO,,False,True,False,False
:,.,com.apple.keylayout.Spanish-ISO,,False,True,False,False
 , ,com.apple.keylayout.Spanish-ISO,,False,True,False,False
>,<,com.apple.keylayout.Spanish-ISO,50,False,True,False,False
å,a,com.apple.keylayout.Spanish-ISO,,True,False,False,False
∫,s,com.apple.keylayout.Spanish-ISO,,True,False,False,False
∂,d,com.apple.keylayout.Spanish-ISO,,True,False,False,False
ƒ,f,com.apple.keylayout.Spanish-ISO,,True,False,False,False
™,h,com.apple.keylayout.Spanish-ISO,,True,False,False,False
,g,com.apple.keylayout.Spanish-ISO,,True,False,False,False
Ω,z,com.apple.keylayout.Spanish-ISO,,True,False,False,False
∑,x,com.apple.keylayout.Spanish-ISO,,True,False,False,False
©,c,com.apple.keylayout.Spanish-ISO,,True,False,False,False
√,v,com.apple.keylayout.Spanish-ISO,,True,False,False,False
\,º,com.apple.keylayout.Spanish-ISO,10,True,False,False,False
ß,b,com.apple.keylayout.Spanish-ISO,,True,False,False,False
œ,q,com.apple.keylayout.Spanish-ISO,,True,False,False,False
æ,w,com.apple.keylayout.Spanish-ISO,,True,False,False,False
€,e,com.apple.keylayout.Spanish-ISO,,True,False,False,False
®,r,com.apple.keylayout.Spanish-ISO,,True,False,False,False
¥,y,com.apple.keylayout.Spanish-ISO,,True,False,False,False
†,t,com.apple.keylayout.Spanish-ISO,,True,False,False,False
|,1,com.apple.keylayout.Spanish-ISO,,True,False,False,False
@,2,com.apple.keylayout.Spanish-ISO,,True,False,False,False
#,3,com.apple.keylayout.Spanish-ISO,,True,False,False,False
¢,4,com.apple.keylayout.Spanish-ISO,,True,False,False,False
¬,6,com.apple.keylayout.Spanish-ISO,,True,False,False,False
∞,5,com.apple.keylayout.Spanish-ISO,,True,False,False,False
‚,¡,com.apple.keylayout.Spanish-ISO,,True,False,False,False
”,9,com.apple.keylayout.Spanish-ISO,,True,False,False,False
÷,7,com.apple.keylayout.Spanish-ISO,,True,False,False,False
´,',com.apple.keylayout.Spanish-ISO,,True,False,False,False
“,8,com.apple.keylayout.Spanish-ISO,,True,False,False,False
≠,0,com.apple.keylayout.Spanish-ISO,,True,False,False,False
],+,com.apple.keylayout.Spanish-ISO,,True,False,False,False
ø,o,com.apple.keylayout.Spanish-ISO,,True,False,False,False
 ,u,com.apple.keylayout.Spanish-ISO,,True,False,False,False
 ,i,com.apple.keylayout.Spanish-ISO,,True,False,False,False
π,p,com.apple.keylayout.Spanish-ISO,,True,False,False,False
 ,l,com.apple.keylayout.Spanish-ISO,,True,False,False,False
¶,j,com.apple.keylayout.Spanish-ISO,,True,False,False,False
§,k,com.apple.keylayout.Spanish-ISO,,True,False,False,False
},ç,com.apple.keylayout.Spanish-ISO,,True,False,False,False
„,",",com.apple.keylayout.Spanish-ISO,,True,False,False,False
–,-,com.apple.keylayout.Spanish-ISO,,True,False,False,False
 ,n,com.apple.keylayout.Spanish-ISO,,True,False,False,False
µ,m,com.apple.keylayout.Spanish-ISO,,True,False,False,False
…,.,com.apple.keylayout.Spanish-ISO,,True,False,False,False
 , ,com.apple.keylayout.Spanish-ISO,,True,False,False,False
≤,<,com.apple.keylayout.Spanish-ISO,50,True,False,False,False
Å,a,com.apple.keylayout.Spanish-ISO,,True,True,False,False
 ,s,com.apple.keylayout.Spanish-ISO,,True,True,False,False
∆,d,com.apple.keylayout.Spanish-ISO,,True,True,False,False
ﬁ,f,com.apple.keylayout.Spanish-ISO,,True,True,False,False
 ,h,com.apple.keylayout.Spanish-ISO,,True,True,False,False
ﬂ,g,com.apple.keylayout.Spanish-ISO,,True,True,False,False
‹,z,com.apple.keylayout.Spanish-ISO,,True,True,False,False
›,x,com.apple.keylayout.Spanish-ISO,,True,True,False,False
 ,c,com.apple.keylayout.Spanish-ISO,,True,True,False,False
◊,v,com.apple.keylayout.Spanish-ISO,,True,True,False,False
°,º,com.apple.keylayout.Spanish-ISO,10,True,True,False,False
Œ,q,com.apple.keylayout.Spanish-ISO,,True,True,False,False
Æ,w,com.apple.keylayout.Spanish-ISO,,True,True,False,False
€,e,com.apple.keylayout.Spanish-ISO,,True,True,False,False
 ,r,com.apple.keylayout.Spanish-ISO,,True,True,False,False
 ,y,com.apple.keylayout.Spanish-ISO,,True,True,False,False
‡,t,com.apple.keylayout.Spanish-ISO,,True,True,False,False
ı,1,com.apple.keylayout.Spanish-ISO,,True,True,False,False
˝,2,com.apple.keylayout.Spanish-ISO,,True,True,False,False
•,3,com.apple.keylayout.Spanish-ISO,,True,True,False,False
£,4,com.apple.keylayout.Spanish-ISO,,True,True,False,False
 ,6,com.apple.keylayout.Spanish-ISO,,True,True,False,False
‰,5,com.apple.keylayout.Spanish-ISO,,True,True,False,False
˛,¡,com.apple.keylayout.Spanish-ISO,,True,True,False,False
’,9,com.apple.keylayout.Spanish-ISO,,True,True,False,False
⁄,7,com.apple.keylayout.Spanish-ISO,,True,True,False,False
¸,',com.apple.keylayout.Spanish-ISO,,True,True,False,False
‘,8,com.apple.keylayout.Spanish-ISO,,True,True,False,False
≈,0,com.apple.keylayout.Spanish-ISO,,True,True,False,False
±,+,com.apple.keylayout.Spanish-ISO,,True,True,False,False
Ø,o,com.apple.keylayout.Spanish-ISO,,True,True,False,False
 ,u,com.apple.keylayout.Spanish-ISO,,True,True,False,False
 ,i,com.apple.keylayout.Spanish-ISO,,True,True,False,False
∏,p,com.apple.keylayout.Spanish-ISO,,True,True,False,False
˘,l,com.apple.keylayout.Spanish-ISO,,True,True,False,False
¯,j,com.apple.keylayout.Spanish-ISO,,True,True,False,False
ˇ,k,com.apple.keylayout.Spanish-ISO,,True,True,False,False
˜,ñ,com.apple.keylayout.Spanish-ISO,,True,True,False,False
»,ç,com.apple.keylayout.Spanish-ISO,,True,True,False,False
—,-,com.apple.keylayout.Spanish-ISO,,True,True,False,False
˙,n,com.apple.keylayout.Spanish-ISO,,True,True,False,False
˚,m,com.apple.keylayout.Spanish-ISO,,True,True,False,False
…,.,com.apple.keylayout.Spanish-ISO,,True,True,False,False
 , ,com.apple.keylayout.Spanish-ISO,,True,True,False,False
≥,<,com.apple.keylayout.Spanish-ISO,50,True,True,False,False
a,a,com.apple.keylayout.Finnish,,False,False,False,False
s,s,com.apple.keylayout.Finnish,,False,False,False,False
d,d,com.apple.keylayout.Finnish,,False,False,False,False
f,f,com.apple.keylayout.Finnish,,False,False,False,False
h,h,com.apple.keylayout.Finnish,,False,False,False,False
g,g,com.apple.keylayout.Finnish,,False,False,False,False
z,z,com.apple.keylayout.Finnish,,False,False,False,False
x,x,com.apple.keylayout.Finnish,,False,False,False,False
c,c,com.apple.keylayout.Finnish,,False,False,False,False
v,v,com.apple.keylayout.Finnish,,False,False,False,False
§,§,com.apple.keylayout.Finnish,10,False,False,False,False
b,b,com.apple.keylayout.Finnish,,False,False,False,False
q,q,com.apple.keylayout.Finnish,,False,False,False,False
w,w,com.apple.keylayout.Finnish,,False,False,False,False
e,e,com.apple.keylayout.Finnish,,False,False,False,False
r,r,com.apple.keylayout.Finnish,,False,False,False,False
y,y,com.apple.keylayout.Finnish,,False,False,False,False
t,t,com.apple.keylayout.Finnish,,False,False,False,False
1,1,com.apple.keylayout.Finnish,,False,False,False,False
2,2,com.apple.keylayout.Finnish,,False,False,False,False
3,3,com.apple.keylayout.Finnish,,False,False,False,False
4,4,com.apple.keylayout.Finnish,,False,False,False,False
6,6,com.apple.keylayout.Finnish,,False,False,False,False
5,5,com.apple.keylayout.Finnish,,False,False,False,False
9,9,com.apple.keylayout.Finnish,,False,False,False,False
7,7,com.apple.keylayout.Finnish,,False,False,False,False
+,+,com.apple.keylayout.Finnish,,False,False,False,False
8,8,com.apple.keylayout.Finnish,,False,False,False,False
0,0,com.apple.keylayout.Finnish,,False,False,False,False
o,o,com.apple.keylayout.Finnish,,False,False,False,False
u,u,com.apple.keylayout.Finnish,,False,False,False,False
å,å,com.apple.keylayout.Finnish,,False,False,False,False
i,i,com.apple.keylayout.Finnish,,False,False,False,False
p,p,com.apple.keylayout.Finnish,,False,False,False,False
l,l,com.apple.keylayout.Finnish,,False,False,False,False
j,j,com.apple.keylayout.Finnish,,False,False,False,False
ä,ä,com.apple.keylayout.Finnish,,False,False,False,False
k,k,com.apple.keylayout.Finnish,,False,False,False,False
ö,ö,com.apple.keylayout.Finnish,,False,False,False,False
',',com.apple.keylayout.Finnish,,False,False,False,False
",",",",com.apple.keylayout.Finnish,,False,False,False,False
-,-,com.apple.keylayout.Finnish,,False,False,False,False
n,n,com.apple.keylayout.Finnish,,False,False,False,False
m,m,com.apple.keylayout.Finnish,,False,False,False,False
.,.,com.apple.keylayout.Finnish,,False,False,False,False
 , ,com.apple.keylayout.Finnish,,False,False,False,False
<,<,com.apple.keylayout.Finnish,50,False,False,False,False
A,a,com.apple.keylayout.Finnish,,False,True,False,False
S,s,com.apple.keylayout.Finnish,,False,True,False,False
D,d,com.apple.keylayout.Finnish,,False,True,False,False
F,f,com.apple.keylayout.Finnish,,False,True,False,False
H,h,com.apple.keylayout.Finnish,,False,True,False,False
G,g,com.apple.keylayout.Finnish,,False,True,False,False
Z,z,com.apple.keylayout.Finnish,,False,True,False,False
X,x,com.apple.keylayout.Finnish,,False,True,False,False
C,c,com.apple.keylayout.Finnish,,False,True,False,False
V,v,com.apple.keylayout.Finnish,,False,True,False,False
°,§,com.apple.keylayout.Finnish,10,False,True,False,False
B,b,com.apple.keylayout.Finnish,,False,True,False,False
Q,q,com.apple.keylayout.Finnish,,False,True,False,False
W,w,com.apple.keylayout.Finnish,,False,True,False,False
E,e,com.apple.keylayout.Finnish,,False,True,False,False
R,r,com.apple.keylayout.Finnish,,False,True,False,False
Y,y,com.apple.keylayout.Finnish,,False,True,False,False
T,t,com.apple.keylayout.Finnish,,False,True,False,False
!,1,com.apple.keylayout.Finnish,,False,True,False,False
"""",2,com.apple.keylayout.Finnish,,False,True,False,False
#,3,com.apple.keylayout.Finnish,,False,True,False,False
€,4,com.apple.keylayout.Finnish,,False,True,False,False
&,6,com.apple.keylayout.Finnish,,False,True,False,False
%,5,com.apple.keylayout.Finnish,,False,True,False,False
),9,com.apple.keylayout.Finnish,,False,True,False,False
/,7,com.apple.keylayout.Finnish,,False,True,False,False
?,+,com.apple.keylayout.Finnish,,False,True,False,False
(,8,com.apple.keylayout.Finnish,,False,True,False,False
=,0,com.apple.keylayout.Finnish,,False,True,False,False
O,o,com.apple.keylayout.Finnish,,False,True,False,False
U,u,com.apple.keylayout.Finnish,,False,True,False,False
Å,å,com.apple.keylayout.Finnish,,False,True,False,False
I,i,com.apple.keylayout.Finnish,,False,True,False,False
P,p,com.apple.keylayout.Finnish,,False,True,False,False
L,l,com.apple.keylayout.Finnish,,False,True,False,False
J,j,com.apple.keylayout.Finnish,,False,True,False,False
Ä,ä,com.apple.keylayout.Finnish,,False,True,False,False
K,k,com.apple.keylayout.Finnish,,False,True,False,False
Ö,ö,com.apple.keylayout.Finnish,,False,True,False,False
*,',com.apple.keylayout.Finnish,,False,True,False,False
;,",",com.apple.keylayout.Finnish,,False,True,False,False
_,-,com.apple.keylayout.Finnish,,False,True,False,False
N,n,com.apple.keylayout.Finnish,,False,True,False,False
M,m,com.apple.keylayout.Finnish,,False,True,False,False
:,.,com.apple.keylayout.Finnish,,False,True,False,False
 , ,com.apple.keylayout.Finnish,,False,True,False,False
>,<,com.apple.keylayout.Finnish,50,False,True,False,False
,a,com.apple.keylayout.Finnish,,True,False,False,False
ß,s,com.apple.keylayout.Finnish,,True,False,False,False
∂,d,com.apple.keylayout.Finnish,,True,False,False,False
ƒ,f,com.apple.keylayout.Finnish,,True,False,False,False
˛,h,com.apple.keylayout.Finnish,,True,False,False,False
¸,g,com.apple.keylayout.Finnish,,True,False,False,False
÷,z,com.apple.keylayout.Finnish,,True,False,False,False
≈,x,com.apple.keylayout.Finnish,,True,False,False,False
ç,c,com.apple.keylayout.Finnish,,True,False,False,False
‹,v,com.apple.keylayout.Finnish,,True,False,False,False
¶,§,com.apple.keylayout.Finnish,10,True,False,False,False
›,b,com.apple.keylayout.Finnish,,True,False,False,False
•,q,com.apple.keylayout.Finnish,,True,False,False,False
Ω,w,com.apple.keylayout.Finnish,,True,False,False,False
é,e,com.apple.keylayout.Finnish,,True,False,False,False
®,r,com.apple.keylayout.Finnish,,True,False,False,False
µ,y,com.apple.keylayout.Finnish,,True,False,False,False
†,t,com.apple.keylayout.Finnish,,True,False,False,False
©,1,com.apple.keylayout.Finnish,,True,False,False,False
@,2,com.apple.keylayout.Finnish,,True,False,False,False
£,3,com.apple.keylayout.Finnish,,True,False,False,False
$,4,com.apple.keylayout.Finnish,,True,False,False,False
§,6,com.apple.keylayout.Finnish,,True,False,False,False
∞,5,com.apple.keylayout.Finnish,,True,False,False,False
],9,com.apple.keylayout.Finnish,,True,False,False,False
|,7,com.apple.keylayout.Finnish,,True,False,False,False
±,+,com.apple.keylayout.Finnish,,True,False,False,False
[,8,com.apple.keylayout.Finnish,,True,False,False,False
≈,0,com.apple.keylayout.Finnish,,True,False,False,False
œ,o,com.apple.keylayout.Finnish,,True,False,False,False
ü,u,com.apple.keylayout.Finnish,,True,False,False,False
˙,å,com.apple.keylayout.Finnish,,True,False,False,False
ı,i,com.apple.keylayout.Finnish,,True,False,False,False
π,p,com.apple.keylayout.Finnish,,True,False,False,False
ﬁ,l,com.apple.keylayout.Finnish,,True,False,False,False
√,j,com.apple.keylayout.Finnish,,True,False,False,False
æ,ä,com.apple.keylayout.Finnish,,True,False,False,False
ª,k,com.apple.keylayout.Finnish,,True,False,False,False
ø,ö,com.apple.keylayout.Finnish,,True,False,False,False
™,',com.apple.keylayout.Finnish,,True,False,False,False
‚,",",com.apple.keylayout.Finnish,,True,False,False,False
–,-,com.apple.keylayout.Finnish,,True,False,False,False
‘,n,com.apple.keylayout.Finnish,,True,False,False,False
’,m,com.apple.keylayout.Finnish,,True,False,False,False
…,.,com.apple.keylayout.Finnish,,True,False,False,False
 , ,com.apple.keylayout.Finnish,,True,False,False,False
≤,<,com.apple.keylayout.Finnish,50,True,False,False,False
◊,a,com.apple.keylayout.Finnish,,True,True,False,False
∑,s,com.apple.keylayout.Finnish,,True,True,False,False
∆,d,com.apple.keylayout.Finnish,,True,True,False,False
∫,f,com.apple.keylayout.Finnish,,True,True,False,False
˘,h,com.apple.keylayout.Finnish,,True,True,False,False
¯,g,com.apple.keylayout.Finnish,,True,True,False,False
⁄,z,com.apple.keylayout.Finnish,,True,True,False,False
≠,x,com.apple.keylayout.Finnish,,True,True,False,False
Ç,c,com.apple.keylayout.Finnish,,True,True,False,False
«,v,com.apple.keylayout.Finnish,,True,True,False,False
•,§,com.apple.keylayout.Finnish,10,True,True,False,False
»,b,com.apple.keylayout.Finnish,,True,True,False,False
°,q,com.apple.keylayout.Finnish,,True,True,False,False
˝,w,com.apple.keylayout.Finnish,,True,True,False,False
É,e,com.apple.keylayout.Finnish,,True,True,False,False
√,r,com.apple.keylayout.Finnish,,True,True,False,False
˜,y,com.apple.keylayout.Finnish,,True,True,False,False
‡,t,com.apple.keylayout.Finnish,,True,True,False,False
¡,1,com.apple.keylayout.Finnish,,True,True,False,False
”,2,com.apple.keylayout.Finnish,,True,True,False,False
¥,3,com.apple.keylayout.Finnish,,True,True,False,False
¢,4,com.apple.keylayout.Finnish,,True,True,False,False
¶,6,com.apple.keylayout.Finnish,,True,True,False,False
‰,5,com.apple.keylayout.Finnish,,True,True,False,False
},9,com.apple.keylayout.Finnish,,True,True,False,False
\,7,com.apple.keylayout.Finnish,,True,True,False,False
¿,+,com.apple.keylayout.Finnish,,True,True,False,False
{,8,com.apple.keylayout.Finnish,,True,True,False,False
≠,0,com.apple.keylayout.Finnish,,True,True,False,False
Œ,o,com.apple.keylayout.Finnish,,True,True,False,False
Ü,u,com.apple.keylayout.Finnish,,True,True,False,False
˚,å,com.apple.keylayout.Finnish,,True,True,False,False
ˆ,i,com.apple.keylayout.Finnish,,True,True,False,False
∏,p,com.apple.keylayout.Finnish,,True,True,False,False
ﬂ,l,com.apple.keylayout.Finnish,,True,True,False,False
¬,j,com.apple.keylayout.Finnish,,True,True,False,False
Æ,ä,com.apple.keylayout.Finnish,,True,True,False,False
º,k,com.apple.keylayout.Finnish,,True,True,False,False
Ø,ö,com.apple.keylayout.Finnish,,True,True,False,False
’,',com.apple.keylayout.Finnish,,True,True,False,False
„,",",com.apple.keylayout.Finnish,,True,True,False,False
—,-,com.apple.keylayout.Finnish,,True,True,False,False
“,n,com.apple.keylayout.Finnish,,True,True,False,False
”,m,com.apple.keylayout.Finnish,,True,True,False,False
·,.,com.apple.keylayout.Finnish,,True,True,False,False
 , ,com.apple.keylayout.Finnish,,True,True,False,False
≥,<,com.apple.keylayout.Finnish,50,True,True,False,False
ש,ש,com.apple.keylayout.Hebrew,,False,False,False,False
ד,ד,com.apple.keylayout.Hebrew,,False,False,False,False
ג,ג,com.apple.keylayout.Hebrew,,False,False,False,False
כ,כ,com.apple.keylayout.Hebrew,,False,False,False,False
י,י,com.apple.keylayout.Hebrew,,False,False,False,False
ע,ע,com.apple.keylayout.Hebrew,,False,False,False,False
ז,ז,com.apple.keylayout.Hebrew,,False,False,False,False
ס,ס,com.apple.keylayout.Hebrew,,False,False,False,False
ב,ב,com.apple.keylayout.Hebrew,,False,False,False,False
ה,ה,com.apple.keylayout.Hebrew,,False,False,False,False
נ,נ,com.apple.keylayout.Hebrew,,False,False,False,False
/,/,com.apple.keylayout.Hebrew,,False,False,False,False
',',com.apple.keylayout.Hebrew,,False,False,False,False
ק,ק,com.apple.keylayout.Hebrew,,False,False,False,False
ר,ר,com.apple.keylayout.Hebrew,,False,False,False,False
ט,ט,com.apple.keylayout.Hebrew,,False,False,False,False
א,א,com.apple.keylayout.Hebrew,,False,False,False,False
1,1,com.apple.keylayout.Hebrew,,False,False,False,False
2,2,com.apple.keylayout.Hebrew,,False,False,False,False
3,3,com.apple.keylayout.Hebrew,,False,False,False,False
4,4,com.apple.keylayout.Hebrew,,False,False,False,False
6,6,com.apple.keylayout.Hebrew,,False,False,False,False
5,5,com.apple.keylayout.Hebrew,,False,False,False,False
=,=,com.apple.keylayout.Hebrew,,False,False,False,False
9,9,com.apple.keylayout.Hebrew,,False,False,False,False
7,7,com.apple.keylayout.Hebrew,,False,False,False,False
-,-,com.apple.keylayout.Hebrew,,False,False,False,False
8,8,com.apple.keylayout.Hebrew,,False,False,False,False
0,0,com.apple.keylayout.Hebrew,,False,False,False,False
[,[,com.apple.keylayout.Hebrew,,False,False,False,False
ם,ם,com.apple.keylayout.Hebrew,,False,False,False,False
ו,ו,com.apple.keylayout.Hebrew,,False,False,False,False
],],com.apple.keylayout.Hebrew,,False,False,False,False
ן,ן,com.apple.keylayout.Hebrew,,False,False,False,False
פ,פ,com.apple.keylayout.Hebrew,,False,False,False,False
ך,ך,com.apple.keylayout.Hebrew,,False,False,False,False
ח,ח,com.apple.keylayout.Hebrew,,False,False,False,False
",",",",com.apple.keylayout.Hebrew,,False,False,False,False
ל,ל,com.apple.keylayout.Hebrew,,False,False,False,False
ף,ף,com.apple.keylayout.Hebrew,,False,False,False,False
ֿ,ֿ,com.apple.keylayout.Hebrew,,False,False,False,False
ת,ת,com.apple.keylayout.Hebrew,,False,False,False,False
.,.,com.apple.keylayout.Hebrew,,False,False,False,False
מ,מ,com.apple.keylayout.Hebrew,,False,False,False,False
צ,צ,com.apple.keylayout.Hebrew,,False,False,False,False
ץ,ץ,com.apple.keylayout.Hebrew,,False,False,False,False
 , ,com.apple.keylayout.Hebrew,,False,False,False,False
;,;,com.apple.keylayout.Hebrew,50,False,False,False,False
שׁ,ש,com.apple.keylayout.Hebrew,,False,True,False,False
„,ג,com.apple.keylayout.Hebrew,,False,True,False,False
לֹ,ב,com.apple.keylayout.Hebrew,,False,True,False,False
!,1,com.apple.keylayout.Hebrew,,False,True,False,False
@,2,com.apple.keylayout.Hebrew,,False,True,False,False
#,3,com.apple.keylayout.Hebrew,,False,True,False,False
$,4,com.apple.keylayout.Hebrew,,False,True,False,False
^,6,com.apple.keylayout.Hebrew,,False,True,False,False
%,5,com.apple.keylayout.Hebrew,,False,True,False,False
+,=,com.apple.keylayout.Hebrew,,False,True,False,False
),9,com.apple.keylayout.Hebrew,,False,True,False,False
₪,7,com.apple.keylayout.Hebrew,,False,True,False,False
_,-,com.apple.keylayout.Hebrew,,False,True,False,False
*,8,com.apple.keylayout.Hebrew,,False,True,False,False
(,0,com.apple.keylayout.Hebrew,,False,True,False,False
{,[,com.apple.keylayout.Hebrew,,False,True,False,False
וֹ,ו,com.apple.keylayout.Hebrew,,False,True,False,False
},],com.apple.keylayout.Hebrew,,False,True,False,False
"""",",",com.apple.keylayout.Hebrew,,False,True,False,False
לֹ,ל,com.apple.keylayout.Hebrew,,False,True,False,False
:,ף,com.apple.keylayout.Hebrew,,False,True,False,False
|,ֿ,com.apple.keylayout.Hebrew,,False,True,False,False
>,ת,com.apple.keylayout.Hebrew,,False,True,False,False
?,.,com.apple.keylayout.Hebrew,,False,True,False,False
<,ץ,com.apple.keylayout.Hebrew,,False,True,False,False
 , ,com.apple.keylayout.Hebrew,,False,True,False,False
~,;,com.apple.keylayout.Hebrew,50,False,True,False,False
שׂ,ש,com.apple.keylayout.Hebrew,,True,False,False,False
ײַ,י,com.apple.keylayout.Hebrew,,True,False,False,False
–,ז,com.apple.keylayout.Hebrew,,True,False,False,False
—,ס,com.apple.keylayout.Hebrew,,True,False,False,False
“,ב,com.apple.keylayout.Hebrew,,True,False,False,False
”,ה,com.apple.keylayout.Hebrew,,True,False,False,False
‘,נ,com.apple.keylayout.Hebrew,,True,False,False,False
…,/,com.apple.keylayout.Hebrew,,True,False,False,False
ָ,',com.apple.keylayout.Hebrew,,True,False,False,False
ֲ,1,com.apple.keylayout.Hebrew,,True,False,False,False
ֳ,2,com.apple.keylayout.Hebrew,,True,False,False,False
ֱ,3,com.apple.keylayout.Hebrew,,True,False,False,False
ִ,4,com.apple.keylayout.Hebrew,,True,False,False,False
ַ,6,com.apple.keylayout.Hebrew,,True,False,False,False
ֵ,5,com.apple.keylayout.Hebrew,,True,False,False,False
ֹ,=,com.apple.keylayout.Hebrew,,True,False,False,False
ֶ,9,com.apple.keylayout.Hebrew,,True,False,False,False
ָ,7,com.apple.keylayout.Hebrew,,True,False,False,False
-,-,com.apple.keylayout.Hebrew,,True,False,False,False
ֻ,8,com.apple.keylayout.Hebrew,,True,False,False,False
ְ,0,com.apple.keylayout.Hebrew,,True,False,False,False
וּ,ו,com.apple.keylayout.Hebrew,,True,False,False,False
ֲ,",",com.apple.keylayout.Hebrew,,True,False,False,False
;,ף,com.apple.keylayout.Hebrew,,True,False,False,False
־,ֿ,com.apple.keylayout.Hebrew,,True,False,False,False
ּ,ת,com.apple.keylayout.Hebrew,,True,False,False,False
’,מ,com.apple.keylayout.Hebrew,,True,False,False,False
שׁ,צ,com.apple.keylayout.Hebrew,,True,False,False,False
 , ,com.apple.keylayout.Hebrew,,True,False,False,False
שׂ,ש,com.apple.keylayout.Hebrew,,True,True,False,False
€,כ,com.apple.keylayout.Hebrew,,True,True,False,False
ײַ,י,com.apple.keylayout.Hebrew,,True,True,False,False
–,ז,com.apple.keylayout.Hebrew,,True,True,False,False
—,ס,com.apple.keylayout.Hebrew,,True,True,False,False
֞,ב,com.apple.keylayout.Hebrew,,True,True,False,False
”,ה,com.apple.keylayout.Hebrew,,True,True,False,False
֜,נ,com.apple.keylayout.Hebrew,,True,True,False,False
…,/,com.apple.keylayout.Hebrew,,True,True,False,False
ָ,',com.apple.keylayout.Hebrew,,True,True,False,False
ֲ,1,com.apple.keylayout.Hebrew,,True,True,False,False
ֳ,2,com.apple.keylayout.Hebrew,,True,True,False,False
ֱ,3,com.apple.keylayout.Hebrew,,True,True,False,False
ִ,4,com.apple.keylayout.Hebrew,,True,True,False,False
ַ,6,com.apple.keylayout.Hebrew,,True,True,False,False
ֵ,5,com.apple.keylayout.Hebrew,,True,True,False,False
ֹ,=,com.apple.keylayout.Hebrew,,True,True,False,False
ֶ,9,com.apple.keylayout.Hebrew,,True,True,False,False
ָ,7,com.apple.keylayout.Hebrew,,True,True,False,False
-,-,com.apple.keylayout.Hebrew,,True,True,False,False
ֻ,8,com.apple.keylayout.Hebrew,,True,True,False,False
ְ,0,com.apple.keylayout.Hebrew,,True,True,False,False
וּ,ו,com.apple.keylayout.Hebrew,,True,True,False,False
ֲ,",",com.apple.keylayout.Hebrew,,True,True,False,False
;,ף,com.apple.keylayout.Hebrew,,True,True,False,False
־,ֿ,com.apple.keylayout.Hebrew,,True,True,False,False
ּ,ת,com.apple.keylayout.Hebrew,,True,True,False,False
’,מ,com.apple.keylayout.Hebrew,,True,True,False,False
שׁ,צ,com.apple.keylayout.Hebrew,,True,True,False,False
 , ,com.apple.keylayout.Hebrew,,True,True,False,False
ฟ,ฟ,com.apple.keylayout.Thai,,False,False,False,False
ห,ห,com.apple.keylayout.Thai,,False,False,False,False
ก,ก,com.apple.keylayout.Thai,,False,False,False,False
ด,ด,com.apple.keylayout.Thai,,False,False,False,False
้,้,com.apple.keylayout.Thai,,False,False,False,False
เ,เ,com.apple.keylayout.Thai,,False,False,False,False
ผ,ผ,com.apple.keylayout.Thai,,False,False,False,False
ป,ป,com.apple.keylayout.Thai,,False,False,False,False
แ,แ,com.apple.keylayout.Thai,,False,False,False,False
อ,อ,com.apple.keylayout.Thai,,False,False,False,False
ิ,ิ,com.apple.keylayout.Thai,,False,False,False,False
ๆ,ๆ,com.apple.keylayout.Thai,,False,False,False,False
ไ,ไ,com.apple.keylayout.Thai,,False,False,False,False
ำ,ำ,com.apple.keylayout.Thai,,False,False,False,False
พ,พ,com.apple.keylayout.Thai,,False,False,False,False
ั,ั,com.apple.keylayout.Thai,,False,False,False,False
ะ,ะ,com.apple.keylayout.Thai,,False,False,False,False
ๅ,ๅ,com.apple.keylayout.Thai,,False,False,False,False
/,/,com.apple.keylayout.Thai,,False,False,False,False
_,_,com.apple.keylayout.Thai,,False,False,False,False
ภ,ภ,com.apple.keylayout.Thai,,False,False,False,False
ุ,ุ,com.apple.keylayout.Thai,,False,False,False,False
ถ,ถ,com.apple.keylayout.Thai,,False,False,False,False
ช,ช,com.apple.keylayout.Thai,,False,False,False,False
ต,ต,com.apple.keylayout.Thai,,False,False,False,False
ึ,ึ,com.apple.keylayout.Thai,,False,False,False,False
ข,ข,com.apple.keylayout.Thai,,False,False,False,False
ค,ค,com.apple.keylayout.Thai,,False,False,False,False
จ,จ,com.apple.keylayout.Thai,,False,False,False,False
ล,ล,com.apple.keylayout.Thai,,False,False,False,False
น,น,com.apple.keylayout.Thai,,False,False,False,False
ี,ี,com.apple.keylayout.Thai,,False,False,False,False
บ,บ,com.apple.keylayout.Thai,,False,False,False,False
ร,ร,com.apple.keylayout.Thai,,False,False,False,False
ย,ย,com.apple.keylayout.Thai,,False,False,False,False
ส,ส,com.apple.keylayout.Thai,,False,False,False,False
่,่,com.apple.keylayout.Thai,,False,False,False,False
ง,ง,com.apple.keylayout.Thai,,False,False,False,False
า,า,com.apple.keylayout.Thai,,False,False,False,False
ว,ว,com.apple.keylayout.Thai,,False,False,False,False
ฃ,ฃ,com.apple.keylayout.Thai,,False,False,False,False
ม,ม,com.apple.keylayout.Thai,,False,False,False,False
ฝ,ฝ,com.apple.keylayout.Thai,,False,False,False,False
ื,ื,com.apple.keylayout.Thai,,False,False,False,False
ท,ท,com.apple.keylayout.Thai,,False,False,False,False
ใ,ใ,com.apple.keylayout.Thai,,False,False,False,False
 , ,com.apple.keylayout.Thai,,False,False,False,False
-,-,com.apple.keylayout.Thai,50,False,False,False,False
ฤ,ฟ,com.apple.keylayout.Thai,,False,True,False,False
ฆ,ห,com.apple.keylayout.Thai,,False,True,False,False
ฏ,ก,com.apple.keylayout.Thai,,False,True,False,False
โ,ด,com.apple.keylayout.Thai,,False,True,False,False
็,้,com.apple.keylayout.Thai,,False,True,False,False
ฌ,เ,com.apple.keylayout.Thai,,False,True,False,False
(,ผ,com.apple.keylayout.Thai,,False,True,False,False
),ป,com.apple.keylayout.Thai,,False,True,False,False
ฉ,แ,com.apple.keylayout.Thai,,False,True,False,False
ฮ,อ,com.apple.keylayout.Thai,,False,True,False,False
ฺ,ิ,com.apple.keylayout.Thai,,False,True,False,False
๐,ๆ,com.apple.keylayout.Thai,,False,True,False,False
"""",ไ,com.apple.keylayout.Thai,,False,True,False,False
ฎ,ำ,com.apple.keylayout.Thai,,False,True,False,False
ฑ,พ,com.apple.keylayout.Thai,,False,True,False,False
ํ,ั,com.apple.keylayout.Thai,,False,True,False,False
ธ,ะ,com.apple.keylayout.Thai,,False,True,False,False
+,ๅ,com.apple.keylayout.Thai,,False,True,False,False
๑,/,com.apple.keylayout.Thai,,False,True,False,False
๒,_,com.apple.keylayout.Thai,,False,True,False,False
๓,ภ,com.apple.keylayout.Thai,,False,True,False,False
ู,ุ,com.apple.keylayout.Thai,,False,True,False,False
๔,ถ,com.apple.keylayout.Thai,,False,True,False,False
๙,ช,com.apple.keylayout.Thai,,False,True,False,False
๖,ต,com.apple.keylayout.Thai,,False,True,False,False
฿,ึ,com.apple.keylayout.Thai,,False,True,False,False
๘,ข,com.apple.keylayout.Thai,,False,True,False,False
๕,ค,com.apple.keylayout.Thai,,False,True,False,False
๗,จ,com.apple.keylayout.Thai,,False,True,False,False
",",ล,com.apple.keylayout.Thai,,False,True,False,False
ฯ,น,com.apple.keylayout.Thai,,False,True,False,False
๊,ี,com.apple.keylayout.Thai,,False,True,False,False
ฐ,บ,com.apple.keylayout.Thai,,False,True,False,False
ณ,ร,com.apple.keylayout.Thai,,False,True,False,False
ญ,ย,com.apple.keylayout.Thai,,False,True,False,False
ศ,ส,com.apple.keylayout.Thai,,False,True,False,False
๋,่,com.apple.keylayout.Thai,,False,True,False,False
.,ง,com.apple.keylayout.Thai,,False,True,False,False
ษ,า,com.apple.keylayout.Thai,,False,True,False,False
ซ,ว,com.apple.keylayout.Thai,,False,True,False,False
ฅ,ฃ,com.apple.keylayout.Thai,,False,True,False,False
ฒ,ม,com.apple.keylayout.Thai,,False,True,False,False
ฦ,ฝ,com.apple.keylayout.Thai,,False,True,False,False
์,ื,com.apple.keylayout.Thai,,False,True,False,False
?,ท,com.apple.keylayout.Thai,,False,True,False,False
ฬ,ใ,com.apple.keylayout.Thai,,False,True,False,False
​, ,com.apple.keylayout.Thai,,False,True,False,False
%,-,com.apple.keylayout.Thai,50,False,True,False,False
©,เ,com.apple.keylayout.Thai,,True,False,False,False
®,พ,com.apple.keylayout.Thai,,True,False,False,False
™,/,com.apple.keylayout.Thai,,True,False,False,False
–,ข,com.apple.keylayout.Thai,,True,False,False,False
•,ค,com.apple.keylayout.Thai,,True,False,False,False
‘,ล,com.apple.keylayout.Thai,,True,False,False,False
“,บ,com.apple.keylayout.Thai,,True,False,False,False
…,ว,com.apple.keylayout.Thai,,True,False,False,False
«,ฃ,com.apple.keylayout.Thai,,True,False,False,False
 , ,com.apple.keylayout.Thai,,True,False,False,False
—,ข,com.apple.keylayout.Thai,,True,True,False,False
’,ล,com.apple.keylayout.Thai,,True,True,False,False
”,บ,com.apple.keylayout.Thai,,True,True,False,False
»,ฃ,com.apple.keylayout.Thai,,True,True,False,False
α,α,com.apple.keylayout.GreekPolytonic,,False,False,False,False
σ,σ,com.apple.keylayout.GreekPolytonic,,False,False,False,False
δ,δ,com.apple.keylayout.GreekPolytonic,,False,False,False,False
φ,φ,com.apple.keylayout.GreekPolytonic,,False,False,False,False
η,η,com.apple.keylayout.GreekPolytonic,,False,False,False,False
γ,γ,com.apple.keylayout.GreekPolytonic,,False,False,False,False
ζ,ζ,com.apple.keylayout.GreekPolytonic,,False,False,False,False
χ,χ,com.apple.keylayout.GreekPolytonic,,False,False,False,False
ψ,ψ,com.apple.keylayout.GreekPolytonic,,False,False,False,False
ω,ω,com.apple.keylayout.GreekPolytonic,,False,False,False,False
§,§,com.apple.keylayout.GreekPolytonic,10,False,False,False,False
β,β,com.apple.keylayout.GreekPolytonic,,False,False,False,False
;,;,com.apple.keylayout.GreekPolytonic,,False,False,False,False
ς,ς,com.apple.keylayout.GreekPolytonic,,False,False,False,False
ε,ε,com.apple.keylayout.GreekPolytonic,,False,False,False,False
ρ,ρ,com.apple.keylayout.GreekPolytonic,,False,False,False,False
υ,υ,com.apple.keylayout.GreekPolytonic,,False,False,False,False
τ,τ,com.apple.keylayout.GreekPolytonic,,False,False,False,False
1,1,com.apple.keylayout.GreekPolytonic,,False,False,False,False
2,2,com.apple.keylayout.GreekPolytonic,,False,False,False,False
3,3,com.apple.keylayout.GreekPolytonic,,False,False,False,False
4,4,com.apple.keylayout.GreekPolytonic,,False,False,False,False
6,6,com.apple.keylayout.GreekPolytonic,,False,False,False,False
5,5,com.apple.keylayout.GreekPolytonic,,False,False,False,False
9,9,com.apple.keylayout.GreekPolytonic,,False,False,False,False
7,7,com.apple.keylayout.GreekPolytonic,,False,False,False,False
8,8,com.apple.keylayout.GreekPolytonic,,False,False,False,False
0,0,com.apple.keylayout.GreekPolytonic,,False,False,False,False
ο,ο,com.apple.keylayout.GreekPolytonic,,False,False,False,False
θ,θ,com.apple.keylayout.GreekPolytonic,,False,False,False,False
ι,ι,com.apple.keylayout.GreekPolytonic,,False,False,False,False
π,π,com.apple.keylayout.GreekPolytonic,,False,False,False,False
λ,λ,com.apple.keylayout.GreekPolytonic,,False,False,False,False
ξ,ξ,com.apple.keylayout.GreekPolytonic,,False,False,False,False
κ,κ,com.apple.keylayout.GreekPolytonic,,False,False,False,False
\,\,com.apple.keylayout.GreekPolytonic,,False,False,False,False
",",",",com.apple.keylayout.GreekPolytonic,,False,False,False,False
ν,ν,com.apple.keylayout.GreekPolytonic,,False,False,False,False
μ,μ,com.apple.keylayout.GreekPolytonic,,False,False,False,False
.,.,com.apple.keylayout.GreekPolytonic,,False,False,False,False
 , ,com.apple.keylayout.GreekPolytonic,,False,False,False,False
`,`,com.apple.keylayout.GreekPolytonic,50,False,False,False,False
…,α,com.apple.keylayout.GreekPolytonic,,True,False,False,False
ϲ,σ,com.apple.keylayout.GreekPolytonic,,True,False,False,False
÷,δ,com.apple.keylayout.GreekPolytonic,,True,False,False,False
ϕ,φ,com.apple.keylayout.GreekPolytonic,,True,False,False,False
¬,η,com.apple.keylayout.GreekPolytonic,,True,False,False,False
©,γ,com.apple.keylayout.GreekPolytonic,,True,False,False,False
ϟ,ζ,com.apple.keylayout.GreekPolytonic,,True,False,False,False
ϸ,χ,com.apple.keylayout.GreekPolytonic,,True,False,False,False
ϡ,ψ,com.apple.keylayout.GreekPolytonic,,True,False,False,False
‘,ω,com.apple.keylayout.GreekPolytonic,,True,False,False,False
§,§,com.apple.keylayout.GreekPolytonic,10,True,False,False,False
ϐ,β,com.apple.keylayout.GreekPolytonic,,True,False,False,False
ϙ,;,com.apple.keylayout.GreekPolytonic,,True,False,False,False
ϝ,ς,com.apple.keylayout.GreekPolytonic,,True,False,False,False
€,ε,com.apple.keylayout.GreekPolytonic,,True,False,False,False
ϱ,ρ,com.apple.keylayout.GreekPolytonic,,True,False,False,False
¥,υ,com.apple.keylayout.GreekPolytonic,,True,False,False,False
™,τ,com.apple.keylayout.GreekPolytonic,,True,False,False,False
¹,1,com.apple.keylayout.GreekPolytonic,,True,False,False,False
²,2,com.apple.keylayout.GreekPolytonic,,True,False,False,False
³,3,com.apple.keylayout.GreekPolytonic,,True,False,False,False
£,4,com.apple.keylayout.GreekPolytonic,,True,False,False,False
¶,6,com.apple.keylayout.GreekPolytonic,,True,False,False,False
§,5,com.apple.keylayout.GreekPolytonic,,True,False,False,False
·,9,com.apple.keylayout.GreekPolytonic,,True,False,False,False
ϗ,7,com.apple.keylayout.GreekPolytonic,,True,False,False,False
•,8,com.apple.keylayout.GreekPolytonic,,True,False,False,False
°,0,com.apple.keylayout.GreekPolytonic,,True,False,False,False
ϛ,ο,com.apple.keylayout.GreekPolytonic,,True,False,False,False
ϑ,θ,com.apple.keylayout.GreekPolytonic,,True,False,False,False
ϖ,π,com.apple.keylayout.GreekPolytonic,,True,False,False,False
ϳ,ξ,com.apple.keylayout.GreekPolytonic,,True,False,False,False
ϰ,κ,com.apple.keylayout.GreekPolytonic,,True,False,False,False
¦,\,com.apple.keylayout.GreekPolytonic,,True,False,False,False
«,",",com.apple.keylayout.GreekPolytonic,,True,False,False,False
’,ν,com.apple.keylayout.GreekPolytonic,,True,False,False,False
ϻ,μ,com.apple.keylayout.GreekPolytonic,,True,False,False,False
»,.,com.apple.keylayout.GreekPolytonic,,True,False,False,False
 , ,com.apple.keylayout.GreekPolytonic,,True,False,False,False
;,`,com.apple.keylayout.GreekPolytonic,50,True,False,False,False
Ϲ,σ,com.apple.keylayout.GreekPolytonic,,True,True,False,False
®,γ,com.apple.keylayout.GreekPolytonic,,True,True,False,False
Ϟ,ζ,com.apple.keylayout.GreekPolytonic,,True,True,False,False
Ϸ,χ,com.apple.keylayout.GreekPolytonic,,True,True,False,False
Ϡ,ψ,com.apple.keylayout.GreekPolytonic,,True,True,False,False
“,ω,com.apple.keylayout.GreekPolytonic,,True,True,False,False
±,§,com.apple.keylayout.GreekPolytonic,10,True,True,False,False
Ϙ,;,com.apple.keylayout.GreekPolytonic,,True,True,False,False
Ϝ,ς,com.apple.keylayout.GreekPolytonic,,True,True,False,False
ϵ,ε,com.apple.keylayout.GreekPolytonic,,True,True,False,False
ϒ,υ,com.apple.keylayout.GreekPolytonic,,True,True,False,False
†,τ,com.apple.keylayout.GreekPolytonic,,True,True,False,False
½,2,com.apple.keylayout.GreekPolytonic,,True,True,False,False
϶,3,com.apple.keylayout.GreekPolytonic,,True,True,False,False
¢,4,com.apple.keylayout.GreekPolytonic,,True,True,False,False
Ϛ,ο,com.apple.keylayout.GreekPolytonic,,True,True,False,False
ϴ,θ,com.apple.keylayout.GreekPolytonic,,True,True,False,False
≈,π,com.apple.keylayout.GreekPolytonic,,True,True,False,False
≤,",",com.apple.keylayout.GreekPolytonic,,True,True,False,False
”,ν,com.apple.keylayout.GreekPolytonic,,True,True,False,False
Ϻ,μ,com.apple.keylayout.GreekPolytonic,,True,True,False,False
≥,.,com.apple.keylayout.GreekPolytonic,,True,True,False,False
 , ,com.apple.keylayout.GreekPolytonic,,True,True,False,False
·,`,com.apple.keylayout.GreekPolytonic,50,True,True,False,False
Α,α,com.apple.keylayout.GreekPolytonic,,False,True,False,False
Σ,σ,com.apple.keylayout.GreekPolytonic,,False,True,False,False
Δ,δ,com.apple.keylayout.GreekPolytonic,,False,True,False,False
Φ,φ,com.apple.keylayout.GreekPolytonic,,False,True,False,False
Η,η,com.apple.keylayout.GreekPolytonic,,False,True,False,False
Γ,γ,com.apple.keylayout.GreekPolytonic,,False,True,False,False
Ζ,ζ,com.apple.keylayout.GreekPolytonic,,False,True,False,False
Χ,χ,com.apple.keylayout.GreekPolytonic,,False,True,False,False
Ψ,ψ,com.apple.keylayout.GreekPolytonic,,False,True,False,False
Ω,ω,com.apple.keylayout.GreekPolytonic,,False,True,False,False
±,§,com.apple.keylayout.GreekPolytonic,10,False,True,False,False
Β,β,com.apple.keylayout.GreekPolytonic,,False,True,False,False
:,;,com.apple.keylayout.GreekPolytonic,,False,True,False,False
Ε,ε,com.apple.keylayout.GreekPolytonic,,False,True,False,False
Ρ,ρ,com.apple.keylayout.GreekPolytonic,,False,True,False,False
Υ,υ,com.apple.keylayout.GreekPolytonic,,False,True,False,False
Τ,τ,com.apple.keylayout.GreekPolytonic,,False,True,False,False
!,1,com.apple.keylayout.GreekPolytonic,,False,True,False,False
@,2,com.apple.keylayout.GreekPolytonic,,False,True,False,False
#,3,com.apple.keylayout.GreekPolytonic,,False,True,False,False
$,4,com.apple.keylayout.GreekPolytonic,,False,True,False,False
^,6,com.apple.keylayout.GreekPolytonic,,False,True,False,False
%,5,com.apple.keylayout.GreekPolytonic,,False,True,False,False
(,9,com.apple.keylayout.GreekPolytonic,,False,True,False,False
&,7,com.apple.keylayout.GreekPolytonic,,False,True,False,False
*,8,com.apple.keylayout.GreekPolytonic,,False,True,False,False
),0,com.apple.keylayout.GreekPolytonic,,False,True,False,False
Ο,ο,com.apple.keylayout.GreekPolytonic,,False,True,False,False
Θ,θ,com.apple.keylayout.GreekPolytonic,,False,True,False,False
Ι,ι,com.apple.keylayout.GreekPolytonic,,False,True,False,False
Π,π,com.apple.keylayout.GreekPolytonic,,False,True,False,False
Λ,λ,com.apple.keylayout.GreekPolytonic,,False,True,False,False
Ξ,ξ,com.apple.keylayout.GreekPolytonic,,False,True,False,False
Κ,κ,com.apple.keylayout.GreekPolytonic,,False,True,False,False
|,\,com.apple.keylayout.GreekPolytonic,,False,True,False,False
<,",",com.apple.keylayout.GreekPolytonic,,False,True,False,False
Ν,ν,com.apple.keylayout.GreekPolytonic,,False,True,False,False
Μ,μ,com.apple.keylayout.GreekPolytonic,,False,True,False,False
>,.,com.apple.keylayout.GreekPolytonic,,False,True,False,False
 , ,com.apple.keylayout.GreekPolytonic,,False,True,False,False
~,`,com.apple.keylayout.GreekPolytonic,50,False,True,False,False
a,a,com.apple.keylayout.SwissGerman,,False,False,False,False
s,s,com.apple.keylayout.SwissGerman,,False,False,False,False
d,d,com.apple.keylayout.SwissGerman,,False,False,False,False
f,f,com.apple.keylayout.SwissGerman,,False,False,False,False
h,h,com.apple.keylayout.SwissGerman,,False,False,False,False
g,g,com.apple.keylayout.SwissGerman,,False,False,False,False
y,y,com.apple.keylayout.SwissGerman,,False,False,False,False
x,x,com.apple.keylayout.SwissGerman,,False,False,False,False
c,c,com.apple.keylayout.SwissGerman,,False,False,False,False
v,v,com.apple.keylayout.SwissGerman,,False,False,False,False
§,§,com.apple.keylayout.SwissGerman,10,False,False,False,False
b,b,com.apple.keylayout.SwissGerman,,False,False,False,False
q,q,com.apple.keylayout.SwissGerman,,False,False,False,False
w,w,com.apple.keylayout.SwissGerman,,False,False,False,False
e,e,com.apple.keylayout.SwissGerman,,False,False,False,False
r,r,com.apple.keylayout.SwissGerman,,False,False,False,False
z,z,com.apple.keylayout.SwissGerman,,False,False,False,False
t,t,com.apple.keylayout.SwissGerman,,False,False,False,False
1,1,com.apple.keylayout.SwissGerman,,False,False,False,False
2,2,com.apple.keylayout.SwissGerman,,False,False,False,False
3,3,com.apple.keylayout.SwissGerman,,False,False,False,False
4,4,com.apple.keylayout.SwissGerman,,False,False,False,False
6,6,com.apple.keylayout.SwissGerman,,False,False,False,False
5,5,com.apple.keylayout.SwissGerman,,False,False,False,False
9,9,com.apple.keylayout.SwissGerman,,False,False,False,False
7,7,com.apple.keylayout.SwissGerman,,False,False,False,False
',',com.apple.keylayout.SwissGerman,,False,False,False,False
8,8,com.apple.keylayout.SwissGerman,,False,False,False,False
0,0,com.apple.keylayout.SwissGerman,,False,False,False,False
o,o,com.apple.keylayout.SwissGerman,,False,False,False,False
u,u,com.apple.keylayout.SwissGerman,,False,False,False,False
ü,ü,com.apple.keylayout.SwissGerman,,False,False,False,False
i,i,com.apple.keylayout.SwissGerman,,False,False,False,False
p,p,com.apple.keylayout.SwissGerman,,False,False,False,False
l,l,com.apple.keylayout.SwissGerman,,False,False,False,False
j,j,com.apple.keylayout.SwissGerman,,False,False,False,False
ä,ä,com.apple.keylayout.SwissGerman,,False,False,False,False
k,k,com.apple.keylayout.SwissGerman,,False,False,False,False
ö,ö,com.apple.keylayout.SwissGerman,,False,False,False,False
$,$,com.apple.keylayout.SwissGerman,,False,False,False,False
",",",",com.apple.keylayout.SwissGerman,,False,False,False,False
-,-,com.apple.keylayout.SwissGerman,,False,False,False,False
n,n,com.apple.keylayout.SwissGerman,,False,False,False,False
m,m,com.apple.keylayout.SwissGerman,,False,False,False,False
.,.,com.apple.keylayout.SwissGerman,,False,False,False,False
 , ,com.apple.keylayout.SwissGerman,,False,False,False,False
<,<,com.apple.keylayout.SwissGerman,50,False,False,False,False
A,a,com.apple.keylayout.SwissGerman,,False,True,False,False
S,s,com.apple.keylayout.SwissGerman,,False,True,False,False
D,d,com.apple.keylayout.SwissGerman,,False,True,False,False
F,f,com.apple.keylayout.SwissGerman,,False,True,False,False
H,h,com.apple.keylayout.SwissGerman,,False,True,False,False
G,g,com.apple.keylayout.SwissGerman,,False,True,False,False
Y,y,com.apple.keylayout.SwissGerman,,False,True,False,False
X,x,com.apple.keylayout.SwissGerman,,False,True,False,False
C,c,com.apple.keylayout.SwissGerman,,False,True,False,False
V,v,com.apple.keylayout.SwissGerman,,False,True,False,False
°,§,com.apple.keylayout.SwissGerman,10,False,True,False,False
B,b,com.apple.keylayout.SwissGerman,,False,True,False,False
Q,q,com.apple.keylayout.SwissGerman,,False,True,False,False
W,w,com.apple.keylayout.SwissGerman,,False,True,False,False
E,e,com.apple.keylayout.SwissGerman,,False,True,False,False
R,r,com.apple.keylayout.SwissGerman,,False,True,False,False
Z,z,com.apple.keylayout.SwissGerman,,False,True,False,False
T,t,com.apple.keylayout.SwissGerman,,False,True,False,False
+,1,com.apple.keylayout.SwissGerman,,False,True,False,False
"""",2,com.apple.keylayout.SwissGerman,,False,True,False,False
*,3,com.apple.keylayout.SwissGerman,,False,True,False,False
ç,4,com.apple.keylayout.SwissGerman,,False,True,False,False
&,6,com.apple.keylayout.SwissGerman,,False,True,False,False
%,5,com.apple.keylayout.SwissGerman,,False,True,False,False
),9,com.apple.keylayout.SwissGerman,,False,True,False,False
/,7,com.apple.keylayout.SwissGerman,,False,True,False,False
?,',com.apple.keylayout.SwissGerman,,False,True,False,False
(,8,com.apple.keylayout.SwissGerman,,False,True,False,False
=,0,com.apple.keylayout.SwissGerman,,False,True,False,False
O,o,com.apple.keylayout.SwissGerman,,False,True,False,False
U,u,com.apple.keylayout.SwissGerman,,False,True,False,False
è,ü,com.apple.keylayout.SwissGerman,,False,True,False,False
I,i,com.apple.keylayout.SwissGerman,,False,True,False,False
P,p,com.apple.keylayout.SwissGerman,,False,True,False,False
L,l,com.apple.keylayout.SwissGerman,,False,True,False,False
J,j,com.apple.keylayout.SwissGerman,,False,True,False,False
à,ä,com.apple.keylayout.SwissGerman,,False,True,False,False
K,k,com.apple.keylayout.SwissGerman,,False,True,False,False
é,ö,com.apple.keylayout.SwissGerman,,False,True,False,False
£,$,com.apple.keylayout.SwissGerman,,False,True,False,False
;,",",com.apple.keylayout.SwissGerman,,False,True,False,False
_,-,com.apple.keylayout.SwissGerman,,False,True,False,False
N,n,com.apple.keylayout.SwissGerman,,False,True,False,False
M,m,com.apple.keylayout.SwissGerman,,False,True,False,False
:,.,com.apple.keylayout.SwissGerman,,False,True,False,False
 , ,com.apple.keylayout.SwissGerman,,False,True,False,False
>,<,com.apple.keylayout.SwissGerman,50,False,True,False,False
å,a,com.apple.keylayout.SwissGerman,,True,False,False,False
ß,s,com.apple.keylayout.SwissGerman,,True,False,False,False
∂,d,com.apple.keylayout.SwissGerman,,True,False,False,False
ƒ,f,com.apple.keylayout.SwissGerman,,True,False,False,False
ª,h,com.apple.keylayout.SwissGerman,,True,False,False,False
@,g,com.apple.keylayout.SwissGerman,,True,False,False,False
¥,y,com.apple.keylayout.SwissGerman,,True,False,False,False
≈,x,com.apple.keylayout.SwissGerman,,True,False,False,False
©,c,com.apple.keylayout.SwissGerman,,True,False,False,False
√,v,com.apple.keylayout.SwissGerman,,True,False,False,False
ﬁ,§,com.apple.keylayout.SwissGerman,10,True,False,False,False
∫,b,com.apple.keylayout.SwissGerman,,True,False,False,False
œ,q,com.apple.keylayout.SwissGerman,,True,False,False,False
∑,w,com.apple.keylayout.SwissGerman,,True,False,False,False
€,e,com.apple.keylayout.SwissGerman,,True,False,False,False
®,r,com.apple.keylayout.SwissGerman,,True,False,False,False
Ω,z,com.apple.keylayout.SwissGerman,,True,False,False,False
†,t,com.apple.keylayout.SwissGerman,,True,False,False,False
±,1,com.apple.keylayout.SwissGerman,,True,False,False,False
“,2,com.apple.keylayout.SwissGerman,,True,False,False,False
#,3,com.apple.keylayout.SwissGerman,,True,False,False,False
Ç,4,com.apple.keylayout.SwissGerman,,True,False,False,False
],6,com.apple.keylayout.SwissGerman,,True,False,False,False
[,5,com.apple.keylayout.SwissGerman,,True,False,False,False
},9,com.apple.keylayout.SwissGerman,,True,False,False,False
|,7,com.apple.keylayout.SwissGerman,,True,False,False,False
¿,',com.apple.keylayout.SwissGerman,,True,False,False,False
{,8,com.apple.keylayout.SwissGerman,,True,False,False,False
≠,0,com.apple.keylayout.SwissGerman,,True,False,False,False
ø,o,com.apple.keylayout.SwissGerman,,True,False,False,False
°,u,com.apple.keylayout.SwissGerman,,True,False,False,False
§,ü,com.apple.keylayout.SwissGerman,,True,False,False,False
¡,i,com.apple.keylayout.SwissGerman,,True,False,False,False
π,p,com.apple.keylayout.SwissGerman,,True,False,False,False
¬,l,com.apple.keylayout.SwissGerman,,True,False,False,False
º,j,com.apple.keylayout.SwissGerman,,True,False,False,False
æ,ä,com.apple.keylayout.SwissGerman,,True,False,False,False
∆,k,com.apple.keylayout.SwissGerman,,True,False,False,False
¢,ö,com.apple.keylayout.SwissGerman,,True,False,False,False
¶,$,com.apple.keylayout.SwissGerman,,True,False,False,False
«,",",com.apple.keylayout.SwissGerman,,True,False,False,False
–,-,com.apple.keylayout.SwissGerman,,True,False,False,False
µ,m,com.apple.keylayout.SwissGerman,,True,False,False,False
…,.,com.apple.keylayout.SwissGerman,,True,False,False,False
 , ,com.apple.keylayout.SwissGerman,,True,False,False,False
≤,<,com.apple.keylayout.SwissGerman,50,True,False,False,False
Å,a,com.apple.keylayout.SwissGerman,,True,True,False,False
ﬁ,s,com.apple.keylayout.SwissGerman,,True,True,False,False
ﬂ,d,com.apple.keylayout.SwissGerman,,True,True,False,False
‡,f,com.apple.keylayout.SwissGerman,,True,True,False,False
·,h,com.apple.keylayout.SwissGerman,,True,True,False,False
‚,g,com.apple.keylayout.SwissGerman,,True,True,False,False
Ÿ,y,com.apple.keylayout.SwissGerman,,True,True,False,False
™,x,com.apple.keylayout.SwissGerman,,True,True,False,False
◊,v,com.apple.keylayout.SwissGerman,,True,True,False,False
‰,§,com.apple.keylayout.SwissGerman,10,True,True,False,False
Œ,q,com.apple.keylayout.SwissGerman,,True,True,False,False
Á,w,com.apple.keylayout.SwissGerman,,True,True,False,False
Ë,e,com.apple.keylayout.SwissGerman,,True,True,False,False
È,r,com.apple.keylayout.SwissGerman,,True,True,False,False
Í,z,com.apple.keylayout.SwissGerman,,True,True,False,False
Î,t,com.apple.keylayout.SwissGerman,,True,True,False,False
∞,1,com.apple.keylayout.SwissGerman,,True,True,False,False
”,2,com.apple.keylayout.SwissGerman,,True,True,False,False
‹,3,com.apple.keylayout.SwissGerman,,True,True,False,False
⁄,4,com.apple.keylayout.SwissGerman,,True,True,False,False
],6,com.apple.keylayout.SwissGerman,,True,True,False,False
[,5,com.apple.keylayout.SwissGerman,,True,True,False,False
Ô,9,com.apple.keylayout.SwissGerman,,True,True,False,False
\,7,com.apple.keylayout.SwissGerman,,True,True,False,False
,',com.apple.keylayout.SwissGerman,,True,True,False,False
Ò,8,com.apple.keylayout.SwissGerman,,True,True,False,False
Ú,0,com.apple.keylayout.SwissGerman,,True,True,False,False
Ø,o,com.apple.keylayout.SwissGerman,,True,True,False,False
Ù,u,com.apple.keylayout.SwissGerman,,True,True,False,False
ÿ,ü,com.apple.keylayout.SwissGerman,,True,True,False,False
ı,i,com.apple.keylayout.SwissGerman,,True,True,False,False
∏,p,com.apple.keylayout.SwissGerman,,True,True,False,False
ˆ,l,com.apple.keylayout.SwissGerman,,True,True,False,False
˜,j,com.apple.keylayout.SwissGerman,,True,True,False,False
Æ,ä,com.apple.keylayout.SwissGerman,,True,True,False,False
¯,k,com.apple.keylayout.SwissGerman,,True,True,False,False
˘,ö,com.apple.keylayout.SwissGerman,,True,True,False,False
•,$,com.apple.keylayout.SwissGerman,,True,True,False,False
»,",",com.apple.keylayout.SwissGerman,,True,True,False,False
—,-,com.apple.keylayout.SwissGerman,,True,True,False,False
˙,n,com.apple.keylayout.SwissGerman,,True,True,False,False
˚,m,com.apple.keylayout.SwissGerman,,True,True,False,False
÷,.,com.apple.keylayout.SwissGerman,,True,True,False,False
 , ,com.apple.keylayout.SwissGerman,,True,True,False,False
≥,<,com.apple.keylayout.SwissGerman,50,True,True,False,False
ਾ,ਾ,com.apple.keylayout.Gurmukhi-QWERTY,,False,False,False,False
ਸ,ਸ,com.apple.keylayout.Gurmukhi-QWERTY,,False,False,False,False
ਦ,ਦ,com.apple.keylayout.Gurmukhi-QWERTY,,False,False,False,False
੍,੍,com.apple.keylayout.Gurmukhi-QWERTY,,False,False,False,False
ਹ,ਹ,com.apple.keylayout.Gurmukhi-QWERTY,,False,False,False,False
ਗ,ਗ,com.apple.keylayout.Gurmukhi-QWERTY,,False,False,False,False
ਙ,ਙ,com.apple.keylayout.Gurmukhi-QWERTY,,False,False,False,False
ਡ਼,ਡ਼,com.apple.keylayout.Gurmukhi-QWERTY,,False,False,False,False
ਚ,ਚ,com.apple.keylayout.Gurmukhi-QWERTY,,False,False,False,False
ਵ,ਵ,com.apple.keylayout.Gurmukhi-QWERTY,,False,False,False,False
ਬ,ਬ,com.apple.keylayout.Gurmukhi-QWERTY,,False,False,False,False
ੳ,ੳ,com.apple.keylayout.Gurmukhi-QWERTY,,False,False,False,False
ਅ,ਅ,com.apple.keylayout.Gurmukhi-QWERTY,,False,False,False,False
ੇ,ੇ,com.apple.keylayout.Gurmukhi-QWERTY,,False,False,False,False
ਰ,ਰ,com.apple.keylayout.Gurmukhi-QWERTY,,False,False,False,False
ਯ,ਯ,com.apple.keylayout.Gurmukhi-QWERTY,,False,False,False,False
ਤ,ਤ,com.apple.keylayout.Gurmukhi-QWERTY,,False,False,False,False
੧,੧,com.apple.keylayout.Gurmukhi-QWERTY,,False,False,False,False
੨,੨,com.apple.keylayout.Gurmukhi-QWERTY,,False,False,False,False
੩,੩,com.apple.keylayout.Gurmukhi-QWERTY,,False,False,False,False
੪,੪,com.apple.keylayout.Gurmukhi-QWERTY,,False,False,False,False
੬,੬,com.apple.keylayout.Gurmukhi-QWERTY,,False,False,False,False
੫,੫,com.apple.keylayout.Gurmukhi-QWERTY,,False,False,False,False
=,=,com.apple.keylayout.Gurmukhi-QWERTY,,False,False,False,False
੯,੯,com.apple.keylayout.Gurmukhi-QWERTY,,False,False,False,False
੭,੭,com.apple.keylayout.Gurmukhi-QWERTY,,False,False,False,False
-,-,com.apple.keylayout.Gurmukhi-QWERTY,,False,False,False,False
੮,੮,com.apple.keylayout.Gurmukhi-QWERTY,,False,False,False,False
੦,੦,com.apple.keylayout.Gurmukhi-QWERTY,,False,False,False,False
ੰ,ੰ,com.apple.keylayout.Gurmukhi-QWERTY,,False,False,False,False
ੋ,ੋ,com.apple.keylayout.Gurmukhi-QWERTY,,False,False,False,False
ੁ,ੁ,com.apple.keylayout.Gurmukhi-QWERTY,,False,False,False,False
ੱ,ੱ,com.apple.keylayout.Gurmukhi-QWERTY,,False,False,False,False
ਿ,ਿ,com.apple.keylayout.Gurmukhi-QWERTY,,False,False,False,False
ਪ,ਪ,com.apple.keylayout.Gurmukhi-QWERTY,,False,False,False,False
ਲ,ਲ,com.apple.keylayout.Gurmukhi-QWERTY,,False,False,False,False
ਜ,ਜ,com.apple.keylayout.Gurmukhi-QWERTY,,False,False,False,False
',',com.apple.keylayout.Gurmukhi-QWERTY,,False,False,False,False
ਕ,ਕ,com.apple.keylayout.Gurmukhi-QWERTY,,False,False,False,False
;,;,com.apple.keylayout.Gurmukhi-QWERTY,,False,False,False,False
",",",",com.apple.keylayout.Gurmukhi-QWERTY,,False,False,False,False
/,/,com.apple.keylayout.Gurmukhi-QWERTY,,False,False,False,False
ਨ,ਨ,com.apple.keylayout.Gurmukhi-QWERTY,,False,False,False,False
ਮ,ਮ,com.apple.keylayout.Gurmukhi-QWERTY,,False,False,False,False
।,।,com.apple.keylayout.Gurmukhi-QWERTY,,False,False,False,False
 , ,com.apple.keylayout.Gurmukhi-QWERTY,,False,False,False,False
ਾ,ਾ,com.apple.keylayout.Gurmukhi-QWERTY,,False,True,False,False
ਸ਼,ਸ,com.apple.keylayout.Gurmukhi-QWERTY,,False,True,False,False
ਧ,ਦ,com.apple.keylayout.Gurmukhi-QWERTY,,False,True,False,False
਼,੍,com.apple.keylayout.Gurmukhi-QWERTY,,False,True,False,False
ਘ,ਗ,com.apple.keylayout.Gurmukhi-QWERTY,,False,True,False,False
ਢ਼,ਡ਼,com.apple.keylayout.Gurmukhi-QWERTY,,False,True,False,False
ਛ,ਚ,com.apple.keylayout.Gurmukhi-QWERTY,,False,True,False,False
ੴ,ਵ,com.apple.keylayout.Gurmukhi-QWERTY,,False,True,False,False
ਭ,ਬ,com.apple.keylayout.Gurmukhi-QWERTY,,False,True,False,False
ੲ,ੳ,com.apple.keylayout.Gurmukhi-QWERTY,,False,True,False,False
ਆ,ਅ,com.apple.keylayout.Gurmukhi-QWERTY,,False,True,False,False
ੈ,ੇ,com.apple.keylayout.Gurmukhi-QWERTY,,False,True,False,False
ਥ,ਤ,com.apple.keylayout.Gurmukhi-QWERTY,,False,True,False,False
!,੧,com.apple.keylayout.Gurmukhi-QWERTY,,False,True,False,False
@,੨,com.apple.keylayout.Gurmukhi-QWERTY,,False,True,False,False
#,੩,com.apple.keylayout.Gurmukhi-QWERTY,,False,True,False,False
$,੪,com.apple.keylayout.Gurmukhi-QWERTY,,False,True,False,False
^,੬,com.apple.keylayout.Gurmukhi-QWERTY,,False,True,False,False
%,੫,com.apple.keylayout.Gurmukhi-QWERTY,,False,True,False,False
+,=,com.apple.keylayout.Gurmukhi-QWERTY,,False,True,False,False
(,੯,com.apple.keylayout.Gurmukhi-QWERTY,,False,True,False,False
&,੭,com.apple.keylayout.Gurmukhi-QWERTY,,False,True,False,False
_,-,com.apple.keylayout.Gurmukhi-QWERTY,,False,True,False,False
*,੮,com.apple.keylayout.Gurmukhi-QWERTY,,False,True,False,False
),੦,com.apple.keylayout.Gurmukhi-QWERTY,,False,True,False,False
],ੰ,com.apple.keylayout.Gurmukhi-QWERTY,,False,True,False,False
ੌ,ੋ,com.apple.keylayout.Gurmukhi-QWERTY,,False,True,False,False
ੂ,ੁ,com.apple.keylayout.Gurmukhi-QWERTY,,False,True,False,False
[,ੱ,com.apple.keylayout.Gurmukhi-QWERTY,,False,True,False,False
ੀ,ਿ,com.apple.keylayout.Gurmukhi-QWERTY,,False,True,False,False
ਫ,ਪ,com.apple.keylayout.Gurmukhi-QWERTY,,False,True,False,False
ਝ,ਜ,com.apple.keylayout.Gurmukhi-QWERTY,,False,True,False,False
"""",',com.apple.keylayout.Gurmukhi-QWERTY,,False,True,False,False
ਖ,ਕ,com.apple.keylayout.Gurmukhi-QWERTY,,False,True,False,False
:,;,com.apple.keylayout.Gurmukhi-QWERTY,,False,True,False,False
<,",",com.apple.keylayout.Gurmukhi-QWERTY,,False,True,False,False
?,/,com.apple.keylayout.Gurmukhi-QWERTY,,False,True,False,False
ਣ,ਨ,com.apple.keylayout.Gurmukhi-QWERTY,,False,True,False,False
ਂ,ਮ,com.apple.keylayout.Gurmukhi-QWERTY,,False,True,False,False
>,।,com.apple.keylayout.Gurmukhi-QWERTY,,False,True,False,False
 , ,com.apple.keylayout.Gurmukhi-QWERTY,,False,True,False,False
ਅ,ਾ,com.apple.keylayout.Gurmukhi-QWERTY,,True,False,False,False
ਡ,ਦ,com.apple.keylayout.Gurmukhi-QWERTY,,True,False,False,False
ਏ,ੇ,com.apple.keylayout.Gurmukhi-QWERTY,,True,False,False,False
ਟ,ਤ,com.apple.keylayout.Gurmukhi-QWERTY,,True,False,False,False
1,੧,com.apple.keylayout.Gurmukhi-QWERTY,,True,False,False,False
2,੨,com.apple.keylayout.Gurmukhi-QWERTY,,True,False,False,False
3,੩,com.apple.keylayout.Gurmukhi-QWERTY,,True,False,False,False
4,੪,com.apple.keylayout.Gurmukhi-QWERTY,,True,False,False,False
6,੬,com.apple.keylayout.Gurmukhi-QWERTY,,True,False,False,False
5,੫,com.apple.keylayout.Gurmukhi-QWERTY,,True,False,False,False
=,=,com.apple.keylayout.Gurmukhi-QWERTY,,True,False,False,False
9,੯,com.apple.keylayout.Gurmukhi-QWERTY,,True,False,False,False
7,੭,com.apple.keylayout.Gurmukhi-QWERTY,,True,False,False,False
-,-,com.apple.keylayout.Gurmukhi-QWERTY,,True,False,False,False
8,੮,com.apple.keylayout.Gurmukhi-QWERTY,,True,False,False,False
0,੦,com.apple.keylayout.Gurmukhi-QWERTY,,True,False,False,False
],ੰ,com.apple.keylayout.Gurmukhi-QWERTY,,True,False,False,False
ਓ,ੋ,com.apple.keylayout.Gurmukhi-QWERTY,,True,False,False,False
ਉ,ੁ,com.apple.keylayout.Gurmukhi-QWERTY,,True,False,False,False
[,ੱ,com.apple.keylayout.Gurmukhi-QWERTY,,True,False,False,False
ਇ,ਿ,com.apple.keylayout.Gurmukhi-QWERTY,,True,False,False,False
',',com.apple.keylayout.Gurmukhi-QWERTY,,True,False,False,False
;,;,com.apple.keylayout.Gurmukhi-QWERTY,,True,False,False,False
ਞ,ਨ,com.apple.keylayout.Gurmukhi-QWERTY,,True,False,False,False
.,।,com.apple.keylayout.Gurmukhi-QWERTY,,True,False,False,False
 , ,com.apple.keylayout.Gurmukhi-QWERTY,,True,False,False,False
ਆ,ਾ,com.apple.keylayout.Gurmukhi-QWERTY,,True,True,False,False
ਢ,ਦ,com.apple.keylayout.Gurmukhi-QWERTY,,True,True,False,False
ਐ,ੇ,com.apple.keylayout.Gurmukhi-QWERTY,,True,True,False,False
ਠ,ਤ,com.apple.keylayout.Gurmukhi-QWERTY,,True,True,False,False
…,੧,com.apple.keylayout.Gurmukhi-QWERTY,,True,True,False,False
©,੨,com.apple.keylayout.Gurmukhi-QWERTY,,True,True,False,False
®,੩,com.apple.keylayout.Gurmukhi-QWERTY,,True,True,False,False
™,੪,com.apple.keylayout.Gurmukhi-QWERTY,,True,True,False,False
‘,੬,com.apple.keylayout.Gurmukhi-QWERTY,,True,True,False,False
’,੫,com.apple.keylayout.Gurmukhi-QWERTY,,True,True,False,False
+,=,com.apple.keylayout.Gurmukhi-QWERTY,,True,True,False,False
—,੯,com.apple.keylayout.Gurmukhi-QWERTY,,True,True,False,False
–,੭,com.apple.keylayout.Gurmukhi-QWERTY,,True,True,False,False
−,-,com.apple.keylayout.Gurmukhi-QWERTY,,True,True,False,False
•,੮,com.apple.keylayout.Gurmukhi-QWERTY,,True,True,False,False
×,੦,com.apple.keylayout.Gurmukhi-QWERTY,,True,True,False,False
},ੰ,com.apple.keylayout.Gurmukhi-QWERTY,,True,True,False,False
ਔ,ੋ,com.apple.keylayout.Gurmukhi-QWERTY,,True,True,False,False
ਊ,ੁ,com.apple.keylayout.Gurmukhi-QWERTY,,True,True,False,False
{,ੱ,com.apple.keylayout.Gurmukhi-QWERTY,,True,True,False,False
ਈ,ਿ,com.apple.keylayout.Gurmukhi-QWERTY,,True,True,False,False
"""",',com.apple.keylayout.Gurmukhi-QWERTY,,True,True,False,False
:,;,com.apple.keylayout.Gurmukhi-QWERTY,,True,True,False,False
.,।,com.apple.keylayout.Gurmukhi-QWERTY,,True,True,False,False
 , ,com.apple.keylayout.Gurmukhi-QWERTY,,True,True,False,False
a,a,com.apple.keylayout.Austrian,,False,False,False,False
s,s,com.apple.keylayout.Austrian,,False,False,False,False
d,d,com.apple.keylayout.Austrian,,False,False,False,False
f,f,com.apple.keylayout.Austrian,,False,False,False,False
h,h,com.apple.keylayout.Austrian,,False,False,False,False
g,g,com.apple.keylayout.Austrian,,False,False,False,False
y,y,com.apple.keylayout.Austrian,,False,False,False,False
x,x,com.apple.keylayout.Austrian,,False,False,False,False
c,c,com.apple.keylayout.Austrian,,False,False,False,False
v,v,com.apple.keylayout.Austrian,,False,False,False,False
b,b,com.apple.keylayout.Austrian,,False,False,False,False
q,q,com.apple.keylayout.Austrian,,False,False,False,False
w,w,com.apple.keylayout.Austrian,,False,False,False,False
e,e,com.apple.keylayout.Austrian,,False,False,False,False
r,r,com.apple.keylayout.Austrian,,False,False,False,False
z,z,com.apple.keylayout.Austrian,,False,False,False,False
t,t,com.apple.keylayout.Austrian,,False,False,False,False
1,1,com.apple.keylayout.Austrian,,False,False,False,False
2,2,com.apple.keylayout.Austrian,,False,False,False,False
3,3,com.apple.keylayout.Austrian,,False,False,False,False
4,4,com.apple.keylayout.Austrian,,False,False,False,False
6,6,com.apple.keylayout.Austrian,,False,False,False,False
5,5,com.apple.keylayout.Austrian,,False,False,False,False
9,9,com.apple.keylayout.Austrian,,False,False,False,False
7,7,com.apple.keylayout.Austrian,,False,False,False,False
ß,ß,com.apple.keylayout.Austrian,,False,False,False,False
8,8,com.apple.keylayout.Austrian,,False,False,False,False
0,0,com.apple.keylayout.Austrian,,False,False,False,False
+,+,com.apple.keylayout.Austrian,,False,False,False,False
o,o,com.apple.keylayout.Austrian,,False,False,False,False
u,u,com.apple.keylayout.Austrian,,False,False,False,False
ü,ü,com.apple.keylayout.Austrian,,False,False,False,False
i,i,com.apple.keylayout.Austrian,,False,False,False,False
p,p,com.apple.keylayout.Austrian,,False,False,False,False
l,l,com.apple.keylayout.Austrian,,False,False,False,False
j,j,com.apple.keylayout.Austrian,,False,False,False,False
ä,ä,com.apple.keylayout.Austrian,,False,False,False,False
k,k,com.apple.keylayout.Austrian,,False,False,False,False
ö,ö,com.apple.keylayout.Austrian,,False,False,False,False
#,#,com.apple.keylayout.Austrian,,False,False,False,False
",",",",com.apple.keylayout.Austrian,,False,False,False,False
-,-,com.apple.keylayout.Austrian,,False,False,False,False
n,n,com.apple.keylayout.Austrian,,False,False,False,False
m,m,com.apple.keylayout.Austrian,,False,False,False,False
.,.,com.apple.keylayout.Austrian,,False,False,False,False
 , ,com.apple.keylayout.Austrian,,False,False,False,False
<,<,com.apple.keylayout.Austrian,50,False,False,False,False
A,a,com.apple.keylayout.Austrian,,False,True,False,False
S,s,com.apple.keylayout.Austrian,,False,True,False,False
D,d,com.apple.keylayout.Austrian,,False,True,False,False
F,f,com.apple.keylayout.Austrian,,False,True,False,False
H,h,com.apple.keylayout.Austrian,,False,True,False,False
G,g,com.apple.keylayout.Austrian,,False,True,False,False
Y,y,com.apple.keylayout.Austrian,,False,True,False,False
X,x,com.apple.keylayout.Austrian,,False,True,False,False
C,c,com.apple.keylayout.Austrian,,False,True,False,False
V,v,com.apple.keylayout.Austrian,,False,True,False,False
B,b,com.apple.keylayout.Austrian,,False,True,False,False
Q,q,com.apple.keylayout.Austrian,,False,True,False,False
W,w,com.apple.keylayout.Austrian,,False,True,False,False
E,e,com.apple.keylayout.Austrian,,False,True,False,False
R,r,com.apple.keylayout.Austrian,,False,True,False,False
Z,z,com.apple.keylayout.Austrian,,False,True,False,False
T,t,com.apple.keylayout.Austrian,,False,True,False,False
!,1,com.apple.keylayout.Austrian,,False,True,False,False
"""",2,com.apple.keylayout.Austrian,,False,True,False,False
§,3,com.apple.keylayout.Austrian,,False,True,False,False
$,4,com.apple.keylayout.Austrian,,False,True,False,False
&,6,com.apple.keylayout.Austrian,,False,True,False,False
%,5,com.apple.keylayout.Austrian,,False,True,False,False
),9,com.apple.keylayout.Austrian,,False,True,False,False
/,7,com.apple.keylayout.Austrian,,False,True,False,False
?,ß,com.apple.keylayout.Austrian,,False,True,False,False
(,8,com.apple.keylayout.Austrian,,False,True,False,False
=,0,com.apple.keylayout.Austrian,,False,True,False,False
*,+,com.apple.keylayout.Austrian,,False,True,False,False
O,o,com.apple.keylayout.Austrian,,False,True,False,False
U,u,com.apple.keylayout.Austrian,,False,True,False,False
Ü,ü,com.apple.keylayout.Austrian,,False,True,False,False
I,i,com.apple.keylayout.Austrian,,False,True,False,False
P,p,com.apple.keylayout.Austrian,,False,True,False,False
L,l,com.apple.keylayout.Austrian,,False,True,False,False
J,j,com.apple.keylayout.Austrian,,False,True,False,False
Ä,ä,com.apple.keylayout.Austrian,,False,True,False,False
K,k,com.apple.keylayout.Austrian,,False,True,False,False
Ö,ö,com.apple.keylayout.Austrian,,False,True,False,False
',#,com.apple.keylayout.Austrian,,False,True,False,False
;,",",com.apple.keylayout.Austrian,,False,True,False,False
_,-,com.apple.keylayout.Austrian,,False,True,False,False
N,n,com.apple.keylayout.Austrian,,False,True,False,False
M,m,com.apple.keylayout.Austrian,,False,True,False,False
:,.,com.apple.keylayout.Austrian,,False,True,False,False
 , ,com.apple.keylayout.Austrian,,False,True,False,False
>,<,com.apple.keylayout.Austrian,50,False,True,False,False
å,a,com.apple.keylayout.Austrian,,True,False,False,False
‚,s,com.apple.keylayout.Austrian,,True,False,False,False
∂,d,com.apple.keylayout.Austrian,,True,False,False,False
ƒ,f,com.apple.keylayout.Austrian,,True,False,False,False
ª,h,com.apple.keylayout.Austrian,,True,False,False,False
©,g,com.apple.keylayout.Austrian,,True,False,False,False
¥,y,com.apple.keylayout.Austrian,,True,False,False,False
≈,x,com.apple.keylayout.Austrian,,True,False,False,False
ç,c,com.apple.keylayout.Austrian,,True,False,False,False
√,v,com.apple.keylayout.Austrian,,True,False,False,False
∫,b,com.apple.keylayout.Austrian,,True,False,False,False
«,q,com.apple.keylayout.Austrian,,True,False,False,False
∑,w,com.apple.keylayout.Austrian,,True,False,False,False
€,e,com.apple.keylayout.Austrian,,True,False,False,False
®,r,com.apple.keylayout.Austrian,,True,False,False,False
Ω,z,com.apple.keylayout.Austrian,,True,False,False,False
†,t,com.apple.keylayout.Austrian,,True,False,False,False
¡,1,com.apple.keylayout.Austrian,,True,False,False,False
“,2,com.apple.keylayout.Austrian,,True,False,False,False
¶,3,com.apple.keylayout.Austrian,,True,False,False,False
¢,4,com.apple.keylayout.Austrian,,True,False,False,False
],6,com.apple.keylayout.Austrian,,True,False,False,False
[,5,com.apple.keylayout.Austrian,,True,False,False,False
},9,com.apple.keylayout.Austrian,,True,False,False,False
|,7,com.apple.keylayout.Austrian,,True,False,False,False
¿,ß,com.apple.keylayout.Austrian,,True,False,False,False
{,8,com.apple.keylayout.Austrian,,True,False,False,False
≠,0,com.apple.keylayout.Austrian,,True,False,False,False
±,+,com.apple.keylayout.Austrian,,True,False,False,False
ø,o,com.apple.keylayout.Austrian,,True,False,False,False
•,ü,com.apple.keylayout.Austrian,,True,False,False,False
⁄,i,com.apple.keylayout.Austrian,,True,False,False,False
π,p,com.apple.keylayout.Austrian,,True,False,False,False
@,l,com.apple.keylayout.Austrian,,True,False,False,False
º,j,com.apple.keylayout.Austrian,,True,False,False,False
æ,ä,com.apple.keylayout.Austrian,,True,False,False,False
∆,k,com.apple.keylayout.Austrian,,True,False,False,False
œ,ö,com.apple.keylayout.Austrian,,True,False,False,False
‘,#,com.apple.keylayout.Austrian,,True,False,False,False
∞,",",com.apple.keylayout.Austrian,,True,False,False,False
–,-,com.apple.keylayout.Austrian,,True,False,False,False
µ,m,com.apple.keylayout.Austrian,,True,False,False,False
…,.,com.apple.keylayout.Austrian,,True,False,False,False
 , ,com.apple.keylayout.Austrian,,True,False,False,False
≤,<,com.apple.keylayout.Austrian,50,True,False,False,False
Å,a,com.apple.keylayout.Austrian,,True,True,False,False
Í,s,com.apple.keylayout.Austrian,,True,True,False,False
™,d,com.apple.keylayout.Austrian,,True,True,False,False
Ï,f,com.apple.keylayout.Austrian,,True,True,False,False
Ó,h,com.apple.keylayout.Austrian,,True,True,False,False
Ì,g,com.apple.keylayout.Austrian,,True,True,False,False
‡,y,com.apple.keylayout.Austrian,,True,True,False,False
Ù,x,com.apple.keylayout.Austrian,,True,True,False,False
Ç,c,com.apple.keylayout.Austrian,,True,True,False,False
◊,v,com.apple.keylayout.Austrian,,True,True,False,False
‹,b,com.apple.keylayout.Austrian,,True,True,False,False
»,q,com.apple.keylayout.Austrian,,True,True,False,False
„,w,com.apple.keylayout.Austrian,,True,True,False,False
‰,e,com.apple.keylayout.Austrian,,True,True,False,False
¸,r,com.apple.keylayout.Austrian,,True,True,False,False
ˇ,z,com.apple.keylayout.Austrian,,True,True,False,False
˝,t,com.apple.keylayout.Austrian,,True,True,False,False
¬,1,com.apple.keylayout.Austrian,,True,True,False,False
”,2,com.apple.keylayout.Austrian,,True,True,False,False
#,3,com.apple.keylayout.Austrian,,True,True,False,False
£,4,com.apple.keylayout.Austrian,,True,True,False,False
ﬁ,5,com.apple.keylayout.Austrian,,True,True,False,False
·,9,com.apple.keylayout.Austrian,,True,True,False,False
\,7,com.apple.keylayout.Austrian,,True,True,False,False
˙,ß,com.apple.keylayout.Austrian,,True,True,False,False
˜,8,com.apple.keylayout.Austrian,,True,True,False,False
¯,0,com.apple.keylayout.Austrian,,True,True,False,False
,+,com.apple.keylayout.Austrian,,True,True,False,False
Ø,o,com.apple.keylayout.Austrian,,True,True,False,False
Á,u,com.apple.keylayout.Austrian,,True,True,False,False
°,ü,com.apple.keylayout.Austrian,,True,True,False,False
Û,i,com.apple.keylayout.Austrian,,True,True,False,False
∏,p,com.apple.keylayout.Austrian,,True,True,False,False
ﬂ,l,com.apple.keylayout.Austrian,,True,True,False,False
ı,j,com.apple.keylayout.Austrian,,True,True,False,False
Æ,ä,com.apple.keylayout.Austrian,,True,True,False,False
ˆ,k,com.apple.keylayout.Austrian,,True,True,False,False
Œ,ö,com.apple.keylayout.Austrian,,True,True,False,False
’,#,com.apple.keylayout.Austrian,,True,True,False,False
˛,",",com.apple.keylayout.Austrian,,True,True,False,False
—,-,com.apple.keylayout.Austrian,,True,True,False,False
›,n,com.apple.keylayout.Austrian,,True,True,False,False
˘,m,com.apple.keylayout.Austrian,,True,True,False,False
÷,.,com.apple.keylayout.Austrian,,True,True,False,False
 , ,com.apple.keylayout.Austrian,,True,True,False,False
≥,<,com.apple.keylayout.Austrian,50,True,True,False,False
a,a,com.apple.keylayout.US,,False,False,False,False
s,s,com.apple.keylayout.US,,False,False,False,False
d,d,com.apple.keylayout.US,,False,False,False,False
f,f,com.apple.keylayout.US,,False,False,False,False
h,h,com.apple.keylayout.US,,False,False,False,False
g,g,com.apple.keylayout.US,,False,False,False,False
z,z,com.apple.keylayout.US,,False,False,False,False
x,x,com.apple.keylayout.US,,False,False,False,False
c,c,com.apple.keylayout.US,,False,False,False,False
v,v,com.apple.keylayout.US,,False,False,False,False
§,§,com.apple.keylayout.US,10,False,False,False,False
b,b,com.apple.keylayout.US,,False,False,False,False
q,q,com.apple.keylayout.US,,False,False,False,False
w,w,com.apple.keylayout.US,,False,False,False,False
e,e,com.apple.keylayout.US,,False,False,False,False
r,r,com.apple.keylayout.US,,False,False,False,False
y,y,com.apple.keylayout.US,,False,False,False,False
t,t,com.apple.keylayout.US,,False,False,False,False
1,1,com.apple.keylayout.US,,False,False,False,False
2,2,com.apple.keylayout.US,,False,False,False,False
3,3,com.apple.keylayout.US,,False,False,False,False
4,4,com.apple.keylayout.US,,False,False,False,False
6,6,com.apple.keylayout.US,,False,False,False,False
5,5,com.apple.keylayout.US,,False,False,False,False
=,=,com.apple.keylayout.US,,False,False,False,False
9,9,com.apple.keylayout.US,,False,False,False,False
7,7,com.apple.keylayout.US,,False,False,False,False
-,-,com.apple.keylayout.US,,False,False,False,False
8,8,com.apple.keylayout.US,,False,False,False,False
0,0,com.apple.keylayout.US,,False,False,False,False
],],com.apple.keylayout.US,,False,False,False,False
o,o,com.apple.keylayout.US,,False,False,False,False
u,u,com.apple.keylayout.US,,False,False,False,False
[,[,com.apple.keylayout.US,,False,False,False,False
i,i,com.apple.keylayout.US,,False,False,False,False
p,p,com.apple.keylayout.US,,False,False,False,False
l,l,com.apple.keylayout.US,,False,False,False,False
j,j,com.apple.keylayout.US,,False,False,False,False
',',com.apple.keylayout.US,,False,False,False,False
k,k,com.apple.keylayout.US,,False,False,False,False
;,;,com.apple.keylayout.US,,False,False,False,False
\,\,com.apple.keylayout.US,,False,False,False,False
",",",",com.apple.keylayout.US,,False,False,False,False
/,/,com.apple.keylayout.US,,False,False,False,False
n,n,com.apple.keylayout.US,,False,False,False,False
m,m,com.apple.keylayout.US,,False,False,False,False
.,.,com.apple.keylayout.US,,False,False,False,False
 , ,com.apple.keylayout.US,,False,False,False,False
`,`,com.apple.keylayout.US,50,False,False,False,False
A,a,com.apple.keylayout.US,,False,True,False,False
S,s,com.apple.keylayout.US,,False,True,False,False
D,d,com.apple.keylayout.US,,False,True,False,False
F,f,com.apple.keylayout.US,,False,True,False,False
H,h,com.apple.keylayout.US,,False,True,False,False
G,g,com.apple.keylayout.US,,False,True,False,False
Z,z,com.apple.keylayout.US,,False,True,False,False
X,x,com.apple.keylayout.US,,False,True,False,False
C,c,com.apple.keylayout.US,,False,True,False,False
V,v,com.apple.keylayout.US,,False,True,False,False
±,§,com.apple.keylayout.US,10,False,True,False,False
B,b,com.apple.keylayout.US,,False,True,False,False
Q,q,com.apple.keylayout.US,,False,True,False,False
W,w,com.apple.keylayout.US,,False,True,False,False
E,e,com.apple.keylayout.US,,False,True,False,False
R,r,com.apple.keylayout.US,,False,True,False,False
Y,y,com.apple.keylayout.US,,False,True,False,False
T,t,com.apple.keylayout.US,,False,True,False,False
!,1,com.apple.keylayout.US,,False,True,False,False
@,2,com.apple.keylayout.US,,False,True,False,False
#,3,com.apple.keylayout.US,,False,True,False,False
$,4,com.apple.keylayout.US,,False,True,False,False
^,6,com.apple.keylayout.US,,False,True,False,False
%,5,com.apple.keylayout.US,,False,True,False,False
+,=,com.apple.keylayout.US,,False,True,False,False
(,9,com.apple.keylayout.US,,False,True,False,False
&,7,com.apple.keylayout.US,,False,True,False,False
_,-,com.apple.keylayout.US,,False,True,False,False
*,8,com.apple.keylayout.US,,False,True,False,False
),0,com.apple.keylayout.US,,False,True,False,False
},],com.apple.keylayout.US,,False,True,False,False
O,o,com.apple.keylayout.US,,False,True,False,False
U,u,com.apple.keylayout.US,,False,True,False,False
{,[,com.apple.keylayout.US,,False,True,False,False
I,i,com.apple.keylayout.US,,False,True,False,False
P,p,com.apple.keylayout.US,,False,True,False,False
L,l,com.apple.keylayout.US,,False,True,False,False
J,j,com.apple.keylayout.US,,False,True,False,False
"""",',com.apple.keylayout.US,,False,True,False,False
K,k,com.apple.keylayout.US,,False,True,False,False
:,;,com.apple.keylayout.US,,False,True,False,False
|,\,com.apple.keylayout.US,,False,True,False,False
<,",",com.apple.keylayout.US,,False,True,False,False
?,/,com.apple.keylayout.US,,False,True,False,False
N,n,com.apple.keylayout.US,,False,True,False,False
M,m,com.apple.keylayout.US,,False,True,False,False
>,.,com.apple.keylayout.US,,False,True,False,False
 , ,com.apple.keylayout.US,,False,True,False,False
~,`,com.apple.keylayout.US,50,False,True,False,False
å,a,com.apple.keylayout.US,,True,False,False,False
ß,s,com.apple.keylayout.US,,True,False,False,False
∂,d,com.apple.keylayout.US,,True,False,False,False
ƒ,f,com.apple.keylayout.US,,True,False,False,False
˙,h,com.apple.keylayout.US,,True,False,False,False
©,g,com.apple.keylayout.US,,True,False,False,False
Ω,z,com.apple.keylayout.US,,True,False,False,False
≈,x,com.apple.keylayout.US,,True,False,False,False
ç,c,com.apple.keylayout.US,,True,False,False,False
√,v,com.apple.keylayout.US,,True,False,False,False
§,§,com.apple.keylayout.US,10,True,False,False,False
∫,b,com.apple.keylayout.US,,True,False,False,False
œ,q,com.apple.keylayout.US,,True,False,False,False
∑,w,com.apple.keylayout.US,,True,False,False,False
®,r,com.apple.keylayout.US,,True,False,False,False
¥,y,com.apple.keylayout.US,,True,False,False,False
†,t,com.apple.keylayout.US,,True,False,False,False
¡,1,com.apple.keylayout.US,,True,False,False,False
™,2,com.apple.keylayout.US,,True,False,False,False
£,3,com.apple.keylayout.US,,True,False,False,False
¢,4,com.apple.keylayout.US,,True,False,False,False
§,6,com.apple.keylayout.US,,True,False,False,False
∞,5,com.apple.keylayout.US,,True,False,False,False
≠,=,com.apple.keylayout.US,,True,False,False,False
ª,9,com.apple.keylayout.US,,True,False,False,False
¶,7,com.apple.keylayout.US,,True,False,False,False
–,-,com.apple.keylayout.US,,True,False,False,False
•,8,com.apple.keylayout.US,,True,False,False,False
º,0,com.apple.keylayout.US,,True,False,False,False
‘,],com.apple.keylayout.US,,True,False,False,False
ø,o,com.apple.keylayout.US,,True,False,False,False
“,[,com.apple.keylayout.US,,True,False,False,False
π,p,com.apple.keylayout.US,,True,False,False,False
¬,l,com.apple.keylayout.US,,True,False,False,False
∆,j,com.apple.keylayout.US,,True,False,False,False
æ,',com.apple.keylayout.US,,True,False,False,False
˚,k,com.apple.keylayout.US,,True,False,False,False
…,;,com.apple.keylayout.US,,True,False,False,False
«,\,com.apple.keylayout.US,,True,False,False,False
≤,",",com.apple.keylayout.US,,True,False,False,False
÷,/,com.apple.keylayout.US,,True,False,False,False
µ,m,com.apple.keylayout.US,,True,False,False,False
≥,.,com.apple.keylayout.US,,True,False,False,False
 , ,com.apple.keylayout.US,,True,False,False,False
Å,a,com.apple.keylayout.US,,True,True,False,False
Í,s,com.apple.keylayout.US,,True,True,False,False
Î,d,com.apple.keylayout.US,,True,True,False,False
Ï,f,com.apple.keylayout.US,,True,True,False,False
Ó,h,com.apple.keylayout.US,,True,True,False,False
˝,g,com.apple.keylayout.US,,True,True,False,False
¸,z,com.apple.keylayout.US,,True,True,False,False
˛,x,com.apple.keylayout.US,,True,True,False,False
Ç,c,com.apple.keylayout.US,,True,True,False,False
◊,v,com.apple.keylayout.US,,True,True,False,False
±,§,com.apple.keylayout.US,10,True,True,False,False
ı,b,com.apple.keylayout.US,,True,True,False,False
Œ,q,com.apple.keylayout.US,,True,True,False,False
„,w,com.apple.keylayout.US,,True,True,False,False
´,e,com.apple.keylayout.US,,True,True,False,False
‰,r,com.apple.keylayout.US,,True,True,False,False
Á,y,com.apple.keylayout.US,,True,True,False,False
ˇ,t,com.apple.keylayout.US,,True,True,False,False
⁄,1,com.apple.keylayout.US,,True,True,False,False
€,2,com.apple.keylayout.US,,True,True,False,False
‹,3,com.apple.keylayout.US,,True,True,False,False
›,4,com.apple.keylayout.US,,True,True,False,False
ﬂ,6,com.apple.keylayout.US,,True,True,False,False
ﬁ,5,com.apple.keylayout.US,,True,True,False,False
±,=,com.apple.keylayout.US,,True,True,False,False
·,9,com.apple.keylayout.US,,True,True,False,False
‡,7,com.apple.keylayout.US,,True,True,False,False
—,-,com.apple.keylayout.US,,True,True,False,False
°,8,com.apple.keylayout.US,,True,True,False,False
‚,0,com.apple.keylayout.US,,True,True,False,False
’,],com.apple.keylayout.US,,True,True,False,False
Ø,o,com.apple.keylayout.US,,True,True,False,False
¨,u,com.apple.keylayout.US,,True,True,False,False
”,[,com.apple.keylayout.US,,True,True,False,False
ˆ,i,com.apple.keylayout.US,,True,True,False,False
∏,p,com.apple.keylayout.US,,True,True,False,False
Ò,l,com.apple.keylayout.US,,True,True,False,False
Ô,j,com.apple.keylayout.US,,True,True,False,False
Æ,',com.apple.keylayout.US,,True,True,False,False
,k,com.apple.keylayout.US,,True,True,False,False
Ú,;,com.apple.keylayout.US,,True,True,False,False
»,\,com.apple.keylayout.US,,True,True,False,False
¯,",",com.apple.keylayout.US,,True,True,False,False
¿,/,com.apple.keylayout.US,,True,True,False,False
˜,n,com.apple.keylayout.US,,True,True,False,False
Â,m,com.apple.keylayout.US,,True,True,False,False
˘,.,com.apple.keylayout.US,,True,True,False,False
 , ,com.apple.keylayout.US,,True,True,False,False
`,`,com.apple.keylayout.US,50,True,True,False,False
ੋ,ੋ,com.apple.keylayout.Gurmukhi,,False,False,False,False
ੇ,ੇ,com.apple.keylayout.Gurmukhi,,False,False,False,False
੍,੍,com.apple.keylayout.Gurmukhi,,False,False,False,False
ਿ,ਿ,com.apple.keylayout.Gurmukhi,,False,False,False,False
ਪ,ਪ,com.apple.keylayout.Gurmukhi,,False,False,False,False
ੁ,ੁ,com.apple.keylayout.Gurmukhi,,False,False,False,False
ਡ਼,ਡ਼,com.apple.keylayout.Gurmukhi,,False,False,False,False
ਂ,ਂ,com.apple.keylayout.Gurmukhi,,False,False,False,False
ਮ,ਮ,com.apple.keylayout.Gurmukhi,,False,False,False,False
ਨ,ਨ,com.apple.keylayout.Gurmukhi,,False,False,False,False
ਵ,ਵ,com.apple.keylayout.Gurmukhi,,False,False,False,False
ੌ,ੌ,com.apple.keylayout.Gurmukhi,,False,False,False,False
ੈ,ੈ,com.apple.keylayout.Gurmukhi,,False,False,False,False
ਾ,ਾ,com.apple.keylayout.Gurmukhi,,False,False,False,False
ੀ,ੀ,com.apple.keylayout.Gurmukhi,,False,False,False,False
ਬ,ਬ,com.apple.keylayout.Gurmukhi,,False,False,False,False
ੂ,ੂ,com.apple.keylayout.Gurmukhi,,False,False,False,False
੧,੧,com.apple.keylayout.Gurmukhi,,False,False,False,False
੨,੨,com.apple.keylayout.Gurmukhi,,False,False,False,False
੩,੩,com.apple.keylayout.Gurmukhi,,False,False,False,False
੪,੪,com.apple.keylayout.Gurmukhi,,False,False,False,False
੬,੬,com.apple.keylayout.Gurmukhi,,False,False,False,False
੫,੫,com.apple.keylayout.Gurmukhi,,False,False,False,False
ੱ,ੱ,com.apple.keylayout.Gurmukhi,,False,False,False,False
੯,੯,com.apple.keylayout.Gurmukhi,,False,False,False,False
੭,੭,com.apple.keylayout.Gurmukhi,,False,False,False,False
-,-,com.apple.keylayout.Gurmukhi,,False,False,False,False
੮,੮,com.apple.keylayout.Gurmukhi,,False,False,False,False
੦,੦,com.apple.keylayout.Gurmukhi,,False,False,False,False
ૃ,ૃ,com.apple.keylayout.Gurmukhi,,False,False,False,False
ਦ,ਦ,com.apple.keylayout.Gurmukhi,,False,False,False,False
ਹ,ਹ,com.apple.keylayout.Gurmukhi,,False,False,False,False
ਡ,ਡ,com.apple.keylayout.Gurmukhi,,False,False,False,False
ਗ,ਗ,com.apple.keylayout.Gurmukhi,,False,False,False,False
ਜ,ਜ,com.apple.keylayout.Gurmukhi,,False,False,False,False
ਤ,ਤ,com.apple.keylayout.Gurmukhi,,False,False,False,False
ਰ,ਰ,com.apple.keylayout.Gurmukhi,,False,False,False,False
ਟ,ਟ,com.apple.keylayout.Gurmukhi,,False,False,False,False
ਕ,ਕ,com.apple.keylayout.Gurmukhi,,False,False,False,False
ਚ,ਚ,com.apple.keylayout.Gurmukhi,,False,False,False,False
",",",",com.apple.keylayout.Gurmukhi,,False,False,False,False
ਯ,ਯ,com.apple.keylayout.Gurmukhi,,False,False,False,False
ਲ,ਲ,com.apple.keylayout.Gurmukhi,,False,False,False,False
ਸ,ਸ,com.apple.keylayout.Gurmukhi,,False,False,False,False
.,.,com.apple.keylayout.Gurmukhi,,False,False,False,False
 , ,com.apple.keylayout.Gurmukhi,,False,False,False,False
ਓ,ੋ,com.apple.keylayout.Gurmukhi,,False,True,False,False
ਏ,ੇ,com.apple.keylayout.Gurmukhi,,False,True,False,False
ਅ,੍,com.apple.keylayout.Gurmukhi,,False,True,False,False
ਇ,ਿ,com.apple.keylayout.Gurmukhi,,False,True,False,False
ਫ,ਪ,com.apple.keylayout.Gurmukhi,,False,True,False,False
ਉ,ੁ,com.apple.keylayout.Gurmukhi,,False,True,False,False
ਢ਼,ਡ਼,com.apple.keylayout.Gurmukhi,,False,True,False,False
ੰ,ਂ,com.apple.keylayout.Gurmukhi,,False,True,False,False
ਣ,ਮ,com.apple.keylayout.Gurmukhi,,False,True,False,False
ੴ,ਨ,com.apple.keylayout.Gurmukhi,,False,True,False,False
ਔ,ੌ,com.apple.keylayout.Gurmukhi,,False,True,False,False
ਐ,ੈ,com.apple.keylayout.Gurmukhi,,False,True,False,False
ਆ,ਾ,com.apple.keylayout.Gurmukhi,,False,True,False,False
ਈ,ੀ,com.apple.keylayout.Gurmukhi,,False,True,False,False
ਭ,ਬ,com.apple.keylayout.Gurmukhi,,False,True,False,False
ਊ,ੂ,com.apple.keylayout.Gurmukhi,,False,True,False,False
ੳ,੧,com.apple.keylayout.Gurmukhi,,False,True,False,False
ੲ,੨,com.apple.keylayout.Gurmukhi,,False,True,False,False
੍ਰ,੩,com.apple.keylayout.Gurmukhi,,False,True,False,False
(,੯,com.apple.keylayout.Gurmukhi,,False,True,False,False
),੦,com.apple.keylayout.Gurmukhi,,False,True,False,False
ਞ,ૃ,com.apple.keylayout.Gurmukhi,,False,True,False,False
ਧ,ਦ,com.apple.keylayout.Gurmukhi,,False,True,False,False
ਙ,ਹ,com.apple.keylayout.Gurmukhi,,False,True,False,False
ਢ,ਡ,com.apple.keylayout.Gurmukhi,,False,True,False,False
ਘ,ਗ,com.apple.keylayout.Gurmukhi,,False,True,False,False
ਝ,ਜ,com.apple.keylayout.Gurmukhi,,False,True,False,False
ਥ,ਤ,com.apple.keylayout.Gurmukhi,,False,True,False,False
ਠ,ਟ,com.apple.keylayout.Gurmukhi,,False,True,False,False
ਖ,ਕ,com.apple.keylayout.Gurmukhi,,False,True,False,False
ਛ,ਚ,com.apple.keylayout.Gurmukhi,,False,True,False,False
ਲ,ਲ,com.apple.keylayout.Gurmukhi,,False,True,False,False
ਸ਼,ਸ,com.apple.keylayout.Gurmukhi,,False,True,False,False
।,.,com.apple.keylayout.Gurmukhi,,False,True,False,False
 , ,com.apple.keylayout.Gurmukhi,,False,True,False,False
a,ੋ,com.apple.keylayout.Gurmukhi,,True,False,False,False
s,ੇ,com.apple.keylayout.Gurmukhi,,True,False,False,False
d,੍,com.apple.keylayout.Gurmukhi,,True,False,False,False
f,ਿ,com.apple.keylayout.Gurmukhi,,True,False,False,False
h,ਪ,com.apple.keylayout.Gurmukhi,,True,False,False,False
g,ੁ,com.apple.keylayout.Gurmukhi,,True,False,False,False
z,ਡ਼,com.apple.keylayout.Gurmukhi,,True,False,False,False
x,ਂ,com.apple.keylayout.Gurmukhi,,True,False,False,False
c,ਮ,com.apple.keylayout.Gurmukhi,,True,False,False,False
v,ਨ,com.apple.keylayout.Gurmukhi,,True,False,False,False
b,ਵ,com.apple.keylayout.Gurmukhi,,True,False,False,False
q,ੌ,com.apple.keylayout.Gurmukhi,,True,False,False,False
w,ੈ,com.apple.keylayout.Gurmukhi,,True,False,False,False
e,ਾ,com.apple.keylayout.Gurmukhi,,True,False,False,False
r,ੀ,com.apple.keylayout.Gurmukhi,,True,False,False,False
y,ਬ,com.apple.keylayout.Gurmukhi,,True,False,False,False
t,ੂ,com.apple.keylayout.Gurmukhi,,True,False,False,False
1,੧,com.apple.keylayout.Gurmukhi,,True,False,False,False
2,੨,com.apple.keylayout.Gurmukhi,,True,False,False,False
3,੩,com.apple.keylayout.Gurmukhi,,True,False,False,False
4,੪,com.apple.keylayout.Gurmukhi,,True,False,False,False
6,੬,com.apple.keylayout.Gurmukhi,,True,False,False,False
5,੫,com.apple.keylayout.Gurmukhi,,True,False,False,False
=,ੱ,com.apple.keylayout.Gurmukhi,,True,False,False,False
9,੯,com.apple.keylayout.Gurmukhi,,True,False,False,False
7,੭,com.apple.keylayout.Gurmukhi,,True,False,False,False
—,-,com.apple.keylayout.Gurmukhi,,True,False,False,False
8,੮,com.apple.keylayout.Gurmukhi,,True,False,False,False
0,੦,com.apple.keylayout.Gurmukhi,,True,False,False,False
],ૃ,com.apple.keylayout.Gurmukhi,,True,False,False,False
o,ਦ,com.apple.keylayout.Gurmukhi,,True,False,False,False
u,ਹ,com.apple.keylayout.Gurmukhi,,True,False,False,False
[,ਡ,com.apple.keylayout.Gurmukhi,,True,False,False,False
i,ਗ,com.apple.keylayout.Gurmukhi,,True,False,False,False
p,ਜ,com.apple.keylayout.Gurmukhi,,True,False,False,False
l,ਤ,com.apple.keylayout.Gurmukhi,,True,False,False,False
j,ਰ,com.apple.keylayout.Gurmukhi,,True,False,False,False
',ਟ,com.apple.keylayout.Gurmukhi,,True,False,False,False
k,ਕ,com.apple.keylayout.Gurmukhi,,True,False,False,False
;,ਚ,com.apple.keylayout.Gurmukhi,,True,False,False,False
",",",",com.apple.keylayout.Gurmukhi,,True,False,False,False
/,ਯ,com.apple.keylayout.Gurmukhi,,True,False,False,False
n,ਲ,com.apple.keylayout.Gurmukhi,,True,False,False,False
m,ਸ,com.apple.keylayout.Gurmukhi,,True,False,False,False
.,.,com.apple.keylayout.Gurmukhi,,True,False,False,False
 , ,com.apple.keylayout.Gurmukhi,,True,False,False,False
A,ੋ,com.apple.keylayout.Gurmukhi,,True,True,False,False
S,ੇ,com.apple.keylayout.Gurmukhi,,True,True,False,False
D,੍,com.apple.keylayout.Gurmukhi,,True,True,False,False
F,ਿ,com.apple.keylayout.Gurmukhi,,True,True,False,False
H,ਪ,com.apple.keylayout.Gurmukhi,,True,True,False,False
G,ੁ,com.apple.keylayout.Gurmukhi,,True,True,False,False
Z,ਡ਼,com.apple.keylayout.Gurmukhi,,True,True,False,False
X,ਂ,com.apple.keylayout.Gurmukhi,,True,True,False,False
C,ਮ,com.apple.keylayout.Gurmukhi,,True,True,False,False
V,ਨ,com.apple.keylayout.Gurmukhi,,True,True,False,False
B,ਵ,com.apple.keylayout.Gurmukhi,,True,True,False,False
Q,ੌ,com.apple.keylayout.Gurmukhi,,True,True,False,False
W,ੈ,com.apple.keylayout.Gurmukhi,,True,True,False,False
E,ਾ,com.apple.keylayout.Gurmukhi,,True,True,False,False
R,ੀ,com.apple.keylayout.Gurmukhi,,True,True,False,False
Y,ਬ,com.apple.keylayout.Gurmukhi,,True,True,False,False
T,ੂ,com.apple.keylayout.Gurmukhi,,True,True,False,False
!,੧,com.apple.keylayout.Gurmukhi,,True,True,False,False
@,੨,com.apple.keylayout.Gurmukhi,,True,True,False,False
#,੩,com.apple.keylayout.Gurmukhi,,True,True,False,False
$,੪,com.apple.keylayout.Gurmukhi,,True,True,False,False
^,੬,com.apple.keylayout.Gurmukhi,,True,True,False,False
%,੫,com.apple.keylayout.Gurmukhi,,True,True,False,False
+,ੱ,com.apple.keylayout.Gurmukhi,,True,True,False,False
(,੯,com.apple.keylayout.Gurmukhi,,True,True,False,False
&,੭,com.apple.keylayout.Gurmukhi,,True,True,False,False
_,-,com.apple.keylayout.Gurmukhi,,True,True,False,False
*,੮,com.apple.keylayout.Gurmukhi,,True,True,False,False
),੦,com.apple.keylayout.Gurmukhi,,True,True,False,False
},ૃ,com.apple.keylayout.Gurmukhi,,True,True,False,False
O,ਦ,com.apple.keylayout.Gurmukhi,,True,True,False,False
U,ਹ,com.apple.keylayout.Gurmukhi,,True,True,False,False
{,ਡ,com.apple.keylayout.Gurmukhi,,True,True,False,False
I,ਗ,com.apple.keylayout.Gurmukhi,,True,True,False,False
P,ਜ,com.apple.keylayout.Gurmukhi,,True,True,False,False
L,ਤ,com.apple.keylayout.Gurmukhi,,True,True,False,False
J,ਰ,com.apple.keylayout.Gurmukhi,,True,True,False,False
"""",ਟ,com.apple.keylayout.Gurmukhi,,True,True,False,False
K,ਕ,com.apple.keylayout.Gurmukhi,,True,True,False,False
:,ਚ,com.apple.keylayout.Gurmukhi,,True,True,False,False
<,",",com.apple.keylayout.Gurmukhi,,True,True,False,False
?,ਯ,com.apple.keylayout.Gurmukhi,,True,True,False,False
N,ਲ,com.apple.keylayout.Gurmukhi,,True,True,False,False
M,ਸ,com.apple.keylayout.Gurmukhi,,True,True,False,False
>,.,com.apple.keylayout.Gurmukhi,,True,True,False,False
 , ,com.apple.keylayout.Gurmukhi,,True,True,False,False
а,а,com.apple.keylayout.Macedonian,,False,False,False,False
с,с,com.apple.keylayout.Macedonian,,False,False,False,False
д,д,com.apple.keylayout.Macedonian,,False,False,False,False
ф,ф,com.apple.keylayout.Macedonian,,False,False,False,False
х,х,com.apple.keylayout.Macedonian,,False,False,False,False
г,г,com.apple.keylayout.Macedonian,,False,False,False,False
э,э,com.apple.keylayout.Macedonian,,False,False,False,False
џ,џ,com.apple.keylayout.Macedonian,,False,False,False,False
ц,ц,com.apple.keylayout.Macedonian,,False,False,False,False
в,в,com.apple.keylayout.Macedonian,,False,False,False,False
„,„,com.apple.keylayout.Macedonian,10,False,False,False,False
б,б,com.apple.keylayout.Macedonian,,False,False,False,False
љ,љ,com.apple.keylayout.Macedonian,,False,False,False,False
њ,њ,com.apple.keylayout.Macedonian,,False,False,False,False
е,е,com.apple.keylayout.Macedonian,,False,False,False,False
р,р,com.apple.keylayout.Macedonian,,False,False,False,False
ѕ,ѕ,com.apple.keylayout.Macedonian,,False,False,False,False
т,т,com.apple.keylayout.Macedonian,,False,False,False,False
1,1,com.apple.keylayout.Macedonian,,False,False,False,False
2,2,com.apple.keylayout.Macedonian,,False,False,False,False
3,3,com.apple.keylayout.Macedonian,,False,False,False,False
4,4,com.apple.keylayout.Macedonian,,False,False,False,False
6,6,com.apple.keylayout.Macedonian,,False,False,False,False
5,5,com.apple.keylayout.Macedonian,,False,False,False,False
+,+,com.apple.keylayout.Macedonian,,False,False,False,False
9,9,com.apple.keylayout.Macedonian,,False,False,False,False
7,7,com.apple.keylayout.Macedonian,,False,False,False,False
/,/,com.apple.keylayout.Macedonian,,False,False,False,False
8,8,com.apple.keylayout.Macedonian,,False,False,False,False
0,0,com.apple.keylayout.Macedonian,,False,False,False,False
ѓ,ѓ,com.apple.keylayout.Macedonian,,False,False,False,False
о,о,com.apple.keylayout.Macedonian,,False,False,False,False
у,у,com.apple.keylayout.Macedonian,,False,False,False,False
ш,ш,com.apple.keylayout.Macedonian,,False,False,False,False
и,и,com.apple.keylayout.Macedonian,,False,False,False,False
п,п,com.apple.keylayout.Macedonian,,False,False,False,False
л,л,com.apple.keylayout.Macedonian,,False,False,False,False
ј,ј,com.apple.keylayout.Macedonian,,False,False,False,False
к,к,com.apple.keylayout.Macedonian,,False,False,False,False
ч,ч,com.apple.keylayout.Macedonian,,False,False,False,False
ж,ж,com.apple.keylayout.Macedonian,,False,False,False,False
",",",",com.apple.keylayout.Macedonian,,False,False,False,False
-,-,com.apple.keylayout.Macedonian,,False,False,False,False
н,н,com.apple.keylayout.Macedonian,,False,False,False,False
м,м,com.apple.keylayout.Macedonian,,False,False,False,False
.,.,com.apple.keylayout.Macedonian,,False,False,False,False
 , ,com.apple.keylayout.Macedonian,,False,False,False,False
<,<,com.apple.keylayout.Macedonian,50,False,False,False,False
А,а,com.apple.keylayout.Macedonian,,False,True,False,False
С,с,com.apple.keylayout.Macedonian,,False,True,False,False
Д,д,com.apple.keylayout.Macedonian,,False,True,False,False
Ф,ф,com.apple.keylayout.Macedonian,,False,True,False,False
Х,х,com.apple.keylayout.Macedonian,,False,True,False,False
Г,г,com.apple.keylayout.Macedonian,,False,True,False,False
З,э,com.apple.keylayout.Macedonian,,False,True,False,False
Џ,џ,com.apple.keylayout.Macedonian,,False,True,False,False
Ц,ц,com.apple.keylayout.Macedonian,,False,True,False,False
В,в,com.apple.keylayout.Macedonian,,False,True,False,False
”,„,com.apple.keylayout.Macedonian,10,False,True,False,False
Б,б,com.apple.keylayout.Macedonian,,False,True,False,False
Љ,љ,com.apple.keylayout.Macedonian,,False,True,False,False
Њ,њ,com.apple.keylayout.Macedonian,,False,True,False,False
Е,е,com.apple.keylayout.Macedonian,,False,True,False,False
Р,р,com.apple.keylayout.Macedonian,,False,True,False,False
S,ѕ,com.apple.keylayout.Macedonian,,False,True,False,False
Т,т,com.apple.keylayout.Macedonian,,False,True,False,False
!,1,com.apple.keylayout.Macedonian,,False,True,False,False
"""",2,com.apple.keylayout.Macedonian,,False,True,False,False
#,3,com.apple.keylayout.Macedonian,,False,True,False,False
$,4,com.apple.keylayout.Macedonian,,False,True,False,False
&,6,com.apple.keylayout.Macedonian,,False,True,False,False
%,5,com.apple.keylayout.Macedonian,,False,True,False,False
*,+,com.apple.keylayout.Macedonian,,False,True,False,False
),9,com.apple.keylayout.Macedonian,,False,True,False,False
',7,com.apple.keylayout.Macedonian,,False,True,False,False
?,/,com.apple.keylayout.Macedonian,,False,True,False,False
(,8,com.apple.keylayout.Macedonian,,False,True,False,False
=,0,com.apple.keylayout.Macedonian,,False,True,False,False
Ѓ,ѓ,com.apple.keylayout.Macedonian,,False,True,False,False
О,о,com.apple.keylayout.Macedonian,,False,True,False,False
У,у,com.apple.keylayout.Macedonian,,False,True,False,False
Ш,ш,com.apple.keylayout.Macedonian,,False,True,False,False
И,и,com.apple.keylayout.Macedonian,,False,True,False,False
П,п,com.apple.keylayout.Macedonian,,False,True,False,False
Л,л,com.apple.keylayout.Macedonian,,False,True,False,False
Ј,ј,com.apple.keylayout.Macedonian,,False,True,False,False
К,к,com.apple.keylayout.Macedonian,,False,True,False,False
Ч,ч,com.apple.keylayout.Macedonian,,False,True,False,False
Ж,ж,com.apple.keylayout.Macedonian,,False,True,False,False
;,",",com.apple.keylayout.Macedonian,,False,True,False,False
_,-,com.apple.keylayout.Macedonian,,False,True,False,False
Н,н,com.apple.keylayout.Macedonian,,False,True,False,False
М,м,com.apple.keylayout.Macedonian,,False,True,False,False
:,.,com.apple.keylayout.Macedonian,,False,True,False,False
 , ,com.apple.keylayout.Macedonian,,False,True,False,False
>,<,com.apple.keylayout.Macedonian,50,False,True,False,False
a,а,com.apple.keylayout.Macedonian,,True,False,False,False
s,с,com.apple.keylayout.Macedonian,,True,False,False,False
d,д,com.apple.keylayout.Macedonian,,True,False,False,False
f,ф,com.apple.keylayout.Macedonian,,True,False,False,False
h,х,com.apple.keylayout.Macedonian,,True,False,False,False
g,г,com.apple.keylayout.Macedonian,,True,False,False,False
z,э,com.apple.keylayout.Macedonian,,True,False,False,False
x,џ,com.apple.keylayout.Macedonian,,True,False,False,False
c,ц,com.apple.keylayout.Macedonian,,True,False,False,False
v,в,com.apple.keylayout.Macedonian,,True,False,False,False
§,„,com.apple.keylayout.Macedonian,10,True,False,False,False
b,б,com.apple.keylayout.Macedonian,,True,False,False,False
q,љ,com.apple.keylayout.Macedonian,,True,False,False,False
w,њ,com.apple.keylayout.Macedonian,,True,False,False,False
e,е,com.apple.keylayout.Macedonian,,True,False,False,False
r,р,com.apple.keylayout.Macedonian,,True,False,False,False
y,ѕ,com.apple.keylayout.Macedonian,,True,False,False,False
t,т,com.apple.keylayout.Macedonian,,True,False,False,False
†,1,com.apple.keylayout.Macedonian,,True,False,False,False
°,2,com.apple.keylayout.Macedonian,,True,False,False,False
$,3,com.apple.keylayout.Macedonian,,True,False,False,False
„,4,com.apple.keylayout.Macedonian,,True,False,False,False
∞,6,com.apple.keylayout.Macedonian,,True,False,False,False
™,5,com.apple.keylayout.Macedonian,,True,False,False,False
=,+,com.apple.keylayout.Macedonian,,True,False,False,False
¶,9,com.apple.keylayout.Macedonian,,True,False,False,False
£,7,com.apple.keylayout.Macedonian,,True,False,False,False
–,/,com.apple.keylayout.Macedonian,,True,False,False,False
Ґ,8,com.apple.keylayout.Macedonian,,True,False,False,False
•,0,com.apple.keylayout.Macedonian,,True,False,False,False
],ѓ,com.apple.keylayout.Macedonian,,True,False,False,False
o,о,com.apple.keylayout.Macedonian,,True,False,False,False
u,у,com.apple.keylayout.Macedonian,,True,False,False,False
[,ш,com.apple.keylayout.Macedonian,,True,False,False,False
i,и,com.apple.keylayout.Macedonian,,True,False,False,False
p,п,com.apple.keylayout.Macedonian,,True,False,False,False
l,л,com.apple.keylayout.Macedonian,,True,False,False,False
j,ј,com.apple.keylayout.Macedonian,,True,False,False,False
k,к,com.apple.keylayout.Macedonian,,True,False,False,False
;,ч,com.apple.keylayout.Macedonian,,True,False,False,False
‘,ж,com.apple.keylayout.Macedonian,,True,False,False,False
",",",",com.apple.keylayout.Macedonian,,True,False,False,False
/,-,com.apple.keylayout.Macedonian,,True,False,False,False
n,н,com.apple.keylayout.Macedonian,,True,False,False,False
m,м,com.apple.keylayout.Macedonian,,True,False,False,False
.,.,com.apple.keylayout.Macedonian,,True,False,False,False
 , ,com.apple.keylayout.Macedonian,,True,False,False,False
A,а,com.apple.keylayout.Macedonian,,True,True,False,False
S,с,com.apple.keylayout.Macedonian,,True,True,False,False
D,д,com.apple.keylayout.Macedonian,,True,True,False,False
F,ф,com.apple.keylayout.Macedonian,,True,True,False,False
H,х,com.apple.keylayout.Macedonian,,True,True,False,False
G,г,com.apple.keylayout.Macedonian,,True,True,False,False
Z,э,com.apple.keylayout.Macedonian,,True,True,False,False
X,џ,com.apple.keylayout.Macedonian,,True,True,False,False
C,ц,com.apple.keylayout.Macedonian,,True,True,False,False
V,в,com.apple.keylayout.Macedonian,,True,True,False,False
±,„,com.apple.keylayout.Macedonian,10,True,True,False,False
B,б,com.apple.keylayout.Macedonian,,True,True,False,False
Q,љ,com.apple.keylayout.Macedonian,,True,True,False,False
W,њ,com.apple.keylayout.Macedonian,,True,True,False,False
E,е,com.apple.keylayout.Macedonian,,True,True,False,False
R,р,com.apple.keylayout.Macedonian,,True,True,False,False
Y,ѕ,com.apple.keylayout.Macedonian,,True,True,False,False
T,т,com.apple.keylayout.Macedonian,,True,True,False,False
€,1,com.apple.keylayout.Macedonian,,True,True,False,False
@,2,com.apple.keylayout.Macedonian,,True,True,False,False
#,3,com.apple.keylayout.Macedonian,,True,True,False,False
“,4,com.apple.keylayout.Macedonian,,True,True,False,False
^,6,com.apple.keylayout.Macedonian,,True,True,False,False
%,5,com.apple.keylayout.Macedonian,,True,True,False,False
+,+,com.apple.keylayout.Macedonian,,True,True,False,False
(,9,com.apple.keylayout.Macedonian,,True,True,False,False
&,7,com.apple.keylayout.Macedonian,,True,True,False,False
—,/,com.apple.keylayout.Macedonian,,True,True,False,False
*,8,com.apple.keylayout.Macedonian,,True,True,False,False
),0,com.apple.keylayout.Macedonian,,True,True,False,False
},ѓ,com.apple.keylayout.Macedonian,,True,True,False,False
O,о,com.apple.keylayout.Macedonian,,True,True,False,False
U,у,com.apple.keylayout.Macedonian,,True,True,False,False
{,ш,com.apple.keylayout.Macedonian,,True,True,False,False
I,и,com.apple.keylayout.Macedonian,,True,True,False,False
P,п,com.apple.keylayout.Macedonian,,True,True,False,False
L,л,com.apple.keylayout.Macedonian,,True,True,False,False
J,ј,com.apple.keylayout.Macedonian,,True,True,False,False
K,к,com.apple.keylayout.Macedonian,,True,True,False,False
:,ч,com.apple.keylayout.Macedonian,,True,True,False,False
’,ж,com.apple.keylayout.Macedonian,,True,True,False,False
<,",",com.apple.keylayout.Macedonian,,True,True,False,False
?,-,com.apple.keylayout.Macedonian,,True,True,False,False
N,н,com.apple.keylayout.Macedonian,,True,True,False,False
M,м,com.apple.keylayout.Macedonian,,True,True,False,False
>,.,com.apple.keylayout.Macedonian,,True,True,False,False
 , ,com.apple.keylayout.Macedonian,,True,True,False,False
a,a,com.apple.keylayout.Latvian,,False,False,False,False
s,s,com.apple.keylayout.Latvian,,False,False,False,False
d,d,com.apple.keylayout.Latvian,,False,False,False,False
f,f,com.apple.keylayout.Latvian,,False,False,False,False
h,h,com.apple.keylayout.Latvian,,False,False,False,False
g,g,com.apple.keylayout.Latvian,,False,False,False,False
z,z,com.apple.keylayout.Latvian,,False,False,False,False
x,x,com.apple.keylayout.Latvian,,False,False,False,False
c,c,com.apple.keylayout.Latvian,,False,False,False,False
v,v,com.apple.keylayout.Latvian,,False,False,False,False
§,§,com.apple.keylayout.Latvian,10,False,False,False,False
b,b,com.apple.keylayout.Latvian,,False,False,False,False
q,q,com.apple.keylayout.Latvian,,False,False,False,False
w,w,com.apple.keylayout.Latvian,,False,False,False,False
e,e,com.apple.keylayout.Latvian,,False,False,False,False
r,r,com.apple.keylayout.Latvian,,False,False,False,False
y,y,com.apple.keylayout.Latvian,,False,False,False,False
t,t,com.apple.keylayout.Latvian,,False,False,False,False
1,1,com.apple.keylayout.Latvian,,False,False,False,False
2,2,com.apple.keylayout.Latvian,,False,False,False,False
3,3,com.apple.keylayout.Latvian,,False,False,False,False
4,4,com.apple.keylayout.Latvian,,False,False,False,False
6,6,com.apple.keylayout.Latvian,,False,False,False,False
5,5,com.apple.keylayout.Latvian,,False,False,False,False
=,=,com.apple.keylayout.Latvian,,False,False,False,False
9,9,com.apple.keylayout.Latvian,,False,False,False,False
7,7,com.apple.keylayout.Latvian,,False,False,False,False
-,-,com.apple.keylayout.Latvian,,False,False,False,False
8,8,com.apple.keylayout.Latvian,,False,False,False,False
0,0,com.apple.keylayout.Latvian,,False,False,False,False
],],com.apple.keylayout.Latvian,,False,False,False,False
o,o,com.apple.keylayout.Latvian,,False,False,False,False
u,u,com.apple.keylayout.Latvian,,False,False,False,False
[,[,com.apple.keylayout.Latvian,,False,False,False,False
i,i,com.apple.keylayout.Latvian,,False,False,False,False
p,p,com.apple.keylayout.Latvian,,False,False,False,False
l,l,com.apple.keylayout.Latvian,,False,False,False,False
j,j,com.apple.keylayout.Latvian,,False,False,False,False
k,k,com.apple.keylayout.Latvian,,False,False,False,False
;,;,com.apple.keylayout.Latvian,,False,False,False,False
\,\,com.apple.keylayout.Latvian,,False,False,False,False
",",",",com.apple.keylayout.Latvian,,False,False,False,False
/,/,com.apple.keylayout.Latvian,,False,False,False,False
n,n,com.apple.keylayout.Latvian,,False,False,False,False
m,m,com.apple.keylayout.Latvian,,False,False,False,False
.,.,com.apple.keylayout.Latvian,,False,False,False,False
 , ,com.apple.keylayout.Latvian,,False,False,False,False
',',com.apple.keylayout.Latvian,50,False,False,False,False
A,a,com.apple.keylayout.Latvian,,False,True,False,False
S,s,com.apple.keylayout.Latvian,,False,True,False,False
D,d,com.apple.keylayout.Latvian,,False,True,False,False
F,f,com.apple.keylayout.Latvian,,False,True,False,False
H,h,com.apple.keylayout.Latvian,,False,True,False,False
G,g,com.apple.keylayout.Latvian,,False,True,False,False
Z,z,com.apple.keylayout.Latvian,,False,True,False,False
X,x,com.apple.keylayout.Latvian,,False,True,False,False
C,c,com.apple.keylayout.Latvian,,False,True,False,False
V,v,com.apple.keylayout.Latvian,,False,True,False,False
#,§,com.apple.keylayout.Latvian,10,False,True,False,False
B,b,com.apple.keylayout.Latvian,,False,True,False,False
Q,q,com.apple.keylayout.Latvian,,False,True,False,False
W,w,com.apple.keylayout.Latvian,,False,True,False,False
E,e,com.apple.keylayout.Latvian,,False,True,False,False
R,r,com.apple.keylayout.Latvian,,False,True,False,False
Y,y,com.apple.keylayout.Latvian,,False,True,False,False
T,t,com.apple.keylayout.Latvian,,False,True,False,False
!,1,com.apple.keylayout.Latvian,,False,True,False,False
@,2,com.apple.keylayout.Latvian,,False,True,False,False
£,3,com.apple.keylayout.Latvian,,False,True,False,False
$,4,com.apple.keylayout.Latvian,,False,True,False,False
^,6,com.apple.keylayout.Latvian,,False,True,False,False
%,5,com.apple.keylayout.Latvian,,False,True,False,False
+,=,com.apple.keylayout.Latvian,,False,True,False,False
(,9,com.apple.keylayout.Latvian,,False,True,False,False
&,7,com.apple.keylayout.Latvian,,False,True,False,False
_,-,com.apple.keylayout.Latvian,,False,True,False,False
*,8,com.apple.keylayout.Latvian,,False,True,False,False
),0,com.apple.keylayout.Latvian,,False,True,False,False
},],com.apple.keylayout.Latvian,,False,True,False,False
O,o,com.apple.keylayout.Latvian,,False,True,False,False
U,u,com.apple.keylayout.Latvian,,False,True,False,False
{,[,com.apple.keylayout.Latvian,,False,True,False,False
I,i,com.apple.keylayout.Latvian,,False,True,False,False
P,p,com.apple.keylayout.Latvian,,False,True,False,False
L,l,com.apple.keylayout.Latvian,,False,True,False,False
J,j,com.apple.keylayout.Latvian,,False,True,False,False
K,k,com.apple.keylayout.Latvian,,False,True,False,False
:,;,com.apple.keylayout.Latvian,,False,True,False,False
|,\,com.apple.keylayout.Latvian,,False,True,False,False
<,",",com.apple.keylayout.Latvian,,False,True,False,False
?,/,com.apple.keylayout.Latvian,,False,True,False,False
N,n,com.apple.keylayout.Latvian,,False,True,False,False
M,m,com.apple.keylayout.Latvian,,False,True,False,False
>,.,com.apple.keylayout.Latvian,,False,True,False,False
 , ,com.apple.keylayout.Latvian,,False,True,False,False
~,',com.apple.keylayout.Latvian,50,False,True,False,False
ā,a,com.apple.keylayout.Latvian,,True,False,False,False
š,s,com.apple.keylayout.Latvian,,True,False,False,False
∂,d,com.apple.keylayout.Latvian,,True,False,False,False
^,f,com.apple.keylayout.Latvian,,True,False,False,False
ģ,g,com.apple.keylayout.Latvian,,True,False,False,False
ž,z,com.apple.keylayout.Latvian,,True,False,False,False
ß,x,com.apple.keylayout.Latvian,,True,False,False,False
č,c,com.apple.keylayout.Latvian,,True,False,False,False
√,v,com.apple.keylayout.Latvian,,True,False,False,False
°,§,com.apple.keylayout.Latvian,10,True,False,False,False
©,q,com.apple.keylayout.Latvian,,True,False,False,False
ē,e,com.apple.keylayout.Latvian,,True,False,False,False
ŗ,r,com.apple.keylayout.Latvian,,True,False,False,False
®,y,com.apple.keylayout.Latvian,,True,False,False,False
†,t,com.apple.keylayout.Latvian,,True,False,False,False
!,1,com.apple.keylayout.Latvian,,True,False,False,False
™,2,com.apple.keylayout.Latvian,,True,False,False,False
#,3,com.apple.keylayout.Latvian,,True,False,False,False
%,5,com.apple.keylayout.Latvian,,True,False,False,False
≠,=,com.apple.keylayout.Latvian,,True,False,False,False
‚,9,com.apple.keylayout.Latvian,,True,False,False,False
¶,7,com.apple.keylayout.Latvian,,True,False,False,False
–,-,com.apple.keylayout.Latvian,,True,False,False,False
•,8,com.apple.keylayout.Latvian,,True,False,False,False
‘,0,com.apple.keylayout.Latvian,,True,False,False,False
“,],com.apple.keylayout.Latvian,,True,False,False,False
ō,o,com.apple.keylayout.Latvian,,True,False,False,False
ū,u,com.apple.keylayout.Latvian,,True,False,False,False
„,[,com.apple.keylayout.Latvian,,True,False,False,False
ī,i,com.apple.keylayout.Latvian,,True,False,False,False
¬,p,com.apple.keylayout.Latvian,,True,False,False,False
ļ,l,com.apple.keylayout.Latvian,,True,False,False,False
∆,j,com.apple.keylayout.Latvian,,True,False,False,False
ķ,k,com.apple.keylayout.Latvian,,True,False,False,False
…,;,com.apple.keylayout.Latvian,,True,False,False,False
«,\,com.apple.keylayout.Latvian,,True,False,False,False
≤,",",com.apple.keylayout.Latvian,,True,False,False,False
÷,/,com.apple.keylayout.Latvian,,True,False,False,False
ņ,n,com.apple.keylayout.Latvian,,True,False,False,False
°,m,com.apple.keylayout.Latvian,,True,False,False,False
≥,.,com.apple.keylayout.Latvian,,True,False,False,False
 , ,com.apple.keylayout.Latvian,,True,False,False,False
`,',com.apple.keylayout.Latvian,50,True,False,False,False
Ā,a,com.apple.keylayout.Latvian,,True,True,False,False
Š,s,com.apple.keylayout.Latvian,,True,True,False,False
∂,d,com.apple.keylayout.Latvian,,True,True,False,False
^,f,com.apple.keylayout.Latvian,,True,True,False,False
Ģ,g,com.apple.keylayout.Latvian,,True,True,False,False
Ž,z,com.apple.keylayout.Latvian,,True,True,False,False
ß,x,com.apple.keylayout.Latvian,,True,True,False,False
Č,c,com.apple.keylayout.Latvian,,True,True,False,False
◊,v,com.apple.keylayout.Latvian,,True,True,False,False
•,§,com.apple.keylayout.Latvian,10,True,True,False,False
`,b,com.apple.keylayout.Latvian,,True,True,False,False
©,q,com.apple.keylayout.Latvian,,True,True,False,False
∑,w,com.apple.keylayout.Latvian,,True,True,False,False
Ē,e,com.apple.keylayout.Latvian,,True,True,False,False
Ŗ,r,com.apple.keylayout.Latvian,,True,True,False,False
®,y,com.apple.keylayout.Latvian,,True,True,False,False
†,t,com.apple.keylayout.Latvian,,True,True,False,False
!,1,com.apple.keylayout.Latvian,,True,True,False,False
@,2,com.apple.keylayout.Latvian,,True,True,False,False
‹,3,com.apple.keylayout.Latvian,,True,True,False,False
›,4,com.apple.keylayout.Latvian,,True,True,False,False
§,6,com.apple.keylayout.Latvian,,True,True,False,False
%,5,com.apple.keylayout.Latvian,,True,True,False,False
≠,=,com.apple.keylayout.Latvian,,True,True,False,False
“,9,com.apple.keylayout.Latvian,,True,True,False,False
¶,7,com.apple.keylayout.Latvian,,True,True,False,False
—,-,com.apple.keylayout.Latvian,,True,True,False,False
°,8,com.apple.keylayout.Latvian,,True,True,False,False
‘,0,com.apple.keylayout.Latvian,,True,True,False,False
’,],com.apple.keylayout.Latvian,,True,True,False,False
Ō,o,com.apple.keylayout.Latvian,,True,True,False,False
Ū,u,com.apple.keylayout.Latvian,,True,True,False,False
”,[,com.apple.keylayout.Latvian,,True,True,False,False
Ī,i,com.apple.keylayout.Latvian,,True,True,False,False
¬,p,com.apple.keylayout.Latvian,,True,True,False,False
Ļ,l,com.apple.keylayout.Latvian,,True,True,False,False
∆,j,com.apple.keylayout.Latvian,,True,True,False,False
Ķ,k,com.apple.keylayout.Latvian,,True,True,False,False
…,;,com.apple.keylayout.Latvian,,True,True,False,False
»,\,com.apple.keylayout.Latvian,,True,True,False,False
«,",",com.apple.keylayout.Latvian,,True,True,False,False
÷,/,com.apple.keylayout.Latvian,,True,True,False,False
Ņ,n,com.apple.keylayout.Latvian,,True,True,False,False
°,m,com.apple.keylayout.Latvian,,True,True,False,False
»,.,com.apple.keylayout.Latvian,,True,True,False,False
 , ,com.apple.keylayout.Latvian,,True,True,False,False
 ,',com.apple.keylayout.Latvian,50,True,True,False,False
a,a,com.apple.keylayout.USExtended,,False,False,False,False
s,s,com.apple.keylayout.USExtended,,False,False,False,False
d,d,com.apple.keylayout.USExtended,,False,False,False,False
f,f,com.apple.keylayout.USExtended,,False,False,False,False
h,h,com.apple.keylayout.USExtended,,False,False,False,False
g,g,com.apple.keylayout.USExtended,,False,False,False,False
z,z,com.apple.keylayout.USExtended,,False,False,False,False
x,x,com.apple.keylayout.USExtended,,False,False,False,False
c,c,com.apple.keylayout.USExtended,,False,False,False,False
v,v,com.apple.keylayout.USExtended,,False,False,False,False
§,§,com.apple.keylayout.USExtended,10,False,False,False,False
b,b,com.apple.keylayout.USExtended,,False,False,False,False
q,q,com.apple.keylayout.USExtended,,False,False,False,False
w,w,com.apple.keylayout.USExtended,,False,False,False,False
e,e,com.apple.keylayout.USExtended,,False,False,False,False
r,r,com.apple.keylayout.USExtended,,False,False,False,False
y,y,com.apple.keylayout.USExtended,,False,False,False,False
t,t,com.apple.keylayout.USExtended,,False,False,False,False
1,1,com.apple.keylayout.USExtended,,False,False,False,False
2,2,com.apple.keylayout.USExtended,,False,False,False,False
3,3,com.apple.keylayout.USExtended,,False,False,False,False
4,4,com.apple.keylayout.USExtended,,False,False,False,False
6,6,com.apple.keylayout.USExtended,,False,False,False,False
5,5,com.apple.keylayout.USExtended,,False,False,False,False
=,=,com.apple.keylayout.USExtended,,False,False,False,False
9,9,com.apple.keylayout.USExtended,,False,False,False,False
7,7,com.apple.keylayout.USExtended,,False,False,False,False
-,-,com.apple.keylayout.USExtended,,False,False,False,False
8,8,com.apple.keylayout.USExtended,,False,False,False,False
0,0,com.apple.keylayout.USExtended,,False,False,False,False
],],com.apple.keylayout.USExtended,,False,False,False,False
o,o,com.apple.keylayout.USExtended,,False,False,False,False
u,u,com.apple.keylayout.USExtended,,False,False,False,False
[,[,com.apple.keylayout.USExtended,,False,False,False,False
i,i,com.apple.keylayout.USExtended,,False,False,False,False
p,p,com.apple.keylayout.USExtended,,False,False,False,False
l,l,com.apple.keylayout.USExtended,,False,False,False,False
j,j,com.apple.keylayout.USExtended,,False,False,False,False
',',com.apple.keylayout.USExtended,,False,False,False,False
k,k,com.apple.keylayout.USExtended,,False,False,False,False
;,;,com.apple.keylayout.USExtended,,False,False,False,False
\,\,com.apple.keylayout.USExtended,,False,False,False,False
",",",",com.apple.keylayout.USExtended,,False,False,False,False
/,/,com.apple.keylayout.USExtended,,False,False,False,False
n,n,com.apple.keylayout.USExtended,,False,False,False,False
m,m,com.apple.keylayout.USExtended,,False,False,False,False
.,.,com.apple.keylayout.USExtended,,False,False,False,False
 , ,com.apple.keylayout.USExtended,,False,False,False,False
`,`,com.apple.keylayout.USExtended,50,False,False,False,False
A,a,com.apple.keylayout.USExtended,,False,True,False,False
S,s,com.apple.keylayout.USExtended,,False,True,False,False
D,d,com.apple.keylayout.USExtended,,False,True,False,False
F,f,com.apple.keylayout.USExtended,,False,True,False,False
H,h,com.apple.keylayout.USExtended,,False,True,False,False
G,g,com.apple.keylayout.USExtended,,False,True,False,False
Z,z,com.apple.keylayout.USExtended,,False,True,False,False
X,x,com.apple.keylayout.USExtended,,False,True,False,False
C,c,com.apple.keylayout.USExtended,,False,True,False,False
V,v,com.apple.keylayout.USExtended,,False,True,False,False
±,§,com.apple.keylayout.USExtended,10,False,True,False,False
B,b,com.apple.keylayout.USExtended,,False,True,False,False
Q,q,com.apple.keylayout.USExtended,,False,True,False,False
W,w,com.apple.keylayout.USExtended,,False,True,False,False
E,e,com.apple.keylayout.USExtended,,False,True,False,False
R,r,com.apple.keylayout.USExtended,,False,True,False,False
Y,y,com.apple.keylayout.USExtended,,False,True,False,False
T,t,com.apple.keylayout.USExtended,,False,True,False,False
!,1,com.apple.keylayout.USExtended,,False,True,False,False
@,2,com.apple.keylayout.USExtended,,False,True,False,False
#,3,com.apple.keylayout.USExtended,,False,True,False,False
$,4,com.apple.keylayout.USExtended,,False,True,False,False
^,6,com.apple.keylayout.USExtended,,False,True,False,False
%,5,com.apple.keylayout.USExtended,,False,True,False,False
+,=,com.apple.keylayout.USExtended,,False,True,False,False
(,9,com.apple.keylayout.USExtended,,False,True,False,False
&,7,com.apple.keylayout.USExtended,,False,True,False,False
_,-,com.apple.keylayout.USExtended,,False,True,False,False
*,8,com.apple.keylayout.USExtended,,False,True,False,False
),0,com.apple.keylayout.USExtended,,False,True,False,False
},],com.apple.keylayout.USExtended,,False,True,False,False
O,o,com.apple.keylayout.USExtended,,False,True,False,False
U,u,com.apple.keylayout.USExtended,,False,True,False,False
{,[,com.apple.keylayout.USExtended,,False,True,False,False
I,i,com.apple.keylayout.USExtended,,False,True,False,False
P,p,com.apple.keylayout.USExtended,,False,True,False,False
L,l,com.apple.keylayout.USExtended,,False,True,False,False
J,j,com.apple.keylayout.USExtended,,False,True,False,False
"""",',com.apple.keylayout.USExtended,,False,True,False,False
K,k,com.apple.keylayout.USExtended,,False,True,False,False
:,;,com.apple.keylayout.USExtended,,False,True,False,False
|,\,com.apple.keylayout.USExtended,,False,True,False,False
<,",",com.apple.keylayout.USExtended,,False,True,False,False
?,/,com.apple.keylayout.USExtended,,False,True,False,False
N,n,com.apple.keylayout.USExtended,,False,True,False,False
M,m,com.apple.keylayout.USExtended,,False,True,False,False
>,.,com.apple.keylayout.USExtended,,False,True,False,False
 , ,com.apple.keylayout.USExtended,,False,True,False,False
~,`,com.apple.keylayout.USExtended,50,False,True,False,False
ß,s,com.apple.keylayout.USExtended,,True,False,False,False
ð,d,com.apple.keylayout.USExtended,,True,False,False,False
ƒ,f,com.apple.keylayout.USExtended,,True,False,False,False
©,g,com.apple.keylayout.USExtended,,True,False,False,False
§,§,com.apple.keylayout.USExtended,10,True,False,False,False
œ,q,com.apple.keylayout.USExtended,,True,False,False,False
®,r,com.apple.keylayout.USExtended,,True,False,False,False
¥,y,com.apple.keylayout.USExtended,,True,False,False,False
þ,t,com.apple.keylayout.USExtended,,True,False,False,False
¡,1,com.apple.keylayout.USExtended,,True,False,False,False
™,2,com.apple.keylayout.USExtended,,True,False,False,False
£,3,com.apple.keylayout.USExtended,,True,False,False,False
¢,4,com.apple.keylayout.USExtended,,True,False,False,False
§,5,com.apple.keylayout.USExtended,,True,False,False,False
≠,=,com.apple.keylayout.USExtended,,True,False,False,False
ª,9,com.apple.keylayout.USExtended,,True,False,False,False
¶,7,com.apple.keylayout.USExtended,,True,False,False,False
–,-,com.apple.keylayout.USExtended,,True,False,False,False
•,8,com.apple.keylayout.USExtended,,True,False,False,False
º,0,com.apple.keylayout.USExtended,,True,False,False,False
‘,],com.apple.keylayout.USExtended,,True,False,False,False
ø,o,com.apple.keylayout.USExtended,,True,False,False,False
“,[,com.apple.keylayout.USExtended,,True,False,False,False
æ,',com.apple.keylayout.USExtended,,True,False,False,False
…,;,com.apple.keylayout.USExtended,,True,False,False,False
«,\,com.apple.keylayout.USExtended,,True,False,False,False
≤,",",com.apple.keylayout.USExtended,,True,False,False,False
÷,/,com.apple.keylayout.USExtended,,True,False,False,False
≥,.,com.apple.keylayout.USExtended,,True,False,False,False
 , ,com.apple.keylayout.USExtended,,True,False,False,False
̄,a,com.apple.keylayout.USExtended,,True,True,False,False
Ð,d,com.apple.keylayout.USExtended,,True,True,False,False
̱,h,com.apple.keylayout.USExtended,,True,True,False,False
̉,z,com.apple.keylayout.USExtended,,True,True,False,False
̣,x,com.apple.keylayout.USExtended,,True,True,False,False
̧,c,com.apple.keylayout.USExtended,,True,True,False,False
̌,v,com.apple.keylayout.USExtended,,True,True,False,False
±,§,com.apple.keylayout.USExtended,10,True,True,False,False
̆,b,com.apple.keylayout.USExtended,,True,True,False,False
Œ,q,com.apple.keylayout.USExtended,,True,True,False,False
̇,w,com.apple.keylayout.USExtended,,True,True,False,False
́,e,com.apple.keylayout.USExtended,,True,True,False,False
‰,r,com.apple.keylayout.USExtended,,True,True,False,False
Þ,t,com.apple.keylayout.USExtended,,True,True,False,False
⁄,1,com.apple.keylayout.USExtended,,True,True,False,False
€,2,com.apple.keylayout.USExtended,,True,True,False,False
‹,3,com.apple.keylayout.USExtended,,True,True,False,False
›,4,com.apple.keylayout.USExtended,,True,True,False,False
̂,6,com.apple.keylayout.USExtended,,True,True,False,False
†,5,com.apple.keylayout.USExtended,,True,True,False,False
±,=,com.apple.keylayout.USExtended,,True,True,False,False
·,9,com.apple.keylayout.USExtended,,True,True,False,False
‡,7,com.apple.keylayout.USExtended,,True,True,False,False
—,-,com.apple.keylayout.USExtended,,True,True,False,False
°,8,com.apple.keylayout.USExtended,,True,True,False,False
‚,0,com.apple.keylayout.USExtended,,True,True,False,False
’,],com.apple.keylayout.USExtended,,True,True,False,False
Ø,o,com.apple.keylayout.USExtended,,True,True,False,False
̈,u,com.apple.keylayout.USExtended,,True,True,False,False
”,[,com.apple.keylayout.USExtended,,True,True,False,False
̛,i,com.apple.keylayout.USExtended,,True,True,False,False
̦,p,com.apple.keylayout.USExtended,,True,True,False,False
̵,l,com.apple.keylayout.USExtended,,True,True,False,False
̋,j,com.apple.keylayout.USExtended,,True,True,False,False
Æ,',com.apple.keylayout.USExtended,,True,True,False,False
̊,k,com.apple.keylayout.USExtended,,True,True,False,False
»,\,com.apple.keylayout.USExtended,,True,True,False,False
„,",",com.apple.keylayout.USExtended,,True,True,False,False
¿,/,com.apple.keylayout.USExtended,,True,True,False,False
̃,n,com.apple.keylayout.USExtended,,True,True,False,False
̨,m,com.apple.keylayout.USExtended,,True,True,False,False
 , ,com.apple.keylayout.USExtended,,True,True,False,False
̀,`,com.apple.keylayout.USExtended,50,True,True,False,False
้,้,com.apple.keylayout.Thai-PattaChote,,False,False,False,False
ท,ท,com.apple.keylayout.Thai-PattaChote,,False,False,False,False
ง,ง,com.apple.keylayout.Thai-PattaChote,,False,False,False,False
ก,ก,com.apple.keylayout.Thai-PattaChote,,False,False,False,False
ี,ี,com.apple.keylayout.Thai-PattaChote,,False,False,False,False
ั,ั,com.apple.keylayout.Thai-PattaChote,,False,False,False,False
บ,บ,com.apple.keylayout.Thai-PattaChote,,False,False,False,False
ป,ป,com.apple.keylayout.Thai-PattaChote,,False,False,False,False
ล,ล,com.apple.keylayout.Thai-PattaChote,,False,False,False,False
ห,ห,com.apple.keylayout.Thai-PattaChote,,False,False,False,False
ิ,ิ,com.apple.keylayout.Thai-PattaChote,,False,False,False,False
็,็,com.apple.keylayout.Thai-PattaChote,,False,False,False,False
ต,ต,com.apple.keylayout.Thai-PattaChote,,False,False,False,False
ย,ย,com.apple.keylayout.Thai-PattaChote,,False,False,False,False
อ,อ,com.apple.keylayout.Thai-PattaChote,,False,False,False,False
่,่,com.apple.keylayout.Thai-PattaChote,,False,False,False,False
ร,ร,com.apple.keylayout.Thai-PattaChote,,False,False,False,False
๒,๒,com.apple.keylayout.Thai-PattaChote,,False,False,False,False
๓,๓,com.apple.keylayout.Thai-PattaChote,,False,False,False,False
๔,๔,com.apple.keylayout.Thai-PattaChote,,False,False,False,False
ู,ู,com.apple.keylayout.Thai-PattaChote,,False,False,False,False
๕,๕,com.apple.keylayout.Thai-PattaChote,,False,False,False,False
๖,๖,com.apple.keylayout.Thai-PattaChote,,False,False,False,False
๙,๙,com.apple.keylayout.Thai-PattaChote,,False,False,False,False
๗,๗,com.apple.keylayout.Thai-PattaChote,,False,False,False,False
๑,๑,com.apple.keylayout.Thai-PattaChote,,False,False,False,False
๘,๘,com.apple.keylayout.Thai-PattaChote,,False,False,False,False
๐,๐,com.apple.keylayout.Thai-PattaChote,,False,False,False,False
ฌ,ฌ,com.apple.keylayout.Thai-PattaChote,,False,False,False,False
ว,ว,com.apple.keylayout.Thai-PattaChote,,False,False,False,False
ด,ด,com.apple.keylayout.Thai-PattaChote,,False,False,False,False
ใ,ใ,com.apple.keylayout.Thai-PattaChote,,False,False,False,False
ม,ม,com.apple.keylayout.Thai-PattaChote,,False,False,False,False
แ,แ,com.apple.keylayout.Thai-PattaChote,,False,False,False,False
เ,เ,com.apple.keylayout.Thai-PattaChote,,False,False,False,False
า,า,com.apple.keylayout.Thai-PattaChote,,False,False,False,False
ข,ข,com.apple.keylayout.Thai-PattaChote,,False,False,False,False
น,น,com.apple.keylayout.Thai-PattaChote,,False,False,False,False
ไ,ไ,com.apple.keylayout.Thai-PattaChote,,False,False,False,False
ฃ,ฃ,com.apple.keylayout.Thai-PattaChote,,False,False,False,False
ะ,ะ,com.apple.keylayout.Thai-PattaChote,,False,False,False,False
พ,พ,com.apple.keylayout.Thai-PattaChote,,False,False,False,False
ค,ค,com.apple.keylayout.Thai-PattaChote,,False,False,False,False
ส,ส,com.apple.keylayout.Thai-PattaChote,,False,False,False,False
จ,จ,com.apple.keylayout.Thai-PattaChote,,False,False,False,False
 , ,com.apple.keylayout.Thai-PattaChote,,False,False,False,False
฿,฿,com.apple.keylayout.Thai-PattaChote,50,False,False,False,False
๋,้,com.apple.keylayout.Thai-PattaChote,,False,True,False,False
ธ,ท,com.apple.keylayout.Thai-PattaChote,,False,True,False,False
ำ,ง,com.apple.keylayout.Thai-PattaChote,,False,True,False,False
ณ,ก,com.apple.keylayout.Thai-PattaChote,,False,True,False,False
ื,ี,com.apple.keylayout.Thai-PattaChote,,False,True,False,False
์,ั,com.apple.keylayout.Thai-PattaChote,,False,True,False,False
ฎ,บ,com.apple.keylayout.Thai-PattaChote,,False,True,False,False
ฏ,ป,com.apple.keylayout.Thai-PattaChote,,False,True,False,False
ฐ,ล,com.apple.keylayout.Thai-PattaChote,,False,True,False,False
ภ,ห,com.apple.keylayout.Thai-PattaChote,,False,True,False,False
ั,ิ,com.apple.keylayout.Thai-PattaChote,,False,True,False,False
๊,็,com.apple.keylayout.Thai-PattaChote,,False,True,False,False
ฤ,ต,com.apple.keylayout.Thai-PattaChote,,False,True,False,False
ๆ,ย,com.apple.keylayout.Thai-PattaChote,,False,True,False,False
ญ,อ,com.apple.keylayout.Thai-PattaChote,,False,True,False,False
ึ,่,com.apple.keylayout.Thai-PattaChote,,False,True,False,False
ษ,ร,com.apple.keylayout.Thai-PattaChote,,False,True,False,False
"""",๒,com.apple.keylayout.Thai-PattaChote,,False,True,False,False
/,๓,com.apple.keylayout.Thai-PattaChote,,False,True,False,False
",",๔,com.apple.keylayout.Thai-PattaChote,,False,True,False,False
ุ,ู,com.apple.keylayout.Thai-PattaChote,,False,True,False,False
?,๕,com.apple.keylayout.Thai-PattaChote,,False,True,False,False
%,๖,com.apple.keylayout.Thai-PattaChote,,False,True,False,False
(,๙,com.apple.keylayout.Thai-PattaChote,,False,True,False,False
_,๗,com.apple.keylayout.Thai-PattaChote,,False,True,False,False
-,๑,com.apple.keylayout.Thai-PattaChote,,False,True,False,False
.,๘,com.apple.keylayout.Thai-PattaChote,,False,True,False,False
),๐,com.apple.keylayout.Thai-PattaChote,,False,True,False,False
ภ,ฌ,com.apple.keylayout.Thai-PattaChote,,False,True,False,False
ถ,ว,com.apple.keylayout.Thai-PattaChote,,False,True,False,False
ฝ,ด,com.apple.keylayout.Thai-PattaChote,,False,True,False,False
ฯ,ใ,com.apple.keylayout.Thai-PattaChote,,False,True,False,False
ซ,ม,com.apple.keylayout.Thai-PattaChote,,False,True,False,False
ฒ,แ,com.apple.keylayout.Thai-PattaChote,,False,True,False,False
โ,เ,com.apple.keylayout.Thai-PattaChote,,False,True,False,False
ผ,า,com.apple.keylayout.Thai-PattaChote,,False,True,False,False
ฑ,ข,com.apple.keylayout.Thai-PattaChote,,False,True,False,False
ช,น,com.apple.keylayout.Thai-PattaChote,,False,True,False,False
ฆ,ไ,com.apple.keylayout.Thai-PattaChote,,False,True,False,False
ฅ,ฃ,com.apple.keylayout.Thai-PattaChote,,False,True,False,False
ฟ,ะ,com.apple.keylayout.Thai-PattaChote,,False,True,False,False
ฬ,พ,com.apple.keylayout.Thai-PattaChote,,False,True,False,False
ศ,ค,com.apple.keylayout.Thai-PattaChote,,False,True,False,False
ฮ,ส,com.apple.keylayout.Thai-PattaChote,,False,True,False,False
ฉ,จ,com.apple.keylayout.Thai-PattaChote,,False,True,False,False
​, ,com.apple.keylayout.Thai-PattaChote,,False,True,False,False
~,฿,com.apple.keylayout.Thai-PattaChote,50,False,True,False,False
©,ั,com.apple.keylayout.Thai-PattaChote,,True,False,False,False
®,อ,com.apple.keylayout.Thai-PattaChote,,True,False,False,False
™,๒,com.apple.keylayout.Thai-PattaChote,,True,False,False,False
–,๑,com.apple.keylayout.Thai-PattaChote,,True,False,False,False
•,๘,com.apple.keylayout.Thai-PattaChote,,True,False,False,False
‘,ฌ,com.apple.keylayout.Thai-PattaChote,,True,False,False,False
“,ใ,com.apple.keylayout.Thai-PattaChote,,True,False,False,False
…,ไ,com.apple.keylayout.Thai-PattaChote,,True,False,False,False
«,ฃ,com.apple.keylayout.Thai-PattaChote,,True,False,False,False
 , ,com.apple.keylayout.Thai-PattaChote,,True,False,False,False
—,๑,com.apple.keylayout.Thai-PattaChote,,True,True,False,False
’,ฌ,com.apple.keylayout.Thai-PattaChote,,True,True,False,False
”,ใ,com.apple.keylayout.Thai-PattaChote,,True,True,False,False
»,ฃ,com.apple.keylayout.Thai-PattaChote,,True,True,False,False
a,a,com.apple.keylayout.Slovenian,,False,False,False,False
s,s,com.apple.keylayout.Slovenian,,False,False,False,False
d,d,com.apple.keylayout.Slovenian,,False,False,False,False
f,f,com.apple.keylayout.Slovenian,,False,False,False,False
h,h,com.apple.keylayout.Slovenian,,False,False,False,False
g,g,com.apple.keylayout.Slovenian,,False,False,False,False
z,z,com.apple.keylayout.Slovenian,,False,False,False,False
x,x,com.apple.keylayout.Slovenian,,False,False,False,False
c,c,com.apple.keylayout.Slovenian,,False,False,False,False
v,v,com.apple.keylayout.Slovenian,,False,False,False,False
“,“,com.apple.keylayout.Slovenian,10,False,False,False,False
b,b,com.apple.keylayout.Slovenian,,False,False,False,False
q,q,com.apple.keylayout.Slovenian,,False,False,False,False
w,w,com.apple.keylayout.Slovenian,,False,False,False,False
e,e,com.apple.keylayout.Slovenian,,False,False,False,False
r,r,com.apple.keylayout.Slovenian,,False,False,False,False
y,y,com.apple.keylayout.Slovenian,,False,False,False,False
t,t,com.apple.keylayout.Slovenian,,False,False,False,False
1,1,com.apple.keylayout.Slovenian,,False,False,False,False
2,2,com.apple.keylayout.Slovenian,,False,False,False,False
3,3,com.apple.keylayout.Slovenian,,False,False,False,False
4,4,com.apple.keylayout.Slovenian,,False,False,False,False
6,6,com.apple.keylayout.Slovenian,,False,False,False,False
5,5,com.apple.keylayout.Slovenian,,False,False,False,False
+,+,com.apple.keylayout.Slovenian,,False,False,False,False
9,9,com.apple.keylayout.Slovenian,,False,False,False,False
7,7,com.apple.keylayout.Slovenian,,False,False,False,False
/,/,com.apple.keylayout.Slovenian,,False,False,False,False
8,8,com.apple.keylayout.Slovenian,,False,False,False,False
0,0,com.apple.keylayout.Slovenian,,False,False,False,False
đ,đ,com.apple.keylayout.Slovenian,,False,False,False,False
o,o,com.apple.keylayout.Slovenian,,False,False,False,False
u,u,com.apple.keylayout.Slovenian,,False,False,False,False
š,š,com.apple.keylayout.Slovenian,,False,False,False,False
i,i,com.apple.keylayout.Slovenian,,False,False,False,False
p,p,com.apple.keylayout.Slovenian,,False,False,False,False
l,l,com.apple.keylayout.Slovenian,,False,False,False,False
j,j,com.apple.keylayout.Slovenian,,False,False,False,False
ć,ć,com.apple.keylayout.Slovenian,,False,False,False,False
k,k,com.apple.keylayout.Slovenian,,False,False,False,False
č,č,com.apple.keylayout.Slovenian,,False,False,False,False
ž,ž,com.apple.keylayout.Slovenian,,False,False,False,False
",",",",com.apple.keylayout.Slovenian,,False,False,False,False
-,-,com.apple.keylayout.Slovenian,,False,False,False,False
n,n,com.apple.keylayout.Slovenian,,False,False,False,False
m,m,com.apple.keylayout.Slovenian,,False,False,False,False
.,.,com.apple.keylayout.Slovenian,,False,False,False,False
 , ,com.apple.keylayout.Slovenian,,False,False,False,False
<,<,com.apple.keylayout.Slovenian,50,False,False,False,False
A,a,com.apple.keylayout.Slovenian,,False,True,False,False
S,s,com.apple.keylayout.Slovenian,,False,True,False,False
D,d,com.apple.keylayout.Slovenian,,False,True,False,False
F,f,com.apple.keylayout.Slovenian,,False,True,False,False
H,h,com.apple.keylayout.Slovenian,,False,True,False,False
G,g,com.apple.keylayout.Slovenian,,False,True,False,False
Z,z,com.apple.keylayout.Slovenian,,False,True,False,False
X,x,com.apple.keylayout.Slovenian,,False,True,False,False
C,c,com.apple.keylayout.Slovenian,,False,True,False,False
V,v,com.apple.keylayout.Slovenian,,False,True,False,False
”,“,com.apple.keylayout.Slovenian,10,False,True,False,False
B,b,com.apple.keylayout.Slovenian,,False,True,False,False
Q,q,com.apple.keylayout.Slovenian,,False,True,False,False
W,w,com.apple.keylayout.Slovenian,,False,True,False,False
E,e,com.apple.keylayout.Slovenian,,False,True,False,False
R,r,com.apple.keylayout.Slovenian,,False,True,False,False
Y,y,com.apple.keylayout.Slovenian,,False,True,False,False
T,t,com.apple.keylayout.Slovenian,,False,True,False,False
!,1,com.apple.keylayout.Slovenian,,False,True,False,False
"""",2,com.apple.keylayout.Slovenian,,False,True,False,False
#,3,com.apple.keylayout.Slovenian,,False,True,False,False
$,4,com.apple.keylayout.Slovenian,,False,True,False,False
&,6,com.apple.keylayout.Slovenian,,False,True,False,False
%,5,com.apple.keylayout.Slovenian,,False,True,False,False
*,+,com.apple.keylayout.Slovenian,,False,True,False,False
),9,com.apple.keylayout.Slovenian,,False,True,False,False
',7,com.apple.keylayout.Slovenian,,False,True,False,False
?,/,com.apple.keylayout.Slovenian,,False,True,False,False
(,8,com.apple.keylayout.Slovenian,,False,True,False,False
=,0,com.apple.keylayout.Slovenian,,False,True,False,False
Đ,đ,com.apple.keylayout.Slovenian,,False,True,False,False
O,o,com.apple.keylayout.Slovenian,,False,True,False,False
U,u,com.apple.keylayout.Slovenian,,False,True,False,False
Š,š,com.apple.keylayout.Slovenian,,False,True,False,False
I,i,com.apple.keylayout.Slovenian,,False,True,False,False
P,p,com.apple.keylayout.Slovenian,,False,True,False,False
L,l,com.apple.keylayout.Slovenian,,False,True,False,False
J,j,com.apple.keylayout.Slovenian,,False,True,False,False
Ć,ć,com.apple.keylayout.Slovenian,,False,True,False,False
K,k,com.apple.keylayout.Slovenian,,False,True,False,False
Č,č,com.apple.keylayout.Slovenian,,False,True,False,False
Ž,ž,com.apple.keylayout.Slovenian,,False,True,False,False
;,",",com.apple.keylayout.Slovenian,,False,True,False,False
_,-,com.apple.keylayout.Slovenian,,False,True,False,False
N,n,com.apple.keylayout.Slovenian,,False,True,False,False
M,m,com.apple.keylayout.Slovenian,,False,True,False,False
:,.,com.apple.keylayout.Slovenian,,False,True,False,False
 , ,com.apple.keylayout.Slovenian,,False,True,False,False
>,<,com.apple.keylayout.Slovenian,50,False,True,False,False
å,a,com.apple.keylayout.Slovenian,,True,False,False,False
ß,s,com.apple.keylayout.Slovenian,,True,False,False,False
∂,d,com.apple.keylayout.Slovenian,,True,False,False,False
ƒ,f,com.apple.keylayout.Slovenian,,True,False,False,False
©,g,com.apple.keylayout.Slovenian,,True,False,False,False
Ω,z,com.apple.keylayout.Slovenian,,True,False,False,False
≈,x,com.apple.keylayout.Slovenian,,True,False,False,False
ç,c,com.apple.keylayout.Slovenian,,True,False,False,False
√,v,com.apple.keylayout.Slovenian,,True,False,False,False
‹,“,com.apple.keylayout.Slovenian,10,True,False,False,False
∫,b,com.apple.keylayout.Slovenian,,True,False,False,False
œ,q,com.apple.keylayout.Slovenian,,True,False,False,False
∑,w,com.apple.keylayout.Slovenian,,True,False,False,False
®,r,com.apple.keylayout.Slovenian,,True,False,False,False
—,y,com.apple.keylayout.Slovenian,,True,False,False,False
†,t,com.apple.keylayout.Slovenian,,True,False,False,False
¡,1,com.apple.keylayout.Slovenian,,True,False,False,False
™,2,com.apple.keylayout.Slovenian,,True,False,False,False
£,3,com.apple.keylayout.Slovenian,,True,False,False,False
¢,4,com.apple.keylayout.Slovenian,,True,False,False,False
§,6,com.apple.keylayout.Slovenian,,True,False,False,False
∞,5,com.apple.keylayout.Slovenian,,True,False,False,False
≠,+,com.apple.keylayout.Slovenian,,True,False,False,False
ª,9,com.apple.keylayout.Slovenian,,True,False,False,False
¶,7,com.apple.keylayout.Slovenian,,True,False,False,False
-,/,com.apple.keylayout.Slovenian,,True,False,False,False
•,8,com.apple.keylayout.Slovenian,,True,False,False,False
º,0,com.apple.keylayout.Slovenian,,True,False,False,False
],đ,com.apple.keylayout.Slovenian,,True,False,False,False
ø,o,com.apple.keylayout.Slovenian,,True,False,False,False
[,š,com.apple.keylayout.Slovenian,,True,False,False,False
π,p,com.apple.keylayout.Slovenian,,True,False,False,False
¬,l,com.apple.keylayout.Slovenian,,True,False,False,False
∆,j,com.apple.keylayout.Slovenian,,True,False,False,False
^,ć,com.apple.keylayout.Slovenian,,True,False,False,False
…,č,com.apple.keylayout.Slovenian,,True,False,False,False
\,ž,com.apple.keylayout.Slovenian,,True,False,False,False
≤,",",com.apple.keylayout.Slovenian,,True,False,False,False
÷,-,com.apple.keylayout.Slovenian,,True,False,False,False
µ,m,com.apple.keylayout.Slovenian,,True,False,False,False
≥,.,com.apple.keylayout.Slovenian,,True,False,False,False
 , ,com.apple.keylayout.Slovenian,,True,False,False,False
Å,a,com.apple.keylayout.Slovenian,,True,True,False,False
Í,s,com.apple.keylayout.Slovenian,,True,True,False,False
Î,d,com.apple.keylayout.Slovenian,,True,True,False,False
Ï,f,com.apple.keylayout.Slovenian,,True,True,False,False
Ó,h,com.apple.keylayout.Slovenian,,True,True,False,False
Ì,g,com.apple.keylayout.Slovenian,,True,True,False,False
«,z,com.apple.keylayout.Slovenian,,True,True,False,False
»,x,com.apple.keylayout.Slovenian,,True,True,False,False
Ç,c,com.apple.keylayout.Slovenian,,True,True,False,False
◊,v,com.apple.keylayout.Slovenian,,True,True,False,False
›,“,com.apple.keylayout.Slovenian,10,True,True,False,False
Ñ,b,com.apple.keylayout.Slovenian,,True,True,False,False
Œ,q,com.apple.keylayout.Slovenian,,True,True,False,False
„,w,com.apple.keylayout.Slovenian,,True,True,False,False
‰,e,com.apple.keylayout.Slovenian,,True,True,False,False
“,r,com.apple.keylayout.Slovenian,,True,True,False,False
”,y,com.apple.keylayout.Slovenian,,True,True,False,False
‘,t,com.apple.keylayout.Slovenian,,True,True,False,False
⁄,1,com.apple.keylayout.Slovenian,,True,True,False,False
@,2,com.apple.keylayout.Slovenian,,True,True,False,False
‹,3,com.apple.keylayout.Slovenian,,True,True,False,False
›,4,com.apple.keylayout.Slovenian,,True,True,False,False
ı,6,com.apple.keylayout.Slovenian,,True,True,False,False
€,5,com.apple.keylayout.Slovenian,,True,True,False,False
±,+,com.apple.keylayout.Slovenian,,True,True,False,False
·,9,com.apple.keylayout.Slovenian,,True,True,False,False
–,7,com.apple.keylayout.Slovenian,,True,True,False,False
_,/,com.apple.keylayout.Slovenian,,True,True,False,False
°,8,com.apple.keylayout.Slovenian,,True,True,False,False
‚,0,com.apple.keylayout.Slovenian,,True,True,False,False
},đ,com.apple.keylayout.Slovenian,,True,True,False,False
Ø,o,com.apple.keylayout.Slovenian,,True,True,False,False
’,u,com.apple.keylayout.Slovenian,,True,True,False,False
{,š,com.apple.keylayout.Slovenian,,True,True,False,False
É,i,com.apple.keylayout.Slovenian,,True,True,False,False
∏,p,com.apple.keylayout.Slovenian,,True,True,False,False
Ò,l,com.apple.keylayout.Slovenian,,True,True,False,False
Ô,j,com.apple.keylayout.Slovenian,,True,True,False,False
Æ,ć,com.apple.keylayout.Slovenian,,True,True,False,False
,k,com.apple.keylayout.Slovenian,,True,True,False,False
æ,č,com.apple.keylayout.Slovenian,,True,True,False,False
|,ž,com.apple.keylayout.Slovenian,,True,True,False,False
È,",",com.apple.keylayout.Slovenian,,True,True,False,False
¿,-,com.apple.keylayout.Slovenian,,True,True,False,False
ˆ,n,com.apple.keylayout.Slovenian,,True,True,False,False
¯,m,com.apple.keylayout.Slovenian,,True,True,False,False
ˇ,.,com.apple.keylayout.Slovenian,,True,True,False,False
 , ,com.apple.keylayout.Slovenian,,True,True,False,False
~,<,com.apple.keylayout.Slovenian,50,True,True,False,False
ा,ा,com.apple.keylayout.Devanagari-QWERTY,,False,False,False,False
स,स,com.apple.keylayout.Devanagari-QWERTY,,False,False,False,False
द,द,com.apple.keylayout.Devanagari-QWERTY,,False,False,False,False
ह,ह,com.apple.keylayout.Devanagari-QWERTY,,False,False,False,False
ग,ग,com.apple.keylayout.Devanagari-QWERTY,,False,False,False,False
ङ,ङ,com.apple.keylayout.Devanagari-QWERTY,,False,False,False,False
ष,ष,com.apple.keylayout.Devanagari-QWERTY,,False,False,False,False
च,च,com.apple.keylayout.Devanagari-QWERTY,,False,False,False,False
व,व,com.apple.keylayout.Devanagari-QWERTY,,False,False,False,False
ब,ब,com.apple.keylayout.Devanagari-QWERTY,,False,False,False,False
ॅ,ॅ,com.apple.keylayout.Devanagari-QWERTY,,False,False,False,False
अ,अ,com.apple.keylayout.Devanagari-QWERTY,,False,False,False,False
े,े,com.apple.keylayout.Devanagari-QWERTY,,False,False,False,False
र,र,com.apple.keylayout.Devanagari-QWERTY,,False,False,False,False
य,य,com.apple.keylayout.Devanagari-QWERTY,,False,False,False,False
त,त,com.apple.keylayout.Devanagari-QWERTY,,False,False,False,False
१,१,com.apple.keylayout.Devanagari-QWERTY,,False,False,False,False
२,२,com.apple.keylayout.Devanagari-QWERTY,,False,False,False,False
३,३,com.apple.keylayout.Devanagari-QWERTY,,False,False,False,False
४,४,com.apple.keylayout.Devanagari-QWERTY,,False,False,False,False
६,६,com.apple.keylayout.Devanagari-QWERTY,,False,False,False,False
५,५,com.apple.keylayout.Devanagari-QWERTY,,False,False,False,False
=,=,com.apple.keylayout.Devanagari-QWERTY,,False,False,False,False
९,९,com.apple.keylayout.Devanagari-QWERTY,,False,False,False,False
७,७,com.apple.keylayout.Devanagari-QWERTY,,False,False,False,False
-,-,com.apple.keylayout.Devanagari-QWERTY,,False,False,False,False
८,८,com.apple.keylayout.Devanagari-QWERTY,,False,False,False,False
०,०,com.apple.keylayout.Devanagari-QWERTY,,False,False,False,False
र॰,र॰,com.apple.keylayout.Devanagari-QWERTY,,False,False,False,False
ो,ो,com.apple.keylayout.Devanagari-QWERTY,,False,False,False,False
ु,ु,com.apple.keylayout.Devanagari-QWERTY,,False,False,False,False
॰,॰,com.apple.keylayout.Devanagari-QWERTY,,False,False,False,False
ि,ि,com.apple.keylayout.Devanagari-QWERTY,,False,False,False,False
प,प,com.apple.keylayout.Devanagari-QWERTY,,False,False,False,False
ल,ल,com.apple.keylayout.Devanagari-QWERTY,,False,False,False,False
ज,ज,com.apple.keylayout.Devanagari-QWERTY,,False,False,False,False
',',com.apple.keylayout.Devanagari-QWERTY,,False,False,False,False
क,क,com.apple.keylayout.Devanagari-QWERTY,,False,False,False,False
;,;,com.apple.keylayout.Devanagari-QWERTY,,False,False,False,False
ॊ,ॊ,com.apple.keylayout.Devanagari-QWERTY,,False,False,False,False
",",",",com.apple.keylayout.Devanagari-QWERTY,,False,False,False,False
/,/,com.apple.keylayout.Devanagari-QWERTY,,False,False,False,False
न,न,com.apple.keylayout.Devanagari-QWERTY,,False,False,False,False
म,म,com.apple.keylayout.Devanagari-QWERTY,,False,False,False,False
।,।,com.apple.keylayout.Devanagari-QWERTY,,False,False,False,False
 , ,com.apple.keylayout.Devanagari-QWERTY,,False,False,False,False
ॆ,ॆ,com.apple.keylayout.Devanagari-QWERTY,50,False,False,False,False
ा,ा,com.apple.keylayout.Devanagari-QWERTY,,False,True,False,False
श,स,com.apple.keylayout.Devanagari-QWERTY,,False,True,False,False
ध,द,com.apple.keylayout.Devanagari-QWERTY,,False,True,False,False
ः,ह,com.apple.keylayout.Devanagari-QWERTY,,False,True,False,False
घ,ग,com.apple.keylayout.Devanagari-QWERTY,,False,True,False,False
ँ,ङ,com.apple.keylayout.Devanagari-QWERTY,,False,True,False,False
क्ष,ष,com.apple.keylayout.Devanagari-QWERTY,,False,True,False,False
छ,च,com.apple.keylayout.Devanagari-QWERTY,,False,True,False,False
भ,ब,com.apple.keylayout.Devanagari-QWERTY,,False,True,False,False
ॉ,ॅ,com.apple.keylayout.Devanagari-QWERTY,,False,True,False,False
आ,अ,com.apple.keylayout.Devanagari-QWERTY,,False,True,False,False
ै,े,com.apple.keylayout.Devanagari-QWERTY,,False,True,False,False
ृ,र,com.apple.keylayout.Devanagari-QWERTY,,False,True,False,False
य़,य,com.apple.keylayout.Devanagari-QWERTY,,False,True,False,False
थ,त,com.apple.keylayout.Devanagari-QWERTY,,False,True,False,False
!,१,com.apple.keylayout.Devanagari-QWERTY,,False,True,False,False
@,२,com.apple.keylayout.Devanagari-QWERTY,,False,True,False,False
#,३,com.apple.keylayout.Devanagari-QWERTY,,False,True,False,False
$,४,com.apple.keylayout.Devanagari-QWERTY,,False,True,False,False
^,६,com.apple.keylayout.Devanagari-QWERTY,,False,True,False,False
%,५,com.apple.keylayout.Devanagari-QWERTY,,False,True,False,False
+,=,com.apple.keylayout.Devanagari-QWERTY,,False,True,False,False
(,९,com.apple.keylayout.Devanagari-QWERTY,,False,True,False,False
&,७,com.apple.keylayout.Devanagari-QWERTY,,False,True,False,False
_,-,com.apple.keylayout.Devanagari-QWERTY,,False,True,False,False
*,८,com.apple.keylayout.Devanagari-QWERTY,,False,True,False,False
),०,com.apple.keylayout.Devanagari-QWERTY,,False,True,False,False
],र॰,com.apple.keylayout.Devanagari-QWERTY,,False,True,False,False
ौ,ो,com.apple.keylayout.Devanagari-QWERTY,,False,True,False,False
ू,ु,com.apple.keylayout.Devanagari-QWERTY,,False,True,False,False
[,॰,com.apple.keylayout.Devanagari-QWERTY,,False,True,False,False
ी,ि,com.apple.keylayout.Devanagari-QWERTY,,False,True,False,False
फ,प,com.apple.keylayout.Devanagari-QWERTY,,False,True,False,False
ळ,ल,com.apple.keylayout.Devanagari-QWERTY,,False,True,False,False
झ,ज,com.apple.keylayout.Devanagari-QWERTY,,False,True,False,False
"""",',com.apple.keylayout.Devanagari-QWERTY,,False,True,False,False
ख,क,com.apple.keylayout.Devanagari-QWERTY,,False,True,False,False
:,;,com.apple.keylayout.Devanagari-QWERTY,,False,True,False,False
ऒ,ॊ,com.apple.keylayout.Devanagari-QWERTY,,False,True,False,False
<,",",com.apple.keylayout.Devanagari-QWERTY,,False,True,False,False
?,/,com.apple.keylayout.Devanagari-QWERTY,,False,True,False,False
ण,न,com.apple.keylayout.Devanagari-QWERTY,,False,True,False,False
ं,म,com.apple.keylayout.Devanagari-QWERTY,,False,True,False,False
>,।,com.apple.keylayout.Devanagari-QWERTY,,False,True,False,False
 , ,com.apple.keylayout.Devanagari-QWERTY,,False,True,False,False
ऎ,ॆ,com.apple.keylayout.Devanagari-QWERTY,50,False,True,False,False
अ,ा,com.apple.keylayout.Devanagari-QWERTY,,True,False,False,False
श्र,स,com.apple.keylayout.Devanagari-QWERTY,,True,False,False,False
ड,द,com.apple.keylayout.Devanagari-QWERTY,,True,False,False,False
ऍ,ॅ,com.apple.keylayout.Devanagari-QWERTY,,True,False,False,False
ए,े,com.apple.keylayout.Devanagari-QWERTY,,True,False,False,False
ऋ,र,com.apple.keylayout.Devanagari-QWERTY,,True,False,False,False
य़,य,com.apple.keylayout.Devanagari-QWERTY,,True,False,False,False
ट,त,com.apple.keylayout.Devanagari-QWERTY,,True,False,False,False
1,१,com.apple.keylayout.Devanagari-QWERTY,,True,False,False,False
2,२,com.apple.keylayout.Devanagari-QWERTY,,True,False,False,False
3,३,com.apple.keylayout.Devanagari-QWERTY,,True,False,False,False
4,४,com.apple.keylayout.Devanagari-QWERTY,,True,False,False,False
6,६,com.apple.keylayout.Devanagari-QWERTY,,True,False,False,False
5,५,com.apple.keylayout.Devanagari-QWERTY,,True,False,False,False
=,=,com.apple.keylayout.Devanagari-QWERTY,,True,False,False,False
9,९,com.apple.keylayout.Devanagari-QWERTY,,True,False,False,False
7,७,com.apple.keylayout.Devanagari-QWERTY,,True,False,False,False
_,-,com.apple.keylayout.Devanagari-QWERTY,,True,False,False,False
8,८,com.apple.keylayout.Devanagari-QWERTY,,True,False,False,False
0,०,com.apple.keylayout.Devanagari-QWERTY,,True,False,False,False
],र॰,com.apple.keylayout.Devanagari-QWERTY,,True,False,False,False
ओ,ो,com.apple.keylayout.Devanagari-QWERTY,,True,False,False,False
उ,ु,com.apple.keylayout.Devanagari-QWERTY,,True,False,False,False
[,॰,com.apple.keylayout.Devanagari-QWERTY,,True,False,False,False
इ,ि,com.apple.keylayout.Devanagari-QWERTY,,True,False,False,False
ऴ,ल,com.apple.keylayout.Devanagari-QWERTY,,True,False,False,False
ज्ञ,ज,com.apple.keylayout.Devanagari-QWERTY,,True,False,False,False
ऽ,',com.apple.keylayout.Devanagari-QWERTY,,True,False,False,False
;,;,com.apple.keylayout.Devanagari-QWERTY,,True,False,False,False
\,ॊ,com.apple.keylayout.Devanagari-QWERTY,,True,False,False,False
ञ,न,com.apple.keylayout.Devanagari-QWERTY,,True,False,False,False
ँ,म,com.apple.keylayout.Devanagari-QWERTY,,True,False,False,False
.,।,com.apple.keylayout.Devanagari-QWERTY,,True,False,False,False
 , ,com.apple.keylayout.Devanagari-QWERTY,,True,False,False,False
`,ॆ,com.apple.keylayout.Devanagari-QWERTY,50,True,False,False,False
आ,ा,com.apple.keylayout.Devanagari-QWERTY,,True,True,False,False
ष,स,com.apple.keylayout.Devanagari-QWERTY,,True,True,False,False
ढ,द,com.apple.keylayout.Devanagari-QWERTY,,True,True,False,False
ऒ,ङ,com.apple.keylayout.Devanagari-QWERTY,,True,True,False,False
ऑ,ॅ,com.apple.keylayout.Devanagari-QWERTY,,True,True,False,False
ऐ,े,com.apple.keylayout.Devanagari-QWERTY,,True,True,False,False
ऱ,र,com.apple.keylayout.Devanagari-QWERTY,,True,True,False,False
ठ,त,com.apple.keylayout.Devanagari-QWERTY,,True,True,False,False
…,१,com.apple.keylayout.Devanagari-QWERTY,,True,True,False,False
©,२,com.apple.keylayout.Devanagari-QWERTY,,True,True,False,False
®,३,com.apple.keylayout.Devanagari-QWERTY,,True,True,False,False
™,४,com.apple.keylayout.Devanagari-QWERTY,,True,True,False,False
‘,६,com.apple.keylayout.Devanagari-QWERTY,,True,True,False,False
’,५,com.apple.keylayout.Devanagari-QWERTY,,True,True,False,False
+,=,com.apple.keylayout.Devanagari-QWERTY,,True,True,False,False
—,९,com.apple.keylayout.Devanagari-QWERTY,,True,True,False,False
–,७,com.apple.keylayout.Devanagari-QWERTY,,True,True,False,False
−,-,com.apple.keylayout.Devanagari-QWERTY,,True,True,False,False
•,८,com.apple.keylayout.Devanagari-QWERTY,,True,True,False,False
×,०,com.apple.keylayout.Devanagari-QWERTY,,True,True,False,False
},र॰,com.apple.keylayout.Devanagari-QWERTY,,True,True,False,False
औ,ो,com.apple.keylayout.Devanagari-QWERTY,,True,True,False,False
ऊ,ु,com.apple.keylayout.Devanagari-QWERTY,,True,True,False,False
{,॰,com.apple.keylayout.Devanagari-QWERTY,,True,True,False,False
ई,ि,com.apple.keylayout.Devanagari-QWERTY,,True,True,False,False
"""",',com.apple.keylayout.Devanagari-QWERTY,,True,True,False,False
:,;,com.apple.keylayout.Devanagari-QWERTY,,True,True,False,False
|,ॊ,com.apple.keylayout.Devanagari-QWERTY,,True,True,False,False
ऩ,न,com.apple.keylayout.Devanagari-QWERTY,,True,True,False,False
॥,।,com.apple.keylayout.Devanagari-QWERTY,,True,True,False,False
 , ,com.apple.keylayout.Devanagari-QWERTY,,True,True,False,False
~,ॆ,com.apple.keylayout.Devanagari-QWERTY,50,True,True,False,False
a,a,com.apple.keylayout.Norwegian,,False,False,False,False
s,s,com.apple.keylayout.Norwegian,,False,False,False,False
d,d,com.apple.keylayout.Norwegian,,False,False,False,False
f,f,com.apple.keylayout.Norwegian,,False,False,False,False
h,h,com.apple.keylayout.Norwegian,,False,False,False,False
g,g,com.apple.keylayout.Norwegian,,False,False,False,False
z,z,com.apple.keylayout.Norwegian,,False,False,False,False
x,x,com.apple.keylayout.Norwegian,,False,False,False,False
c,c,com.apple.keylayout.Norwegian,,False,False,False,False
v,v,com.apple.keylayout.Norwegian,,False,False,False,False
',',com.apple.keylayout.Norwegian,10,False,False,False,False
b,b,com.apple.keylayout.Norwegian,,False,False,False,False
q,q,com.apple.keylayout.Norwegian,,False,False,False,False
w,w,com.apple.keylayout.Norwegian,,False,False,False,False
e,e,com.apple.keylayout.Norwegian,,False,False,False,False
r,r,com.apple.keylayout.Norwegian,,False,False,False,False
y,y,com.apple.keylayout.Norwegian,,False,False,False,False
t,t,com.apple.keylayout.Norwegian,,False,False,False,False
1,1,com.apple.keylayout.Norwegian,,False,False,False,False
2,2,com.apple.keylayout.Norwegian,,False,False,False,False
3,3,com.apple.keylayout.Norwegian,,False,False,False,False
4,4,com.apple.keylayout.Norwegian,,False,False,False,False
6,6,com.apple.keylayout.Norwegian,,False,False,False,False
5,5,com.apple.keylayout.Norwegian,,False,False,False,False
9,9,com.apple.keylayout.Norwegian,,False,False,False,False
7,7,com.apple.keylayout.Norwegian,,False,False,False,False
+,+,com.apple.keylayout.Norwegian,,False,False,False,False
8,8,com.apple.keylayout.Norwegian,,False,False,False,False
0,0,com.apple.keylayout.Norwegian,,False,False,False,False
o,o,com.apple.keylayout.Norwegian,,False,False,False,False
u,u,com.apple.keylayout.Norwegian,,False,False,False,False
å,å,com.apple.keylayout.Norwegian,,False,False,False,False
i,i,com.apple.keylayout.Norwegian,,False,False,False,False
p,p,com.apple.keylayout.Norwegian,,False,False,False,False
l,l,com.apple.keylayout.Norwegian,,False,False,False,False
j,j,com.apple.keylayout.Norwegian,,False,False,False,False
æ,æ,com.apple.keylayout.Norwegian,,False,False,False,False
k,k,com.apple.keylayout.Norwegian,,False,False,False,False
ø,ø,com.apple.keylayout.Norwegian,,False,False,False,False
@,@,com.apple.keylayout.Norwegian,,False,False,False,False
",",",",com.apple.keylayout.Norwegian,,False,False,False,False
-,-,com.apple.keylayout.Norwegian,,False,False,False,False
n,n,com.apple.keylayout.Norwegian,,False,False,False,False
m,m,com.apple.keylayout.Norwegian,,False,False,False,False
.,.,com.apple.keylayout.Norwegian,,False,False,False,False
 , ,com.apple.keylayout.Norwegian,,False,False,False,False
<,<,com.apple.keylayout.Norwegian,50,False,False,False,False
A,a,com.apple.keylayout.Norwegian,,False,True,False,False
S,s,com.apple.keylayout.Norwegian,,False,True,False,False
D,d,com.apple.keylayout.Norwegian,,False,True,False,False
F,f,com.apple.keylayout.Norwegian,,False,True,False,False
H,h,com.apple.keylayout.Norwegian,,False,True,False,False
G,g,com.apple.keylayout.Norwegian,,False,True,False,False
Z,z,com.apple.keylayout.Norwegian,,False,True,False,False
X,x,com.apple.keylayout.Norwegian,,False,True,False,False
C,c,com.apple.keylayout.Norwegian,,False,True,False,False
V,v,com.apple.keylayout.Norwegian,,False,True,False,False
§,',com.apple.keylayout.Norwegian,10,False,True,False,False
B,b,com.apple.keylayout.Norwegian,,False,True,False,False
Q,q,com.apple.keylayout.Norwegian,,False,True,False,False
W,w,com.apple.keylayout.Norwegian,,False,True,False,False
E,e,com.apple.keylayout.Norwegian,,False,True,False,False
R,r,com.apple.keylayout.Norwegian,,False,True,False,False
Y,y,com.apple.keylayout.Norwegian,,False,True,False,False
T,t,com.apple.keylayout.Norwegian,,False,True,False,False
!,1,com.apple.keylayout.Norwegian,,False,True,False,False
"""",2,com.apple.keylayout.Norwegian,,False,True,False,False
#,3,com.apple.keylayout.Norwegian,,False,True,False,False
$,4,com.apple.keylayout.Norwegian,,False,True,False,False
&,6,com.apple.keylayout.Norwegian,,False,True,False,False
%,5,com.apple.keylayout.Norwegian,,False,True,False,False
),9,com.apple.keylayout.Norwegian,,False,True,False,False
/,7,com.apple.keylayout.Norwegian,,False,True,False,False
?,+,com.apple.keylayout.Norwegian,,False,True,False,False
(,8,com.apple.keylayout.Norwegian,,False,True,False,False
=,0,com.apple.keylayout.Norwegian,,False,True,False,False
O,o,com.apple.keylayout.Norwegian,,False,True,False,False
U,u,com.apple.keylayout.Norwegian,,False,True,False,False
Å,å,com.apple.keylayout.Norwegian,,False,True,False,False
I,i,com.apple.keylayout.Norwegian,,False,True,False,False
P,p,com.apple.keylayout.Norwegian,,False,True,False,False
L,l,com.apple.keylayout.Norwegian,,False,True,False,False
J,j,com.apple.keylayout.Norwegian,,False,True,False,False
Æ,æ,com.apple.keylayout.Norwegian,,False,True,False,False
K,k,com.apple.keylayout.Norwegian,,False,True,False,False
Ø,ø,com.apple.keylayout.Norwegian,,False,True,False,False
*,@,com.apple.keylayout.Norwegian,,False,True,False,False
;,",",com.apple.keylayout.Norwegian,,False,True,False,False
_,-,com.apple.keylayout.Norwegian,,False,True,False,False
N,n,com.apple.keylayout.Norwegian,,False,True,False,False
M,m,com.apple.keylayout.Norwegian,,False,True,False,False
:,.,com.apple.keylayout.Norwegian,,False,True,False,False
 , ,com.apple.keylayout.Norwegian,,False,True,False,False
>,<,com.apple.keylayout.Norwegian,50,False,True,False,False
,a,com.apple.keylayout.Norwegian,,True,False,False,False
ß,s,com.apple.keylayout.Norwegian,,True,False,False,False
∂,d,com.apple.keylayout.Norwegian,,True,False,False,False
ƒ,f,com.apple.keylayout.Norwegian,,True,False,False,False
˛,h,com.apple.keylayout.Norwegian,,True,False,False,False
¸,g,com.apple.keylayout.Norwegian,,True,False,False,False
÷,z,com.apple.keylayout.Norwegian,,True,False,False,False
≈,x,com.apple.keylayout.Norwegian,,True,False,False,False
ç,c,com.apple.keylayout.Norwegian,,True,False,False,False
‹,v,com.apple.keylayout.Norwegian,,True,False,False,False
€,',com.apple.keylayout.Norwegian,10,True,False,False,False
›,b,com.apple.keylayout.Norwegian,,True,False,False,False
•,q,com.apple.keylayout.Norwegian,,True,False,False,False
Ω,w,com.apple.keylayout.Norwegian,,True,False,False,False
é,e,com.apple.keylayout.Norwegian,,True,False,False,False
µ,y,com.apple.keylayout.Norwegian,,True,False,False,False
†,t,com.apple.keylayout.Norwegian,,True,False,False,False
©,1,com.apple.keylayout.Norwegian,,True,False,False,False
™,2,com.apple.keylayout.Norwegian,,True,False,False,False
£,3,com.apple.keylayout.Norwegian,,True,False,False,False
€,4,com.apple.keylayout.Norwegian,,True,False,False,False
§,6,com.apple.keylayout.Norwegian,,True,False,False,False
∞,5,com.apple.keylayout.Norwegian,,True,False,False,False
],9,com.apple.keylayout.Norwegian,,True,False,False,False
|,7,com.apple.keylayout.Norwegian,,True,False,False,False
±,+,com.apple.keylayout.Norwegian,,True,False,False,False
[,8,com.apple.keylayout.Norwegian,,True,False,False,False
≈,0,com.apple.keylayout.Norwegian,,True,False,False,False
œ,o,com.apple.keylayout.Norwegian,,True,False,False,False
ü,u,com.apple.keylayout.Norwegian,,True,False,False,False
˙,å,com.apple.keylayout.Norwegian,,True,False,False,False
ı,i,com.apple.keylayout.Norwegian,,True,False,False,False
π,p,com.apple.keylayout.Norwegian,,True,False,False,False
ﬁ,l,com.apple.keylayout.Norwegian,,True,False,False,False
√,j,com.apple.keylayout.Norwegian,,True,False,False,False
ä,æ,com.apple.keylayout.Norwegian,,True,False,False,False
ª,k,com.apple.keylayout.Norwegian,,True,False,False,False
ö,ø,com.apple.keylayout.Norwegian,,True,False,False,False
',@,com.apple.keylayout.Norwegian,,True,False,False,False
‚,",",com.apple.keylayout.Norwegian,,True,False,False,False
–,-,com.apple.keylayout.Norwegian,,True,False,False,False
‘,n,com.apple.keylayout.Norwegian,,True,False,False,False
’,m,com.apple.keylayout.Norwegian,,True,False,False,False
…,.,com.apple.keylayout.Norwegian,,True,False,False,False
 , ,com.apple.keylayout.Norwegian,,True,False,False,False
≤,<,com.apple.keylayout.Norwegian,50,True,False,False,False
◊,a,com.apple.keylayout.Norwegian,,True,True,False,False
∑,s,com.apple.keylayout.Norwegian,,True,True,False,False
∆,d,com.apple.keylayout.Norwegian,,True,True,False,False
∫,f,com.apple.keylayout.Norwegian,,True,True,False,False
˘,h,com.apple.keylayout.Norwegian,,True,True,False,False
¯,g,com.apple.keylayout.Norwegian,,True,True,False,False
⁄,z,com.apple.keylayout.Norwegian,,True,True,False,False
Ç,c,com.apple.keylayout.Norwegian,,True,True,False,False
«,v,com.apple.keylayout.Norwegian,,True,True,False,False
Ÿ,',com.apple.keylayout.Norwegian,10,True,True,False,False
»,b,com.apple.keylayout.Norwegian,,True,True,False,False
°,q,com.apple.keylayout.Norwegian,,True,True,False,False
˝,w,com.apple.keylayout.Norwegian,,True,True,False,False
É,e,com.apple.keylayout.Norwegian,,True,True,False,False
˜,y,com.apple.keylayout.Norwegian,,True,True,False,False
‡,t,com.apple.keylayout.Norwegian,,True,True,False,False
¡,1,com.apple.keylayout.Norwegian,,True,True,False,False
®,2,com.apple.keylayout.Norwegian,,True,True,False,False
¥,3,com.apple.keylayout.Norwegian,,True,True,False,False
¢,4,com.apple.keylayout.Norwegian,,True,True,False,False
¶,6,com.apple.keylayout.Norwegian,,True,True,False,False
‰,5,com.apple.keylayout.Norwegian,,True,True,False,False
},9,com.apple.keylayout.Norwegian,,True,True,False,False
\,7,com.apple.keylayout.Norwegian,,True,True,False,False
¿,+,com.apple.keylayout.Norwegian,,True,True,False,False
{,8,com.apple.keylayout.Norwegian,,True,True,False,False
≠,0,com.apple.keylayout.Norwegian,,True,True,False,False
Œ,o,com.apple.keylayout.Norwegian,,True,True,False,False
Ü,u,com.apple.keylayout.Norwegian,,True,True,False,False
˚,å,com.apple.keylayout.Norwegian,,True,True,False,False
ˆ,i,com.apple.keylayout.Norwegian,,True,True,False,False
∏,p,com.apple.keylayout.Norwegian,,True,True,False,False
ﬂ,l,com.apple.keylayout.Norwegian,,True,True,False,False
¬,j,com.apple.keylayout.Norwegian,,True,True,False,False
Ä,æ,com.apple.keylayout.Norwegian,,True,True,False,False
º,k,com.apple.keylayout.Norwegian,,True,True,False,False
Ö,ø,com.apple.keylayout.Norwegian,,True,True,False,False
„,",",com.apple.keylayout.Norwegian,,True,True,False,False
—,-,com.apple.keylayout.Norwegian,,True,True,False,False
“,n,com.apple.keylayout.Norwegian,,True,True,False,False
”,m,com.apple.keylayout.Norwegian,,True,True,False,False
·,.,com.apple.keylayout.Norwegian,,True,True,False,False
 , ,com.apple.keylayout.Norwegian,,True,True,False,False
≥,<,com.apple.keylayout.Norwegian,50,True,True,False,False
a,a,com.apple.keylayout.IrishExtended,,False,False,False,False
s,s,com.apple.keylayout.IrishExtended,,False,False,False,False
d,d,com.apple.keylayout.IrishExtended,,False,False,False,False
f,f,com.apple.keylayout.IrishExtended,,False,False,False,False
h,h,com.apple.keylayout.IrishExtended,,False,False,False,False
g,g,com.apple.keylayout.IrishExtended,,False,False,False,False
z,z,com.apple.keylayout.IrishExtended,,False,False,False,False
x,x,com.apple.keylayout.IrishExtended,,False,False,False,False
c,c,com.apple.keylayout.IrishExtended,,False,False,False,False
v,v,com.apple.keylayout.IrishExtended,,False,False,False,False
§,§,com.apple.keylayout.IrishExtended,10,False,False,False,False
b,b,com.apple.keylayout.IrishExtended,,False,False,False,False
q,q,com.apple.keylayout.IrishExtended,,False,False,False,False
w,w,com.apple.keylayout.IrishExtended,,False,False,False,False
e,e,com.apple.keylayout.IrishExtended,,False,False,False,False
r,r,com.apple.keylayout.IrishExtended,,False,False,False,False
y,y,com.apple.keylayout.IrishExtended,,False,False,False,False
t,t,com.apple.keylayout.IrishExtended,,False,False,False,False
1,1,com.apple.keylayout.IrishExtended,,False,False,False,False
2,2,com.apple.keylayout.IrishExtended,,False,False,False,False
3,3,com.apple.keylayout.IrishExtended,,False,False,False,False
4,4,com.apple.keylayout.IrishExtended,,False,False,False,False
6,6,com.apple.keylayout.IrishExtended,,False,False,False,False
5,5,com.apple.keylayout.IrishExtended,,False,False,False,False
=,=,com.apple.keylayout.IrishExtended,,False,False,False,False
9,9,com.apple.keylayout.IrishExtended,,False,False,False,False
7,7,com.apple.keylayout.IrishExtended,,False,False,False,False
-,-,com.apple.keylayout.IrishExtended,,False,False,False,False
8,8,com.apple.keylayout.IrishExtended,,False,False,False,False
0,0,com.apple.keylayout.IrishExtended,,False,False,False,False
],],com.apple.keylayout.IrishExtended,,False,False,False,False
o,o,com.apple.keylayout.IrishExtended,,False,False,False,False
u,u,com.apple.keylayout.IrishExtended,,False,False,False,False
[,[,com.apple.keylayout.IrishExtended,,False,False,False,False
i,i,com.apple.keylayout.IrishExtended,,False,False,False,False
p,p,com.apple.keylayout.IrishExtended,,False,False,False,False
l,l,com.apple.keylayout.IrishExtended,,False,False,False,False
j,j,com.apple.keylayout.IrishExtended,,False,False,False,False
',',com.apple.keylayout.IrishExtended,,False,False,False,False
k,k,com.apple.keylayout.IrishExtended,,False,False,False,False
;,;,com.apple.keylayout.IrishExtended,,False,False,False,False
\,\,com.apple.keylayout.IrishExtended,,False,False,False,False
",",",",com.apple.keylayout.IrishExtended,,False,False,False,False
/,/,com.apple.keylayout.IrishExtended,,False,False,False,False
n,n,com.apple.keylayout.IrishExtended,,False,False,False,False
m,m,com.apple.keylayout.IrishExtended,,False,False,False,False
.,.,com.apple.keylayout.IrishExtended,,False,False,False,False
 , ,com.apple.keylayout.IrishExtended,,False,False,False,False
`,`,com.apple.keylayout.IrishExtended,50,False,False,False,False
A,a,com.apple.keylayout.IrishExtended,,False,True,False,False
S,s,com.apple.keylayout.IrishExtended,,False,True,False,False
D,d,com.apple.keylayout.IrishExtended,,False,True,False,False
F,f,com.apple.keylayout.IrishExtended,,False,True,False,False
H,h,com.apple.keylayout.IrishExtended,,False,True,False,False
G,g,com.apple.keylayout.IrishExtended,,False,True,False,False
Z,z,com.apple.keylayout.IrishExtended,,False,True,False,False
X,x,com.apple.keylayout.IrishExtended,,False,True,False,False
C,c,com.apple.keylayout.IrishExtended,,False,True,False,False
V,v,com.apple.keylayout.IrishExtended,,False,True,False,False
±,§,com.apple.keylayout.IrishExtended,10,False,True,False,False
B,b,com.apple.keylayout.IrishExtended,,False,True,False,False
Q,q,com.apple.keylayout.IrishExtended,,False,True,False,False
W,w,com.apple.keylayout.IrishExtended,,False,True,False,False
E,e,com.apple.keylayout.IrishExtended,,False,True,False,False
R,r,com.apple.keylayout.IrishExtended,,False,True,False,False
Y,y,com.apple.keylayout.IrishExtended,,False,True,False,False
T,t,com.apple.keylayout.IrishExtended,,False,True,False,False
!,1,com.apple.keylayout.IrishExtended,,False,True,False,False
@,2,com.apple.keylayout.IrishExtended,,False,True,False,False
£,3,com.apple.keylayout.IrishExtended,,False,True,False,False
$,4,com.apple.keylayout.IrishExtended,,False,True,False,False
^,6,com.apple.keylayout.IrishExtended,,False,True,False,False
%,5,com.apple.keylayout.IrishExtended,,False,True,False,False
+,=,com.apple.keylayout.IrishExtended,,False,True,False,False
(,9,com.apple.keylayout.IrishExtended,,False,True,False,False
&,7,com.apple.keylayout.IrishExtended,,False,True,False,False
_,-,com.apple.keylayout.IrishExtended,,False,True,False,False
*,8,com.apple.keylayout.IrishExtended,,False,True,False,False
),0,com.apple.keylayout.IrishExtended,,False,True,False,False
},],com.apple.keylayout.IrishExtended,,False,True,False,False
O,o,com.apple.keylayout.IrishExtended,,False,True,False,False
U,u,com.apple.keylayout.IrishExtended,,False,True,False,False
{,[,com.apple.keylayout.IrishExtended,,False,True,False,False
I,i,com.apple.keylayout.IrishExtended,,False,True,False,False
P,p,com.apple.keylayout.IrishExtended,,False,True,False,False
L,l,com.apple.keylayout.IrishExtended,,False,True,False,False
J,j,com.apple.keylayout.IrishExtended,,False,True,False,False
"""",',com.apple.keylayout.IrishExtended,,False,True,False,False
K,k,com.apple.keylayout.IrishExtended,,False,True,False,False
:,;,com.apple.keylayout.IrishExtended,,False,True,False,False
|,\,com.apple.keylayout.IrishExtended,,False,True,False,False
<,",",com.apple.keylayout.IrishExtended,,False,True,False,False
?,/,com.apple.keylayout.IrishExtended,,False,True,False,False
N,n,com.apple.keylayout.IrishExtended,,False,True,False,False
M,m,com.apple.keylayout.IrishExtended,,False,True,False,False
>,.,com.apple.keylayout.IrishExtended,,False,True,False,False
 , ,com.apple.keylayout.IrishExtended,,False,True,False,False
~,`,com.apple.keylayout.IrishExtended,50,False,True,False,False
á,a,com.apple.keylayout.IrishExtended,,True,False,False,False
ß,s,com.apple.keylayout.IrishExtended,,True,False,False,False
ð,d,com.apple.keylayout.IrishExtended,,True,False,False,False
ƒ,f,com.apple.keylayout.IrishExtended,,True,False,False,False
©,g,com.apple.keylayout.IrishExtended,,True,False,False,False
§,§,com.apple.keylayout.IrishExtended,10,True,False,False,False
œ,q,com.apple.keylayout.IrishExtended,,True,False,False,False
é,e,com.apple.keylayout.IrishExtended,,True,False,False,False
®,r,com.apple.keylayout.IrishExtended,,True,False,False,False
¥,y,com.apple.keylayout.IrishExtended,,True,False,False,False
þ,t,com.apple.keylayout.IrishExtended,,True,False,False,False
¡,1,com.apple.keylayout.IrishExtended,,True,False,False,False
€,2,com.apple.keylayout.IrishExtended,,True,False,False,False
#,3,com.apple.keylayout.IrishExtended,,True,False,False,False
¢,4,com.apple.keylayout.IrishExtended,,True,False,False,False
§,5,com.apple.keylayout.IrishExtended,,True,False,False,False
≠,=,com.apple.keylayout.IrishExtended,,True,False,False,False
¶,7,com.apple.keylayout.IrishExtended,,True,False,False,False
–,-,com.apple.keylayout.IrishExtended,,True,False,False,False
‘,],com.apple.keylayout.IrishExtended,,True,False,False,False
ó,o,com.apple.keylayout.IrishExtended,,True,False,False,False
ú,u,com.apple.keylayout.IrishExtended,,True,False,False,False
“,[,com.apple.keylayout.IrishExtended,,True,False,False,False
í,i,com.apple.keylayout.IrishExtended,,True,False,False,False
æ,',com.apple.keylayout.IrishExtended,,True,False,False,False
…,;,com.apple.keylayout.IrishExtended,,True,False,False,False
«,\,com.apple.keylayout.IrishExtended,,True,False,False,False
≤,",",com.apple.keylayout.IrishExtended,,True,False,False,False
÷,/,com.apple.keylayout.IrishExtended,,True,False,False,False
≥,.,com.apple.keylayout.IrishExtended,,True,False,False,False
 , ,com.apple.keylayout.IrishExtended,,True,False,False,False
Á,a,com.apple.keylayout.IrishExtended,,True,True,False,False
·,s,com.apple.keylayout.IrishExtended,,True,True,False,False
Ð,d,com.apple.keylayout.IrishExtended,,True,True,False,False
̱,h,com.apple.keylayout.IrishExtended,,True,True,False,False
̉,z,com.apple.keylayout.IrishExtended,,True,True,False,False
̣,x,com.apple.keylayout.IrishExtended,,True,True,False,False
̧,c,com.apple.keylayout.IrishExtended,,True,True,False,False
̌,v,com.apple.keylayout.IrishExtended,,True,True,False,False
±,§,com.apple.keylayout.IrishExtended,10,True,True,False,False
̆,b,com.apple.keylayout.IrishExtended,,True,True,False,False
Œ,q,com.apple.keylayout.IrishExtended,,True,True,False,False
̇,w,com.apple.keylayout.IrishExtended,,True,True,False,False
É,e,com.apple.keylayout.IrishExtended,,True,True,False,False
‰,r,com.apple.keylayout.IrishExtended,,True,True,False,False
Þ,t,com.apple.keylayout.IrishExtended,,True,True,False,False
⁄,1,com.apple.keylayout.IrishExtended,,True,True,False,False
™,2,com.apple.keylayout.IrishExtended,,True,True,False,False
‹,3,com.apple.keylayout.IrishExtended,,True,True,False,False
›,4,com.apple.keylayout.IrishExtended,,True,True,False,False
̂,6,com.apple.keylayout.IrishExtended,,True,True,False,False
†,5,com.apple.keylayout.IrishExtended,,True,True,False,False
±,=,com.apple.keylayout.IrishExtended,,True,True,False,False
́,9,com.apple.keylayout.IrishExtended,,True,True,False,False
⁊,7,com.apple.keylayout.IrishExtended,,True,True,False,False
—,-,com.apple.keylayout.IrishExtended,,True,True,False,False
•,8,com.apple.keylayout.IrishExtended,,True,True,False,False
̄,0,com.apple.keylayout.IrishExtended,,True,True,False,False
’,],com.apple.keylayout.IrishExtended,,True,True,False,False
Ó,o,com.apple.keylayout.IrishExtended,,True,True,False,False
Ú,u,com.apple.keylayout.IrishExtended,,True,True,False,False
”,[,com.apple.keylayout.IrishExtended,,True,True,False,False
Í,i,com.apple.keylayout.IrishExtended,,True,True,False,False
̦,p,com.apple.keylayout.IrishExtended,,True,True,False,False
̵,l,com.apple.keylayout.IrishExtended,,True,True,False,False
̋,j,com.apple.keylayout.IrishExtended,,True,True,False,False
Æ,',com.apple.keylayout.IrishExtended,,True,True,False,False
̊,k,com.apple.keylayout.IrishExtended,,True,True,False,False
»,\,com.apple.keylayout.IrishExtended,,True,True,False,False
„,",",com.apple.keylayout.IrishExtended,,True,True,False,False
¿,/,com.apple.keylayout.IrishExtended,,True,True,False,False
̃,n,com.apple.keylayout.IrishExtended,,True,True,False,False
̨,m,com.apple.keylayout.IrishExtended,,True,True,False,False
 , ,com.apple.keylayout.IrishExtended,,True,True,False,False
̀,`,com.apple.keylayout.IrishExtended,50,True,True,False,False
a,a,com.apple.keylayout.Swedish-Pro,,False,False,False,False
s,s,com.apple.keylayout.Swedish-Pro,,False,False,False,False
d,d,com.apple.keylayout.Swedish-Pro,,False,False,False,False
f,f,com.apple.keylayout.Swedish-Pro,,False,False,False,False
h,h,com.apple.keylayout.Swedish-Pro,,False,False,False,False
g,g,com.apple.keylayout.Swedish-Pro,,False,False,False,False
z,z,com.apple.keylayout.Swedish-Pro,,False,False,False,False
x,x,com.apple.keylayout.Swedish-Pro,,False,False,False,False
c,c,com.apple.keylayout.Swedish-Pro,,False,False,False,False
v,v,com.apple.keylayout.Swedish-Pro,,False,False,False,False
§,§,com.apple.keylayout.Swedish-Pro,10,False,False,False,False
b,b,com.apple.keylayout.Swedish-Pro,,False,False,False,False
q,q,com.apple.keylayout.Swedish-Pro,,False,False,False,False
w,w,com.apple.keylayout.Swedish-Pro,,False,False,False,False
e,e,com.apple.keylayout.Swedish-Pro,,False,False,False,False
r,r,com.apple.keylayout.Swedish-Pro,,False,False,False,False
y,y,com.apple.keylayout.Swedish-Pro,,False,False,False,False
t,t,com.apple.keylayout.Swedish-Pro,,False,False,False,False
1,1,com.apple.keylayout.Swedish-Pro,,False,False,False,False
2,2,com.apple.keylayout.Swedish-Pro,,False,False,False,False
3,3,com.apple.keylayout.Swedish-Pro,,False,False,False,False
4,4,com.apple.keylayout.Swedish-Pro,,False,False,False,False
6,6,com.apple.keylayout.Swedish-Pro,,False,False,False,False
5,5,com.apple.keylayout.Swedish-Pro,,False,False,False,False
9,9,com.apple.keylayout.Swedish-Pro,,False,False,False,False
7,7,com.apple.keylayout.Swedish-Pro,,False,False,False,False
+,+,com.apple.keylayout.Swedish-Pro,,False,False,False,False
8,8,com.apple.keylayout.Swedish-Pro,,False,False,False,False
0,0,com.apple.keylayout.Swedish-Pro,,False,False,False,False
o,o,com.apple.keylayout.Swedish-Pro,,False,False,False,False
u,u,com.apple.keylayout.Swedish-Pro,,False,False,False,False
å,å,com.apple.keylayout.Swedish-Pro,,False,False,False,False
i,i,com.apple.keylayout.Swedish-Pro,,False,False,False,False
p,p,com.apple.keylayout.Swedish-Pro,,False,False,False,False
l,l,com.apple.keylayout.Swedish-Pro,,False,False,False,False
j,j,com.apple.keylayout.Swedish-Pro,,False,False,False,False
ä,ä,com.apple.keylayout.Swedish-Pro,,False,False,False,False
k,k,com.apple.keylayout.Swedish-Pro,,False,False,False,False
ö,ö,com.apple.keylayout.Swedish-Pro,,False,False,False,False
',',com.apple.keylayout.Swedish-Pro,,False,False,False,False
",",",",com.apple.keylayout.Swedish-Pro,,False,False,False,False
-,-,com.apple.keylayout.Swedish-Pro,,False,False,False,False
n,n,com.apple.keylayout.Swedish-Pro,,False,False,False,False
m,m,com.apple.keylayout.Swedish-Pro,,False,False,False,False
.,.,com.apple.keylayout.Swedish-Pro,,False,False,False,False
 , ,com.apple.keylayout.Swedish-Pro,,False,False,False,False
<,<,com.apple.keylayout.Swedish-Pro,50,False,False,False,False
A,a,com.apple.keylayout.Swedish-Pro,,False,True,False,False
S,s,com.apple.keylayout.Swedish-Pro,,False,True,False,False
D,d,com.apple.keylayout.Swedish-Pro,,False,True,False,False
F,f,com.apple.keylayout.Swedish-Pro,,False,True,False,False
H,h,com.apple.keylayout.Swedish-Pro,,False,True,False,False
G,g,com.apple.keylayout.Swedish-Pro,,False,True,False,False
Z,z,com.apple.keylayout.Swedish-Pro,,False,True,False,False
X,x,com.apple.keylayout.Swedish-Pro,,False,True,False,False
C,c,com.apple.keylayout.Swedish-Pro,,False,True,False,False
V,v,com.apple.keylayout.Swedish-Pro,,False,True,False,False
°,§,com.apple.keylayout.Swedish-Pro,10,False,True,False,False
B,b,com.apple.keylayout.Swedish-Pro,,False,True,False,False
Q,q,com.apple.keylayout.Swedish-Pro,,False,True,False,False
W,w,com.apple.keylayout.Swedish-Pro,,False,True,False,False
E,e,com.apple.keylayout.Swedish-Pro,,False,True,False,False
R,r,com.apple.keylayout.Swedish-Pro,,False,True,False,False
Y,y,com.apple.keylayout.Swedish-Pro,,False,True,False,False
T,t,com.apple.keylayout.Swedish-Pro,,False,True,False,False
!,1,com.apple.keylayout.Swedish-Pro,,False,True,False,False
"""",2,com.apple.keylayout.Swedish-Pro,,False,True,False,False
#,3,com.apple.keylayout.Swedish-Pro,,False,True,False,False
€,4,com.apple.keylayout.Swedish-Pro,,False,True,False,False
&,6,com.apple.keylayout.Swedish-Pro,,False,True,False,False
%,5,com.apple.keylayout.Swedish-Pro,,False,True,False,False
),9,com.apple.keylayout.Swedish-Pro,,False,True,False,False
/,7,com.apple.keylayout.Swedish-Pro,,False,True,False,False
?,+,com.apple.keylayout.Swedish-Pro,,False,True,False,False
(,8,com.apple.keylayout.Swedish-Pro,,False,True,False,False
=,0,com.apple.keylayout.Swedish-Pro,,False,True,False,False
O,o,com.apple.keylayout.Swedish-Pro,,False,True,False,False
U,u,com.apple.keylayout.Swedish-Pro,,False,True,False,False
Å,å,com.apple.keylayout.Swedish-Pro,,False,True,False,False
I,i,com.apple.keylayout.Swedish-Pro,,False,True,False,False
P,p,com.apple.keylayout.Swedish-Pro,,False,True,False,False
L,l,com.apple.keylayout.Swedish-Pro,,False,True,False,False
J,j,com.apple.keylayout.Swedish-Pro,,False,True,False,False
Ä,ä,com.apple.keylayout.Swedish-Pro,,False,True,False,False
K,k,com.apple.keylayout.Swedish-Pro,,False,True,False,False
Ö,ö,com.apple.keylayout.Swedish-Pro,,False,True,False,False
*,',com.apple.keylayout.Swedish-Pro,,False,True,False,False
;,",",com.apple.keylayout.Swedish-Pro,,False,True,False,False
_,-,com.apple.keylayout.Swedish-Pro,,False,True,False,False
N,n,com.apple.keylayout.Swedish-Pro,,False,True,False,False
M,m,com.apple.keylayout.Swedish-Pro,,False,True,False,False
:,.,com.apple.keylayout.Swedish-Pro,,False,True,False,False
 , ,com.apple.keylayout.Swedish-Pro,,False,True,False,False
>,<,com.apple.keylayout.Swedish-Pro,50,False,True,False,False
,a,com.apple.keylayout.Swedish-Pro,,True,False,False,False
ß,s,com.apple.keylayout.Swedish-Pro,,True,False,False,False
∂,d,com.apple.keylayout.Swedish-Pro,,True,False,False,False
ƒ,f,com.apple.keylayout.Swedish-Pro,,True,False,False,False
˛,h,com.apple.keylayout.Swedish-Pro,,True,False,False,False
¸,g,com.apple.keylayout.Swedish-Pro,,True,False,False,False
÷,z,com.apple.keylayout.Swedish-Pro,,True,False,False,False
≈,x,com.apple.keylayout.Swedish-Pro,,True,False,False,False
ç,c,com.apple.keylayout.Swedish-Pro,,True,False,False,False
‹,v,com.apple.keylayout.Swedish-Pro,,True,False,False,False
¶,§,com.apple.keylayout.Swedish-Pro,10,True,False,False,False
›,b,com.apple.keylayout.Swedish-Pro,,True,False,False,False
•,q,com.apple.keylayout.Swedish-Pro,,True,False,False,False
Ω,w,com.apple.keylayout.Swedish-Pro,,True,False,False,False
é,e,com.apple.keylayout.Swedish-Pro,,True,False,False,False
®,r,com.apple.keylayout.Swedish-Pro,,True,False,False,False
µ,y,com.apple.keylayout.Swedish-Pro,,True,False,False,False
†,t,com.apple.keylayout.Swedish-Pro,,True,False,False,False
©,1,com.apple.keylayout.Swedish-Pro,,True,False,False,False
@,2,com.apple.keylayout.Swedish-Pro,,True,False,False,False
£,3,com.apple.keylayout.Swedish-Pro,,True,False,False,False
$,4,com.apple.keylayout.Swedish-Pro,,True,False,False,False
§,6,com.apple.keylayout.Swedish-Pro,,True,False,False,False
∞,5,com.apple.keylayout.Swedish-Pro,,True,False,False,False
],9,com.apple.keylayout.Swedish-Pro,,True,False,False,False
|,7,com.apple.keylayout.Swedish-Pro,,True,False,False,False
±,+,com.apple.keylayout.Swedish-Pro,,True,False,False,False
[,8,com.apple.keylayout.Swedish-Pro,,True,False,False,False
≈,0,com.apple.keylayout.Swedish-Pro,,True,False,False,False
œ,o,com.apple.keylayout.Swedish-Pro,,True,False,False,False
ü,u,com.apple.keylayout.Swedish-Pro,,True,False,False,False
˙,å,com.apple.keylayout.Swedish-Pro,,True,False,False,False
ı,i,com.apple.keylayout.Swedish-Pro,,True,False,False,False
π,p,com.apple.keylayout.Swedish-Pro,,True,False,False,False
ﬁ,l,com.apple.keylayout.Swedish-Pro,,True,False,False,False
√,j,com.apple.keylayout.Swedish-Pro,,True,False,False,False
æ,ä,com.apple.keylayout.Swedish-Pro,,True,False,False,False
ª,k,com.apple.keylayout.Swedish-Pro,,True,False,False,False
ø,ö,com.apple.keylayout.Swedish-Pro,,True,False,False,False
™,',com.apple.keylayout.Swedish-Pro,,True,False,False,False
‚,",",com.apple.keylayout.Swedish-Pro,,True,False,False,False
–,-,com.apple.keylayout.Swedish-Pro,,True,False,False,False
‘,n,com.apple.keylayout.Swedish-Pro,,True,False,False,False
’,m,com.apple.keylayout.Swedish-Pro,,True,False,False,False
…,.,com.apple.keylayout.Swedish-Pro,,True,False,False,False
 , ,com.apple.keylayout.Swedish-Pro,,True,False,False,False
≤,<,com.apple.keylayout.Swedish-Pro,50,True,False,False,False
◊,a,com.apple.keylayout.Swedish-Pro,,True,True,False,False
∑,s,com.apple.keylayout.Swedish-Pro,,True,True,False,False
∆,d,com.apple.keylayout.Swedish-Pro,,True,True,False,False
∫,f,com.apple.keylayout.Swedish-Pro,,True,True,False,False
˘,h,com.apple.keylayout.Swedish-Pro,,True,True,False,False
¯,g,com.apple.keylayout.Swedish-Pro,,True,True,False,False
⁄,z,com.apple.keylayout.Swedish-Pro,,True,True,False,False
ˇ,x,com.apple.keylayout.Swedish-Pro,,True,True,False,False
Ç,c,com.apple.keylayout.Swedish-Pro,,True,True,False,False
«,v,com.apple.keylayout.Swedish-Pro,,True,True,False,False
•,§,com.apple.keylayout.Swedish-Pro,10,True,True,False,False
»,b,com.apple.keylayout.Swedish-Pro,,True,True,False,False
°,q,com.apple.keylayout.Swedish-Pro,,True,True,False,False
˝,w,com.apple.keylayout.Swedish-Pro,,True,True,False,False
É,e,com.apple.keylayout.Swedish-Pro,,True,True,False,False
√,r,com.apple.keylayout.Swedish-Pro,,True,True,False,False
˜,y,com.apple.keylayout.Swedish-Pro,,True,True,False,False
‡,t,com.apple.keylayout.Swedish-Pro,,True,True,False,False
¡,1,com.apple.keylayout.Swedish-Pro,,True,True,False,False
”,2,com.apple.keylayout.Swedish-Pro,,True,True,False,False
¥,3,com.apple.keylayout.Swedish-Pro,,True,True,False,False
¢,4,com.apple.keylayout.Swedish-Pro,,True,True,False,False
¶,6,com.apple.keylayout.Swedish-Pro,,True,True,False,False
‰,5,com.apple.keylayout.Swedish-Pro,,True,True,False,False
},9,com.apple.keylayout.Swedish-Pro,,True,True,False,False
\,7,com.apple.keylayout.Swedish-Pro,,True,True,False,False
¿,+,com.apple.keylayout.Swedish-Pro,,True,True,False,False
{,8,com.apple.keylayout.Swedish-Pro,,True,True,False,False
≠,0,com.apple.keylayout.Swedish-Pro,,True,True,False,False
Œ,o,com.apple.keylayout.Swedish-Pro,,True,True,False,False
Ü,u,com.apple.keylayout.Swedish-Pro,,True,True,False,False
˚,å,com.apple.keylayout.Swedish-Pro,,True,True,False,False
ˆ,i,com.apple.keylayout.Swedish-Pro,,True,True,False,False
∏,p,com.apple.keylayout.Swedish-Pro,,True,True,False,False
ﬂ,l,com.apple.keylayout.Swedish-Pro,,True,True,False,False
¬,j,com.apple.keylayout.Swedish-Pro,,True,True,False,False
Æ,ä,com.apple.keylayout.Swedish-Pro,,True,True,False,False
º,k,com.apple.keylayout.Swedish-Pro,,True,True,False,False
Ø,ö,com.apple.keylayout.Swedish-Pro,,True,True,False,False
’,',com.apple.keylayout.Swedish-Pro,,True,True,False,False
„,",",com.apple.keylayout.Swedish-Pro,,True,True,False,False
—,-,com.apple.keylayout.Swedish-Pro,,True,True,False,False
“,n,com.apple.keylayout.Swedish-Pro,,True,True,False,False
”,m,com.apple.keylayout.Swedish-Pro,,True,True,False,False
·,.,com.apple.keylayout.Swedish-Pro,,True,True,False,False
 , ,com.apple.keylayout.Swedish-Pro,,True,True,False,False
≥,<,com.apple.keylayout.Swedish-Pro,50,True,True,False,False
a,a,com.apple.keylayout.Inuktitut-Nutaaq,,False,False,False,False
s,s,com.apple.keylayout.Inuktitut-Nutaaq,,False,False,False,False
d,d,com.apple.keylayout.Inuktitut-Nutaaq,,False,False,False,False
f,f,com.apple.keylayout.Inuktitut-Nutaaq,,False,False,False,False
h,h,com.apple.keylayout.Inuktitut-Nutaaq,,False,False,False,False
g,g,com.apple.keylayout.Inuktitut-Nutaaq,,False,False,False,False
z,z,com.apple.keylayout.Inuktitut-Nutaaq,,False,False,False,False
x,x,com.apple.keylayout.Inuktitut-Nutaaq,,False,False,False,False
c,c,com.apple.keylayout.Inuktitut-Nutaaq,,False,False,False,False
v,v,com.apple.keylayout.Inuktitut-Nutaaq,,False,False,False,False
§,§,com.apple.keylayout.Inuktitut-Nutaaq,10,False,False,False,False
b,b,com.apple.keylayout.Inuktitut-Nutaaq,,False,False,False,False
q,q,com.apple.keylayout.Inuktitut-Nutaaq,,False,False,False,False
w,w,com.apple.keylayout.Inuktitut-Nutaaq,,False,False,False,False
e,e,com.apple.keylayout.Inuktitut-Nutaaq,,False,False,False,False
r,r,com.apple.keylayout.Inuktitut-Nutaaq,,False,False,False,False
y,y,com.apple.keylayout.Inuktitut-Nutaaq,,False,False,False,False
t,t,com.apple.keylayout.Inuktitut-Nutaaq,,False,False,False,False
1,1,com.apple.keylayout.Inuktitut-Nutaaq,,False,False,False,False
2,2,com.apple.keylayout.Inuktitut-Nutaaq,,False,False,False,False
3,3,com.apple.keylayout.Inuktitut-Nutaaq,,False,False,False,False
4,4,com.apple.keylayout.Inuktitut-Nutaaq,,False,False,False,False
6,6,com.apple.keylayout.Inuktitut-Nutaaq,,False,False,False,False
5,5,com.apple.keylayout.Inuktitut-Nutaaq,,False,False,False,False
=,=,com.apple.keylayout.Inuktitut-Nutaaq,,False,False,False,False
9,9,com.apple.keylayout.Inuktitut-Nutaaq,,False,False,False,False
7,7,com.apple.keylayout.Inuktitut-Nutaaq,,False,False,False,False
-,-,com.apple.keylayout.Inuktitut-Nutaaq,,False,False,False,False
8,8,com.apple.keylayout.Inuktitut-Nutaaq,,False,False,False,False
0,0,com.apple.keylayout.Inuktitut-Nutaaq,,False,False,False,False
],],com.apple.keylayout.Inuktitut-Nutaaq,,False,False,False,False
o,o,com.apple.keylayout.Inuktitut-Nutaaq,,False,False,False,False
u,u,com.apple.keylayout.Inuktitut-Nutaaq,,False,False,False,False
[,[,com.apple.keylayout.Inuktitut-Nutaaq,,False,False,False,False
i,i,com.apple.keylayout.Inuktitut-Nutaaq,,False,False,False,False
p,p,com.apple.keylayout.Inuktitut-Nutaaq,,False,False,False,False
l,l,com.apple.keylayout.Inuktitut-Nutaaq,,False,False,False,False
j,j,com.apple.keylayout.Inuktitut-Nutaaq,,False,False,False,False
',',com.apple.keylayout.Inuktitut-Nutaaq,,False,False,False,False
k,k,com.apple.keylayout.Inuktitut-Nutaaq,,False,False,False,False
;,;,com.apple.keylayout.Inuktitut-Nutaaq,,False,False,False,False
\,\,com.apple.keylayout.Inuktitut-Nutaaq,,False,False,False,False
",",",",com.apple.keylayout.Inuktitut-Nutaaq,,False,False,False,False
/,/,com.apple.keylayout.Inuktitut-Nutaaq,,False,False,False,False
n,n,com.apple.keylayout.Inuktitut-Nutaaq,,False,False,False,False
m,m,com.apple.keylayout.Inuktitut-Nutaaq,,False,False,False,False
.,.,com.apple.keylayout.Inuktitut-Nutaaq,,False,False,False,False
 , ,com.apple.keylayout.Inuktitut-Nutaaq,,False,False,False,False
`,`,com.apple.keylayout.Inuktitut-Nutaaq,50,False,False,False,False
A,a,com.apple.keylayout.Inuktitut-Nutaaq,,False,True,False,False
S,s,com.apple.keylayout.Inuktitut-Nutaaq,,False,True,False,False
D,d,com.apple.keylayout.Inuktitut-Nutaaq,,False,True,False,False
F,f,com.apple.keylayout.Inuktitut-Nutaaq,,False,True,False,False
H,h,com.apple.keylayout.Inuktitut-Nutaaq,,False,True,False,False
G,g,com.apple.keylayout.Inuktitut-Nutaaq,,False,True,False,False
Z,z,com.apple.keylayout.Inuktitut-Nutaaq,,False,True,False,False
X,x,com.apple.keylayout.Inuktitut-Nutaaq,,False,True,False,False
C,c,com.apple.keylayout.Inuktitut-Nutaaq,,False,True,False,False
V,v,com.apple.keylayout.Inuktitut-Nutaaq,,False,True,False,False
±,§,com.apple.keylayout.Inuktitut-Nutaaq,10,False,True,False,False
B,b,com.apple.keylayout.Inuktitut-Nutaaq,,False,True,False,False
Q,q,com.apple.keylayout.Inuktitut-Nutaaq,,False,True,False,False
W,w,com.apple.keylayout.Inuktitut-Nutaaq,,False,True,False,False
E,e,com.apple.keylayout.Inuktitut-Nutaaq,,False,True,False,False
R,r,com.apple.keylayout.Inuktitut-Nutaaq,,False,True,False,False
Y,y,com.apple.keylayout.Inuktitut-Nutaaq,,False,True,False,False
T,t,com.apple.keylayout.Inuktitut-Nutaaq,,False,True,False,False
!,1,com.apple.keylayout.Inuktitut-Nutaaq,,False,True,False,False
@,2,com.apple.keylayout.Inuktitut-Nutaaq,,False,True,False,False
#,3,com.apple.keylayout.Inuktitut-Nutaaq,,False,True,False,False
$,4,com.apple.keylayout.Inuktitut-Nutaaq,,False,True,False,False
^,6,com.apple.keylayout.Inuktitut-Nutaaq,,False,True,False,False
%,5,com.apple.keylayout.Inuktitut-Nutaaq,,False,True,False,False
+,=,com.apple.keylayout.Inuktitut-Nutaaq,,False,True,False,False
(,9,com.apple.keylayout.Inuktitut-Nutaaq,,False,True,False,False
&,7,com.apple.keylayout.Inuktitut-Nutaaq,,False,True,False,False
_,-,com.apple.keylayout.Inuktitut-Nutaaq,,False,True,False,False
*,8,com.apple.keylayout.Inuktitut-Nutaaq,,False,True,False,False
),0,com.apple.keylayout.Inuktitut-Nutaaq,,False,True,False,False
},],com.apple.keylayout.Inuktitut-Nutaaq,,False,True,False,False
O,o,com.apple.keylayout.Inuktitut-Nutaaq,,False,True,False,False
U,u,com.apple.keylayout.Inuktitut-Nutaaq,,False,True,False,False
{,[,com.apple.keylayout.Inuktitut-Nutaaq,,False,True,False,False
I,i,com.apple.keylayout.Inuktitut-Nutaaq,,False,True,False,False
P,p,com.apple.keylayout.Inuktitut-Nutaaq,,False,True,False,False
L,l,com.apple.keylayout.Inuktitut-Nutaaq,,False,True,False,False
J,j,com.apple.keylayout.Inuktitut-Nutaaq,,False,True,False,False
"""",',com.apple.keylayout.Inuktitut-Nutaaq,,False,True,False,False
K,k,com.apple.keylayout.Inuktitut-Nutaaq,,False,True,False,False
:,;,com.apple.keylayout.Inuktitut-Nutaaq,,False,True,False,False
|,\,com.apple.keylayout.Inuktitut-Nutaaq,,False,True,False,False
<,",",com.apple.keylayout.Inuktitut-Nutaaq,,False,True,False,False
?,/,com.apple.keylayout.Inuktitut-Nutaaq,,False,True,False,False
N,n,com.apple.keylayout.Inuktitut-Nutaaq,,False,True,False,False
M,m,com.apple.keylayout.Inuktitut-Nutaaq,,False,True,False,False
>,.,com.apple.keylayout.Inuktitut-Nutaaq,,False,True,False,False
 , ,com.apple.keylayout.Inuktitut-Nutaaq,,False,True,False,False
~,`,com.apple.keylayout.Inuktitut-Nutaaq,50,False,True,False,False
ß,s,com.apple.keylayout.Inuktitut-Nutaaq,,True,False,False,False
ð,d,com.apple.keylayout.Inuktitut-Nutaaq,,True,False,False,False
ƒ,f,com.apple.keylayout.Inuktitut-Nutaaq,,True,False,False,False
©,g,com.apple.keylayout.Inuktitut-Nutaaq,,True,False,False,False
§,§,com.apple.keylayout.Inuktitut-Nutaaq,10,True,False,False,False
œ,q,com.apple.keylayout.Inuktitut-Nutaaq,,True,False,False,False
®,r,com.apple.keylayout.Inuktitut-Nutaaq,,True,False,False,False
¥,y,com.apple.keylayout.Inuktitut-Nutaaq,,True,False,False,False
þ,t,com.apple.keylayout.Inuktitut-Nutaaq,,True,False,False,False
¡,1,com.apple.keylayout.Inuktitut-Nutaaq,,True,False,False,False
™,2,com.apple.keylayout.Inuktitut-Nutaaq,,True,False,False,False
£,3,com.apple.keylayout.Inuktitut-Nutaaq,,True,False,False,False
¢,4,com.apple.keylayout.Inuktitut-Nutaaq,,True,False,False,False
§,5,com.apple.keylayout.Inuktitut-Nutaaq,,True,False,False,False
≠,=,com.apple.keylayout.Inuktitut-Nutaaq,,True,False,False,False
ª,9,com.apple.keylayout.Inuktitut-Nutaaq,,True,False,False,False
¶,7,com.apple.keylayout.Inuktitut-Nutaaq,,True,False,False,False
–,-,com.apple.keylayout.Inuktitut-Nutaaq,,True,False,False,False
•,8,com.apple.keylayout.Inuktitut-Nutaaq,,True,False,False,False
º,0,com.apple.keylayout.Inuktitut-Nutaaq,,True,False,False,False
‘,],com.apple.keylayout.Inuktitut-Nutaaq,,True,False,False,False
ø,o,com.apple.keylayout.Inuktitut-Nutaaq,,True,False,False,False
“,[,com.apple.keylayout.Inuktitut-Nutaaq,,True,False,False,False
æ,',com.apple.keylayout.Inuktitut-Nutaaq,,True,False,False,False
…,;,com.apple.keylayout.Inuktitut-Nutaaq,,True,False,False,False
«,\,com.apple.keylayout.Inuktitut-Nutaaq,,True,False,False,False
≤,",",com.apple.keylayout.Inuktitut-Nutaaq,,True,False,False,False
÷,/,com.apple.keylayout.Inuktitut-Nutaaq,,True,False,False,False
≥,.,com.apple.keylayout.Inuktitut-Nutaaq,,True,False,False,False
 , ,com.apple.keylayout.Inuktitut-Nutaaq,,True,False,False,False
̄,a,com.apple.keylayout.Inuktitut-Nutaaq,,True,True,False,False
Ð,d,com.apple.keylayout.Inuktitut-Nutaaq,,True,True,False,False
̱,h,com.apple.keylayout.Inuktitut-Nutaaq,,True,True,False,False
̉,z,com.apple.keylayout.Inuktitut-Nutaaq,,True,True,False,False
̣,x,com.apple.keylayout.Inuktitut-Nutaaq,,True,True,False,False
̧,c,com.apple.keylayout.Inuktitut-Nutaaq,,True,True,False,False
̌,v,com.apple.keylayout.Inuktitut-Nutaaq,,True,True,False,False
±,§,com.apple.keylayout.Inuktitut-Nutaaq,10,True,True,False,False
̆,b,com.apple.keylayout.Inuktitut-Nutaaq,,True,True,False,False
Œ,q,com.apple.keylayout.Inuktitut-Nutaaq,,True,True,False,False
̇,w,com.apple.keylayout.Inuktitut-Nutaaq,,True,True,False,False
́,e,com.apple.keylayout.Inuktitut-Nutaaq,,True,True,False,False
‰,r,com.apple.keylayout.Inuktitut-Nutaaq,,True,True,False,False
Þ,t,com.apple.keylayout.Inuktitut-Nutaaq,,True,True,False,False
⁄,1,com.apple.keylayout.Inuktitut-Nutaaq,,True,True,False,False
€,2,com.apple.keylayout.Inuktitut-Nutaaq,,True,True,False,False
‹,3,com.apple.keylayout.Inuktitut-Nutaaq,,True,True,False,False
›,4,com.apple.keylayout.Inuktitut-Nutaaq,,True,True,False,False
̂,6,com.apple.keylayout.Inuktitut-Nutaaq,,True,True,False,False
†,5,com.apple.keylayout.Inuktitut-Nutaaq,,True,True,False,False
±,=,com.apple.keylayout.Inuktitut-Nutaaq,,True,True,False,False
·,9,com.apple.keylayout.Inuktitut-Nutaaq,,True,True,False,False
‡,7,com.apple.keylayout.Inuktitut-Nutaaq,,True,True,False,False
—,-,com.apple.keylayout.Inuktitut-Nutaaq,,True,True,False,False
°,8,com.apple.keylayout.Inuktitut-Nutaaq,,True,True,False,False
‚,0,com.apple.keylayout.Inuktitut-Nutaaq,,True,True,False,False
’,],com.apple.keylayout.Inuktitut-Nutaaq,,True,True,False,False
Ø,o,com.apple.keylayout.Inuktitut-Nutaaq,,True,True,False,False
̈,u,com.apple.keylayout.Inuktitut-Nutaaq,,True,True,False,False
”,[,com.apple.keylayout.Inuktitut-Nutaaq,,True,True,False,False
̛,i,com.apple.keylayout.Inuktitut-Nutaaq,,True,True,False,False
̦,p,com.apple.keylayout.Inuktitut-Nutaaq,,True,True,False,False
̵,l,com.apple.keylayout.Inuktitut-Nutaaq,,True,True,False,False
̋,j,com.apple.keylayout.Inuktitut-Nutaaq,,True,True,False,False
Æ,',com.apple.keylayout.Inuktitut-Nutaaq,,True,True,False,False
̊,k,com.apple.keylayout.Inuktitut-Nutaaq,,True,True,False,False
»,\,com.apple.keylayout.Inuktitut-Nutaaq,,True,True,False,False
„,",",com.apple.keylayout.Inuktitut-Nutaaq,,True,True,False,False
¿,/,com.apple.keylayout.Inuktitut-Nutaaq,,True,True,False,False
̃,n,com.apple.keylayout.Inuktitut-Nutaaq,,True,True,False,False
̨,m,com.apple.keylayout.Inuktitut-Nutaaq,,True,True,False,False
 , ,com.apple.keylayout.Inuktitut-Nutaaq,,True,True,False,False
̀,`,com.apple.keylayout.Inuktitut-Nutaaq,50,True,True,False,False
a,a,com.apple.keylayout.Canadian-CSA,,False,False,False,False
s,s,com.apple.keylayout.Canadian-CSA,,False,False,False,False
d,d,com.apple.keylayout.Canadian-CSA,,False,False,False,False
f,f,com.apple.keylayout.Canadian-CSA,,False,False,False,False
h,h,com.apple.keylayout.Canadian-CSA,,False,False,False,False
g,g,com.apple.keylayout.Canadian-CSA,,False,False,False,False
z,z,com.apple.keylayout.Canadian-CSA,,False,False,False,False
x,x,com.apple.keylayout.Canadian-CSA,,False,False,False,False
c,c,com.apple.keylayout.Canadian-CSA,,False,False,False,False
v,v,com.apple.keylayout.Canadian-CSA,,False,False,False,False
/,/,com.apple.keylayout.Canadian-CSA,10,False,False,False,False
b,b,com.apple.keylayout.Canadian-CSA,,False,False,False,False
q,q,com.apple.keylayout.Canadian-CSA,,False,False,False,False
w,w,com.apple.keylayout.Canadian-CSA,,False,False,False,False
e,e,com.apple.keylayout.Canadian-CSA,,False,False,False,False
r,r,com.apple.keylayout.Canadian-CSA,,False,False,False,False
y,y,com.apple.keylayout.Canadian-CSA,,False,False,False,False
t,t,com.apple.keylayout.Canadian-CSA,,False,False,False,False
1,1,com.apple.keylayout.Canadian-CSA,,False,False,False,False
2,2,com.apple.keylayout.Canadian-CSA,,False,False,False,False
3,3,com.apple.keylayout.Canadian-CSA,,False,False,False,False
4,4,com.apple.keylayout.Canadian-CSA,,False,False,False,False
6,6,com.apple.keylayout.Canadian-CSA,,False,False,False,False
5,5,com.apple.keylayout.Canadian-CSA,,False,False,False,False
=,=,com.apple.keylayout.Canadian-CSA,,False,False,False,False
9,9,com.apple.keylayout.Canadian-CSA,,False,False,False,False
7,7,com.apple.keylayout.Canadian-CSA,,False,False,False,False
-,-,com.apple.keylayout.Canadian-CSA,,False,False,False,False
8,8,com.apple.keylayout.Canadian-CSA,,False,False,False,False
0,0,com.apple.keylayout.Canadian-CSA,,False,False,False,False
ç,ç,com.apple.keylayout.Canadian-CSA,,False,False,False,False
o,o,com.apple.keylayout.Canadian-CSA,,False,False,False,False
u,u,com.apple.keylayout.Canadian-CSA,,False,False,False,False
i,i,com.apple.keylayout.Canadian-CSA,,False,False,False,False
p,p,com.apple.keylayout.Canadian-CSA,,False,False,False,False
l,l,com.apple.keylayout.Canadian-CSA,,False,False,False,False
j,j,com.apple.keylayout.Canadian-CSA,,False,False,False,False
è,è,com.apple.keylayout.Canadian-CSA,,False,False,False,False
k,k,com.apple.keylayout.Canadian-CSA,,False,False,False,False
;,;,com.apple.keylayout.Canadian-CSA,,False,False,False,False
à,à,com.apple.keylayout.Canadian-CSA,,False,False,False,False
",",",",com.apple.keylayout.Canadian-CSA,,False,False,False,False
é,é,com.apple.keylayout.Canadian-CSA,,False,False,False,False
n,n,com.apple.keylayout.Canadian-CSA,,False,False,False,False
m,m,com.apple.keylayout.Canadian-CSA,,False,False,False,False
.,.,com.apple.keylayout.Canadian-CSA,,False,False,False,False
 , ,com.apple.keylayout.Canadian-CSA,,False,False,False,False
ù,ù,com.apple.keylayout.Canadian-CSA,50,False,False,False,False
A,a,com.apple.keylayout.Canadian-CSA,,False,True,False,False
S,s,com.apple.keylayout.Canadian-CSA,,False,True,False,False
D,d,com.apple.keylayout.Canadian-CSA,,False,True,False,False
F,f,com.apple.keylayout.Canadian-CSA,,False,True,False,False
H,h,com.apple.keylayout.Canadian-CSA,,False,True,False,False
G,g,com.apple.keylayout.Canadian-CSA,,False,True,False,False
Z,z,com.apple.keylayout.Canadian-CSA,,False,True,False,False
X,x,com.apple.keylayout.Canadian-CSA,,False,True,False,False
C,c,com.apple.keylayout.Canadian-CSA,,False,True,False,False
V,v,com.apple.keylayout.Canadian-CSA,,False,True,False,False
\,/,com.apple.keylayout.Canadian-CSA,10,False,True,False,False
B,b,com.apple.keylayout.Canadian-CSA,,False,True,False,False
Q,q,com.apple.keylayout.Canadian-CSA,,False,True,False,False
W,w,com.apple.keylayout.Canadian-CSA,,False,True,False,False
E,e,com.apple.keylayout.Canadian-CSA,,False,True,False,False
R,r,com.apple.keylayout.Canadian-CSA,,False,True,False,False
Y,y,com.apple.keylayout.Canadian-CSA,,False,True,False,False
T,t,com.apple.keylayout.Canadian-CSA,,False,True,False,False
!,1,com.apple.keylayout.Canadian-CSA,,False,True,False,False
@,2,com.apple.keylayout.Canadian-CSA,,False,True,False,False
#,3,com.apple.keylayout.Canadian-CSA,,False,True,False,False
$,4,com.apple.keylayout.Canadian-CSA,,False,True,False,False
?,6,com.apple.keylayout.Canadian-CSA,,False,True,False,False
%,5,com.apple.keylayout.Canadian-CSA,,False,True,False,False
+,=,com.apple.keylayout.Canadian-CSA,,False,True,False,False
(,9,com.apple.keylayout.Canadian-CSA,,False,True,False,False
&,7,com.apple.keylayout.Canadian-CSA,,False,True,False,False
_,-,com.apple.keylayout.Canadian-CSA,,False,True,False,False
*,8,com.apple.keylayout.Canadian-CSA,,False,True,False,False
),0,com.apple.keylayout.Canadian-CSA,,False,True,False,False
Ç,ç,com.apple.keylayout.Canadian-CSA,,False,True,False,False
O,o,com.apple.keylayout.Canadian-CSA,,False,True,False,False
U,u,com.apple.keylayout.Canadian-CSA,,False,True,False,False
I,i,com.apple.keylayout.Canadian-CSA,,False,True,False,False
P,p,com.apple.keylayout.Canadian-CSA,,False,True,False,False
L,l,com.apple.keylayout.Canadian-CSA,,False,True,False,False
J,j,com.apple.keylayout.Canadian-CSA,,False,True,False,False
È,è,com.apple.keylayout.Canadian-CSA,,False,True,False,False
K,k,com.apple.keylayout.Canadian-CSA,,False,True,False,False
:,;,com.apple.keylayout.Canadian-CSA,,False,True,False,False
À,à,com.apple.keylayout.Canadian-CSA,,False,True,False,False
',",",com.apple.keylayout.Canadian-CSA,,False,True,False,False
É,é,com.apple.keylayout.Canadian-CSA,,False,True,False,False
N,n,com.apple.keylayout.Canadian-CSA,,False,True,False,False
M,m,com.apple.keylayout.Canadian-CSA,,False,True,False,False
"""",.,com.apple.keylayout.Canadian-CSA,,False,True,False,False
 , ,com.apple.keylayout.Canadian-CSA,,False,True,False,False
Ù,ù,com.apple.keylayout.Canadian-CSA,50,False,True,False,False
æ,a,com.apple.keylayout.Canadian-CSA,,True,False,False,False
ß,s,com.apple.keylayout.Canadian-CSA,,True,False,False,False
ª,d,com.apple.keylayout.Canadian-CSA,,True,False,False,False
ƒ,f,com.apple.keylayout.Canadian-CSA,,True,False,False,False
˙,h,com.apple.keylayout.Canadian-CSA,,True,False,False,False
©,g,com.apple.keylayout.Canadian-CSA,,True,False,False,False
«,z,com.apple.keylayout.Canadian-CSA,,True,False,False,False
»,x,com.apple.keylayout.Canadian-CSA,,True,False,False,False
¢,c,com.apple.keylayout.Canadian-CSA,,True,False,False,False
√,v,com.apple.keylayout.Canadian-CSA,,True,False,False,False
|,/,com.apple.keylayout.Canadian-CSA,10,True,False,False,False
∫,b,com.apple.keylayout.Canadian-CSA,,True,False,False,False
œ,q,com.apple.keylayout.Canadian-CSA,,True,False,False,False
∑,w,com.apple.keylayout.Canadian-CSA,,True,False,False,False
∂,e,com.apple.keylayout.Canadian-CSA,,True,False,False,False
¶,r,com.apple.keylayout.Canadian-CSA,,True,False,False,False
¥,y,com.apple.keylayout.Canadian-CSA,,True,False,False,False
™,t,com.apple.keylayout.Canadian-CSA,,True,False,False,False
¡,1,com.apple.keylayout.Canadian-CSA,,True,False,False,False
@,2,com.apple.keylayout.Canadian-CSA,,True,False,False,False
£,3,com.apple.keylayout.Canadian-CSA,,True,False,False,False
€,4,com.apple.keylayout.Canadian-CSA,,True,False,False,False
 ,6,com.apple.keylayout.Canadian-CSA,,True,False,False,False
∞,5,com.apple.keylayout.Canadian-CSA,,True,False,False,False
¬,=,com.apple.keylayout.Canadian-CSA,,True,False,False,False
[,9,com.apple.keylayout.Canadian-CSA,,True,False,False,False
{,7,com.apple.keylayout.Canadian-CSA,,True,False,False,False
|,-,com.apple.keylayout.Canadian-CSA,,True,False,False,False
},8,com.apple.keylayout.Canadian-CSA,,True,False,False,False
],0,com.apple.keylayout.Canadian-CSA,,True,False,False,False
~,ç,com.apple.keylayout.Canadian-CSA,,True,False,False,False
ø,o,com.apple.keylayout.Canadian-CSA,,True,False,False,False
 ,u,com.apple.keylayout.Canadian-CSA,,True,False,False,False
π,i,com.apple.keylayout.Canadian-CSA,,True,False,False,False
“,p,com.apple.keylayout.Canadian-CSA,,True,False,False,False
 ,l,com.apple.keylayout.Canadian-CSA,,True,False,False,False
∆,j,com.apple.keylayout.Canadian-CSA,,True,False,False,False
\,è,com.apple.keylayout.Canadian-CSA,,True,False,False,False
˚,k,com.apple.keylayout.Canadian-CSA,,True,False,False,False
°,;,com.apple.keylayout.Canadian-CSA,,True,False,False,False
`,à,com.apple.keylayout.Canadian-CSA,,True,False,False,False
<,",",com.apple.keylayout.Canadian-CSA,,True,False,False,False
/,é,com.apple.keylayout.Canadian-CSA,,True,False,False,False
 ,n,com.apple.keylayout.Canadian-CSA,,True,False,False,False
µ,m,com.apple.keylayout.Canadian-CSA,,True,False,False,False
>,.,com.apple.keylayout.Canadian-CSA,,True,False,False,False
 , ,com.apple.keylayout.Canadian-CSA,,True,False,False,False
\,ù,com.apple.keylayout.Canadian-CSA,50,True,False,False,False
Æ,a,com.apple.keylayout.Canadian-CSA,,True,True,False,False
§,s,com.apple.keylayout.Canadian-CSA,,True,True,False,False
ˇ,d,com.apple.keylayout.Canadian-CSA,,True,True,False,False
ﬂ,f,com.apple.keylayout.Canadian-CSA,,True,True,False,False
·,h,com.apple.keylayout.Canadian-CSA,,True,True,False,False
ﬁ,g,com.apple.keylayout.Canadian-CSA,,True,True,False,False
‹,z,com.apple.keylayout.Canadian-CSA,,True,True,False,False
›,x,com.apple.keylayout.Canadian-CSA,,True,True,False,False
†,c,com.apple.keylayout.Canadian-CSA,,True,True,False,False
◊,v,com.apple.keylayout.Canadian-CSA,,True,True,False,False
 ,/,com.apple.keylayout.Canadian-CSA,10,True,True,False,False
≤,b,com.apple.keylayout.Canadian-CSA,,True,True,False,False
Œ,q,com.apple.keylayout.Canadian-CSA,,True,True,False,False
‰,w,com.apple.keylayout.Canadian-CSA,,True,True,False,False
¯,e,com.apple.keylayout.Canadian-CSA,,True,True,False,False
®,r,com.apple.keylayout.Canadian-CSA,,True,True,False,False
˝,y,com.apple.keylayout.Canadian-CSA,,True,True,False,False
˘,t,com.apple.keylayout.Canadian-CSA,,True,True,False,False
≈,1,com.apple.keylayout.Canadian-CSA,,True,True,False,False
ı,2,com.apple.keylayout.Canadian-CSA,,True,True,False,False
ˆ,3,com.apple.keylayout.Canadian-CSA,,True,True,False,False
˜,4,com.apple.keylayout.Canadian-CSA,,True,True,False,False
†,6,com.apple.keylayout.Canadian-CSA,,True,True,False,False
,5,com.apple.keylayout.Canadian-CSA,,True,True,False,False
–,=,com.apple.keylayout.Canadian-CSA,,True,True,False,False
±,9,com.apple.keylayout.Canadian-CSA,,True,True,False,False
‡,7,com.apple.keylayout.Canadian-CSA,,True,True,False,False
¿,-,com.apple.keylayout.Canadian-CSA,,True,True,False,False
•,8,com.apple.keylayout.Canadian-CSA,,True,True,False,False
—,0,com.apple.keylayout.Canadian-CSA,,True,True,False,False
Ø,o,com.apple.keylayout.Canadian-CSA,,True,True,False,False
˛,u,com.apple.keylayout.Canadian-CSA,,True,True,False,False
∏,i,com.apple.keylayout.Canadian-CSA,,True,True,False,False
”,p,com.apple.keylayout.Canadian-CSA,,True,True,False,False
…,l,com.apple.keylayout.Canadian-CSA,,True,True,False,False
‚,j,com.apple.keylayout.Canadian-CSA,,True,True,False,False
’,è,com.apple.keylayout.Canadian-CSA,,True,True,False,False
⁄,k,com.apple.keylayout.Canadian-CSA,,True,True,False,False
x,",",com.apple.keylayout.Canadian-CSA,,True,True,False,False
≠,é,com.apple.keylayout.Canadian-CSA,,True,True,False,False
≥,n,com.apple.keylayout.Canadian-CSA,,True,True,False,False
º,m,com.apple.keylayout.Canadian-CSA,,True,True,False,False
÷,.,com.apple.keylayout.Canadian-CSA,,True,True,False,False
 , ,com.apple.keylayout.Canadian-CSA,,True,True,False,False
Ω,ù,com.apple.keylayout.Canadian-CSA,50,True,True,False,False
ش,ش,com.apple.keylayout.Persian-ISIRI2901,,False,False,False,False
س,س,com.apple.keylayout.Persian-ISIRI2901,,False,False,False,False
ی,ی,com.apple.keylayout.Persian-ISIRI2901,,False,False,False,False
ب,ب,com.apple.keylayout.Persian-ISIRI2901,,False,False,False,False
ا,ا,com.apple.keylayout.Persian-ISIRI2901,,False,False,False,False
ل,ل,com.apple.keylayout.Persian-ISIRI2901,,False,False,False,False
ظ,ظ,com.apple.keylayout.Persian-ISIRI2901,,False,False,False,False
ط,ط,com.apple.keylayout.Persian-ISIRI2901,,False,False,False,False
ز,ز,com.apple.keylayout.Persian-ISIRI2901,,False,False,False,False
ر,ر,com.apple.keylayout.Persian-ISIRI2901,,False,False,False,False
‍,‍,com.apple.keylayout.Persian-ISIRI2901,10,False,False,False,False
ذ,ذ,com.apple.keylayout.Persian-ISIRI2901,,False,False,False,False
ض,ض,com.apple.keylayout.Persian-ISIRI2901,,False,False,False,False
ص,ص,com.apple.keylayout.Persian-ISIRI2901,,False,False,False,False
ث,ث,com.apple.keylayout.Persian-ISIRI2901,,False,False,False,False
ق,ق,com.apple.keylayout.Persian-ISIRI2901,,False,False,False,False
غ,غ,com.apple.keylayout.Persian-ISIRI2901,,False,False,False,False
ف,ف,com.apple.keylayout.Persian-ISIRI2901,,False,False,False,False
۱,۱,com.apple.keylayout.Persian-ISIRI2901,,False,False,False,False
۲,۲,com.apple.keylayout.Persian-ISIRI2901,,False,False,False,False
۳,۳,com.apple.keylayout.Persian-ISIRI2901,,False,False,False,False
۴,۴,com.apple.keylayout.Persian-ISIRI2901,,False,False,False,False
۶,۶,com.apple.keylayout.Persian-ISIRI2901,,False,False,False,False
۵,۵,com.apple.keylayout.Persian-ISIRI2901,,False,False,False,False
=,=,com.apple.keylayout.Persian-ISIRI2901,,False,False,False,False
۹,۹,com.apple.keylayout.Persian-ISIRI2901,,False,False,False,False
۷,۷,com.apple.keylayout.Persian-ISIRI2901,,False,False,False,False
-,-,com.apple.keylayout.Persian-ISIRI2901,,False,False,False,False
۸,۸,com.apple.keylayout.Persian-ISIRI2901,,False,False,False,False
۰,۰,com.apple.keylayout.Persian-ISIRI2901,,False,False,False,False
چ,چ,com.apple.keylayout.Persian-ISIRI2901,,False,False,False,False
خ,خ,com.apple.keylayout.Persian-ISIRI2901,,False,False,False,False
ع,ع,com.apple.keylayout.Persian-ISIRI2901,,False,False,False,False
ج,ج,com.apple.keylayout.Persian-ISIRI2901,,False,False,False,False
ه,ه,com.apple.keylayout.Persian-ISIRI2901,,False,False,False,False
ح,ح,com.apple.keylayout.Persian-ISIRI2901,,False,False,False,False
م,م,com.apple.keylayout.Persian-ISIRI2901,,False,False,False,False
ت,ت,com.apple.keylayout.Persian-ISIRI2901,,False,False,False,False
گ,گ,com.apple.keylayout.Persian-ISIRI2901,,False,False,False,False
ن,ن,com.apple.keylayout.Persian-ISIRI2901,,False,False,False,False
ک,ک,com.apple.keylayout.Persian-ISIRI2901,,False,False,False,False
\,\,com.apple.keylayout.Persian-ISIRI2901,,False,False,False,False
و,و,com.apple.keylayout.Persian-ISIRI2901,,False,False,False,False
/,/,com.apple.keylayout.Persian-ISIRI2901,,False,False,False,False
د,د,com.apple.keylayout.Persian-ISIRI2901,,False,False,False,False
پ,پ,com.apple.keylayout.Persian-ISIRI2901,,False,False,False,False
.,.,com.apple.keylayout.Persian-ISIRI2901,,False,False,False,False
 , ,com.apple.keylayout.Persian-ISIRI2901,,False,False,False,False
‍,‍,com.apple.keylayout.Persian-ISIRI2901,50,False,False,False,False
ؤ,ش,com.apple.keylayout.Persian-ISIRI2901,,False,True,False,False
ئ,س,com.apple.keylayout.Persian-ISIRI2901,,False,True,False,False
ي,ی,com.apple.keylayout.Persian-ISIRI2901,,False,True,False,False
إ,ب,com.apple.keylayout.Persian-ISIRI2901,,False,True,False,False
آ,ا,com.apple.keylayout.Persian-ISIRI2901,,False,True,False,False
أ,ل,com.apple.keylayout.Persian-ISIRI2901,,False,True,False,False
ك,ظ,com.apple.keylayout.Persian-ISIRI2901,,False,True,False,False
ژ,ز,com.apple.keylayout.Persian-ISIRI2901,,False,True,False,False
‌,ذ,com.apple.keylayout.Persian-ISIRI2901,,False,True,False,False
ْ,ض,com.apple.keylayout.Persian-ISIRI2901,,False,True,False,False
ٌ,ص,com.apple.keylayout.Persian-ISIRI2901,,False,True,False,False
ٍ,ث,com.apple.keylayout.Persian-ISIRI2901,,False,True,False,False
ً,ق,com.apple.keylayout.Persian-ISIRI2901,,False,True,False,False
ِ,غ,com.apple.keylayout.Persian-ISIRI2901,,False,True,False,False
ُ,ف,com.apple.keylayout.Persian-ISIRI2901,,False,True,False,False
!,۱,com.apple.keylayout.Persian-ISIRI2901,,False,True,False,False
٬,۲,com.apple.keylayout.Persian-ISIRI2901,,False,True,False,False
٫,۳,com.apple.keylayout.Persian-ISIRI2901,,False,True,False,False
ریال,۴,com.apple.keylayout.Persian-ISIRI2901,,False,True,False,False
×,۶,com.apple.keylayout.Persian-ISIRI2901,,False,True,False,False
٪,۵,com.apple.keylayout.Persian-ISIRI2901,,False,True,False,False
+,=,com.apple.keylayout.Persian-ISIRI2901,,False,True,False,False
),۹,com.apple.keylayout.Persian-ISIRI2901,,False,True,False,False
،,۷,com.apple.keylayout.Persian-ISIRI2901,,False,True,False,False
ـ,-,com.apple.keylayout.Persian-ISIRI2901,,False,True,False,False
*,۸,com.apple.keylayout.Persian-ISIRI2901,,False,True,False,False
(,۰,com.apple.keylayout.Persian-ISIRI2901,,False,True,False,False
{,چ,com.apple.keylayout.Persian-ISIRI2901,,False,True,False,False
],خ,com.apple.keylayout.Persian-ISIRI2901,,False,True,False,False
َ,ع,com.apple.keylayout.Persian-ISIRI2901,,False,True,False,False
},ج,com.apple.keylayout.Persian-ISIRI2901,,False,True,False,False
ّ,ه,com.apple.keylayout.Persian-ISIRI2901,,False,True,False,False
[,ح,com.apple.keylayout.Persian-ISIRI2901,,False,True,False,False
»,م,com.apple.keylayout.Persian-ISIRI2901,,False,True,False,False
ة,ت,com.apple.keylayout.Persian-ISIRI2901,,False,True,False,False
؛,گ,com.apple.keylayout.Persian-ISIRI2901,,False,True,False,False
«,ن,com.apple.keylayout.Persian-ISIRI2901,,False,True,False,False
:,ک,com.apple.keylayout.Persian-ISIRI2901,,False,True,False,False
|,\,com.apple.keylayout.Persian-ISIRI2901,,False,True,False,False
<,و,com.apple.keylayout.Persian-ISIRI2901,,False,True,False,False
؟,/,com.apple.keylayout.Persian-ISIRI2901,,False,True,False,False
ء,پ,com.apple.keylayout.Persian-ISIRI2901,,False,True,False,False
>,.,com.apple.keylayout.Persian-ISIRI2901,,False,True,False,False
‌, ,com.apple.keylayout.Persian-ISIRI2901,,False,True,False,False
`,‍,com.apple.keylayout.Persian-ISIRI2901,10,True,False,False,False
€,ض,com.apple.keylayout.Persian-ISIRI2901,,True,False,False,False
ٱ,ص,com.apple.keylayout.Persian-ISIRI2901,,True,False,False,False
ى,ث,com.apple.keylayout.Persian-ISIRI2901,,True,False,False,False
‎,ق,com.apple.keylayout.Persian-ISIRI2901,,True,False,False,False
ٓ,غ,com.apple.keylayout.Persian-ISIRI2901,,True,False,False,False
‏,ف,com.apple.keylayout.Persian-ISIRI2901,,True,False,False,False
~,۱,com.apple.keylayout.Persian-ISIRI2901,,True,False,False,False
@,۲,com.apple.keylayout.Persian-ISIRI2901,,True,False,False,False
#,۳,com.apple.keylayout.Persian-ISIRI2901,,True,False,False,False
$,۴,com.apple.keylayout.Persian-ISIRI2901,,True,False,False,False
^,۶,com.apple.keylayout.Persian-ISIRI2901,,True,False,False,False
%,۵,com.apple.keylayout.Persian-ISIRI2901,,True,False,False,False
•,۹,com.apple.keylayout.Persian-ISIRI2901,,True,False,False,False
&,۷,com.apple.keylayout.Persian-ISIRI2901,,True,False,False,False
_,-,com.apple.keylayout.Persian-ISIRI2901,,True,False,False,False
٭,۸,com.apple.keylayout.Persian-ISIRI2901,,True,False,False,False
°,۰,com.apple.keylayout.Persian-ISIRI2901,,True,False,False,False
',خ,com.apple.keylayout.Persian-ISIRI2901,,True,False,False,False
"""",ح,com.apple.keylayout.Persian-ISIRI2901,,True,False,False,False
;,ک,com.apple.keylayout.Persian-ISIRI2901,,True,False,False,False
?,\,com.apple.keylayout.Persian-ISIRI2901,,True,False,False,False
",",و,com.apple.keylayout.Persian-ISIRI2901,,True,False,False,False
 , ,com.apple.keylayout.Persian-ISIRI2901,,True,False,False,False
`,‍,com.apple.keylayout.Persian-ISIRI2901,10,True,True,False,False
€,ض,com.apple.keylayout.Persian-ISIRI2901,,True,True,False,False
ٱ,ص,com.apple.keylayout.Persian-ISIRI2901,,True,True,False,False
ى,ث,com.apple.keylayout.Persian-ISIRI2901,,True,True,False,False
‎,ق,com.apple.keylayout.Persian-ISIRI2901,,True,True,False,False
ٓ,غ,com.apple.keylayout.Persian-ISIRI2901,,True,True,False,False
‏,ف,com.apple.keylayout.Persian-ISIRI2901,,True,True,False,False
~,۱,com.apple.keylayout.Persian-ISIRI2901,,True,True,False,False
@,۲,com.apple.keylayout.Persian-ISIRI2901,,True,True,False,False
#,۳,com.apple.keylayout.Persian-ISIRI2901,,True,True,False,False
$,۴,com.apple.keylayout.Persian-ISIRI2901,,True,True,False,False
^,۶,com.apple.keylayout.Persian-ISIRI2901,,True,True,False,False
%,۵,com.apple.keylayout.Persian-ISIRI2901,,True,True,False,False
•,۹,com.apple.keylayout.Persian-ISIRI2901,,True,True,False,False
&,۷,com.apple.keylayout.Persian-ISIRI2901,,True,True,False,False
_,-,com.apple.keylayout.Persian-ISIRI2901,,True,True,False,False
٭,۸,com.apple.keylayout.Persian-ISIRI2901,,True,True,False,False
°,۰,com.apple.keylayout.Persian-ISIRI2901,,True,True,False,False
',خ,com.apple.keylayout.Persian-ISIRI2901,,True,True,False,False
"""",ح,com.apple.keylayout.Persian-ISIRI2901,,True,True,False,False
;,ک,com.apple.keylayout.Persian-ISIRI2901,,True,True,False,False
?,\,com.apple.keylayout.Persian-ISIRI2901,,True,True,False,False
",",و,com.apple.keylayout.Persian-ISIRI2901,,True,True,False,False
 , ,com.apple.keylayout.Persian-ISIRI2901,,True,True,False,False
ો,ો,com.apple.keylayout.Gujarati,,False,False,False,False
ે,ે,com.apple.keylayout.Gujarati,,False,False,False,False
િ,િ,com.apple.keylayout.Gujarati,,False,False,False,False
પ,પ,com.apple.keylayout.Gujarati,,False,False,False,False
ુ,ુ,com.apple.keylayout.Gujarati,,False,False,False,False
ં,ં,com.apple.keylayout.Gujarati,,False,False,False,False
મ,મ,com.apple.keylayout.Gujarati,,False,False,False,False
ન,ન,com.apple.keylayout.Gujarati,,False,False,False,False
વ,વ,com.apple.keylayout.Gujarati,,False,False,False,False
ૌ,ૌ,com.apple.keylayout.Gujarati,,False,False,False,False
ૈ,ૈ,com.apple.keylayout.Gujarati,,False,False,False,False
ા,ા,com.apple.keylayout.Gujarati,,False,False,False,False
ી,ી,com.apple.keylayout.Gujarati,,False,False,False,False
બ,બ,com.apple.keylayout.Gujarati,,False,False,False,False
ૂ,ૂ,com.apple.keylayout.Gujarati,,False,False,False,False
૧,૧,com.apple.keylayout.Gujarati,,False,False,False,False
૨,૨,com.apple.keylayout.Gujarati,,False,False,False,False
૩,૩,com.apple.keylayout.Gujarati,,False,False,False,False
૪,૪,com.apple.keylayout.Gujarati,,False,False,False,False
૬,૬,com.apple.keylayout.Gujarati,,False,False,False,False
૫,૫,com.apple.keylayout.Gujarati,,False,False,False,False
ૃ,ૃ,com.apple.keylayout.Gujarati,,False,False,False,False
૯,૯,com.apple.keylayout.Gujarati,,False,False,False,False
૭,૭,com.apple.keylayout.Gujarati,,False,False,False,False
-,-,com.apple.keylayout.Gujarati,,False,False,False,False
૮,૮,com.apple.keylayout.Gujarati,,False,False,False,False
૦,૦,com.apple.keylayout.Gujarati,,False,False,False,False
઼,઼,com.apple.keylayout.Gujarati,,False,False,False,False
દ,દ,com.apple.keylayout.Gujarati,,False,False,False,False
હ,હ,com.apple.keylayout.Gujarati,,False,False,False,False
ડ,ડ,com.apple.keylayout.Gujarati,,False,False,False,False
ગ,ગ,com.apple.keylayout.Gujarati,,False,False,False,False
જ,જ,com.apple.keylayout.Gujarati,,False,False,False,False
ત,ત,com.apple.keylayout.Gujarati,,False,False,False,False
ર,ર,com.apple.keylayout.Gujarati,,False,False,False,False
ટ,ટ,com.apple.keylayout.Gujarati,,False,False,False,False
ક,ક,com.apple.keylayout.Gujarati,,False,False,False,False
ચ,ચ,com.apple.keylayout.Gujarati,,False,False,False,False
ૉ,ૉ,com.apple.keylayout.Gujarati,,False,False,False,False
",",",",com.apple.keylayout.Gujarati,,False,False,False,False
ય,ય,com.apple.keylayout.Gujarati,,False,False,False,False
લ,લ,com.apple.keylayout.Gujarati,,False,False,False,False
સ,સ,com.apple.keylayout.Gujarati,,False,False,False,False
.,.,com.apple.keylayout.Gujarati,,False,False,False,False
 , ,com.apple.keylayout.Gujarati,,False,False,False,False
ઓ,ો,com.apple.keylayout.Gujarati,,False,True,False,False
એ,ે,com.apple.keylayout.Gujarati,,False,True,False,False
ઇ,િ,com.apple.keylayout.Gujarati,,False,True,False,False
ફ,પ,com.apple.keylayout.Gujarati,,False,True,False,False
ઉ,ુ,com.apple.keylayout.Gujarati,,False,True,False,False
ઁ,ં,com.apple.keylayout.Gujarati,,False,True,False,False
ણ,મ,com.apple.keylayout.Gujarati,,False,True,False,False
ઔ,ૌ,com.apple.keylayout.Gujarati,,False,True,False,False
ઐ,ૈ,com.apple.keylayout.Gujarati,,False,True,False,False
આ,ા,com.apple.keylayout.Gujarati,,False,True,False,False
ઈ,ી,com.apple.keylayout.Gujarati,,False,True,False,False
ભ,બ,com.apple.keylayout.Gujarati,,False,True,False,False
ઊ,ૂ,com.apple.keylayout.Gujarati,,False,True,False,False
ઍ,૧,com.apple.keylayout.Gujarati,,False,True,False,False
ૅ,૨,com.apple.keylayout.Gujarati,,False,True,False,False
્ર,૩,com.apple.keylayout.Gujarati,,False,True,False,False
ર્,૪,com.apple.keylayout.Gujarati,,False,True,False,False
ત્ર,૬,com.apple.keylayout.Gujarati,,False,True,False,False
જ્ઞ,૫,com.apple.keylayout.Gujarati,,False,True,False,False
ઋ,ૃ,com.apple.keylayout.Gujarati,,False,True,False,False
(,૯,com.apple.keylayout.Gujarati,,False,True,False,False
ક્ષ,૭,com.apple.keylayout.Gujarati,,False,True,False,False
ઃ,-,com.apple.keylayout.Gujarati,,False,True,False,False
શ્ર,૮,com.apple.keylayout.Gujarati,,False,True,False,False
),૦,com.apple.keylayout.Gujarati,,False,True,False,False
ઞ,઼,com.apple.keylayout.Gujarati,,False,True,False,False
ધ,દ,com.apple.keylayout.Gujarati,,False,True,False,False
ઙ,હ,com.apple.keylayout.Gujarati,,False,True,False,False
ઢ,ડ,com.apple.keylayout.Gujarati,,False,True,False,False
ઘ,ગ,com.apple.keylayout.Gujarati,,False,True,False,False
ઝ,જ,com.apple.keylayout.Gujarati,,False,True,False,False
થ,ત,com.apple.keylayout.Gujarati,,False,True,False,False
ઠ,ટ,com.apple.keylayout.Gujarati,,False,True,False,False
ખ,ક,com.apple.keylayout.Gujarati,,False,True,False,False
છ,ચ,com.apple.keylayout.Gujarati,,False,True,False,False
ઑ,ૉ,com.apple.keylayout.Gujarati,,False,True,False,False
ષ,",",com.apple.keylayout.Gujarati,,False,True,False,False
ળ,લ,com.apple.keylayout.Gujarati,,False,True,False,False
શ,સ,com.apple.keylayout.Gujarati,,False,True,False,False
।,.,com.apple.keylayout.Gujarati,,False,True,False,False
 , ,com.apple.keylayout.Gujarati,,False,True,False,False
a,ો,com.apple.keylayout.Gujarati,,True,False,False,False
s,ે,com.apple.keylayout.Gujarati,,True,False,False,False
f,િ,com.apple.keylayout.Gujarati,,True,False,False,False
h,પ,com.apple.keylayout.Gujarati,,True,False,False,False
g,ુ,com.apple.keylayout.Gujarati,,True,False,False,False
x,ં,com.apple.keylayout.Gujarati,,True,False,False,False
c,મ,com.apple.keylayout.Gujarati,,True,False,False,False
v,ન,com.apple.keylayout.Gujarati,,True,False,False,False
b,વ,com.apple.keylayout.Gujarati,,True,False,False,False
q,ૌ,com.apple.keylayout.Gujarati,,True,False,False,False
w,ૈ,com.apple.keylayout.Gujarati,,True,False,False,False
e,ા,com.apple.keylayout.Gujarati,,True,False,False,False
r,ી,com.apple.keylayout.Gujarati,,True,False,False,False
y,બ,com.apple.keylayout.Gujarati,,True,False,False,False
t,ૂ,com.apple.keylayout.Gujarati,,True,False,False,False
1,૧,com.apple.keylayout.Gujarati,,True,False,False,False
2,૨,com.apple.keylayout.Gujarati,,True,False,False,False
3,૩,com.apple.keylayout.Gujarati,,True,False,False,False
4,૪,com.apple.keylayout.Gujarati,,True,False,False,False
6,૬,com.apple.keylayout.Gujarati,,True,False,False,False
5,૫,com.apple.keylayout.Gujarati,,True,False,False,False
=,ૃ,com.apple.keylayout.Gujarati,,True,False,False,False
9,૯,com.apple.keylayout.Gujarati,,True,False,False,False
7,૭,com.apple.keylayout.Gujarati,,True,False,False,False
—,-,com.apple.keylayout.Gujarati,,True,False,False,False
8,૮,com.apple.keylayout.Gujarati,,True,False,False,False
0,૦,com.apple.keylayout.Gujarati,,True,False,False,False
],઼,com.apple.keylayout.Gujarati,,True,False,False,False
o,દ,com.apple.keylayout.Gujarati,,True,False,False,False
u,હ,com.apple.keylayout.Gujarati,,True,False,False,False
[,ડ,com.apple.keylayout.Gujarati,,True,False,False,False
i,ગ,com.apple.keylayout.Gujarati,,True,False,False,False
p,જ,com.apple.keylayout.Gujarati,,True,False,False,False
l,ત,com.apple.keylayout.Gujarati,,True,False,False,False
j,ર,com.apple.keylayout.Gujarati,,True,False,False,False
',ટ,com.apple.keylayout.Gujarati,,True,False,False,False
k,ક,com.apple.keylayout.Gujarati,,True,False,False,False
;,ચ,com.apple.keylayout.Gujarati,,True,False,False,False
\,ૉ,com.apple.keylayout.Gujarati,,True,False,False,False
",",",",com.apple.keylayout.Gujarati,,True,False,False,False
/,ય,com.apple.keylayout.Gujarati,,True,False,False,False
n,લ,com.apple.keylayout.Gujarati,,True,False,False,False
m,સ,com.apple.keylayout.Gujarati,,True,False,False,False
.,.,com.apple.keylayout.Gujarati,,True,False,False,False
 , ,com.apple.keylayout.Gujarati,,True,False,False,False
A,ો,com.apple.keylayout.Gujarati,,True,True,False,False
S,ે,com.apple.keylayout.Gujarati,,True,True,False,False
F,િ,com.apple.keylayout.Gujarati,,True,True,False,False
H,પ,com.apple.keylayout.Gujarati,,True,True,False,False
G,ુ,com.apple.keylayout.Gujarati,,True,True,False,False
X,ં,com.apple.keylayout.Gujarati,,True,True,False,False
C,મ,com.apple.keylayout.Gujarati,,True,True,False,False
V,ન,com.apple.keylayout.Gujarati,,True,True,False,False
B,વ,com.apple.keylayout.Gujarati,,True,True,False,False
Q,ૌ,com.apple.keylayout.Gujarati,,True,True,False,False
W,ૈ,com.apple.keylayout.Gujarati,,True,True,False,False
E,ા,com.apple.keylayout.Gujarati,,True,True,False,False
R,ી,com.apple.keylayout.Gujarati,,True,True,False,False
Y,બ,com.apple.keylayout.Gujarati,,True,True,False,False
T,ૂ,com.apple.keylayout.Gujarati,,True,True,False,False
!,૧,com.apple.keylayout.Gujarati,,True,True,False,False
@,૨,com.apple.keylayout.Gujarati,,True,True,False,False
#,૩,com.apple.keylayout.Gujarati,,True,True,False,False
$,૪,com.apple.keylayout.Gujarati,,True,True,False,False
^,૬,com.apple.keylayout.Gujarati,,True,True,False,False
%,૫,com.apple.keylayout.Gujarati,,True,True,False,False
+,ૃ,com.apple.keylayout.Gujarati,,True,True,False,False
(,૯,com.apple.keylayout.Gujarati,,True,True,False,False
&,૭,com.apple.keylayout.Gujarati,,True,True,False,False
_,-,com.apple.keylayout.Gujarati,,True,True,False,False
*,૮,com.apple.keylayout.Gujarati,,True,True,False,False
),૦,com.apple.keylayout.Gujarati,,True,True,False,False
},઼,com.apple.keylayout.Gujarati,,True,True,False,False
O,દ,com.apple.keylayout.Gujarati,,True,True,False,False
U,હ,com.apple.keylayout.Gujarati,,True,True,False,False
{,ડ,com.apple.keylayout.Gujarati,,True,True,False,False
I,ગ,com.apple.keylayout.Gujarati,,True,True,False,False
P,જ,com.apple.keylayout.Gujarati,,True,True,False,False
L,ત,com.apple.keylayout.Gujarati,,True,True,False,False
J,ર,com.apple.keylayout.Gujarati,,True,True,False,False
"""",ટ,com.apple.keylayout.Gujarati,,True,True,False,False
K,ક,com.apple.keylayout.Gujarati,,True,True,False,False
:,ચ,com.apple.keylayout.Gujarati,,True,True,False,False
|,ૉ,com.apple.keylayout.Gujarati,,True,True,False,False
<,",",com.apple.keylayout.Gujarati,,True,True,False,False
?,ય,com.apple.keylayout.Gujarati,,True,True,False,False
N,લ,com.apple.keylayout.Gujarati,,True,True,False,False
M,સ,com.apple.keylayout.Gujarati,,True,True,False,False
>,.,com.apple.keylayout.Gujarati,,True,True,False,False
 , ,com.apple.keylayout.Gujarati,,True,True,False,False
а,а,com.apple.keylayout.Serbian,,False,False,False,False
с,с,com.apple.keylayout.Serbian,,False,False,False,False
д,д,com.apple.keylayout.Serbian,,False,False,False,False
ф,ф,com.apple.keylayout.Serbian,,False,False,False,False
х,х,com.apple.keylayout.Serbian,,False,False,False,False
г,г,com.apple.keylayout.Serbian,,False,False,False,False
ѕ,ѕ,com.apple.keylayout.Serbian,,False,False,False,False
џ,џ,com.apple.keylayout.Serbian,,False,False,False,False
ц,ц,com.apple.keylayout.Serbian,,False,False,False,False
в,в,com.apple.keylayout.Serbian,,False,False,False,False
§,§,com.apple.keylayout.Serbian,10,False,False,False,False
б,б,com.apple.keylayout.Serbian,,False,False,False,False
љ,љ,com.apple.keylayout.Serbian,,False,False,False,False
њ,њ,com.apple.keylayout.Serbian,,False,False,False,False
е,е,com.apple.keylayout.Serbian,,False,False,False,False
р,р,com.apple.keylayout.Serbian,,False,False,False,False
з,з,com.apple.keylayout.Serbian,,False,False,False,False
т,т,com.apple.keylayout.Serbian,,False,False,False,False
1,1,com.apple.keylayout.Serbian,,False,False,False,False
2,2,com.apple.keylayout.Serbian,,False,False,False,False
3,3,com.apple.keylayout.Serbian,,False,False,False,False
4,4,com.apple.keylayout.Serbian,,False,False,False,False
6,6,com.apple.keylayout.Serbian,,False,False,False,False
5,5,com.apple.keylayout.Serbian,,False,False,False,False
+,+,com.apple.keylayout.Serbian,,False,False,False,False
9,9,com.apple.keylayout.Serbian,,False,False,False,False
7,7,com.apple.keylayout.Serbian,,False,False,False,False
’,’,com.apple.keylayout.Serbian,,False,False,False,False
8,8,com.apple.keylayout.Serbian,,False,False,False,False
0,0,com.apple.keylayout.Serbian,,False,False,False,False
ђ,ђ,com.apple.keylayout.Serbian,,False,False,False,False
о,о,com.apple.keylayout.Serbian,,False,False,False,False
у,у,com.apple.keylayout.Serbian,,False,False,False,False
ш,ш,com.apple.keylayout.Serbian,,False,False,False,False
и,и,com.apple.keylayout.Serbian,,False,False,False,False
п,п,com.apple.keylayout.Serbian,,False,False,False,False
л,л,com.apple.keylayout.Serbian,,False,False,False,False
ј,ј,com.apple.keylayout.Serbian,,False,False,False,False
ћ,ћ,com.apple.keylayout.Serbian,,False,False,False,False
к,к,com.apple.keylayout.Serbian,,False,False,False,False
ч,ч,com.apple.keylayout.Serbian,,False,False,False,False
ж,ж,com.apple.keylayout.Serbian,,False,False,False,False
",",",",com.apple.keylayout.Serbian,,False,False,False,False
-,-,com.apple.keylayout.Serbian,,False,False,False,False
н,н,com.apple.keylayout.Serbian,,False,False,False,False
м,м,com.apple.keylayout.Serbian,,False,False,False,False
.,.,com.apple.keylayout.Serbian,,False,False,False,False
 , ,com.apple.keylayout.Serbian,,False,False,False,False
<,<,com.apple.keylayout.Serbian,50,False,False,False,False
А,а,com.apple.keylayout.Serbian,,False,True,False,False
С,с,com.apple.keylayout.Serbian,,False,True,False,False
Д,д,com.apple.keylayout.Serbian,,False,True,False,False
Ф,ф,com.apple.keylayout.Serbian,,False,True,False,False
Х,х,com.apple.keylayout.Serbian,,False,True,False,False
Г,г,com.apple.keylayout.Serbian,,False,True,False,False
Ѕ,ѕ,com.apple.keylayout.Serbian,,False,True,False,False
Џ,џ,com.apple.keylayout.Serbian,,False,True,False,False
Ц,ц,com.apple.keylayout.Serbian,,False,True,False,False
В,в,com.apple.keylayout.Serbian,,False,True,False,False
±,§,com.apple.keylayout.Serbian,10,False,True,False,False
Б,б,com.apple.keylayout.Serbian,,False,True,False,False
Љ,љ,com.apple.keylayout.Serbian,,False,True,False,False
Њ,њ,com.apple.keylayout.Serbian,,False,True,False,False
Е,е,com.apple.keylayout.Serbian,,False,True,False,False
Р,р,com.apple.keylayout.Serbian,,False,True,False,False
З,з,com.apple.keylayout.Serbian,,False,True,False,False
Т,т,com.apple.keylayout.Serbian,,False,True,False,False
!,1,com.apple.keylayout.Serbian,,False,True,False,False
”,2,com.apple.keylayout.Serbian,,False,True,False,False
#,3,com.apple.keylayout.Serbian,,False,True,False,False
$,4,com.apple.keylayout.Serbian,,False,True,False,False
&,6,com.apple.keylayout.Serbian,,False,True,False,False
%,5,com.apple.keylayout.Serbian,,False,True,False,False
*,+,com.apple.keylayout.Serbian,,False,True,False,False
),9,com.apple.keylayout.Serbian,,False,True,False,False
/,7,com.apple.keylayout.Serbian,,False,True,False,False
?,’,com.apple.keylayout.Serbian,,False,True,False,False
(,8,com.apple.keylayout.Serbian,,False,True,False,False
=,0,com.apple.keylayout.Serbian,,False,True,False,False
Ђ,ђ,com.apple.keylayout.Serbian,,False,True,False,False
О,о,com.apple.keylayout.Serbian,,False,True,False,False
У,у,com.apple.keylayout.Serbian,,False,True,False,False
Ш,ш,com.apple.keylayout.Serbian,,False,True,False,False
И,и,com.apple.keylayout.Serbian,,False,True,False,False
П,п,com.apple.keylayout.Serbian,,False,True,False,False
Л,л,com.apple.keylayout.Serbian,,False,True,False,False
Ј,ј,com.apple.keylayout.Serbian,,False,True,False,False
Ћ,ћ,com.apple.keylayout.Serbian,,False,True,False,False
К,к,com.apple.keylayout.Serbian,,False,True,False,False
Ч,ч,com.apple.keylayout.Serbian,,False,True,False,False
Ж,ж,com.apple.keylayout.Serbian,,False,True,False,False
;,",",com.apple.keylayout.Serbian,,False,True,False,False
_,-,com.apple.keylayout.Serbian,,False,True,False,False
Н,н,com.apple.keylayout.Serbian,,False,True,False,False
М,м,com.apple.keylayout.Serbian,,False,True,False,False
:,.,com.apple.keylayout.Serbian,,False,True,False,False
 , ,com.apple.keylayout.Serbian,,False,True,False,False
a,а,com.apple.keylayout.Serbian,,True,False,False,False
s,с,com.apple.keylayout.Serbian,,True,False,False,False
d,д,com.apple.keylayout.Serbian,,True,False,False,False
f,ф,com.apple.keylayout.Serbian,,True,False,False,False
h,х,com.apple.keylayout.Serbian,,True,False,False,False
g,г,com.apple.keylayout.Serbian,,True,False,False,False
z,ѕ,com.apple.keylayout.Serbian,,True,False,False,False
x,џ,com.apple.keylayout.Serbian,,True,False,False,False
c,ц,com.apple.keylayout.Serbian,,True,False,False,False
v,в,com.apple.keylayout.Serbian,,True,False,False,False
§,§,com.apple.keylayout.Serbian,10,True,False,False,False
b,б,com.apple.keylayout.Serbian,,True,False,False,False
q,љ,com.apple.keylayout.Serbian,,True,False,False,False
w,њ,com.apple.keylayout.Serbian,,True,False,False,False
e,е,com.apple.keylayout.Serbian,,True,False,False,False
r,р,com.apple.keylayout.Serbian,,True,False,False,False
y,з,com.apple.keylayout.Serbian,,True,False,False,False
t,т,com.apple.keylayout.Serbian,,True,False,False,False
†,1,com.apple.keylayout.Serbian,,True,False,False,False
°,2,com.apple.keylayout.Serbian,,True,False,False,False
€,3,com.apple.keylayout.Serbian,,True,False,False,False
„,4,com.apple.keylayout.Serbian,,True,False,False,False
∞,6,com.apple.keylayout.Serbian,,True,False,False,False
™,5,com.apple.keylayout.Serbian,,True,False,False,False
=,+,com.apple.keylayout.Serbian,,True,False,False,False
¶,9,com.apple.keylayout.Serbian,,True,False,False,False
£,7,com.apple.keylayout.Serbian,,True,False,False,False
–,’,com.apple.keylayout.Serbian,,True,False,False,False
Ґ,8,com.apple.keylayout.Serbian,,True,False,False,False
•,0,com.apple.keylayout.Serbian,,True,False,False,False
],ђ,com.apple.keylayout.Serbian,,True,False,False,False
o,о,com.apple.keylayout.Serbian,,True,False,False,False
u,у,com.apple.keylayout.Serbian,,True,False,False,False
[,ш,com.apple.keylayout.Serbian,,True,False,False,False
i,и,com.apple.keylayout.Serbian,,True,False,False,False
p,п,com.apple.keylayout.Serbian,,True,False,False,False
l,л,com.apple.keylayout.Serbian,,True,False,False,False
j,ј,com.apple.keylayout.Serbian,,True,False,False,False
"""",ћ,com.apple.keylayout.Serbian,,True,False,False,False
k,к,com.apple.keylayout.Serbian,,True,False,False,False
;,ч,com.apple.keylayout.Serbian,,True,False,False,False
‘,ж,com.apple.keylayout.Serbian,,True,False,False,False
",",",",com.apple.keylayout.Serbian,,True,False,False,False
/,-,com.apple.keylayout.Serbian,,True,False,False,False
n,н,com.apple.keylayout.Serbian,,True,False,False,False
m,м,com.apple.keylayout.Serbian,,True,False,False,False
.,.,com.apple.keylayout.Serbian,,True,False,False,False
 , ,com.apple.keylayout.Serbian,,True,False,False,False
A,а,com.apple.keylayout.Serbian,,True,True,False,False
S,с,com.apple.keylayout.Serbian,,True,True,False,False
D,д,com.apple.keylayout.Serbian,,True,True,False,False
F,ф,com.apple.keylayout.Serbian,,True,True,False,False
H,х,com.apple.keylayout.Serbian,,True,True,False,False
G,г,com.apple.keylayout.Serbian,,True,True,False,False
Z,ѕ,com.apple.keylayout.Serbian,,True,True,False,False
X,џ,com.apple.keylayout.Serbian,,True,True,False,False
C,ц,com.apple.keylayout.Serbian,,True,True,False,False
V,в,com.apple.keylayout.Serbian,,True,True,False,False
±,§,com.apple.keylayout.Serbian,10,True,True,False,False
B,б,com.apple.keylayout.Serbian,,True,True,False,False
Q,љ,com.apple.keylayout.Serbian,,True,True,False,False
W,њ,com.apple.keylayout.Serbian,,True,True,False,False
E,е,com.apple.keylayout.Serbian,,True,True,False,False
R,р,com.apple.keylayout.Serbian,,True,True,False,False
Y,з,com.apple.keylayout.Serbian,,True,True,False,False
T,т,com.apple.keylayout.Serbian,,True,True,False,False
!,1,com.apple.keylayout.Serbian,,True,True,False,False
@,2,com.apple.keylayout.Serbian,,True,True,False,False
#,3,com.apple.keylayout.Serbian,,True,True,False,False
“,4,com.apple.keylayout.Serbian,,True,True,False,False
^,6,com.apple.keylayout.Serbian,,True,True,False,False
%,5,com.apple.keylayout.Serbian,,True,True,False,False
+,+,com.apple.keylayout.Serbian,,True,True,False,False
(,9,com.apple.keylayout.Serbian,,True,True,False,False
&,7,com.apple.keylayout.Serbian,,True,True,False,False
—,’,com.apple.keylayout.Serbian,,True,True,False,False
*,8,com.apple.keylayout.Serbian,,True,True,False,False
),0,com.apple.keylayout.Serbian,,True,True,False,False
},ђ,com.apple.keylayout.Serbian,,True,True,False,False
O,о,com.apple.keylayout.Serbian,,True,True,False,False
U,у,com.apple.keylayout.Serbian,,True,True,False,False
{,ш,com.apple.keylayout.Serbian,,True,True,False,False
I,и,com.apple.keylayout.Serbian,,True,True,False,False
P,п,com.apple.keylayout.Serbian,,True,True,False,False
L,л,com.apple.keylayout.Serbian,,True,True,False,False
J,ј,com.apple.keylayout.Serbian,,True,True,False,False
”,ћ,com.apple.keylayout.Serbian,,True,True,False,False
K,к,com.apple.keylayout.Serbian,,True,True,False,False
:,ч,com.apple.keylayout.Serbian,,True,True,False,False
’,ж,com.apple.keylayout.Serbian,,True,True,False,False
<,",",com.apple.keylayout.Serbian,,True,True,False,False
?,-,com.apple.keylayout.Serbian,,True,True,False,False
N,н,com.apple.keylayout.Serbian,,True,True,False,False
M,м,com.apple.keylayout.Serbian,,True,True,False,False
>,.,com.apple.keylayout.Serbian,,True,True,False,False
 , ,com.apple.keylayout.Serbian,,True,True,False,False
a,a,com.apple.keylayout.Danish,,False,False,False,False
s,s,com.apple.keylayout.Danish,,False,False,False,False
d,d,com.apple.keylayout.Danish,,False,False,False,False
f,f,com.apple.keylayout.Danish,,False,False,False,False
h,h,com.apple.keylayout.Danish,,False,False,False,False
g,g,com.apple.keylayout.Danish,,False,False,False,False
z,z,com.apple.keylayout.Danish,,False,False,False,False
x,x,com.apple.keylayout.Danish,,False,False,False,False
c,c,com.apple.keylayout.Danish,,False,False,False,False
v,v,com.apple.keylayout.Danish,,False,False,False,False
$,$,com.apple.keylayout.Danish,10,False,False,False,False
b,b,com.apple.keylayout.Danish,,False,False,False,False
q,q,com.apple.keylayout.Danish,,False,False,False,False
w,w,com.apple.keylayout.Danish,,False,False,False,False
e,e,com.apple.keylayout.Danish,,False,False,False,False
r,r,com.apple.keylayout.Danish,,False,False,False,False
y,y,com.apple.keylayout.Danish,,False,False,False,False
t,t,com.apple.keylayout.Danish,,False,False,False,False
1,1,com.apple.keylayout.Danish,,False,False,False,False
2,2,com.apple.keylayout.Danish,,False,False,False,False
3,3,com.apple.keylayout.Danish,,False,False,False,False
4,4,com.apple.keylayout.Danish,,False,False,False,False
6,6,com.apple.keylayout.Danish,,False,False,False,False
5,5,com.apple.keylayout.Danish,,False,False,False,False
9,9,com.apple.keylayout.Danish,,False,False,False,False
7,7,com.apple.keylayout.Danish,,False,False,False,False
+,+,com.apple.keylayout.Danish,,False,False,False,False
8,8,com.apple.keylayout.Danish,,False,False,False,False
0,0,com.apple.keylayout.Danish,,False,False,False,False
o,o,com.apple.keylayout.Danish,,False,False,False,False
u,u,com.apple.keylayout.Danish,,False,False,False,False
å,å,com.apple.keylayout.Danish,,False,False,False,False
i,i,com.apple.keylayout.Danish,,False,False,False,False
p,p,com.apple.keylayout.Danish,,False,False,False,False
l,l,com.apple.keylayout.Danish,,False,False,False,False
j,j,com.apple.keylayout.Danish,,False,False,False,False
ø,ø,com.apple.keylayout.Danish,,False,False,False,False
k,k,com.apple.keylayout.Danish,,False,False,False,False
æ,æ,com.apple.keylayout.Danish,,False,False,False,False
',',com.apple.keylayout.Danish,,False,False,False,False
",",",",com.apple.keylayout.Danish,,False,False,False,False
-,-,com.apple.keylayout.Danish,,False,False,False,False
n,n,com.apple.keylayout.Danish,,False,False,False,False
m,m,com.apple.keylayout.Danish,,False,False,False,False
.,.,com.apple.keylayout.Danish,,False,False,False,False
 , ,com.apple.keylayout.Danish,,False,False,False,False
<,<,com.apple.keylayout.Danish,50,False,False,False,False
A,a,com.apple.keylayout.Danish,,False,True,False,False
S,s,com.apple.keylayout.Danish,,False,True,False,False
D,d,com.apple.keylayout.Danish,,False,True,False,False
F,f,com.apple.keylayout.Danish,,False,True,False,False
H,h,com.apple.keylayout.Danish,,False,True,False,False
G,g,com.apple.keylayout.Danish,,False,True,False,False
Z,z,com.apple.keylayout.Danish,,False,True,False,False
X,x,com.apple.keylayout.Danish,,False,True,False,False
C,c,com.apple.keylayout.Danish,,False,True,False,False
V,v,com.apple.keylayout.Danish,,False,True,False,False
§,$,com.apple.keylayout.Danish,10,False,True,False,False
B,b,com.apple.keylayout.Danish,,False,True,False,False
Q,q,com.apple.keylayout.Danish,,False,True,False,False
W,w,com.apple.keylayout.Danish,,False,True,False,False
E,e,com.apple.keylayout.Danish,,False,True,False,False
R,r,com.apple.keylayout.Danish,,False,True,False,False
Y,y,com.apple.keylayout.Danish,,False,True,False,False
T,t,com.apple.keylayout.Danish,,False,True,False,False
!,1,com.apple.keylayout.Danish,,False,True,False,False
"""",2,com.apple.keylayout.Danish,,False,True,False,False
#,3,com.apple.keylayout.Danish,,False,True,False,False
€,4,com.apple.keylayout.Danish,,False,True,False,False
&,6,com.apple.keylayout.Danish,,False,True,False,False
%,5,com.apple.keylayout.Danish,,False,True,False,False
),9,com.apple.keylayout.Danish,,False,True,False,False
/,7,com.apple.keylayout.Danish,,False,True,False,False
?,+,com.apple.keylayout.Danish,,False,True,False,False
(,8,com.apple.keylayout.Danish,,False,True,False,False
=,0,com.apple.keylayout.Danish,,False,True,False,False
O,o,com.apple.keylayout.Danish,,False,True,False,False
U,u,com.apple.keylayout.Danish,,False,True,False,False
Å,å,com.apple.keylayout.Danish,,False,True,False,False
I,i,com.apple.keylayout.Danish,,False,True,False,False
P,p,com.apple.keylayout.Danish,,False,True,False,False
L,l,com.apple.keylayout.Danish,,False,True,False,False
J,j,com.apple.keylayout.Danish,,False,True,False,False
Ø,ø,com.apple.keylayout.Danish,,False,True,False,False
K,k,com.apple.keylayout.Danish,,False,True,False,False
Æ,æ,com.apple.keylayout.Danish,,False,True,False,False
*,',com.apple.keylayout.Danish,,False,True,False,False
;,",",com.apple.keylayout.Danish,,False,True,False,False
_,-,com.apple.keylayout.Danish,,False,True,False,False
N,n,com.apple.keylayout.Danish,,False,True,False,False
M,m,com.apple.keylayout.Danish,,False,True,False,False
:,.,com.apple.keylayout.Danish,,False,True,False,False
 , ,com.apple.keylayout.Danish,,False,True,False,False
>,<,com.apple.keylayout.Danish,50,False,True,False,False
ª,a,com.apple.keylayout.Danish,,True,False,False,False
ß,s,com.apple.keylayout.Danish,,True,False,False,False
∂,d,com.apple.keylayout.Danish,,True,False,False,False
ƒ,f,com.apple.keylayout.Danish,,True,False,False,False
«,h,com.apple.keylayout.Danish,,True,False,False,False
©,g,com.apple.keylayout.Danish,,True,False,False,False
Ω,z,com.apple.keylayout.Danish,,True,False,False,False
…,x,com.apple.keylayout.Danish,,True,False,False,False
ç,c,com.apple.keylayout.Danish,,True,False,False,False
√,v,com.apple.keylayout.Danish,,True,False,False,False
,$,com.apple.keylayout.Danish,10,True,False,False,False
∫,b,com.apple.keylayout.Danish,,True,False,False,False
°,q,com.apple.keylayout.Danish,,True,False,False,False
∑,w,com.apple.keylayout.Danish,,True,False,False,False
é,e,com.apple.keylayout.Danish,,True,False,False,False
®,r,com.apple.keylayout.Danish,,True,False,False,False
¥,y,com.apple.keylayout.Danish,,True,False,False,False
†,t,com.apple.keylayout.Danish,,True,False,False,False
¡,1,com.apple.keylayout.Danish,,True,False,False,False
“,2,com.apple.keylayout.Danish,,True,False,False,False
§,3,com.apple.keylayout.Danish,,True,False,False,False
£,4,com.apple.keylayout.Danish,,True,False,False,False
™,6,com.apple.keylayout.Danish,,True,False,False,False
∞,5,com.apple.keylayout.Danish,,True,False,False,False
],9,com.apple.keylayout.Danish,,True,False,False,False
¶,7,com.apple.keylayout.Danish,,True,False,False,False
±,+,com.apple.keylayout.Danish,,True,False,False,False
[,8,com.apple.keylayout.Danish,,True,False,False,False
≠,0,com.apple.keylayout.Danish,,True,False,False,False
œ,o,com.apple.keylayout.Danish,,True,False,False,False
ü,u,com.apple.keylayout.Danish,,True,False,False,False
‘,å,com.apple.keylayout.Danish,,True,False,False,False
|,i,com.apple.keylayout.Danish,,True,False,False,False
π,p,com.apple.keylayout.Danish,,True,False,False,False
¬,l,com.apple.keylayout.Danish,,True,False,False,False
‹,j,com.apple.keylayout.Danish,,True,False,False,False
ö,ø,com.apple.keylayout.Danish,,True,False,False,False
∆,k,com.apple.keylayout.Danish,,True,False,False,False
ä,æ,com.apple.keylayout.Danish,,True,False,False,False
@,',com.apple.keylayout.Danish,,True,False,False,False
‚,",",com.apple.keylayout.Danish,,True,False,False,False
–,-,com.apple.keylayout.Danish,,True,False,False,False
ñ,n,com.apple.keylayout.Danish,,True,False,False,False
µ,m,com.apple.keylayout.Danish,,True,False,False,False
·,.,com.apple.keylayout.Danish,,True,False,False,False
 , ,com.apple.keylayout.Danish,,True,False,False,False
≤,<,com.apple.keylayout.Danish,50,True,False,False,False
Ê,a,com.apple.keylayout.Danish,,True,True,False,False
ˇ,s,com.apple.keylayout.Danish,,True,True,False,False
˘,d,com.apple.keylayout.Danish,,True,True,False,False
ﬁ,f,com.apple.keylayout.Danish,,True,True,False,False
»,h,com.apple.keylayout.Danish,,True,True,False,False
Á,g,com.apple.keylayout.Danish,,True,True,False,False
¸,z,com.apple.keylayout.Danish,,True,True,False,False
˙,x,com.apple.keylayout.Danish,,True,True,False,False
Ç,c,com.apple.keylayout.Danish,,True,True,False,False
◊,v,com.apple.keylayout.Danish,,True,True,False,False
',$,com.apple.keylayout.Danish,10,True,True,False,False
Ë,b,com.apple.keylayout.Danish,,True,True,False,False
•,q,com.apple.keylayout.Danish,,True,True,False,False
˚,w,com.apple.keylayout.Danish,,True,True,False,False
É,e,com.apple.keylayout.Danish,,True,True,False,False
Â,r,com.apple.keylayout.Danish,,True,True,False,False
Ÿ,y,com.apple.keylayout.Danish,,True,True,False,False
‡,t,com.apple.keylayout.Danish,,True,True,False,False
¯,1,com.apple.keylayout.Danish,,True,True,False,False
”,2,com.apple.keylayout.Danish,,True,True,False,False
$,3,com.apple.keylayout.Danish,,True,True,False,False
¢,4,com.apple.keylayout.Danish,,True,True,False,False
˜,6,com.apple.keylayout.Danish,,True,True,False,False
‰,5,com.apple.keylayout.Danish,,True,True,False,False
},9,com.apple.keylayout.Danish,,True,True,False,False
\,7,com.apple.keylayout.Danish,,True,True,False,False
¿,+,com.apple.keylayout.Danish,,True,True,False,False
{,8,com.apple.keylayout.Danish,,True,True,False,False
≈,0,com.apple.keylayout.Danish,,True,True,False,False
Œ,o,com.apple.keylayout.Danish,,True,True,False,False
Ü,u,com.apple.keylayout.Danish,,True,True,False,False
’,å,com.apple.keylayout.Danish,,True,True,False,False
ı,i,com.apple.keylayout.Danish,,True,True,False,False
∏,p,com.apple.keylayout.Danish,,True,True,False,False
ﬂ,l,com.apple.keylayout.Danish,,True,True,False,False
›,j,com.apple.keylayout.Danish,,True,True,False,False
Ö,ø,com.apple.keylayout.Danish,,True,True,False,False
˝,k,com.apple.keylayout.Danish,,True,True,False,False
Ä,æ,com.apple.keylayout.Danish,,True,True,False,False
º,',com.apple.keylayout.Danish,,True,True,False,False
„,",",com.apple.keylayout.Danish,,True,True,False,False
—,-,com.apple.keylayout.Danish,,True,True,False,False
Ñ,n,com.apple.keylayout.Danish,,True,True,False,False
˛,m,com.apple.keylayout.Danish,,True,True,False,False
÷,.,com.apple.keylayout.Danish,,True,True,False,False
 , ,com.apple.keylayout.Danish,,True,True,False,False
≥,<,com.apple.keylayout.Danish,50,True,True,False,False
a,a,com.apple.keylayout.Czech-QWERTY,,False,False,False,False
s,s,com.apple.keylayout.Czech-QWERTY,,False,False,False,False
d,d,com.apple.keylayout.Czech-QWERTY,,False,False,False,False
f,f,com.apple.keylayout.Czech-QWERTY,,False,False,False,False
h,h,com.apple.keylayout.Czech-QWERTY,,False,False,False,False
g,g,com.apple.keylayout.Czech-QWERTY,,False,False,False,False
z,z,com.apple.keylayout.Czech-QWERTY,,False,False,False,False
x,x,com.apple.keylayout.Czech-QWERTY,,False,False,False,False
c,c,com.apple.keylayout.Czech-QWERTY,,False,False,False,False
v,v,com.apple.keylayout.Czech-QWERTY,,False,False,False,False
<,<,com.apple.keylayout.Czech-QWERTY,10,False,False,False,False
b,b,com.apple.keylayout.Czech-QWERTY,,False,False,False,False
q,q,com.apple.keylayout.Czech-QWERTY,,False,False,False,False
w,w,com.apple.keylayout.Czech-QWERTY,,False,False,False,False
e,e,com.apple.keylayout.Czech-QWERTY,,False,False,False,False
r,r,com.apple.keylayout.Czech-QWERTY,,False,False,False,False
y,y,com.apple.keylayout.Czech-QWERTY,,False,False,False,False
t,t,com.apple.keylayout.Czech-QWERTY,,False,False,False,False
+,+,com.apple.keylayout.Czech-QWERTY,,False,False,False,False
ě,ě,com.apple.keylayout.Czech-QWERTY,,False,False,False,False
š,š,com.apple.keylayout.Czech-QWERTY,,False,False,False,False
č,č,com.apple.keylayout.Czech-QWERTY,,False,False,False,False
ž,ž,com.apple.keylayout.Czech-QWERTY,,False,False,False,False
ř,ř,com.apple.keylayout.Czech-QWERTY,,False,False,False,False
í,í,com.apple.keylayout.Czech-QWERTY,,False,False,False,False
ý,ý,com.apple.keylayout.Czech-QWERTY,,False,False,False,False
=,=,com.apple.keylayout.Czech-QWERTY,,False,False,False,False
á,á,com.apple.keylayout.Czech-QWERTY,,False,False,False,False
é,é,com.apple.keylayout.Czech-QWERTY,,False,False,False,False
),),com.apple.keylayout.Czech-QWERTY,,False,False,False,False
o,o,com.apple.keylayout.Czech-QWERTY,,False,False,False,False
u,u,com.apple.keylayout.Czech-QWERTY,,False,False,False,False
ú,ú,com.apple.keylayout.Czech-QWERTY,,False,False,False,False
i,i,com.apple.keylayout.Czech-QWERTY,,False,False,False,False
p,p,com.apple.keylayout.Czech-QWERTY,,False,False,False,False
l,l,com.apple.keylayout.Czech-QWERTY,,False,False,False,False
j,j,com.apple.keylayout.Czech-QWERTY,,False,False,False,False
§,§,com.apple.keylayout.Czech-QWERTY,,False,False,False,False
k,k,com.apple.keylayout.Czech-QWERTY,,False,False,False,False
ů,ů,com.apple.keylayout.Czech-QWERTY,,False,False,False,False
",",",",com.apple.keylayout.Czech-QWERTY,,False,False,False,False
-,-,com.apple.keylayout.Czech-QWERTY,,False,False,False,False
n,n,com.apple.keylayout.Czech-QWERTY,,False,False,False,False
m,m,com.apple.keylayout.Czech-QWERTY,,False,False,False,False
.,.,com.apple.keylayout.Czech-QWERTY,,False,False,False,False
 , ,com.apple.keylayout.Czech-QWERTY,,False,False,False,False
\,\,com.apple.keylayout.Czech-QWERTY,50,False,False,False,False
A,a,com.apple.keylayout.Czech-QWERTY,,False,True,False,False
S,s,com.apple.keylayout.Czech-QWERTY,,False,True,False,False
D,d,com.apple.keylayout.Czech-QWERTY,,False,True,False,False
F,f,com.apple.keylayout.Czech-QWERTY,,False,True,False,False
H,h,com.apple.keylayout.Czech-QWERTY,,False,True,False,False
G,g,com.apple.keylayout.Czech-QWERTY,,False,True,False,False
Z,z,com.apple.keylayout.Czech-QWERTY,,False,True,False,False
X,x,com.apple.keylayout.Czech-QWERTY,,False,True,False,False
C,c,com.apple.keylayout.Czech-QWERTY,,False,True,False,False
V,v,com.apple.keylayout.Czech-QWERTY,,False,True,False,False
>,<,com.apple.keylayout.Czech-QWERTY,10,False,True,False,False
B,b,com.apple.keylayout.Czech-QWERTY,,False,True,False,False
Q,q,com.apple.keylayout.Czech-QWERTY,,False,True,False,False
W,w,com.apple.keylayout.Czech-QWERTY,,False,True,False,False
E,e,com.apple.keylayout.Czech-QWERTY,,False,True,False,False
R,r,com.apple.keylayout.Czech-QWERTY,,False,True,False,False
Y,y,com.apple.keylayout.Czech-QWERTY,,False,True,False,False
T,t,com.apple.keylayout.Czech-QWERTY,,False,True,False,False
1,+,com.apple.keylayout.Czech-QWERTY,,False,True,False,False
2,ě,com.apple.keylayout.Czech-QWERTY,,False,True,False,False
3,š,com.apple.keylayout.Czech-QWERTY,,False,True,False,False
4,č,com.apple.keylayout.Czech-QWERTY,,False,True,False,False
6,ž,com.apple.keylayout.Czech-QWERTY,,False,True,False,False
5,ř,com.apple.keylayout.Czech-QWERTY,,False,True,False,False
9,í,com.apple.keylayout.Czech-QWERTY,,False,True,False,False
7,ý,com.apple.keylayout.Czech-QWERTY,,False,True,False,False
%,=,com.apple.keylayout.Czech-QWERTY,,False,True,False,False
8,á,com.apple.keylayout.Czech-QWERTY,,False,True,False,False
0,é,com.apple.keylayout.Czech-QWERTY,,False,True,False,False
(,),com.apple.keylayout.Czech-QWERTY,,False,True,False,False
O,o,com.apple.keylayout.Czech-QWERTY,,False,True,False,False
U,u,com.apple.keylayout.Czech-QWERTY,,False,True,False,False
/,ú,com.apple.keylayout.Czech-QWERTY,,False,True,False,False
I,i,com.apple.keylayout.Czech-QWERTY,,False,True,False,False
P,p,com.apple.keylayout.Czech-QWERTY,,False,True,False,False
L,l,com.apple.keylayout.Czech-QWERTY,,False,True,False,False
J,j,com.apple.keylayout.Czech-QWERTY,,False,True,False,False
!,§,com.apple.keylayout.Czech-QWERTY,,False,True,False,False
K,k,com.apple.keylayout.Czech-QWERTY,,False,True,False,False
"""",ů,com.apple.keylayout.Czech-QWERTY,,False,True,False,False
?,",",com.apple.keylayout.Czech-QWERTY,,False,True,False,False
_,-,com.apple.keylayout.Czech-QWERTY,,False,True,False,False
N,n,com.apple.keylayout.Czech-QWERTY,,False,True,False,False
M,m,com.apple.keylayout.Czech-QWERTY,,False,True,False,False
:,.,com.apple.keylayout.Czech-QWERTY,,False,True,False,False
 , ,com.apple.keylayout.Czech-QWERTY,,False,True,False,False
|,\,com.apple.keylayout.Czech-QWERTY,50,False,True,False,False
ą,a,com.apple.keylayout.Czech-QWERTY,,True,False,False,False
ß,s,com.apple.keylayout.Czech-QWERTY,,True,False,False,False
∂,d,com.apple.keylayout.Czech-QWERTY,,True,False,False,False
 ,f,com.apple.keylayout.Czech-QWERTY,,True,False,False,False
‘,h,com.apple.keylayout.Czech-QWERTY,,True,False,False,False
 ,g,com.apple.keylayout.Czech-QWERTY,,True,False,False,False
ż,z,com.apple.keylayout.Czech-QWERTY,,True,False,False,False
 ,x,com.apple.keylayout.Czech-QWERTY,,True,False,False,False
 ,c,com.apple.keylayout.Czech-QWERTY,,True,False,False,False
 ,v,com.apple.keylayout.Czech-QWERTY,,True,False,False,False
≤,<,com.apple.keylayout.Czech-QWERTY,10,True,False,False,False
 ,b,com.apple.keylayout.Czech-QWERTY,,True,False,False,False
 ,q,com.apple.keylayout.Czech-QWERTY,,True,False,False,False
ė,w,com.apple.keylayout.Czech-QWERTY,,True,False,False,False
ę,e,com.apple.keylayout.Czech-QWERTY,,True,False,False,False
€,r,com.apple.keylayout.Czech-QWERTY,,True,False,False,False
 ,y,com.apple.keylayout.Czech-QWERTY,,True,False,False,False
 ,t,com.apple.keylayout.Czech-QWERTY,,True,False,False,False
`,+,com.apple.keylayout.Czech-QWERTY,,True,False,False,False
@,ě,com.apple.keylayout.Czech-QWERTY,,True,False,False,False
#,š,com.apple.keylayout.Czech-QWERTY,,True,False,False,False
$,č,com.apple.keylayout.Czech-QWERTY,,True,False,False,False
^,ž,com.apple.keylayout.Czech-QWERTY,,True,False,False,False
~,ř,com.apple.keylayout.Czech-QWERTY,,True,False,False,False
{,í,com.apple.keylayout.Czech-QWERTY,,True,False,False,False
&,ý,com.apple.keylayout.Czech-QWERTY,,True,False,False,False
*,á,com.apple.keylayout.Czech-QWERTY,,True,False,False,False
},é,com.apple.keylayout.Czech-QWERTY,,True,False,False,False
],),com.apple.keylayout.Czech-QWERTY,,True,False,False,False
 ,o,com.apple.keylayout.Czech-QWERTY,,True,False,False,False
 ,u,com.apple.keylayout.Czech-QWERTY,,True,False,False,False
[,ú,com.apple.keylayout.Czech-QWERTY,,True,False,False,False
 ,i,com.apple.keylayout.Czech-QWERTY,,True,False,False,False
 ,p,com.apple.keylayout.Czech-QWERTY,,True,False,False,False
ł,l,com.apple.keylayout.Czech-QWERTY,,True,False,False,False
’,j,com.apple.keylayout.Czech-QWERTY,,True,False,False,False
',§,com.apple.keylayout.Czech-QWERTY,,True,False,False,False
 ,k,com.apple.keylayout.Czech-QWERTY,,True,False,False,False
;,ů,com.apple.keylayout.Czech-QWERTY,,True,False,False,False
<,",",com.apple.keylayout.Czech-QWERTY,,True,False,False,False
–,-,com.apple.keylayout.Czech-QWERTY,,True,False,False,False
‚,n,com.apple.keylayout.Czech-QWERTY,,True,False,False,False
 ,m,com.apple.keylayout.Czech-QWERTY,,True,False,False,False
>,.,com.apple.keylayout.Czech-QWERTY,,True,False,False,False
 , ,com.apple.keylayout.Czech-QWERTY,,True,False,False,False
 ,\,com.apple.keylayout.Czech-QWERTY,50,True,False,False,False
Ą,a,com.apple.keylayout.Czech-QWERTY,,True,True,False,False
∑,s,com.apple.keylayout.Czech-QWERTY,,True,True,False,False
∆,d,com.apple.keylayout.Czech-QWERTY,,True,True,False,False
 ,f,com.apple.keylayout.Czech-QWERTY,,True,True,False,False
“,h,com.apple.keylayout.Czech-QWERTY,,True,True,False,False
 ,g,com.apple.keylayout.Czech-QWERTY,,True,True,False,False
 ,z,com.apple.keylayout.Czech-QWERTY,,True,True,False,False
 ,x,com.apple.keylayout.Czech-QWERTY,,True,True,False,False
©,c,com.apple.keylayout.Czech-QWERTY,,True,True,False,False
√,v,com.apple.keylayout.Czech-QWERTY,,True,True,False,False
≥,<,com.apple.keylayout.Czech-QWERTY,10,True,True,False,False
 ,b,com.apple.keylayout.Czech-QWERTY,,True,True,False,False
 ,q,com.apple.keylayout.Czech-QWERTY,,True,True,False,False
Ė,w,com.apple.keylayout.Czech-QWERTY,,True,True,False,False
Ę,e,com.apple.keylayout.Czech-QWERTY,,True,True,False,False
®,r,com.apple.keylayout.Czech-QWERTY,,True,True,False,False
 ,y,com.apple.keylayout.Czech-QWERTY,,True,True,False,False
™,t,com.apple.keylayout.Czech-QWERTY,,True,True,False,False
¬,+,com.apple.keylayout.Czech-QWERTY,,True,True,False,False
•,ě,com.apple.keylayout.Czech-QWERTY,,True,True,False,False
≠,š,com.apple.keylayout.Czech-QWERTY,,True,True,False,False
£,č,com.apple.keylayout.Czech-QWERTY,,True,True,False,False
†,ž,com.apple.keylayout.Czech-QWERTY,,True,True,False,False
◊,ř,com.apple.keylayout.Czech-QWERTY,,True,True,False,False
«,í,com.apple.keylayout.Czech-QWERTY,,True,True,False,False
¶,ý,com.apple.keylayout.Czech-QWERTY,,True,True,False,False
÷,á,com.apple.keylayout.Czech-QWERTY,,True,True,False,False
»,é,com.apple.keylayout.Czech-QWERTY,,True,True,False,False
›,),com.apple.keylayout.Czech-QWERTY,,True,True,False,False
 ,o,com.apple.keylayout.Czech-QWERTY,,True,True,False,False
 ,u,com.apple.keylayout.Czech-QWERTY,,True,True,False,False
‹,ú,com.apple.keylayout.Czech-QWERTY,,True,True,False,False
 ,i,com.apple.keylayout.Czech-QWERTY,,True,True,False,False
 ,p,com.apple.keylayout.Czech-QWERTY,,True,True,False,False
Ł,l,com.apple.keylayout.Czech-QWERTY,,True,True,False,False
”,j,com.apple.keylayout.Czech-QWERTY,,True,True,False,False
 ,k,com.apple.keylayout.Czech-QWERTY,,True,True,False,False
…,ů,com.apple.keylayout.Czech-QWERTY,,True,True,False,False
≤,",",com.apple.keylayout.Czech-QWERTY,,True,True,False,False
—,-,com.apple.keylayout.Czech-QWERTY,,True,True,False,False
„,n,com.apple.keylayout.Czech-QWERTY,,True,True,False,False
 ,m,com.apple.keylayout.Czech-QWERTY,,True,True,False,False
≥,.,com.apple.keylayout.Czech-QWERTY,,True,True,False,False
 , ,com.apple.keylayout.Czech-QWERTY,,True,True,False,False
Ż,\,com.apple.keylayout.Czech-QWERTY,50,True,True,False,False
a,a,com.apple.keylayout.Dutch,,False,False,False,False
s,s,com.apple.keylayout.Dutch,,False,False,False,False
d,d,com.apple.keylayout.Dutch,,False,False,False,False
f,f,com.apple.keylayout.Dutch,,False,False,False,False
h,h,com.apple.keylayout.Dutch,,False,False,False,False
g,g,com.apple.keylayout.Dutch,,False,False,False,False
z,z,com.apple.keylayout.Dutch,,False,False,False,False
x,x,com.apple.keylayout.Dutch,,False,False,False,False
c,c,com.apple.keylayout.Dutch,,False,False,False,False
v,v,com.apple.keylayout.Dutch,,False,False,False,False
§,§,com.apple.keylayout.Dutch,10,False,False,False,False
b,b,com.apple.keylayout.Dutch,,False,False,False,False
q,q,com.apple.keylayout.Dutch,,False,False,False,False
w,w,com.apple.keylayout.Dutch,,False,False,False,False
e,e,com.apple.keylayout.Dutch,,False,False,False,False
r,r,com.apple.keylayout.Dutch,,False,False,False,False
y,y,com.apple.keylayout.Dutch,,False,False,False,False
t,t,com.apple.keylayout.Dutch,,False,False,False,False
1,1,com.apple.keylayout.Dutch,,False,False,False,False
2,2,com.apple.keylayout.Dutch,,False,False,False,False
3,3,com.apple.keylayout.Dutch,,False,False,False,False
4,4,com.apple.keylayout.Dutch,,False,False,False,False
6,6,com.apple.keylayout.Dutch,,False,False,False,False
5,5,com.apple.keylayout.Dutch,,False,False,False,False
=,=,com.apple.keylayout.Dutch,,False,False,False,False
9,9,com.apple.keylayout.Dutch,,False,False,False,False
7,7,com.apple.keylayout.Dutch,,False,False,False,False
-,-,com.apple.keylayout.Dutch,,False,False,False,False
8,8,com.apple.keylayout.Dutch,,False,False,False,False
0,0,com.apple.keylayout.Dutch,,False,False,False,False
],],com.apple.keylayout.Dutch,,False,False,False,False
o,o,com.apple.keylayout.Dutch,,False,False,False,False
u,u,com.apple.keylayout.Dutch,,False,False,False,False
[,[,com.apple.keylayout.Dutch,,False,False,False,False
i,i,com.apple.keylayout.Dutch,,False,False,False,False
p,p,com.apple.keylayout.Dutch,,False,False,False,False
l,l,com.apple.keylayout.Dutch,,False,False,False,False
j,j,com.apple.keylayout.Dutch,,False,False,False,False
',',com.apple.keylayout.Dutch,,False,False,False,False
k,k,com.apple.keylayout.Dutch,,False,False,False,False
;,;,com.apple.keylayout.Dutch,,False,False,False,False
\,\,com.apple.keylayout.Dutch,,False,False,False,False
",",",",com.apple.keylayout.Dutch,,False,False,False,False
/,/,com.apple.keylayout.Dutch,,False,False,False,False
n,n,com.apple.keylayout.Dutch,,False,False,False,False
m,m,com.apple.keylayout.Dutch,,False,False,False,False
.,.,com.apple.keylayout.Dutch,,False,False,False,False
 , ,com.apple.keylayout.Dutch,,False,False,False,False
`,`,com.apple.keylayout.Dutch,50,False,False,False,False
A,a,com.apple.keylayout.Dutch,,False,True,False,False
S,s,com.apple.keylayout.Dutch,,False,True,False,False
D,d,com.apple.keylayout.Dutch,,False,True,False,False
F,f,com.apple.keylayout.Dutch,,False,True,False,False
H,h,com.apple.keylayout.Dutch,,False,True,False,False
G,g,com.apple.keylayout.Dutch,,False,True,False,False
Z,z,com.apple.keylayout.Dutch,,False,True,False,False
X,x,com.apple.keylayout.Dutch,,False,True,False,False
C,c,com.apple.keylayout.Dutch,,False,True,False,False
V,v,com.apple.keylayout.Dutch,,False,True,False,False
±,§,com.apple.keylayout.Dutch,10,False,True,False,False
B,b,com.apple.keylayout.Dutch,,False,True,False,False
Q,q,com.apple.keylayout.Dutch,,False,True,False,False
W,w,com.apple.keylayout.Dutch,,False,True,False,False
E,e,com.apple.keylayout.Dutch,,False,True,False,False
R,r,com.apple.keylayout.Dutch,,False,True,False,False
Y,y,com.apple.keylayout.Dutch,,False,True,False,False
T,t,com.apple.keylayout.Dutch,,False,True,False,False
!,1,com.apple.keylayout.Dutch,,False,True,False,False
@,2,com.apple.keylayout.Dutch,,False,True,False,False
#,3,com.apple.keylayout.Dutch,,False,True,False,False
$,4,com.apple.keylayout.Dutch,,False,True,False,False
^,6,com.apple.keylayout.Dutch,,False,True,False,False
%,5,com.apple.keylayout.Dutch,,False,True,False,False
+,=,com.apple.keylayout.Dutch,,False,True,False,False
(,9,com.apple.keylayout.Dutch,,False,True,False,False
&,7,com.apple.keylayout.Dutch,,False,True,False,False
_,-,com.apple.keylayout.Dutch,,False,True,False,False
*,8,com.apple.keylayout.Dutch,,False,True,False,False
),0,com.apple.keylayout.Dutch,,False,True,False,False
},],com.apple.keylayout.Dutch,,False,True,False,False
O,o,com.apple.keylayout.Dutch,,False,True,False,False
U,u,com.apple.keylayout.Dutch,,False,True,False,False
{,[,com.apple.keylayout.Dutch,,False,True,False,False
I,i,com.apple.keylayout.Dutch,,False,True,False,False
P,p,com.apple.keylayout.Dutch,,False,True,False,False
L,l,com.apple.keylayout.Dutch,,False,True,False,False
J,j,com.apple.keylayout.Dutch,,False,True,False,False
"""",',com.apple.keylayout.Dutch,,False,True,False,False
K,k,com.apple.keylayout.Dutch,,False,True,False,False
:,;,com.apple.keylayout.Dutch,,False,True,False,False
|,\,com.apple.keylayout.Dutch,,False,True,False,False
<,",",com.apple.keylayout.Dutch,,False,True,False,False
?,/,com.apple.keylayout.Dutch,,False,True,False,False
N,n,com.apple.keylayout.Dutch,,False,True,False,False
M,m,com.apple.keylayout.Dutch,,False,True,False,False
>,.,com.apple.keylayout.Dutch,,False,True,False,False
 , ,com.apple.keylayout.Dutch,,False,True,False,False
~,`,com.apple.keylayout.Dutch,50,False,True,False,False
å,a,com.apple.keylayout.Dutch,,True,False,False,False
ß,s,com.apple.keylayout.Dutch,,True,False,False,False
∂,d,com.apple.keylayout.Dutch,,True,False,False,False
ƒ,f,com.apple.keylayout.Dutch,,True,False,False,False
˙,h,com.apple.keylayout.Dutch,,True,False,False,False
©,g,com.apple.keylayout.Dutch,,True,False,False,False
Ω,z,com.apple.keylayout.Dutch,,True,False,False,False
≈,x,com.apple.keylayout.Dutch,,True,False,False,False
ç,c,com.apple.keylayout.Dutch,,True,False,False,False
√,v,com.apple.keylayout.Dutch,,True,False,False,False
∫,b,com.apple.keylayout.Dutch,,True,False,False,False
œ,q,com.apple.keylayout.Dutch,,True,False,False,False
∑,w,com.apple.keylayout.Dutch,,True,False,False,False
®,r,com.apple.keylayout.Dutch,,True,False,False,False
¥,y,com.apple.keylayout.Dutch,,True,False,False,False
†,t,com.apple.keylayout.Dutch,,True,False,False,False
¡,1,com.apple.keylayout.Dutch,,True,False,False,False
€,2,com.apple.keylayout.Dutch,,True,False,False,False
£,3,com.apple.keylayout.Dutch,,True,False,False,False
¢,4,com.apple.keylayout.Dutch,,True,False,False,False
§,6,com.apple.keylayout.Dutch,,True,False,False,False
∞,5,com.apple.keylayout.Dutch,,True,False,False,False
≠,=,com.apple.keylayout.Dutch,,True,False,False,False
ª,9,com.apple.keylayout.Dutch,,True,False,False,False
¶,7,com.apple.keylayout.Dutch,,True,False,False,False
–,-,com.apple.keylayout.Dutch,,True,False,False,False
•,8,com.apple.keylayout.Dutch,,True,False,False,False
º,0,com.apple.keylayout.Dutch,,True,False,False,False
‘,],com.apple.keylayout.Dutch,,True,False,False,False
ø,o,com.apple.keylayout.Dutch,,True,False,False,False
“,[,com.apple.keylayout.Dutch,,True,False,False,False
π,p,com.apple.keylayout.Dutch,,True,False,False,False
¬,l,com.apple.keylayout.Dutch,,True,False,False,False
∆,j,com.apple.keylayout.Dutch,,True,False,False,False
æ,',com.apple.keylayout.Dutch,,True,False,False,False
˚,k,com.apple.keylayout.Dutch,,True,False,False,False
…,;,com.apple.keylayout.Dutch,,True,False,False,False
«,\,com.apple.keylayout.Dutch,,True,False,False,False
≤,",",com.apple.keylayout.Dutch,,True,False,False,False
÷,/,com.apple.keylayout.Dutch,,True,False,False,False
µ,m,com.apple.keylayout.Dutch,,True,False,False,False
≥,.,com.apple.keylayout.Dutch,,True,False,False,False
 , ,com.apple.keylayout.Dutch,,True,False,False,False
Å,a,com.apple.keylayout.Dutch,,True,True,False,False
Í,s,com.apple.keylayout.Dutch,,True,True,False,False
Î,d,com.apple.keylayout.Dutch,,True,True,False,False
Ï,f,com.apple.keylayout.Dutch,,True,True,False,False
Ó,h,com.apple.keylayout.Dutch,,True,True,False,False
Ì,g,com.apple.keylayout.Dutch,,True,True,False,False
Û,z,com.apple.keylayout.Dutch,,True,True,False,False
Ù,x,com.apple.keylayout.Dutch,,True,True,False,False
Ç,c,com.apple.keylayout.Dutch,,True,True,False,False
◊,v,com.apple.keylayout.Dutch,,True,True,False,False
ı,b,com.apple.keylayout.Dutch,,True,True,False,False
Œ,q,com.apple.keylayout.Dutch,,True,True,False,False
„,w,com.apple.keylayout.Dutch,,True,True,False,False
‰,e,com.apple.keylayout.Dutch,,True,True,False,False
Â,r,com.apple.keylayout.Dutch,,True,True,False,False
Á,y,com.apple.keylayout.Dutch,,True,True,False,False
Ê,t,com.apple.keylayout.Dutch,,True,True,False,False
⁄,1,com.apple.keylayout.Dutch,,True,True,False,False
™,2,com.apple.keylayout.Dutch,,True,True,False,False
‹,3,com.apple.keylayout.Dutch,,True,True,False,False
›,4,com.apple.keylayout.Dutch,,True,True,False,False
ﬂ,6,com.apple.keylayout.Dutch,,True,True,False,False
ﬁ,5,com.apple.keylayout.Dutch,,True,True,False,False
±,=,com.apple.keylayout.Dutch,,True,True,False,False
·,9,com.apple.keylayout.Dutch,,True,True,False,False
‡,7,com.apple.keylayout.Dutch,,True,True,False,False
—,-,com.apple.keylayout.Dutch,,True,True,False,False
°,8,com.apple.keylayout.Dutch,,True,True,False,False
‚,0,com.apple.keylayout.Dutch,,True,True,False,False
’,],com.apple.keylayout.Dutch,,True,True,False,False
Ø,o,com.apple.keylayout.Dutch,,True,True,False,False
Ë,u,com.apple.keylayout.Dutch,,True,True,False,False
”,[,com.apple.keylayout.Dutch,,True,True,False,False
È,i,com.apple.keylayout.Dutch,,True,True,False,False
∏,p,com.apple.keylayout.Dutch,,True,True,False,False
Ò,l,com.apple.keylayout.Dutch,,True,True,False,False
Ô,j,com.apple.keylayout.Dutch,,True,True,False,False
Æ,',com.apple.keylayout.Dutch,,True,True,False,False
,k,com.apple.keylayout.Dutch,,True,True,False,False
Ú,;,com.apple.keylayout.Dutch,,True,True,False,False
»,\,com.apple.keylayout.Dutch,,True,True,False,False
¯,",",com.apple.keylayout.Dutch,,True,True,False,False
¿,/,com.apple.keylayout.Dutch,,True,True,False,False
ˆ,n,com.apple.keylayout.Dutch,,True,True,False,False
˜,m,com.apple.keylayout.Dutch,,True,True,False,False
˘,.,com.apple.keylayout.Dutch,,True,True,False,False
 , ,com.apple.keylayout.Dutch,,True,True,False,False
Ÿ,`,com.apple.keylayout.Dutch,50,True,True,False,False
ो,ो,com.apple.keylayout.Devanagari,,False,False,False,False
े,े,com.apple.keylayout.Devanagari,,False,False,False,False
ि,ि,com.apple.keylayout.Devanagari,,False,False,False,False
प,प,com.apple.keylayout.Devanagari,,False,False,False,False
ु,ु,com.apple.keylayout.Devanagari,,False,False,False,False
ॆ,ॆ,com.apple.keylayout.Devanagari,,False,False,False,False
ं,ं,com.apple.keylayout.Devanagari,,False,False,False,False
म,म,com.apple.keylayout.Devanagari,,False,False,False,False
न,न,com.apple.keylayout.Devanagari,,False,False,False,False
व,व,com.apple.keylayout.Devanagari,,False,False,False,False
ौ,ौ,com.apple.keylayout.Devanagari,,False,False,False,False
ै,ै,com.apple.keylayout.Devanagari,,False,False,False,False
ा,ा,com.apple.keylayout.Devanagari,,False,False,False,False
ी,ी,com.apple.keylayout.Devanagari,,False,False,False,False
ब,ब,com.apple.keylayout.Devanagari,,False,False,False,False
ू,ू,com.apple.keylayout.Devanagari,,False,False,False,False
१,१,com.apple.keylayout.Devanagari,,False,False,False,False
२,२,com.apple.keylayout.Devanagari,,False,False,False,False
३,३,com.apple.keylayout.Devanagari,,False,False,False,False
४,४,com.apple.keylayout.Devanagari,,False,False,False,False
६,६,com.apple.keylayout.Devanagari,,False,False,False,False
५,५,com.apple.keylayout.Devanagari,,False,False,False,False
ृ,ृ,com.apple.keylayout.Devanagari,,False,False,False,False
९,९,com.apple.keylayout.Devanagari,,False,False,False,False
७,७,com.apple.keylayout.Devanagari,,False,False,False,False
-,-,com.apple.keylayout.Devanagari,,False,False,False,False
८,८,com.apple.keylayout.Devanagari,,False,False,False,False
०,०,com.apple.keylayout.Devanagari,,False,False,False,False
़,़,com.apple.keylayout.Devanagari,,False,False,False,False
द,द,com.apple.keylayout.Devanagari,,False,False,False,False
ह,ह,com.apple.keylayout.Devanagari,,False,False,False,False
ड,ड,com.apple.keylayout.Devanagari,,False,False,False,False
ग,ग,com.apple.keylayout.Devanagari,,False,False,False,False
ज,ज,com.apple.keylayout.Devanagari,,False,False,False,False
त,त,com.apple.keylayout.Devanagari,,False,False,False,False
र,र,com.apple.keylayout.Devanagari,,False,False,False,False
ट,ट,com.apple.keylayout.Devanagari,,False,False,False,False
क,क,com.apple.keylayout.Devanagari,,False,False,False,False
च,च,com.apple.keylayout.Devanagari,,False,False,False,False
ॉ,ॉ,com.apple.keylayout.Devanagari,,False,False,False,False
",",",",com.apple.keylayout.Devanagari,,False,False,False,False
य,य,com.apple.keylayout.Devanagari,,False,False,False,False
ल,ल,com.apple.keylayout.Devanagari,,False,False,False,False
स,स,com.apple.keylayout.Devanagari,,False,False,False,False
.,.,com.apple.keylayout.Devanagari,,False,False,False,False
 , ,com.apple.keylayout.Devanagari,,False,False,False,False
ॊ,ॊ,com.apple.keylayout.Devanagari,50,False,False,False,False
ओ,ो,com.apple.keylayout.Devanagari,,False,True,False,False
ए,े,com.apple.keylayout.Devanagari,,False,True,False,False
इ,ि,com.apple.keylayout.Devanagari,,False,True,False,False
फ,प,com.apple.keylayout.Devanagari,,False,True,False,False
उ,ु,com.apple.keylayout.Devanagari,,False,True,False,False
ऎ,ॆ,com.apple.keylayout.Devanagari,,False,True,False,False
ँ,ं,com.apple.keylayout.Devanagari,,False,True,False,False
ण,म,com.apple.keylayout.Devanagari,,False,True,False,False
ऩ,न,com.apple.keylayout.Devanagari,,False,True,False,False
ऴ,व,com.apple.keylayout.Devanagari,,False,True,False,False
औ,ौ,com.apple.keylayout.Devanagari,,False,True,False,False
ऐ,ै,com.apple.keylayout.Devanagari,,False,True,False,False
आ,ा,com.apple.keylayout.Devanagari,,False,True,False,False
ई,ी,com.apple.keylayout.Devanagari,,False,True,False,False
भ,ब,com.apple.keylayout.Devanagari,,False,True,False,False
ऊ,ू,com.apple.keylayout.Devanagari,,False,True,False,False
ऍ,१,com.apple.keylayout.Devanagari,,False,True,False,False
ॅ,२,com.apple.keylayout.Devanagari,,False,True,False,False
्र,३,com.apple.keylayout.Devanagari,,False,True,False,False
र्,४,com.apple.keylayout.Devanagari,,False,True,False,False
त्र,६,com.apple.keylayout.Devanagari,,False,True,False,False
ज्ञ,५,com.apple.keylayout.Devanagari,,False,True,False,False
ऋ,ृ,com.apple.keylayout.Devanagari,,False,True,False,False
(,९,com.apple.keylayout.Devanagari,,False,True,False,False
क्ष,७,com.apple.keylayout.Devanagari,,False,True,False,False
ः,-,com.apple.keylayout.Devanagari,,False,True,False,False
श्र,८,com.apple.keylayout.Devanagari,,False,True,False,False
),०,com.apple.keylayout.Devanagari,,False,True,False,False
ञ,़,com.apple.keylayout.Devanagari,,False,True,False,False
ध,द,com.apple.keylayout.Devanagari,,False,True,False,False
ङ,ह,com.apple.keylayout.Devanagari,,False,True,False,False
ढ,ड,com.apple.keylayout.Devanagari,,False,True,False,False
घ,ग,com.apple.keylayout.Devanagari,,False,True,False,False
झ,ज,com.apple.keylayout.Devanagari,,False,True,False,False
थ,त,com.apple.keylayout.Devanagari,,False,True,False,False
ऱ,र,com.apple.keylayout.Devanagari,,False,True,False,False
ठ,ट,com.apple.keylayout.Devanagari,,False,True,False,False
ख,क,com.apple.keylayout.Devanagari,,False,True,False,False
छ,च,com.apple.keylayout.Devanagari,,False,True,False,False
ऑ,ॉ,com.apple.keylayout.Devanagari,,False,True,False,False
ष,",",com.apple.keylayout.Devanagari,,False,True,False,False
य़,य,com.apple.keylayout.Devanagari,,False,True,False,False
ळ,ल,com.apple.keylayout.Devanagari,,False,True,False,False
श,स,com.apple.keylayout.Devanagari,,False,True,False,False
।,.,com.apple.keylayout.Devanagari,,False,True,False,False
 , ,com.apple.keylayout.Devanagari,,False,True,False,False
ऒ,ॊ,com.apple.keylayout.Devanagari,50,False,True,False,False
a,ो,com.apple.keylayout.Devanagari,,True,False,False,False
s,े,com.apple.keylayout.Devanagari,,True,False,False,False
f,ि,com.apple.keylayout.Devanagari,,True,False,False,False
h,प,com.apple.keylayout.Devanagari,,True,False,False,False
g,ु,com.apple.keylayout.Devanagari,,True,False,False,False
z,ॆ,com.apple.keylayout.Devanagari,,True,False,False,False
x,ं,com.apple.keylayout.Devanagari,,True,False,False,False
c,म,com.apple.keylayout.Devanagari,,True,False,False,False
v,न,com.apple.keylayout.Devanagari,,True,False,False,False
b,व,com.apple.keylayout.Devanagari,,True,False,False,False
q,ौ,com.apple.keylayout.Devanagari,,True,False,False,False
w,ै,com.apple.keylayout.Devanagari,,True,False,False,False
e,ा,com.apple.keylayout.Devanagari,,True,False,False,False
r,ी,com.apple.keylayout.Devanagari,,True,False,False,False
y,ब,com.apple.keylayout.Devanagari,,True,False,False,False
t,ू,com.apple.keylayout.Devanagari,,True,False,False,False
1,१,com.apple.keylayout.Devanagari,,True,False,False,False
2,२,com.apple.keylayout.Devanagari,,True,False,False,False
3,३,com.apple.keylayout.Devanagari,,True,False,False,False
4,४,com.apple.keylayout.Devanagari,,True,False,False,False
6,६,com.apple.keylayout.Devanagari,,True,False,False,False
5,५,com.apple.keylayout.Devanagari,,True,False,False,False
=,ृ,com.apple.keylayout.Devanagari,,True,False,False,False
9,९,com.apple.keylayout.Devanagari,,True,False,False,False
7,७,com.apple.keylayout.Devanagari,,True,False,False,False
—,-,com.apple.keylayout.Devanagari,,True,False,False,False
8,८,com.apple.keylayout.Devanagari,,True,False,False,False
0,०,com.apple.keylayout.Devanagari,,True,False,False,False
],़,com.apple.keylayout.Devanagari,,True,False,False,False
o,द,com.apple.keylayout.Devanagari,,True,False,False,False
u,ह,com.apple.keylayout.Devanagari,,True,False,False,False
[,ड,com.apple.keylayout.Devanagari,,True,False,False,False
i,ग,com.apple.keylayout.Devanagari,,True,False,False,False
p,ज,com.apple.keylayout.Devanagari,,True,False,False,False
l,त,com.apple.keylayout.Devanagari,,True,False,False,False
j,र,com.apple.keylayout.Devanagari,,True,False,False,False
',ट,com.apple.keylayout.Devanagari,,True,False,False,False
k,क,com.apple.keylayout.Devanagari,,True,False,False,False
;,च,com.apple.keylayout.Devanagari,,True,False,False,False
\,ॉ,com.apple.keylayout.Devanagari,,True,False,False,False
",",",",com.apple.keylayout.Devanagari,,True,False,False,False
/,य,com.apple.keylayout.Devanagari,,True,False,False,False
n,ल,com.apple.keylayout.Devanagari,,True,False,False,False
m,स,com.apple.keylayout.Devanagari,,True,False,False,False
.,.,com.apple.keylayout.Devanagari,,True,False,False,False
 , ,com.apple.keylayout.Devanagari,,True,False,False,False
`,ॊ,com.apple.keylayout.Devanagari,50,True,False,False,False
A,ो,com.apple.keylayout.Devanagari,,True,True,False,False
S,े,com.apple.keylayout.Devanagari,,True,True,False,False
F,ि,com.apple.keylayout.Devanagari,,True,True,False,False
H,प,com.apple.keylayout.Devanagari,,True,True,False,False
G,ु,com.apple.keylayout.Devanagari,,True,True,False,False
Z,ॆ,com.apple.keylayout.Devanagari,,True,True,False,False
X,ं,com.apple.keylayout.Devanagari,,True,True,False,False
C,म,com.apple.keylayout.Devanagari,,True,True,False,False
V,न,com.apple.keylayout.Devanagari,,True,True,False,False
B,व,com.apple.keylayout.Devanagari,,True,True,False,False
Q,ौ,com.apple.keylayout.Devanagari,,True,True,False,False
W,ै,com.apple.keylayout.Devanagari,,True,True,False,False
E,ा,com.apple.keylayout.Devanagari,,True,True,False,False
R,ी,com.apple.keylayout.Devanagari,,True,True,False,False
Y,ब,com.apple.keylayout.Devanagari,,True,True,False,False
T,ू,com.apple.keylayout.Devanagari,,True,True,False,False
!,१,com.apple.keylayout.Devanagari,,True,True,False,False
@,२,com.apple.keylayout.Devanagari,,True,True,False,False
#,३,com.apple.keylayout.Devanagari,,True,True,False,False
$,४,com.apple.keylayout.Devanagari,,True,True,False,False
^,६,com.apple.keylayout.Devanagari,,True,True,False,False
%,५,com.apple.keylayout.Devanagari,,True,True,False,False
+,ृ,com.apple.keylayout.Devanagari,,True,True,False,False
(,९,com.apple.keylayout.Devanagari,,True,True,False,False
&,७,com.apple.keylayout.Devanagari,,True,True,False,False
_,-,com.apple.keylayout.Devanagari,,True,True,False,False
*,८,com.apple.keylayout.Devanagari,,True,True,False,False
),०,com.apple.keylayout.Devanagari,,True,True,False,False
},़,com.apple.keylayout.Devanagari,,True,True,False,False
O,द,com.apple.keylayout.Devanagari,,True,True,False,False
U,ह,com.apple.keylayout.Devanagari,,True,True,False,False
{,ड,com.apple.keylayout.Devanagari,,True,True,False,False
I,ग,com.apple.keylayout.Devanagari,,True,True,False,False
P,ज,com.apple.keylayout.Devanagari,,True,True,False,False
L,त,com.apple.keylayout.Devanagari,,True,True,False,False
J,र,com.apple.keylayout.Devanagari,,True,True,False,False
"""",ट,com.apple.keylayout.Devanagari,,True,True,False,False
K,क,com.apple.keylayout.Devanagari,,True,True,False,False
:,च,com.apple.keylayout.Devanagari,,True,True,False,False
|,ॉ,com.apple.keylayout.Devanagari,,True,True,False,False
<,",",com.apple.keylayout.Devanagari,,True,True,False,False
?,य,com.apple.keylayout.Devanagari,,True,True,False,False
N,ल,com.apple.keylayout.Devanagari,,True,True,False,False
M,स,com.apple.keylayout.Devanagari,,True,True,False,False
>,.,com.apple.keylayout.Devanagari,,True,True,False,False
 , ,com.apple.keylayout.Devanagari,,True,True,False,False
~,ॊ,com.apple.keylayout.Devanagari,50,True,True,False,False
ش,ش,com.apple.keylayout.Persian,,False,False,False,False
س,س,com.apple.keylayout.Persian,,False,False,False,False
ی,ی,com.apple.keylayout.Persian,,False,False,False,False
ب,ب,com.apple.keylayout.Persian,,False,False,False,False
ا,ا,com.apple.keylayout.Persian,,False,False,False,False
ل,ل,com.apple.keylayout.Persian,,False,False,False,False
ظ,ظ,com.apple.keylayout.Persian,,False,False,False,False
ط,ط,com.apple.keylayout.Persian,,False,False,False,False
ذ,ذ,com.apple.keylayout.Persian,,False,False,False,False
د,د,com.apple.keylayout.Persian,,False,False,False,False
پ,پ,com.apple.keylayout.Persian,10,False,False,False,False
ز,ز,com.apple.keylayout.Persian,,False,False,False,False
ض,ض,com.apple.keylayout.Persian,,False,False,False,False
ص,ص,com.apple.keylayout.Persian,,False,False,False,False
ث,ث,com.apple.keylayout.Persian,,False,False,False,False
ق,ق,com.apple.keylayout.Persian,,False,False,False,False
غ,غ,com.apple.keylayout.Persian,,False,False,False,False
ف,ف,com.apple.keylayout.Persian,,False,False,False,False
۱,۱,com.apple.keylayout.Persian,,False,False,False,False
۲,۲,com.apple.keylayout.Persian,,False,False,False,False
۳,۳,com.apple.keylayout.Persian,,False,False,False,False
۴,۴,com.apple.keylayout.Persian,,False,False,False,False
۶,۶,com.apple.keylayout.Persian,,False,False,False,False
۵,۵,com.apple.keylayout.Persian,,False,False,False,False
=,=,com.apple.keylayout.Persian,,False,False,False,False
۹,۹,com.apple.keylayout.Persian,,False,False,False,False
۷,۷,com.apple.keylayout.Persian,,False,False,False,False
-,-,com.apple.keylayout.Persian,,False,False,False,False
۸,۸,com.apple.keylayout.Persian,,False,False,False,False
۰,۰,com.apple.keylayout.Persian,,False,False,False,False
چ,چ,com.apple.keylayout.Persian,,False,False,False,False
خ,خ,com.apple.keylayout.Persian,,False,False,False,False
ع,ع,com.apple.keylayout.Persian,,False,False,False,False
ج,ج,com.apple.keylayout.Persian,,False,False,False,False
ه,ه,com.apple.keylayout.Persian,,False,False,False,False
ح,ح,com.apple.keylayout.Persian,,False,False,False,False
م,م,com.apple.keylayout.Persian,,False,False,False,False
ت,ت,com.apple.keylayout.Persian,,False,False,False,False
گ,گ,com.apple.keylayout.Persian,,False,False,False,False
ن,ن,com.apple.keylayout.Persian,,False,False,False,False
ک,ک,com.apple.keylayout.Persian,,False,False,False,False
\,\,com.apple.keylayout.Persian,,False,False,False,False
،,،,com.apple.keylayout.Persian,,False,False,False,False
ژ,ژ,com.apple.keylayout.Persian,,False,False,False,False
ر,ر,com.apple.keylayout.Persian,,False,False,False,False
و,و,com.apple.keylayout.Persian,,False,False,False,False
.,.,com.apple.keylayout.Persian,,False,False,False,False
 , ,com.apple.keylayout.Persian,,False,False,False,False
پ,پ,com.apple.keylayout.Persian,50,False,False,False,False
«,ش,com.apple.keylayout.Persian,,False,True,False,False
»,س,com.apple.keylayout.Persian,,False,True,False,False
ي,ی,com.apple.keylayout.Persian,,False,True,False,False
آ,ا,com.apple.keylayout.Persian,,False,True,False,False
',ظ,com.apple.keylayout.Persian,,False,True,False,False
ئ,ذ,com.apple.keylayout.Persian,,False,True,False,False
ء,د,com.apple.keylayout.Persian,,False,True,False,False
/,پ,com.apple.keylayout.Persian,10,False,True,False,False
أ,ز,com.apple.keylayout.Persian,,False,True,False,False
َ,ض,com.apple.keylayout.Persian,,False,True,False,False
ً,ص,com.apple.keylayout.Persian,,False,True,False,False
ِ,ث,com.apple.keylayout.Persian,,False,True,False,False
ٍ,ق,com.apple.keylayout.Persian,,False,True,False,False
ٌ,غ,com.apple.keylayout.Persian,,False,True,False,False
ُ,ف,com.apple.keylayout.Persian,,False,True,False,False
!,۱,com.apple.keylayout.Persian,,False,True,False,False
❊,۲,com.apple.keylayout.Persian,,False,True,False,False
#,۳,com.apple.keylayout.Persian,,False,True,False,False
$,۴,com.apple.keylayout.Persian,,False,True,False,False
^,۶,com.apple.keylayout.Persian,,False,True,False,False
٪,۵,com.apple.keylayout.Persian,,False,True,False,False
+,=,com.apple.keylayout.Persian,,False,True,False,False
),۹,com.apple.keylayout.Persian,,False,True,False,False
&,۷,com.apple.keylayout.Persian,,False,True,False,False
ـ,-,com.apple.keylayout.Persian,,False,True,False,False
*,۸,com.apple.keylayout.Persian,,False,True,False,False
(,۰,com.apple.keylayout.Persian,,False,True,False,False
{,چ,com.apple.keylayout.Persian,,False,True,False,False
],خ,com.apple.keylayout.Persian,,False,True,False,False
ّ,ع,com.apple.keylayout.Persian,,False,True,False,False
},ج,com.apple.keylayout.Persian,,False,True,False,False
÷,ه,com.apple.keylayout.Persian,,False,True,False,False
[,ح,com.apple.keylayout.Persian,,False,True,False,False
؛,گ,com.apple.keylayout.Persian,,False,True,False,False
:,ک,com.apple.keylayout.Persian,,False,True,False,False
|,\,com.apple.keylayout.Persian,,False,True,False,False
>,،,com.apple.keylayout.Persian,,False,True,False,False
؟,ژ,com.apple.keylayout.Persian,,False,True,False,False
أ,ر,com.apple.keylayout.Persian,,False,True,False,False
ؤ,و,com.apple.keylayout.Persian,,False,True,False,False
<,.,com.apple.keylayout.Persian,,False,True,False,False
‌, ,com.apple.keylayout.Persian,,False,True,False,False
/,پ,com.apple.keylayout.Persian,50,False,True,False,False
ے,س,com.apple.keylayout.Persian,,True,False,False,False
ى,ی,com.apple.keylayout.Persian,,True,False,False,False
ڑ,ذ,com.apple.keylayout.Persian,,True,False,False,False
ڈ,د,com.apple.keylayout.Persian,,True,False,False,False
ژ,ز,com.apple.keylayout.Persian,,True,False,False,False
ٍ,ق,com.apple.keylayout.Persian,,True,False,False,False
ڤ,ف,com.apple.keylayout.Persian,,True,False,False,False
۱,۱,com.apple.keylayout.Persian,,True,False,False,False
۲,۲,com.apple.keylayout.Persian,,True,False,False,False
۳,۳,com.apple.keylayout.Persian,,True,False,False,False
۴,۴,com.apple.keylayout.Persian,,True,False,False,False
۶,۶,com.apple.keylayout.Persian,,True,False,False,False
۵,۵,com.apple.keylayout.Persian,,True,False,False,False
=,=,com.apple.keylayout.Persian,,True,False,False,False
۹,۹,com.apple.keylayout.Persian,,True,False,False,False
۷,۷,com.apple.keylayout.Persian,,True,False,False,False
_,-,com.apple.keylayout.Persian,,True,False,False,False
۸,۸,com.apple.keylayout.Persian,,True,False,False,False
۰,۰,com.apple.keylayout.Persian,,True,False,False,False
ة,چ,com.apple.keylayout.Persian,,True,False,False,False
ە,ع,com.apple.keylayout.Persian,,True,False,False,False
*,ج,com.apple.keylayout.Persian,,True,False,False,False
+,ح,com.apple.keylayout.Persian,,True,False,False,False
ٹ,ت,com.apple.keylayout.Persian,,True,False,False,False
…,گ,com.apple.keylayout.Persian,,True,False,False,False
ں,ن,com.apple.keylayout.Persian,,True,False,False,False
ك,ک,com.apple.keylayout.Persian,,True,False,False,False
",",،,com.apple.keylayout.Persian,,True,False,False,False
÷,ژ,com.apple.keylayout.Persian,,True,False,False,False
إ,ر,com.apple.keylayout.Persian,,True,False,False,False
ؤ,و,com.apple.keylayout.Persian,,True,False,False,False
.,.,com.apple.keylayout.Persian,,True,False,False,False
 , ,com.apple.keylayout.Persian,,True,False,False,False
ے,س,com.apple.keylayout.Persian,,True,True,False,False
ى,ی,com.apple.keylayout.Persian,,True,True,False,False
ڑ,ذ,com.apple.keylayout.Persian,,True,True,False,False
ڈ,د,com.apple.keylayout.Persian,,True,True,False,False
ژ,ز,com.apple.keylayout.Persian,,True,True,False,False
ٍ,ق,com.apple.keylayout.Persian,,True,True,False,False
ڤ,ف,com.apple.keylayout.Persian,,True,True,False,False
۱,۱,com.apple.keylayout.Persian,,True,True,False,False
۲,۲,com.apple.keylayout.Persian,,True,True,False,False
۳,۳,com.apple.keylayout.Persian,,True,True,False,False
۴,۴,com.apple.keylayout.Persian,,True,True,False,False
۶,۶,com.apple.keylayout.Persian,,True,True,False,False
۵,۵,com.apple.keylayout.Persian,,True,True,False,False
=,=,com.apple.keylayout.Persian,,True,True,False,False
۹,۹,com.apple.keylayout.Persian,,True,True,False,False
۷,۷,com.apple.keylayout.Persian,,True,True,False,False
_,-,com.apple.keylayout.Persian,,True,True,False,False
۸,۸,com.apple.keylayout.Persian,,True,True,False,False
۰,۰,com.apple.keylayout.Persian,,True,True,False,False
ة,چ,com.apple.keylayout.Persian,,True,True,False,False
ە,ع,com.apple.keylayout.Persian,,True,True,False,False
*,ج,com.apple.keylayout.Persian,,True,True,False,False
+,ح,com.apple.keylayout.Persian,,True,True,False,False
ٹ,ت,com.apple.keylayout.Persian,,True,True,False,False
…,گ,com.apple.keylayout.Persian,,True,True,False,False
ں,ن,com.apple.keylayout.Persian,,True,True,False,False
ك,ک,com.apple.keylayout.Persian,,True,True,False,False
",",،,com.apple.keylayout.Persian,,True,True,False,False
÷,ژ,com.apple.keylayout.Persian,,True,True,False,False
إ,ر,com.apple.keylayout.Persian,,True,True,False,False
ؤ,و,com.apple.keylayout.Persian,,True,True,False,False
.,.,com.apple.keylayout.Persian,,True,True,False,False
 , ,com.apple.keylayout.Persian,,True,True,False,False
a,a,com.apple.keylayout.NorthernSami,,False,False,False,False
s,s,com.apple.keylayout.NorthernSami,,False,False,False,False
d,d,com.apple.keylayout.NorthernSami,,False,False,False,False
f,f,com.apple.keylayout.NorthernSami,,False,False,False,False
h,h,com.apple.keylayout.NorthernSami,,False,False,False,False
g,g,com.apple.keylayout.NorthernSami,,False,False,False,False
z,z,com.apple.keylayout.NorthernSami,,False,False,False,False
č,č,com.apple.keylayout.NorthernSami,,False,False,False,False
c,c,com.apple.keylayout.NorthernSami,,False,False,False,False
v,v,com.apple.keylayout.NorthernSami,,False,False,False,False
',',com.apple.keylayout.NorthernSami,10,False,False,False,False
b,b,com.apple.keylayout.NorthernSami,,False,False,False,False
á,á,com.apple.keylayout.NorthernSami,,False,False,False,False
š,š,com.apple.keylayout.NorthernSami,,False,False,False,False
e,e,com.apple.keylayout.NorthernSami,,False,False,False,False
r,r,com.apple.keylayout.NorthernSami,,False,False,False,False
ŧ,ŧ,com.apple.keylayout.NorthernSami,,False,False,False,False
t,t,com.apple.keylayout.NorthernSami,,False,False,False,False
1,1,com.apple.keylayout.NorthernSami,,False,False,False,False
2,2,com.apple.keylayout.NorthernSami,,False,False,False,False
3,3,com.apple.keylayout.NorthernSami,,False,False,False,False
4,4,com.apple.keylayout.NorthernSami,,False,False,False,False
6,6,com.apple.keylayout.NorthernSami,,False,False,False,False
5,5,com.apple.keylayout.NorthernSami,,False,False,False,False
9,9,com.apple.keylayout.NorthernSami,,False,False,False,False
7,7,com.apple.keylayout.NorthernSami,,False,False,False,False
+,+,com.apple.keylayout.NorthernSami,,False,False,False,False
8,8,com.apple.keylayout.NorthernSami,,False,False,False,False
0,0,com.apple.keylayout.NorthernSami,,False,False,False,False
ŋ,ŋ,com.apple.keylayout.NorthernSami,,False,False,False,False
o,o,com.apple.keylayout.NorthernSami,,False,False,False,False
u,u,com.apple.keylayout.NorthernSami,,False,False,False,False
å,å,com.apple.keylayout.NorthernSami,,False,False,False,False
i,i,com.apple.keylayout.NorthernSami,,False,False,False,False
p,p,com.apple.keylayout.NorthernSami,,False,False,False,False
l,l,com.apple.keylayout.NorthernSami,,False,False,False,False
j,j,com.apple.keylayout.NorthernSami,,False,False,False,False
æ,æ,com.apple.keylayout.NorthernSami,,False,False,False,False
k,k,com.apple.keylayout.NorthernSami,,False,False,False,False
ø,ø,com.apple.keylayout.NorthernSami,,False,False,False,False
đ,đ,com.apple.keylayout.NorthernSami,,False,False,False,False
",",",",com.apple.keylayout.NorthernSami,,False,False,False,False
-,-,com.apple.keylayout.NorthernSami,,False,False,False,False
n,n,com.apple.keylayout.NorthernSami,,False,False,False,False
m,m,com.apple.keylayout.NorthernSami,,False,False,False,False
.,.,com.apple.keylayout.NorthernSami,,False,False,False,False
 , ,com.apple.keylayout.NorthernSami,,False,False,False,False
ž,ž,com.apple.keylayout.NorthernSami,50,False,False,False,False
A,a,com.apple.keylayout.NorthernSami,,False,True,False,False
S,s,com.apple.keylayout.NorthernSami,,False,True,False,False
D,d,com.apple.keylayout.NorthernSami,,False,True,False,False
F,f,com.apple.keylayout.NorthernSami,,False,True,False,False
H,h,com.apple.keylayout.NorthernSami,,False,True,False,False
G,g,com.apple.keylayout.NorthernSami,,False,True,False,False
Z,z,com.apple.keylayout.NorthernSami,,False,True,False,False
Č,č,com.apple.keylayout.NorthernSami,,False,True,False,False
C,c,com.apple.keylayout.NorthernSami,,False,True,False,False
V,v,com.apple.keylayout.NorthernSami,,False,True,False,False
§,',com.apple.keylayout.NorthernSami,10,False,True,False,False
B,b,com.apple.keylayout.NorthernSami,,False,True,False,False
Á,á,com.apple.keylayout.NorthernSami,,False,True,False,False
Š,š,com.apple.keylayout.NorthernSami,,False,True,False,False
E,e,com.apple.keylayout.NorthernSami,,False,True,False,False
R,r,com.apple.keylayout.NorthernSami,,False,True,False,False
Ŧ,ŧ,com.apple.keylayout.NorthernSami,,False,True,False,False
T,t,com.apple.keylayout.NorthernSami,,False,True,False,False
!,1,com.apple.keylayout.NorthernSami,,False,True,False,False
"""",2,com.apple.keylayout.NorthernSami,,False,True,False,False
#,3,com.apple.keylayout.NorthernSami,,False,True,False,False
$,4,com.apple.keylayout.NorthernSami,,False,True,False,False
&,6,com.apple.keylayout.NorthernSami,,False,True,False,False
%,5,com.apple.keylayout.NorthernSami,,False,True,False,False
),9,com.apple.keylayout.NorthernSami,,False,True,False,False
/,7,com.apple.keylayout.NorthernSami,,False,True,False,False
?,+,com.apple.keylayout.NorthernSami,,False,True,False,False
(,8,com.apple.keylayout.NorthernSami,,False,True,False,False
=,0,com.apple.keylayout.NorthernSami,,False,True,False,False
Ŋ,ŋ,com.apple.keylayout.NorthernSami,,False,True,False,False
O,o,com.apple.keylayout.NorthernSami,,False,True,False,False
U,u,com.apple.keylayout.NorthernSami,,False,True,False,False
Å,å,com.apple.keylayout.NorthernSami,,False,True,False,False
I,i,com.apple.keylayout.NorthernSami,,False,True,False,False
P,p,com.apple.keylayout.NorthernSami,,False,True,False,False
L,l,com.apple.keylayout.NorthernSami,,False,True,False,False
J,j,com.apple.keylayout.NorthernSami,,False,True,False,False
Æ,æ,com.apple.keylayout.NorthernSami,,False,True,False,False
K,k,com.apple.keylayout.NorthernSami,,False,True,False,False
Ø,ø,com.apple.keylayout.NorthernSami,,False,True,False,False
Đ,đ,com.apple.keylayout.NorthernSami,,False,True,False,False
;,",",com.apple.keylayout.NorthernSami,,False,True,False,False
_,-,com.apple.keylayout.NorthernSami,,False,True,False,False
N,n,com.apple.keylayout.NorthernSami,,False,True,False,False
M,m,com.apple.keylayout.NorthernSami,,False,True,False,False
:,.,com.apple.keylayout.NorthernSami,,False,True,False,False
 , ,com.apple.keylayout.NorthernSami,,False,True,False,False
Ž,ž,com.apple.keylayout.NorthernSami,50,False,True,False,False
ß,s,com.apple.keylayout.NorthernSami,,True,False,False,False
ð,d,com.apple.keylayout.NorthernSami,,True,False,False,False
÷,z,com.apple.keylayout.NorthernSami,,True,False,False,False
x,č,com.apple.keylayout.NorthernSami,,True,False,False,False
‹,v,com.apple.keylayout.NorthernSami,,True,False,False,False
',',com.apple.keylayout.NorthernSami,10,True,False,False,False
›,b,com.apple.keylayout.NorthernSami,,True,False,False,False
q,á,com.apple.keylayout.NorthernSami,,True,False,False,False
w,š,com.apple.keylayout.NorthernSami,,True,False,False,False
é,e,com.apple.keylayout.NorthernSami,,True,False,False,False
y,ŧ,com.apple.keylayout.NorthernSami,,True,False,False,False
þ,t,com.apple.keylayout.NorthernSami,,True,False,False,False
©,1,com.apple.keylayout.NorthernSami,,True,False,False,False
™,2,com.apple.keylayout.NorthernSami,,True,False,False,False
£,3,com.apple.keylayout.NorthernSami,,True,False,False,False
€,4,com.apple.keylayout.NorthernSami,,True,False,False,False
§,6,com.apple.keylayout.NorthernSami,,True,False,False,False
],9,com.apple.keylayout.NorthernSami,,True,False,False,False
|,7,com.apple.keylayout.NorthernSami,,True,False,False,False
±,+,com.apple.keylayout.NorthernSami,,True,False,False,False
[,8,com.apple.keylayout.NorthernSami,,True,False,False,False
œ,o,com.apple.keylayout.NorthernSami,,True,False,False,False
ä,æ,com.apple.keylayout.NorthernSami,,True,False,False,False
ö,ø,com.apple.keylayout.NorthernSami,,True,False,False,False
@,đ,com.apple.keylayout.NorthernSami,,True,False,False,False
‚,",",com.apple.keylayout.NorthernSami,,True,False,False,False
–,-,com.apple.keylayout.NorthernSami,,True,False,False,False
‘,n,com.apple.keylayout.NorthernSami,,True,False,False,False
’,m,com.apple.keylayout.NorthernSami,,True,False,False,False
…,.,com.apple.keylayout.NorthernSami,,True,False,False,False
 , ,com.apple.keylayout.NorthernSami,,True,False,False,False
<,ž,com.apple.keylayout.NorthernSami,50,True,False,False,False
̄,a,com.apple.keylayout.NorthernSami,,True,True,False,False
Ð,d,com.apple.keylayout.NorthernSami,,True,True,False,False
̨,h,com.apple.keylayout.NorthernSami,,True,True,False,False
̣,g,com.apple.keylayout.NorthernSami,,True,True,False,False
⁄,z,com.apple.keylayout.NorthernSami,,True,True,False,False
X,č,com.apple.keylayout.NorthernSami,,True,True,False,False
̧,c,com.apple.keylayout.NorthernSami,,True,True,False,False
«,v,com.apple.keylayout.NorthernSami,,True,True,False,False
§,',com.apple.keylayout.NorthernSami,10,True,True,False,False
»,b,com.apple.keylayout.NorthernSami,,True,True,False,False
Q,á,com.apple.keylayout.NorthernSami,,True,True,False,False
W,š,com.apple.keylayout.NorthernSami,,True,True,False,False
É,e,com.apple.keylayout.NorthernSami,,True,True,False,False
̌,r,com.apple.keylayout.NorthernSami,,True,True,False,False
Y,ŧ,com.apple.keylayout.NorthernSami,,True,True,False,False
Þ,t,com.apple.keylayout.NorthernSami,,True,True,False,False
¡,1,com.apple.keylayout.NorthernSami,,True,True,False,False
®,2,com.apple.keylayout.NorthernSami,,True,True,False,False
¥,3,com.apple.keylayout.NorthernSami,,True,True,False,False
¢,4,com.apple.keylayout.NorthernSami,,True,True,False,False
¶,6,com.apple.keylayout.NorthernSami,,True,True,False,False
̂,5,com.apple.keylayout.NorthernSami,,True,True,False,False
},9,com.apple.keylayout.NorthernSami,,True,True,False,False
\,7,com.apple.keylayout.NorthernSami,,True,True,False,False
¿,+,com.apple.keylayout.NorthernSami,,True,True,False,False
{,8,com.apple.keylayout.NorthernSami,,True,True,False,False
̋,0,com.apple.keylayout.NorthernSami,,True,True,False,False
̈,ŋ,com.apple.keylayout.NorthernSami,,True,True,False,False
Œ,o,com.apple.keylayout.NorthernSami,,True,True,False,False
̉,u,com.apple.keylayout.NorthernSami,,True,True,False,False
̊,å,com.apple.keylayout.NorthernSami,,True,True,False,False
̛,i,com.apple.keylayout.NorthernSami,,True,True,False,False
̇,p,com.apple.keylayout.NorthernSami,,True,True,False,False
̵,l,com.apple.keylayout.NorthernSami,,True,True,False,False
̆,j,com.apple.keylayout.NorthernSami,,True,True,False,False
Ä,æ,com.apple.keylayout.NorthernSami,,True,True,False,False
̃,k,com.apple.keylayout.NorthernSami,,True,True,False,False
Ö,ø,com.apple.keylayout.NorthernSami,,True,True,False,False
*,đ,com.apple.keylayout.NorthernSami,,True,True,False,False
„,",",com.apple.keylayout.NorthernSami,,True,True,False,False
—,-,com.apple.keylayout.NorthernSami,,True,True,False,False
“,n,com.apple.keylayout.NorthernSami,,True,True,False,False
”,m,com.apple.keylayout.NorthernSami,,True,True,False,False
·,.,com.apple.keylayout.NorthernSami,,True,True,False,False
 , ,com.apple.keylayout.NorthernSami,,True,True,False,False
>,ž,com.apple.keylayout.NorthernSami,50,True,True,False,False
ब,ब,com.apple.keylayout.Nepali,,False,False,False,False
क,क,com.apple.keylayout.Nepali,,False,False,False,False
म,म,com.apple.keylayout.Nepali,,False,False,False,False
ा,ा,com.apple.keylayout.Nepali,,False,False,False,False
ज,ज,com.apple.keylayout.Nepali,,False,False,False,False
न,न,com.apple.keylayout.Nepali,,False,False,False,False
ह,ह,com.apple.keylayout.Nepali,,False,False,False,False
अ,अ,com.apple.keylayout.Nepali,,False,False,False,False
ख,ख,com.apple.keylayout.Nepali,,False,False,False,False
द,द,com.apple.keylayout.Nepali,,False,False,False,False
ल,ल,com.apple.keylayout.Nepali,,False,False,False,False
ऊ,ऊ,com.apple.keylayout.Nepali,,False,False,False,False
ध,ध,com.apple.keylayout.Nepali,,False,False,False,False
भ,भ,com.apple.keylayout.Nepali,,False,False,False,False
च,च,com.apple.keylayout.Nepali,,False,False,False,False
थ,थ,com.apple.keylayout.Nepali,,False,False,False,False
त,त,com.apple.keylayout.Nepali,,False,False,False,False
ज्ञ,ज्ञ,com.apple.keylayout.Nepali,,False,False,False,False
द्द,द्द,com.apple.keylayout.Nepali,,False,False,False,False
घ,घ,com.apple.keylayout.Nepali,,False,False,False,False
द्ध,द्ध,com.apple.keylayout.Nepali,,False,False,False,False
ट,ट,com.apple.keylayout.Nepali,,False,False,False,False
छ,छ,com.apple.keylayout.Nepali,,False,False,False,False
ङ,ङ,com.apple.keylayout.Nepali,,False,False,False,False
ढ,ढ,com.apple.keylayout.Nepali,,False,False,False,False
ठ,ठ,com.apple.keylayout.Nepali,,False,False,False,False
(,(,com.apple.keylayout.Nepali,,False,False,False,False
ड,ड,com.apple.keylayout.Nepali,,False,False,False,False
ण,ण,com.apple.keylayout.Nepali,,False,False,False,False
े,े,com.apple.keylayout.Nepali,,False,False,False,False
य,य,com.apple.keylayout.Nepali,,False,False,False,False
ग,ग,com.apple.keylayout.Nepali,,False,False,False,False
ृ,ृ,com.apple.keylayout.Nepali,,False,False,False,False
ष,ष,com.apple.keylayout.Nepali,,False,False,False,False
उ,उ,com.apple.keylayout.Nepali,,False,False,False,False
ि,ि,com.apple.keylayout.Nepali,,False,False,False,False
व,व,com.apple.keylayout.Nepali,,False,False,False,False
ु,ु,com.apple.keylayout.Nepali,,False,False,False,False
प,प,com.apple.keylayout.Nepali,,False,False,False,False
स,स,com.apple.keylayout.Nepali,,False,False,False,False
्,्,com.apple.keylayout.Nepali,,False,False,False,False
।,।,com.apple.keylayout.Nepali,,False,False,False,False
/,/,com.apple.keylayout.Nepali,,False,False,False,False
फ,फ,com.apple.keylayout.Nepali,,False,False,False,False
ो,ो,com.apple.keylayout.Nepali,,False,False,False,False
र,र,com.apple.keylayout.Nepali,,False,False,False,False
 , ,com.apple.keylayout.Nepali,,False,False,False,False
श,श,com.apple.keylayout.Nepali,50,False,False,False,False
द्व,ब,com.apple.keylayout.Nepali,,False,True,False,False
क्,क,com.apple.keylayout.Nepali,,False,True,False,False
ँ,म,com.apple.keylayout.Nepali,,False,True,False,False
आ,ा,com.apple.keylayout.Nepali,,False,True,False,False
ज्,ज,com.apple.keylayout.Nepali,,False,True,False,False
न्,न,com.apple.keylayout.Nepali,,False,True,False,False
ह्म,ह,com.apple.keylayout.Nepali,,False,True,False,False
ऋ,अ,com.apple.keylayout.Nepali,,False,True,False,False
ख्,ख,com.apple.keylayout.Nepali,,False,True,False,False
द्य,द,com.apple.keylayout.Nepali,,False,True,False,False
ल्,ल,com.apple.keylayout.Nepali,,False,True,False,False
ऐ,ऊ,com.apple.keylayout.Nepali,,False,True,False,False
ध्,ध,com.apple.keylayout.Nepali,,False,True,False,False
भ्,भ,com.apple.keylayout.Nepali,,False,True,False,False
च्,च,com.apple.keylayout.Nepali,,False,True,False,False
ञ,थ,com.apple.keylayout.Nepali,,False,True,False,False
त्,त,com.apple.keylayout.Nepali,,False,True,False,False
१,ज्ञ,com.apple.keylayout.Nepali,,False,True,False,False
२,द्द,com.apple.keylayout.Nepali,,False,True,False,False
३,घ,com.apple.keylayout.Nepali,,False,True,False,False
४,द्ध,com.apple.keylayout.Nepali,,False,True,False,False
६,ट,com.apple.keylayout.Nepali,,False,True,False,False
५,छ,com.apple.keylayout.Nepali,,False,True,False,False
ं,ङ,com.apple.keylayout.Nepali,,False,True,False,False
९,ढ,com.apple.keylayout.Nepali,,False,True,False,False
७,ठ,com.apple.keylayout.Nepali,,False,True,False,False
),(,com.apple.keylayout.Nepali,,False,True,False,False
८,ड,com.apple.keylayout.Nepali,,False,True,False,False
०,ण,com.apple.keylayout.Nepali,,False,True,False,False
ै,े,com.apple.keylayout.Nepali,,False,True,False,False
इ,य,com.apple.keylayout.Nepali,,False,True,False,False
ग्,ग,com.apple.keylayout.Nepali,,False,True,False,False
क्ष,ष,com.apple.keylayout.Nepali,,False,True,False,False
ए,उ,com.apple.keylayout.Nepali,,False,True,False,False
ी,ि,com.apple.keylayout.Nepali,,False,True,False,False
व्,व,com.apple.keylayout.Nepali,,False,True,False,False
ू,ु,com.apple.keylayout.Nepali,,False,True,False,False
ई,प,com.apple.keylayout.Nepali,,False,True,False,False
स्,स,com.apple.keylayout.Nepali,,False,True,False,False
झ,्,com.apple.keylayout.Nepali,,False,True,False,False
श्र,।,com.apple.keylayout.Nepali,,False,True,False,False
औ,/,com.apple.keylayout.Nepali,,False,True,False,False
ः,फ,com.apple.keylayout.Nepali,,False,True,False,False
ौ,ो,com.apple.keylayout.Nepali,,False,True,False,False
ओ,र,com.apple.keylayout.Nepali,,False,True,False,False
 , ,com.apple.keylayout.Nepali,,False,True,False,False
a,ब,com.apple.keylayout.Nepali,,True,False,False,False
s,क,com.apple.keylayout.Nepali,,True,False,False,False
d,म,com.apple.keylayout.Nepali,,True,False,False,False
f,ा,com.apple.keylayout.Nepali,,True,False,False,False
h,ज,com.apple.keylayout.Nepali,,True,False,False,False
g,न,com.apple.keylayout.Nepali,,True,False,False,False
z,ह,com.apple.keylayout.Nepali,,True,False,False,False
x,अ,com.apple.keylayout.Nepali,,True,False,False,False
c,ख,com.apple.keylayout.Nepali,,True,False,False,False
v,द,com.apple.keylayout.Nepali,,True,False,False,False
b,ल,com.apple.keylayout.Nepali,,True,False,False,False
q,ऊ,com.apple.keylayout.Nepali,,True,False,False,False
w,ध,com.apple.keylayout.Nepali,,True,False,False,False
e,भ,com.apple.keylayout.Nepali,,True,False,False,False
r,च,com.apple.keylayout.Nepali,,True,False,False,False
y,थ,com.apple.keylayout.Nepali,,True,False,False,False
t,त,com.apple.keylayout.Nepali,,True,False,False,False
1,ज्ञ,com.apple.keylayout.Nepali,,True,False,False,False
2,द्द,com.apple.keylayout.Nepali,,True,False,False,False
3,घ,com.apple.keylayout.Nepali,,True,False,False,False
4,द्ध,com.apple.keylayout.Nepali,,True,False,False,False
6,ट,com.apple.keylayout.Nepali,,True,False,False,False
5,छ,com.apple.keylayout.Nepali,,True,False,False,False
=,ङ,com.apple.keylayout.Nepali,,True,False,False,False
9,ढ,com.apple.keylayout.Nepali,,True,False,False,False
7,ठ,com.apple.keylayout.Nepali,,True,False,False,False
-,(,com.apple.keylayout.Nepali,,True,False,False,False
8,ड,com.apple.keylayout.Nepali,,True,False,False,False
0,ण,com.apple.keylayout.Nepali,,True,False,False,False
],े,com.apple.keylayout.Nepali,,True,False,False,False
o,य,com.apple.keylayout.Nepali,,True,False,False,False
u,ग,com.apple.keylayout.Nepali,,True,False,False,False
[,ृ,com.apple.keylayout.Nepali,,True,False,False,False
i,ष,com.apple.keylayout.Nepali,,True,False,False,False
p,उ,com.apple.keylayout.Nepali,,True,False,False,False
l,ि,com.apple.keylayout.Nepali,,True,False,False,False
j,व,com.apple.keylayout.Nepali,,True,False,False,False
',ु,com.apple.keylayout.Nepali,,True,False,False,False
k,प,com.apple.keylayout.Nepali,,True,False,False,False
;,स,com.apple.keylayout.Nepali,,True,False,False,False
\,्,com.apple.keylayout.Nepali,,True,False,False,False
<,।,com.apple.keylayout.Nepali,,True,False,False,False
/,/,com.apple.keylayout.Nepali,,True,False,False,False
n,फ,com.apple.keylayout.Nepali,,True,False,False,False
m,ो,com.apple.keylayout.Nepali,,True,False,False,False
>,र,com.apple.keylayout.Nepali,,True,False,False,False
 , ,com.apple.keylayout.Nepali,,True,False,False,False
`,श,com.apple.keylayout.Nepali,50,True,False,False,False
A,ब,com.apple.keylayout.Nepali,,True,True,False,False
S,क,com.apple.keylayout.Nepali,,True,True,False,False
D,म,com.apple.keylayout.Nepali,,True,True,False,False
F,ा,com.apple.keylayout.Nepali,,True,True,False,False
H,ज,com.apple.keylayout.Nepali,,True,True,False,False
G,न,com.apple.keylayout.Nepali,,True,True,False,False
Z,ह,com.apple.keylayout.Nepali,,True,True,False,False
X,अ,com.apple.keylayout.Nepali,,True,True,False,False
C,ख,com.apple.keylayout.Nepali,,True,True,False,False
V,द,com.apple.keylayout.Nepali,,True,True,False,False
B,ल,com.apple.keylayout.Nepali,,True,True,False,False
Q,ऊ,com.apple.keylayout.Nepali,,True,True,False,False
W,ध,com.apple.keylayout.Nepali,,True,True,False,False
E,भ,com.apple.keylayout.Nepali,,True,True,False,False
R,च,com.apple.keylayout.Nepali,,True,True,False,False
Y,थ,com.apple.keylayout.Nepali,,True,True,False,False
T,त,com.apple.keylayout.Nepali,,True,True,False,False
!,ज्ञ,com.apple.keylayout.Nepali,,True,True,False,False
@,द्द,com.apple.keylayout.Nepali,,True,True,False,False
#,घ,com.apple.keylayout.Nepali,,True,True,False,False
$,द्ध,com.apple.keylayout.Nepali,,True,True,False,False
^,ट,com.apple.keylayout.Nepali,,True,True,False,False
%,छ,com.apple.keylayout.Nepali,,True,True,False,False
+,ङ,com.apple.keylayout.Nepali,,True,True,False,False
(,ढ,com.apple.keylayout.Nepali,,True,True,False,False
&,ठ,com.apple.keylayout.Nepali,,True,True,False,False
_,(,com.apple.keylayout.Nepali,,True,True,False,False
*,ड,com.apple.keylayout.Nepali,,True,True,False,False
),ण,com.apple.keylayout.Nepali,,True,True,False,False
},े,com.apple.keylayout.Nepali,,True,True,False,False
O,य,com.apple.keylayout.Nepali,,True,True,False,False
U,ग,com.apple.keylayout.Nepali,,True,True,False,False
{,ृ,com.apple.keylayout.Nepali,,True,True,False,False
I,ष,com.apple.keylayout.Nepali,,True,True,False,False
P,उ,com.apple.keylayout.Nepali,,True,True,False,False
L,ि,com.apple.keylayout.Nepali,,True,True,False,False
J,व,com.apple.keylayout.Nepali,,True,True,False,False
"""",ु,com.apple.keylayout.Nepali,,True,True,False,False
K,प,com.apple.keylayout.Nepali,,True,True,False,False
:,स,com.apple.keylayout.Nepali,,True,True,False,False
|,्,com.apple.keylayout.Nepali,,True,True,False,False
<,।,com.apple.keylayout.Nepali,,True,True,False,False
?,/,com.apple.keylayout.Nepali,,True,True,False,False
N,फ,com.apple.keylayout.Nepali,,True,True,False,False
M,ो,com.apple.keylayout.Nepali,,True,True,False,False
>,र,com.apple.keylayout.Nepali,,True,True,False,False
 , ,com.apple.keylayout.Nepali,,True,True,False,False
~,श,com.apple.keylayout.Nepali,50,True,True,False,False
ա,ա,com.apple.keylayout.Armenian-WesternQWERTY,,False,False,False,False
ս,ս,com.apple.keylayout.Armenian-WesternQWERTY,,False,False,False,False
տ,տ,com.apple.keylayout.Armenian-WesternQWERTY,,False,False,False,False
ֆ,ֆ,com.apple.keylayout.Armenian-WesternQWERTY,,False,False,False,False
հ,հ,com.apple.keylayout.Armenian-WesternQWERTY,,False,False,False,False
կ,կ,com.apple.keylayout.Armenian-WesternQWERTY,,False,False,False,False
զ,զ,com.apple.keylayout.Armenian-WesternQWERTY,,False,False,False,False
ց,ց,com.apple.keylayout.Armenian-WesternQWERTY,,False,False,False,False
գ,գ,com.apple.keylayout.Armenian-WesternQWERTY,,False,False,False,False
ւ,ւ,com.apple.keylayout.Armenian-WesternQWERTY,,False,False,False,False
՝,՝,com.apple.keylayout.Armenian-WesternQWERTY,10,False,False,False,False
պ,պ,com.apple.keylayout.Armenian-WesternQWERTY,,False,False,False,False
խ,խ,com.apple.keylayout.Armenian-WesternQWERTY,,False,False,False,False
վ,վ,com.apple.keylayout.Armenian-WesternQWERTY,,False,False,False,False
է,է,com.apple.keylayout.Armenian-WesternQWERTY,,False,False,False,False
ր,ր,com.apple.keylayout.Armenian-WesternQWERTY,,False,False,False,False
ե,ե,com.apple.keylayout.Armenian-WesternQWERTY,,False,False,False,False
դ,դ,com.apple.keylayout.Armenian-WesternQWERTY,,False,False,False,False
։,։,com.apple.keylayout.Armenian-WesternQWERTY,,False,False,False,False
ձ,ձ,com.apple.keylayout.Armenian-WesternQWERTY,,False,False,False,False
յ,յ,com.apple.keylayout.Armenian-WesternQWERTY,,False,False,False,False
՛,՛,com.apple.keylayout.Armenian-WesternQWERTY,,False,False,False,False
-,-,com.apple.keylayout.Armenian-WesternQWERTY,,False,False,False,False
",",",",com.apple.keylayout.Armenian-WesternQWERTY,,False,False,False,False
ժ,ժ,com.apple.keylayout.Armenian-WesternQWERTY,,False,False,False,False
»,»,com.apple.keylayout.Armenian-WesternQWERTY,,False,False,False,False
.,.,com.apple.keylayout.Armenian-WesternQWERTY,,False,False,False,False
ռ,ռ,com.apple.keylayout.Armenian-WesternQWERTY,,False,False,False,False
«,«,com.apple.keylayout.Armenian-WesternQWERTY,,False,False,False,False
օ,օ,com.apple.keylayout.Armenian-WesternQWERTY,,False,False,False,False
ջ,ջ,com.apple.keylayout.Armenian-WesternQWERTY,,False,False,False,False
ո,ո,com.apple.keylayout.Armenian-WesternQWERTY,,False,False,False,False
ը,ը,com.apple.keylayout.Armenian-WesternQWERTY,,False,False,False,False
չ,չ,com.apple.keylayout.Armenian-WesternQWERTY,,False,False,False,False
ի,ի,com.apple.keylayout.Armenian-WesternQWERTY,,False,False,False,False
բ,բ,com.apple.keylayout.Armenian-WesternQWERTY,,False,False,False,False
լ,լ,com.apple.keylayout.Armenian-WesternQWERTY,,False,False,False,False
ճ,ճ,com.apple.keylayout.Armenian-WesternQWERTY,,False,False,False,False
փ,փ,com.apple.keylayout.Armenian-WesternQWERTY,,False,False,False,False
ք,ք,com.apple.keylayout.Armenian-WesternQWERTY,,False,False,False,False
թ,թ,com.apple.keylayout.Armenian-WesternQWERTY,,False,False,False,False
՚,՚,com.apple.keylayout.Armenian-WesternQWERTY,,False,False,False,False
շ,շ,com.apple.keylayout.Armenian-WesternQWERTY,,False,False,False,False
ծ,ծ,com.apple.keylayout.Armenian-WesternQWERTY,,False,False,False,False
ն,ն,com.apple.keylayout.Armenian-WesternQWERTY,,False,False,False,False
մ,մ,com.apple.keylayout.Armenian-WesternQWERTY,,False,False,False,False
ղ,ղ,com.apple.keylayout.Armenian-WesternQWERTY,,False,False,False,False
 , ,com.apple.keylayout.Armenian-WesternQWERTY,,False,False,False,False
՝,՝,com.apple.keylayout.Armenian-WesternQWERTY,50,False,False,False,False
Ա,ա,com.apple.keylayout.Armenian-WesternQWERTY,,False,True,False,False
Ս,ս,com.apple.keylayout.Armenian-WesternQWERTY,,False,True,False,False
Տ,տ,com.apple.keylayout.Armenian-WesternQWERTY,,False,True,False,False
Ֆ,ֆ,com.apple.keylayout.Armenian-WesternQWERTY,,False,True,False,False
Հ,հ,com.apple.keylayout.Armenian-WesternQWERTY,,False,True,False,False
Կ,կ,com.apple.keylayout.Armenian-WesternQWERTY,,False,True,False,False
Զ,զ,com.apple.keylayout.Armenian-WesternQWERTY,,False,True,False,False
Ց,ց,com.apple.keylayout.Armenian-WesternQWERTY,,False,True,False,False
Գ,գ,com.apple.keylayout.Armenian-WesternQWERTY,,False,True,False,False
Ւ,ւ,com.apple.keylayout.Armenian-WesternQWERTY,,False,True,False,False
՜,՝,com.apple.keylayout.Armenian-WesternQWERTY,10,False,True,False,False
Պ,պ,com.apple.keylayout.Armenian-WesternQWERTY,,False,True,False,False
Խ,խ,com.apple.keylayout.Armenian-WesternQWERTY,,False,True,False,False
Վ,վ,com.apple.keylayout.Armenian-WesternQWERTY,,False,True,False,False
Է,է,com.apple.keylayout.Armenian-WesternQWERTY,,False,True,False,False
Ր,ր,com.apple.keylayout.Armenian-WesternQWERTY,,False,True,False,False
Ե,ե,com.apple.keylayout.Armenian-WesternQWERTY,,False,True,False,False
Դ,դ,com.apple.keylayout.Armenian-WesternQWERTY,,False,True,False,False
…,։,com.apple.keylayout.Armenian-WesternQWERTY,,False,True,False,False
Ձ,ձ,com.apple.keylayout.Armenian-WesternQWERTY,,False,True,False,False
Յ,յ,com.apple.keylayout.Armenian-WesternQWERTY,,False,True,False,False
★,՛,com.apple.keylayout.Armenian-WesternQWERTY,,False,True,False,False
—,-,com.apple.keylayout.Armenian-WesternQWERTY,,False,True,False,False
–,",",com.apple.keylayout.Armenian-WesternQWERTY,,False,True,False,False
Ժ,ժ,com.apple.keylayout.Armenian-WesternQWERTY,,False,True,False,False
),»,com.apple.keylayout.Armenian-WesternQWERTY,,False,True,False,False
և,.,com.apple.keylayout.Armenian-WesternQWERTY,,False,True,False,False
Ռ,ռ,com.apple.keylayout.Armenian-WesternQWERTY,,False,True,False,False
(,«,com.apple.keylayout.Armenian-WesternQWERTY,,False,True,False,False
Օ,օ,com.apple.keylayout.Armenian-WesternQWERTY,,False,True,False,False
Ջ,ջ,com.apple.keylayout.Armenian-WesternQWERTY,,False,True,False,False
Ո,ո,com.apple.keylayout.Armenian-WesternQWERTY,,False,True,False,False
Ը,ը,com.apple.keylayout.Armenian-WesternQWERTY,,False,True,False,False
Չ,չ,com.apple.keylayout.Armenian-WesternQWERTY,,False,True,False,False
Ի,ի,com.apple.keylayout.Armenian-WesternQWERTY,,False,True,False,False
Բ,բ,com.apple.keylayout.Armenian-WesternQWERTY,,False,True,False,False
Լ,լ,com.apple.keylayout.Armenian-WesternQWERTY,,False,True,False,False
Ճ,ճ,com.apple.keylayout.Armenian-WesternQWERTY,,False,True,False,False
Փ,փ,com.apple.keylayout.Armenian-WesternQWERTY,,False,True,False,False
Ք,ք,com.apple.keylayout.Armenian-WesternQWERTY,,False,True,False,False
Թ,թ,com.apple.keylayout.Armenian-WesternQWERTY,,False,True,False,False
՞,՚,com.apple.keylayout.Armenian-WesternQWERTY,,False,True,False,False
Շ,շ,com.apple.keylayout.Armenian-WesternQWERTY,,False,True,False,False
Ծ,ծ,com.apple.keylayout.Armenian-WesternQWERTY,,False,True,False,False
Ն,ն,com.apple.keylayout.Armenian-WesternQWERTY,,False,True,False,False
Մ,մ,com.apple.keylayout.Armenian-WesternQWERTY,,False,True,False,False
Ղ,ղ,com.apple.keylayout.Armenian-WesternQWERTY,,False,True,False,False
 , ,com.apple.keylayout.Armenian-WesternQWERTY,,False,True,False,False
՜,՝,com.apple.keylayout.Armenian-WesternQWERTY,50,False,True,False,False
§,ա,com.apple.keylayout.Armenian-WesternQWERTY,,True,False,False,False
՝,ս,com.apple.keylayout.Armenian-WesternQWERTY,,True,False,False,False
™,տ,com.apple.keylayout.Armenian-WesternQWERTY,,True,False,False,False
ƒ,ֆ,com.apple.keylayout.Armenian-WesternQWERTY,,True,False,False,False
©,կ,com.apple.keylayout.Armenian-WesternQWERTY,,True,False,False,False
՟,զ,com.apple.keylayout.Armenian-WesternQWERTY,,True,False,False,False
֊,ց,com.apple.keylayout.Armenian-WesternQWERTY,,True,False,False,False
՜,գ,com.apple.keylayout.Armenian-WesternQWERTY,,True,False,False,False
§,՝,com.apple.keylayout.Armenian-WesternQWERTY,10,True,False,False,False
¶,պ,com.apple.keylayout.Armenian-WesternQWERTY,,True,False,False,False
և,վ,com.apple.keylayout.Armenian-WesternQWERTY,,True,False,False,False
£,է,com.apple.keylayout.Armenian-WesternQWERTY,,True,False,False,False
®,ր,com.apple.keylayout.Armenian-WesternQWERTY,,True,False,False,False
€,ե,com.apple.keylayout.Armenian-WesternQWERTY,,True,False,False,False
1,։,com.apple.keylayout.Armenian-WesternQWERTY,,True,False,False,False
2,ձ,com.apple.keylayout.Armenian-WesternQWERTY,,True,False,False,False
3,յ,com.apple.keylayout.Armenian-WesternQWERTY,,True,False,False,False
4,՛,com.apple.keylayout.Armenian-WesternQWERTY,,True,False,False,False
6,-,com.apple.keylayout.Armenian-WesternQWERTY,,True,False,False,False
5,",",com.apple.keylayout.Armenian-WesternQWERTY,,True,False,False,False
=,ժ,com.apple.keylayout.Armenian-WesternQWERTY,,True,False,False,False
9,»,com.apple.keylayout.Armenian-WesternQWERTY,,True,False,False,False
7,.,com.apple.keylayout.Armenian-WesternQWERTY,,True,False,False,False
-,ռ,com.apple.keylayout.Armenian-WesternQWERTY,,True,False,False,False
8,«,com.apple.keylayout.Armenian-WesternQWERTY,,True,False,False,False
0,օ,com.apple.keylayout.Armenian-WesternQWERTY,,True,False,False,False
],ջ,com.apple.keylayout.Armenian-WesternQWERTY,,True,False,False,False
•,ը,com.apple.keylayout.Armenian-WesternQWERTY,,True,False,False,False
[,չ,com.apple.keylayout.Armenian-WesternQWERTY,,True,False,False,False
‹,ի,com.apple.keylayout.Armenian-WesternQWERTY,,True,False,False,False
›,բ,com.apple.keylayout.Armenian-WesternQWERTY,,True,False,False,False
’,լ,com.apple.keylayout.Armenian-WesternQWERTY,,True,False,False,False
»,փ,com.apple.keylayout.Armenian-WesternQWERTY,,True,False,False,False
‘,ք,com.apple.keylayout.Armenian-WesternQWERTY,,True,False,False,False
«,թ,com.apple.keylayout.Armenian-WesternQWERTY,,True,False,False,False
\,՚,com.apple.keylayout.Armenian-WesternQWERTY,,True,False,False,False
≤,շ,com.apple.keylayout.Armenian-WesternQWERTY,,True,False,False,False
/,ծ,com.apple.keylayout.Armenian-WesternQWERTY,,True,False,False,False
№,ն,com.apple.keylayout.Armenian-WesternQWERTY,,True,False,False,False
★,մ,com.apple.keylayout.Armenian-WesternQWERTY,,True,False,False,False
≥,ղ,com.apple.keylayout.Armenian-WesternQWERTY,,True,False,False,False
 , ,com.apple.keylayout.Armenian-WesternQWERTY,,True,False,False,False
`,՝,com.apple.keylayout.Armenian-WesternQWERTY,50,True,False,False,False
±,՝,com.apple.keylayout.Armenian-WesternQWERTY,10,True,True,False,False
և,վ,com.apple.keylayout.Armenian-WesternQWERTY,,True,True,False,False
¢,ր,com.apple.keylayout.Armenian-WesternQWERTY,,True,True,False,False
†,ե,com.apple.keylayout.Armenian-WesternQWERTY,,True,True,False,False
¥,դ,com.apple.keylayout.Armenian-WesternQWERTY,,True,True,False,False
!,։,com.apple.keylayout.Armenian-WesternQWERTY,,True,True,False,False
@,ձ,com.apple.keylayout.Armenian-WesternQWERTY,,True,True,False,False
#,յ,com.apple.keylayout.Armenian-WesternQWERTY,,True,True,False,False
$,՛,com.apple.keylayout.Armenian-WesternQWERTY,,True,True,False,False
^,-,com.apple.keylayout.Armenian-WesternQWERTY,,True,True,False,False
%,",",com.apple.keylayout.Armenian-WesternQWERTY,,True,True,False,False
+,ժ,com.apple.keylayout.Armenian-WesternQWERTY,,True,True,False,False
(,»,com.apple.keylayout.Armenian-WesternQWERTY,,True,True,False,False
&,.,com.apple.keylayout.Armenian-WesternQWERTY,,True,True,False,False
—,ռ,com.apple.keylayout.Armenian-WesternQWERTY,,True,True,False,False
*,«,com.apple.keylayout.Armenian-WesternQWERTY,,True,True,False,False
),օ,com.apple.keylayout.Armenian-WesternQWERTY,,True,True,False,False
},ջ,com.apple.keylayout.Armenian-WesternQWERTY,,True,True,False,False
՚,ո,com.apple.keylayout.Armenian-WesternQWERTY,,True,True,False,False
°,ը,com.apple.keylayout.Armenian-WesternQWERTY,,True,True,False,False
{,չ,com.apple.keylayout.Armenian-WesternQWERTY,,True,True,False,False
<,ի,com.apple.keylayout.Armenian-WesternQWERTY,,True,True,False,False
>,բ,com.apple.keylayout.Armenian-WesternQWERTY,,True,True,False,False
”,լ,com.apple.keylayout.Armenian-WesternQWERTY,,True,True,False,False
„,ճ,com.apple.keylayout.Armenian-WesternQWERTY,,True,True,False,False
›,փ,com.apple.keylayout.Armenian-WesternQWERTY,,True,True,False,False
“,ք,com.apple.keylayout.Armenian-WesternQWERTY,,True,True,False,False
‹,թ,com.apple.keylayout.Armenian-WesternQWERTY,,True,True,False,False
|,՚,com.apple.keylayout.Armenian-WesternQWERTY,,True,True,False,False
±,շ,com.apple.keylayout.Armenian-WesternQWERTY,,True,True,False,False
?,ծ,com.apple.keylayout.Armenian-WesternQWERTY,,True,True,False,False
÷,մ,com.apple.keylayout.Armenian-WesternQWERTY,,True,True,False,False
≠,ղ,com.apple.keylayout.Armenian-WesternQWERTY,,True,True,False,False
 , ,com.apple.keylayout.Armenian-WesternQWERTY,,True,True,False,False
~,՝,com.apple.keylayout.Armenian-WesternQWERTY,50,True,True,False,False
a,a,com.apple.keylayout.Cherokee-Nation,,False,False,False,False
s,s,com.apple.keylayout.Cherokee-Nation,,False,False,False,False
d,d,com.apple.keylayout.Cherokee-Nation,,False,False,False,False
f,f,com.apple.keylayout.Cherokee-Nation,,False,False,False,False
h,h,com.apple.keylayout.Cherokee-Nation,,False,False,False,False
g,g,com.apple.keylayout.Cherokee-Nation,,False,False,False,False
z,z,com.apple.keylayout.Cherokee-Nation,,False,False,False,False
x,x,com.apple.keylayout.Cherokee-Nation,,False,False,False,False
c,c,com.apple.keylayout.Cherokee-Nation,,False,False,False,False
v,v,com.apple.keylayout.Cherokee-Nation,,False,False,False,False
§,§,com.apple.keylayout.Cherokee-Nation,10,False,False,False,False
b,b,com.apple.keylayout.Cherokee-Nation,,False,False,False,False
q,q,com.apple.keylayout.Cherokee-Nation,,False,False,False,False
w,w,com.apple.keylayout.Cherokee-Nation,,False,False,False,False
e,e,com.apple.keylayout.Cherokee-Nation,,False,False,False,False
r,r,com.apple.keylayout.Cherokee-Nation,,False,False,False,False
y,y,com.apple.keylayout.Cherokee-Nation,,False,False,False,False
t,t,com.apple.keylayout.Cherokee-Nation,,False,False,False,False
1,1,com.apple.keylayout.Cherokee-Nation,,False,False,False,False
2,2,com.apple.keylayout.Cherokee-Nation,,False,False,False,False
3,3,com.apple.keylayout.Cherokee-Nation,,False,False,False,False
4,4,com.apple.keylayout.Cherokee-Nation,,False,False,False,False
6,6,com.apple.keylayout.Cherokee-Nation,,False,False,False,False
5,5,com.apple.keylayout.Cherokee-Nation,,False,False,False,False
=,=,com.apple.keylayout.Cherokee-Nation,,False,False,False,False
9,9,com.apple.keylayout.Cherokee-Nation,,False,False,False,False
7,7,com.apple.keylayout.Cherokee-Nation,,False,False,False,False
-,-,com.apple.keylayout.Cherokee-Nation,,False,False,False,False
8,8,com.apple.keylayout.Cherokee-Nation,,False,False,False,False
0,0,com.apple.keylayout.Cherokee-Nation,,False,False,False,False
],],com.apple.keylayout.Cherokee-Nation,,False,False,False,False
o,o,com.apple.keylayout.Cherokee-Nation,,False,False,False,False
u,u,com.apple.keylayout.Cherokee-Nation,,False,False,False,False
[,[,com.apple.keylayout.Cherokee-Nation,,False,False,False,False
i,i,com.apple.keylayout.Cherokee-Nation,,False,False,False,False
p,p,com.apple.keylayout.Cherokee-Nation,,False,False,False,False
l,l,com.apple.keylayout.Cherokee-Nation,,False,False,False,False
j,j,com.apple.keylayout.Cherokee-Nation,,False,False,False,False
',',com.apple.keylayout.Cherokee-Nation,,False,False,False,False
k,k,com.apple.keylayout.Cherokee-Nation,,False,False,False,False
;,;,com.apple.keylayout.Cherokee-Nation,,False,False,False,False
\,\,com.apple.keylayout.Cherokee-Nation,,False,False,False,False
",",",",com.apple.keylayout.Cherokee-Nation,,False,False,False,False
/,/,com.apple.keylayout.Cherokee-Nation,,False,False,False,False
n,n,com.apple.keylayout.Cherokee-Nation,,False,False,False,False
m,m,com.apple.keylayout.Cherokee-Nation,,False,False,False,False
.,.,com.apple.keylayout.Cherokee-Nation,,False,False,False,False
 , ,com.apple.keylayout.Cherokee-Nation,,False,False,False,False
`,`,com.apple.keylayout.Cherokee-Nation,50,False,False,False,False
A,a,com.apple.keylayout.Cherokee-Nation,,False,True,False,False
S,s,com.apple.keylayout.Cherokee-Nation,,False,True,False,False
D,d,com.apple.keylayout.Cherokee-Nation,,False,True,False,False
F,f,com.apple.keylayout.Cherokee-Nation,,False,True,False,False
H,h,com.apple.keylayout.Cherokee-Nation,,False,True,False,False
G,g,com.apple.keylayout.Cherokee-Nation,,False,True,False,False
Z,z,com.apple.keylayout.Cherokee-Nation,,False,True,False,False
X,x,com.apple.keylayout.Cherokee-Nation,,False,True,False,False
C,c,com.apple.keylayout.Cherokee-Nation,,False,True,False,False
V,v,com.apple.keylayout.Cherokee-Nation,,False,True,False,False
±,§,com.apple.keylayout.Cherokee-Nation,10,False,True,False,False
B,b,com.apple.keylayout.Cherokee-Nation,,False,True,False,False
Q,q,com.apple.keylayout.Cherokee-Nation,,False,True,False,False
W,w,com.apple.keylayout.Cherokee-Nation,,False,True,False,False
E,e,com.apple.keylayout.Cherokee-Nation,,False,True,False,False
R,r,com.apple.keylayout.Cherokee-Nation,,False,True,False,False
Y,y,com.apple.keylayout.Cherokee-Nation,,False,True,False,False
T,t,com.apple.keylayout.Cherokee-Nation,,False,True,False,False
!,1,com.apple.keylayout.Cherokee-Nation,,False,True,False,False
@,2,com.apple.keylayout.Cherokee-Nation,,False,True,False,False
#,3,com.apple.keylayout.Cherokee-Nation,,False,True,False,False
$,4,com.apple.keylayout.Cherokee-Nation,,False,True,False,False
^,6,com.apple.keylayout.Cherokee-Nation,,False,True,False,False
%,5,com.apple.keylayout.Cherokee-Nation,,False,True,False,False
+,=,com.apple.keylayout.Cherokee-Nation,,False,True,False,False
(,9,com.apple.keylayout.Cherokee-Nation,,False,True,False,False
&,7,com.apple.keylayout.Cherokee-Nation,,False,True,False,False
_,-,com.apple.keylayout.Cherokee-Nation,,False,True,False,False
*,8,com.apple.keylayout.Cherokee-Nation,,False,True,False,False
),0,com.apple.keylayout.Cherokee-Nation,,False,True,False,False
},],com.apple.keylayout.Cherokee-Nation,,False,True,False,False
O,o,com.apple.keylayout.Cherokee-Nation,,False,True,False,False
U,u,com.apple.keylayout.Cherokee-Nation,,False,True,False,False
{,[,com.apple.keylayout.Cherokee-Nation,,False,True,False,False
I,i,com.apple.keylayout.Cherokee-Nation,,False,True,False,False
P,p,com.apple.keylayout.Cherokee-Nation,,False,True,False,False
L,l,com.apple.keylayout.Cherokee-Nation,,False,True,False,False
J,j,com.apple.keylayout.Cherokee-Nation,,False,True,False,False
"""",',com.apple.keylayout.Cherokee-Nation,,False,True,False,False
K,k,com.apple.keylayout.Cherokee-Nation,,False,True,False,False
:,;,com.apple.keylayout.Cherokee-Nation,,False,True,False,False
|,\,com.apple.keylayout.Cherokee-Nation,,False,True,False,False
<,",",com.apple.keylayout.Cherokee-Nation,,False,True,False,False
?,/,com.apple.keylayout.Cherokee-Nation,,False,True,False,False
N,n,com.apple.keylayout.Cherokee-Nation,,False,True,False,False
M,m,com.apple.keylayout.Cherokee-Nation,,False,True,False,False
>,.,com.apple.keylayout.Cherokee-Nation,,False,True,False,False
 , ,com.apple.keylayout.Cherokee-Nation,,False,True,False,False
~,`,com.apple.keylayout.Cherokee-Nation,50,False,True,False,False
ß,s,com.apple.keylayout.Cherokee-Nation,,True,False,False,False
ð,d,com.apple.keylayout.Cherokee-Nation,,True,False,False,False
ƒ,f,com.apple.keylayout.Cherokee-Nation,,True,False,False,False
©,g,com.apple.keylayout.Cherokee-Nation,,True,False,False,False
§,§,com.apple.keylayout.Cherokee-Nation,10,True,False,False,False
œ,q,com.apple.keylayout.Cherokee-Nation,,True,False,False,False
®,r,com.apple.keylayout.Cherokee-Nation,,True,False,False,False
¥,y,com.apple.keylayout.Cherokee-Nation,,True,False,False,False
þ,t,com.apple.keylayout.Cherokee-Nation,,True,False,False,False
¡,1,com.apple.keylayout.Cherokee-Nation,,True,False,False,False
™,2,com.apple.keylayout.Cherokee-Nation,,True,False,False,False
£,3,com.apple.keylayout.Cherokee-Nation,,True,False,False,False
¢,4,com.apple.keylayout.Cherokee-Nation,,True,False,False,False
§,5,com.apple.keylayout.Cherokee-Nation,,True,False,False,False
≠,=,com.apple.keylayout.Cherokee-Nation,,True,False,False,False
ª,9,com.apple.keylayout.Cherokee-Nation,,True,False,False,False
¶,7,com.apple.keylayout.Cherokee-Nation,,True,False,False,False
–,-,com.apple.keylayout.Cherokee-Nation,,True,False,False,False
•,8,com.apple.keylayout.Cherokee-Nation,,True,False,False,False
º,0,com.apple.keylayout.Cherokee-Nation,,True,False,False,False
‘,],com.apple.keylayout.Cherokee-Nation,,True,False,False,False
ø,o,com.apple.keylayout.Cherokee-Nation,,True,False,False,False
“,[,com.apple.keylayout.Cherokee-Nation,,True,False,False,False
æ,',com.apple.keylayout.Cherokee-Nation,,True,False,False,False
…,;,com.apple.keylayout.Cherokee-Nation,,True,False,False,False
«,\,com.apple.keylayout.Cherokee-Nation,,True,False,False,False
≤,",",com.apple.keylayout.Cherokee-Nation,,True,False,False,False
÷,/,com.apple.keylayout.Cherokee-Nation,,True,False,False,False
≥,.,com.apple.keylayout.Cherokee-Nation,,True,False,False,False
 , ,com.apple.keylayout.Cherokee-Nation,,True,False,False,False
̄,a,com.apple.keylayout.Cherokee-Nation,,True,True,False,False
Ð,d,com.apple.keylayout.Cherokee-Nation,,True,True,False,False
̱,h,com.apple.keylayout.Cherokee-Nation,,True,True,False,False
̉,z,com.apple.keylayout.Cherokee-Nation,,True,True,False,False
̣,x,com.apple.keylayout.Cherokee-Nation,,True,True,False,False
̧,c,com.apple.keylayout.Cherokee-Nation,,True,True,False,False
̌,v,com.apple.keylayout.Cherokee-Nation,,True,True,False,False
±,§,com.apple.keylayout.Cherokee-Nation,10,True,True,False,False
̆,b,com.apple.keylayout.Cherokee-Nation,,True,True,False,False
Œ,q,com.apple.keylayout.Cherokee-Nation,,True,True,False,False
̇,w,com.apple.keylayout.Cherokee-Nation,,True,True,False,False
́,e,com.apple.keylayout.Cherokee-Nation,,True,True,False,False
‰,r,com.apple.keylayout.Cherokee-Nation,,True,True,False,False
Þ,t,com.apple.keylayout.Cherokee-Nation,,True,True,False,False
⁄,1,com.apple.keylayout.Cherokee-Nation,,True,True,False,False
€,2,com.apple.keylayout.Cherokee-Nation,,True,True,False,False
‹,3,com.apple.keylayout.Cherokee-Nation,,True,True,False,False
›,4,com.apple.keylayout.Cherokee-Nation,,True,True,False,False
̂,6,com.apple.keylayout.Cherokee-Nation,,True,True,False,False
†,5,com.apple.keylayout.Cherokee-Nation,,True,True,False,False
±,=,com.apple.keylayout.Cherokee-Nation,,True,True,False,False
·,9,com.apple.keylayout.Cherokee-Nation,,True,True,False,False
‡,7,com.apple.keylayout.Cherokee-Nation,,True,True,False,False
—,-,com.apple.keylayout.Cherokee-Nation,,True,True,False,False
°,8,com.apple.keylayout.Cherokee-Nation,,True,True,False,False
‚,0,com.apple.keylayout.Cherokee-Nation,,True,True,False,False
’,],com.apple.keylayout.Cherokee-Nation,,True,True,False,False
Ø,o,com.apple.keylayout.Cherokee-Nation,,True,True,False,False
̈,u,com.apple.keylayout.Cherokee-Nation,,True,True,False,False
”,[,com.apple.keylayout.Cherokee-Nation,,True,True,False,False
̛,i,com.apple.keylayout.Cherokee-Nation,,True,True,False,False
̦,p,com.apple.keylayout.Cherokee-Nation,,True,True,False,False
̵,l,com.apple.keylayout.Cherokee-Nation,,True,True,False,False
̋,j,com.apple.keylayout.Cherokee-Nation,,True,True,False,False
Æ,',com.apple.keylayout.Cherokee-Nation,,True,True,False,False
̊,k,com.apple.keylayout.Cherokee-Nation,,True,True,False,False
»,\,com.apple.keylayout.Cherokee-Nation,,True,True,False,False
„,",",com.apple.keylayout.Cherokee-Nation,,True,True,False,False
¿,/,com.apple.keylayout.Cherokee-Nation,,True,True,False,False
̃,n,com.apple.keylayout.Cherokee-Nation,,True,True,False,False
̨,m,com.apple.keylayout.Cherokee-Nation,,True,True,False,False
 , ,com.apple.keylayout.Cherokee-Nation,,True,True,False,False
̀,`,com.apple.keylayout.Cherokee-Nation,50,True,True,False,False
а,а,com.apple.keylayout.Bulgarian-Phonetic,,False,False,False,False
с,с,com.apple.keylayout.Bulgarian-Phonetic,,False,False,False,False
д,д,com.apple.keylayout.Bulgarian-Phonetic,,False,False,False,False
ф,ф,com.apple.keylayout.Bulgarian-Phonetic,,False,False,False,False
х,х,com.apple.keylayout.Bulgarian-Phonetic,,False,False,False,False
г,г,com.apple.keylayout.Bulgarian-Phonetic,,False,False,False,False
з,з,com.apple.keylayout.Bulgarian-Phonetic,,False,False,False,False
ъ,ъ,com.apple.keylayout.Bulgarian-Phonetic,,False,False,False,False
ц,ц,com.apple.keylayout.Bulgarian-Phonetic,,False,False,False,False
ж,ж,com.apple.keylayout.Bulgarian-Phonetic,,False,False,False,False
§,§,com.apple.keylayout.Bulgarian-Phonetic,10,False,False,False,False
б,б,com.apple.keylayout.Bulgarian-Phonetic,,False,False,False,False
я,я,com.apple.keylayout.Bulgarian-Phonetic,,False,False,False,False
в,в,com.apple.keylayout.Bulgarian-Phonetic,,False,False,False,False
е,е,com.apple.keylayout.Bulgarian-Phonetic,,False,False,False,False
р,р,com.apple.keylayout.Bulgarian-Phonetic,,False,False,False,False
ы,ы,com.apple.keylayout.Bulgarian-Phonetic,,False,False,False,False
т,т,com.apple.keylayout.Bulgarian-Phonetic,,False,False,False,False
1,1,com.apple.keylayout.Bulgarian-Phonetic,,False,False,False,False
2,2,com.apple.keylayout.Bulgarian-Phonetic,,False,False,False,False
3,3,com.apple.keylayout.Bulgarian-Phonetic,,False,False,False,False
4,4,com.apple.keylayout.Bulgarian-Phonetic,,False,False,False,False
6,6,com.apple.keylayout.Bulgarian-Phonetic,,False,False,False,False
5,5,com.apple.keylayout.Bulgarian-Phonetic,,False,False,False,False
.,.,com.apple.keylayout.Bulgarian-Phonetic,,False,False,False,False
9,9,com.apple.keylayout.Bulgarian-Phonetic,,False,False,False,False
7,7,com.apple.keylayout.Bulgarian-Phonetic,,False,False,False,False
-,-,com.apple.keylayout.Bulgarian-Phonetic,,False,False,False,False
8,8,com.apple.keylayout.Bulgarian-Phonetic,,False,False,False,False
0,0,com.apple.keylayout.Bulgarian-Phonetic,,False,False,False,False
щ,щ,com.apple.keylayout.Bulgarian-Phonetic,,False,False,False,False
о,о,com.apple.keylayout.Bulgarian-Phonetic,,False,False,False,False
у,у,com.apple.keylayout.Bulgarian-Phonetic,,False,False,False,False
ш,ш,com.apple.keylayout.Bulgarian-Phonetic,,False,False,False,False
и,и,com.apple.keylayout.Bulgarian-Phonetic,,False,False,False,False
п,п,com.apple.keylayout.Bulgarian-Phonetic,,False,False,False,False
л,л,com.apple.keylayout.Bulgarian-Phonetic,,False,False,False,False
й,й,com.apple.keylayout.Bulgarian-Phonetic,,False,False,False,False
к,к,com.apple.keylayout.Bulgarian-Phonetic,,False,False,False,False
;,;,com.apple.keylayout.Bulgarian-Phonetic,,False,False,False,False
ю,ю,com.apple.keylayout.Bulgarian-Phonetic,,False,False,False,False
",",",",com.apple.keylayout.Bulgarian-Phonetic,,False,False,False,False
/,/,com.apple.keylayout.Bulgarian-Phonetic,,False,False,False,False
н,н,com.apple.keylayout.Bulgarian-Phonetic,,False,False,False,False
м,м,com.apple.keylayout.Bulgarian-Phonetic,,False,False,False,False
.,.,com.apple.keylayout.Bulgarian-Phonetic,,False,False,False,False
 , ,com.apple.keylayout.Bulgarian-Phonetic,,False,False,False,False
ч,ч,com.apple.keylayout.Bulgarian-Phonetic,50,False,False,False,False
А,а,com.apple.keylayout.Bulgarian-Phonetic,,False,True,False,False
С,с,com.apple.keylayout.Bulgarian-Phonetic,,False,True,False,False
Д,д,com.apple.keylayout.Bulgarian-Phonetic,,False,True,False,False
Ф,ф,com.apple.keylayout.Bulgarian-Phonetic,,False,True,False,False
Х,х,com.apple.keylayout.Bulgarian-Phonetic,,False,True,False,False
Г,г,com.apple.keylayout.Bulgarian-Phonetic,,False,True,False,False
З,з,com.apple.keylayout.Bulgarian-Phonetic,,False,True,False,False
Ъ,ъ,com.apple.keylayout.Bulgarian-Phonetic,,False,True,False,False
Ц,ц,com.apple.keylayout.Bulgarian-Phonetic,,False,True,False,False
Ж,ж,com.apple.keylayout.Bulgarian-Phonetic,,False,True,False,False
±,§,com.apple.keylayout.Bulgarian-Phonetic,10,False,True,False,False
Б,б,com.apple.keylayout.Bulgarian-Phonetic,,False,True,False,False
Я,я,com.apple.keylayout.Bulgarian-Phonetic,,False,True,False,False
В,в,com.apple.keylayout.Bulgarian-Phonetic,,False,True,False,False
Е,е,com.apple.keylayout.Bulgarian-Phonetic,,False,True,False,False
Р,р,com.apple.keylayout.Bulgarian-Phonetic,,False,True,False,False
Ы,ы,com.apple.keylayout.Bulgarian-Phonetic,,False,True,False,False
Т,т,com.apple.keylayout.Bulgarian-Phonetic,,False,True,False,False
!,1,com.apple.keylayout.Bulgarian-Phonetic,,False,True,False,False
Э,2,com.apple.keylayout.Bulgarian-Phonetic,,False,True,False,False
№,3,com.apple.keylayout.Bulgarian-Phonetic,,False,True,False,False
$,4,com.apple.keylayout.Bulgarian-Phonetic,,False,True,False,False
ь,6,com.apple.keylayout.Bulgarian-Phonetic,,False,True,False,False
%,5,com.apple.keylayout.Bulgarian-Phonetic,,False,True,False,False
+,.,com.apple.keylayout.Bulgarian-Phonetic,,False,True,False,False
(,9,com.apple.keylayout.Bulgarian-Phonetic,,False,True,False,False
&,7,com.apple.keylayout.Bulgarian-Phonetic,,False,True,False,False
_,-,com.apple.keylayout.Bulgarian-Phonetic,,False,True,False,False
Ь,8,com.apple.keylayout.Bulgarian-Phonetic,,False,True,False,False
),0,com.apple.keylayout.Bulgarian-Phonetic,,False,True,False,False
Щ,щ,com.apple.keylayout.Bulgarian-Phonetic,,False,True,False,False
О,о,com.apple.keylayout.Bulgarian-Phonetic,,False,True,False,False
У,у,com.apple.keylayout.Bulgarian-Phonetic,,False,True,False,False
Ш,ш,com.apple.keylayout.Bulgarian-Phonetic,,False,True,False,False
И,и,com.apple.keylayout.Bulgarian-Phonetic,,False,True,False,False
П,п,com.apple.keylayout.Bulgarian-Phonetic,,False,True,False,False
Л,л,com.apple.keylayout.Bulgarian-Phonetic,,False,True,False,False
Й,й,com.apple.keylayout.Bulgarian-Phonetic,,False,True,False,False
К,к,com.apple.keylayout.Bulgarian-Phonetic,,False,True,False,False
:,;,com.apple.keylayout.Bulgarian-Phonetic,,False,True,False,False
Ю,ю,com.apple.keylayout.Bulgarian-Phonetic,,False,True,False,False
<,",",com.apple.keylayout.Bulgarian-Phonetic,,False,True,False,False
?,/,com.apple.keylayout.Bulgarian-Phonetic,,False,True,False,False
Н,н,com.apple.keylayout.Bulgarian-Phonetic,,False,True,False,False
М,м,com.apple.keylayout.Bulgarian-Phonetic,,False,True,False,False
>,.,com.apple.keylayout.Bulgarian-Phonetic,,False,True,False,False
 , ,com.apple.keylayout.Bulgarian-Phonetic,,False,True,False,False
Ч,ч,com.apple.keylayout.Bulgarian-Phonetic,50,False,True,False,False
a,а,com.apple.keylayout.Bulgarian-Phonetic,,True,False,False,False
s,с,com.apple.keylayout.Bulgarian-Phonetic,,True,False,False,False
d,д,com.apple.keylayout.Bulgarian-Phonetic,,True,False,False,False
f,ф,com.apple.keylayout.Bulgarian-Phonetic,,True,False,False,False
h,х,com.apple.keylayout.Bulgarian-Phonetic,,True,False,False,False
g,г,com.apple.keylayout.Bulgarian-Phonetic,,True,False,False,False
z,з,com.apple.keylayout.Bulgarian-Phonetic,,True,False,False,False
x,ъ,com.apple.keylayout.Bulgarian-Phonetic,,True,False,False,False
c,ц,com.apple.keylayout.Bulgarian-Phonetic,,True,False,False,False
v,ж,com.apple.keylayout.Bulgarian-Phonetic,,True,False,False,False
§,§,com.apple.keylayout.Bulgarian-Phonetic,10,True,False,False,False
b,б,com.apple.keylayout.Bulgarian-Phonetic,,True,False,False,False
q,я,com.apple.keylayout.Bulgarian-Phonetic,,True,False,False,False
w,в,com.apple.keylayout.Bulgarian-Phonetic,,True,False,False,False
e,е,com.apple.keylayout.Bulgarian-Phonetic,,True,False,False,False
r,р,com.apple.keylayout.Bulgarian-Phonetic,,True,False,False,False
y,ы,com.apple.keylayout.Bulgarian-Phonetic,,True,False,False,False
t,т,com.apple.keylayout.Bulgarian-Phonetic,,True,False,False,False
€,1,com.apple.keylayout.Bulgarian-Phonetic,,True,False,False,False
°,2,com.apple.keylayout.Bulgarian-Phonetic,,True,False,False,False
$,3,com.apple.keylayout.Bulgarian-Phonetic,,True,False,False,False
„,4,com.apple.keylayout.Bulgarian-Phonetic,,True,False,False,False
∞,6,com.apple.keylayout.Bulgarian-Phonetic,,True,False,False,False
™,5,com.apple.keylayout.Bulgarian-Phonetic,,True,False,False,False
=,.,com.apple.keylayout.Bulgarian-Phonetic,,True,False,False,False
¶,9,com.apple.keylayout.Bulgarian-Phonetic,,True,False,False,False
£,7,com.apple.keylayout.Bulgarian-Phonetic,,True,False,False,False
–,-,com.apple.keylayout.Bulgarian-Phonetic,,True,False,False,False
Ґ,8,com.apple.keylayout.Bulgarian-Phonetic,,True,False,False,False
•,0,com.apple.keylayout.Bulgarian-Phonetic,,True,False,False,False
],щ,com.apple.keylayout.Bulgarian-Phonetic,,True,False,False,False
o,о,com.apple.keylayout.Bulgarian-Phonetic,,True,False,False,False
u,у,com.apple.keylayout.Bulgarian-Phonetic,,True,False,False,False
[,ш,com.apple.keylayout.Bulgarian-Phonetic,,True,False,False,False
i,и,com.apple.keylayout.Bulgarian-Phonetic,,True,False,False,False
p,п,com.apple.keylayout.Bulgarian-Phonetic,,True,False,False,False
l,л,com.apple.keylayout.Bulgarian-Phonetic,,True,False,False,False
j,й,com.apple.keylayout.Bulgarian-Phonetic,,True,False,False,False
k,к,com.apple.keylayout.Bulgarian-Phonetic,,True,False,False,False
;,;,com.apple.keylayout.Bulgarian-Phonetic,,True,False,False,False
‘,ю,com.apple.keylayout.Bulgarian-Phonetic,,True,False,False,False
",",",",com.apple.keylayout.Bulgarian-Phonetic,,True,False,False,False
/,/,com.apple.keylayout.Bulgarian-Phonetic,,True,False,False,False
n,н,com.apple.keylayout.Bulgarian-Phonetic,,True,False,False,False
m,м,com.apple.keylayout.Bulgarian-Phonetic,,True,False,False,False
.,.,com.apple.keylayout.Bulgarian-Phonetic,,True,False,False,False
 , ,com.apple.keylayout.Bulgarian-Phonetic,,True,False,False,False
A,а,com.apple.keylayout.Bulgarian-Phonetic,,True,True,False,False
S,с,com.apple.keylayout.Bulgarian-Phonetic,,True,True,False,False
D,д,com.apple.keylayout.Bulgarian-Phonetic,,True,True,False,False
F,ф,com.apple.keylayout.Bulgarian-Phonetic,,True,True,False,False
H,х,com.apple.keylayout.Bulgarian-Phonetic,,True,True,False,False
G,г,com.apple.keylayout.Bulgarian-Phonetic,,True,True,False,False
Z,з,com.apple.keylayout.Bulgarian-Phonetic,,True,True,False,False
X,ъ,com.apple.keylayout.Bulgarian-Phonetic,,True,True,False,False
C,ц,com.apple.keylayout.Bulgarian-Phonetic,,True,True,False,False
V,ж,com.apple.keylayout.Bulgarian-Phonetic,,True,True,False,False
±,§,com.apple.keylayout.Bulgarian-Phonetic,10,True,True,False,False
B,б,com.apple.keylayout.Bulgarian-Phonetic,,True,True,False,False
Q,я,com.apple.keylayout.Bulgarian-Phonetic,,True,True,False,False
W,в,com.apple.keylayout.Bulgarian-Phonetic,,True,True,False,False
E,е,com.apple.keylayout.Bulgarian-Phonetic,,True,True,False,False
R,р,com.apple.keylayout.Bulgarian-Phonetic,,True,True,False,False
Y,ы,com.apple.keylayout.Bulgarian-Phonetic,,True,True,False,False
T,т,com.apple.keylayout.Bulgarian-Phonetic,,True,True,False,False
†,1,com.apple.keylayout.Bulgarian-Phonetic,,True,True,False,False
@,2,com.apple.keylayout.Bulgarian-Phonetic,,True,True,False,False
#,3,com.apple.keylayout.Bulgarian-Phonetic,,True,True,False,False
“,4,com.apple.keylayout.Bulgarian-Phonetic,,True,True,False,False
^,6,com.apple.keylayout.Bulgarian-Phonetic,,True,True,False,False
%,5,com.apple.keylayout.Bulgarian-Phonetic,,True,True,False,False
+,.,com.apple.keylayout.Bulgarian-Phonetic,,True,True,False,False
(,9,com.apple.keylayout.Bulgarian-Phonetic,,True,True,False,False
&,7,com.apple.keylayout.Bulgarian-Phonetic,,True,True,False,False
—,-,com.apple.keylayout.Bulgarian-Phonetic,,True,True,False,False
*,8,com.apple.keylayout.Bulgarian-Phonetic,,True,True,False,False
),0,com.apple.keylayout.Bulgarian-Phonetic,,True,True,False,False
},щ,com.apple.keylayout.Bulgarian-Phonetic,,True,True,False,False
O,о,com.apple.keylayout.Bulgarian-Phonetic,,True,True,False,False
U,у,com.apple.keylayout.Bulgarian-Phonetic,,True,True,False,False
{,ш,com.apple.keylayout.Bulgarian-Phonetic,,True,True,False,False
I,и,com.apple.keylayout.Bulgarian-Phonetic,,True,True,False,False
P,п,com.apple.keylayout.Bulgarian-Phonetic,,True,True,False,False
L,л,com.apple.keylayout.Bulgarian-Phonetic,,True,True,False,False
J,й,com.apple.keylayout.Bulgarian-Phonetic,,True,True,False,False
K,к,com.apple.keylayout.Bulgarian-Phonetic,,True,True,False,False
:,;,com.apple.keylayout.Bulgarian-Phonetic,,True,True,False,False
’,ю,com.apple.keylayout.Bulgarian-Phonetic,,True,True,False,False
<,",",com.apple.keylayout.Bulgarian-Phonetic,,True,True,False,False
?,/,com.apple.keylayout.Bulgarian-Phonetic,,True,True,False,False
N,н,com.apple.keylayout.Bulgarian-Phonetic,,True,True,False,False
M,м,com.apple.keylayout.Bulgarian-Phonetic,,True,True,False,False
>,.,com.apple.keylayout.Bulgarian-Phonetic,,True,True,False,False
 , ,com.apple.keylayout.Bulgarian-Phonetic,,True,True,False,False
a,a,com.apple.keylayout.Cherokee-QWERTY,,False,False,False,False
s,s,com.apple.keylayout.Cherokee-QWERTY,,False,False,False,False
d,d,com.apple.keylayout.Cherokee-QWERTY,,False,False,False,False
f,f,com.apple.keylayout.Cherokee-QWERTY,,False,False,False,False
h,h,com.apple.keylayout.Cherokee-QWERTY,,False,False,False,False
g,g,com.apple.keylayout.Cherokee-QWERTY,,False,False,False,False
z,z,com.apple.keylayout.Cherokee-QWERTY,,False,False,False,False
x,x,com.apple.keylayout.Cherokee-QWERTY,,False,False,False,False
c,c,com.apple.keylayout.Cherokee-QWERTY,,False,False,False,False
v,v,com.apple.keylayout.Cherokee-QWERTY,,False,False,False,False
§,§,com.apple.keylayout.Cherokee-QWERTY,10,False,False,False,False
b,b,com.apple.keylayout.Cherokee-QWERTY,,False,False,False,False
q,q,com.apple.keylayout.Cherokee-QWERTY,,False,False,False,False
w,w,com.apple.keylayout.Cherokee-QWERTY,,False,False,False,False
e,e,com.apple.keylayout.Cherokee-QWERTY,,False,False,False,False
r,r,com.apple.keylayout.Cherokee-QWERTY,,False,False,False,False
y,y,com.apple.keylayout.Cherokee-QWERTY,,False,False,False,False
t,t,com.apple.keylayout.Cherokee-QWERTY,,False,False,False,False
1,1,com.apple.keylayout.Cherokee-QWERTY,,False,False,False,False
2,2,com.apple.keylayout.Cherokee-QWERTY,,False,False,False,False
3,3,com.apple.keylayout.Cherokee-QWERTY,,False,False,False,False
4,4,com.apple.keylayout.Cherokee-QWERTY,,False,False,False,False
6,6,com.apple.keylayout.Cherokee-QWERTY,,False,False,False,False
5,5,com.apple.keylayout.Cherokee-QWERTY,,False,False,False,False
=,=,com.apple.keylayout.Cherokee-QWERTY,,False,False,False,False
9,9,com.apple.keylayout.Cherokee-QWERTY,,False,False,False,False
7,7,com.apple.keylayout.Cherokee-QWERTY,,False,False,False,False
-,-,com.apple.keylayout.Cherokee-QWERTY,,False,False,False,False
8,8,com.apple.keylayout.Cherokee-QWERTY,,False,False,False,False
0,0,com.apple.keylayout.Cherokee-QWERTY,,False,False,False,False
],],com.apple.keylayout.Cherokee-QWERTY,,False,False,False,False
o,o,com.apple.keylayout.Cherokee-QWERTY,,False,False,False,False
u,u,com.apple.keylayout.Cherokee-QWERTY,,False,False,False,False
[,[,com.apple.keylayout.Cherokee-QWERTY,,False,False,False,False
i,i,com.apple.keylayout.Cherokee-QWERTY,,False,False,False,False
p,p,com.apple.keylayout.Cherokee-QWERTY,,False,False,False,False
l,l,com.apple.keylayout.Cherokee-QWERTY,,False,False,False,False
j,j,com.apple.keylayout.Cherokee-QWERTY,,False,False,False,False
',',com.apple.keylayout.Cherokee-QWERTY,,False,False,False,False
k,k,com.apple.keylayout.Cherokee-QWERTY,,False,False,False,False
;,;,com.apple.keylayout.Cherokee-QWERTY,,False,False,False,False
\,\,com.apple.keylayout.Cherokee-QWERTY,,False,False,False,False
",",",",com.apple.keylayout.Cherokee-QWERTY,,False,False,False,False
/,/,com.apple.keylayout.Cherokee-QWERTY,,False,False,False,False
n,n,com.apple.keylayout.Cherokee-QWERTY,,False,False,False,False
m,m,com.apple.keylayout.Cherokee-QWERTY,,False,False,False,False
.,.,com.apple.keylayout.Cherokee-QWERTY,,False,False,False,False
 , ,com.apple.keylayout.Cherokee-QWERTY,,False,False,False,False
`,`,com.apple.keylayout.Cherokee-QWERTY,50,False,False,False,False
A,a,com.apple.keylayout.Cherokee-QWERTY,,False,True,False,False
S,s,com.apple.keylayout.Cherokee-QWERTY,,False,True,False,False
D,d,com.apple.keylayout.Cherokee-QWERTY,,False,True,False,False
F,f,com.apple.keylayout.Cherokee-QWERTY,,False,True,False,False
H,h,com.apple.keylayout.Cherokee-QWERTY,,False,True,False,False
G,g,com.apple.keylayout.Cherokee-QWERTY,,False,True,False,False
Z,z,com.apple.keylayout.Cherokee-QWERTY,,False,True,False,False
X,x,com.apple.keylayout.Cherokee-QWERTY,,False,True,False,False
C,c,com.apple.keylayout.Cherokee-QWERTY,,False,True,False,False
V,v,com.apple.keylayout.Cherokee-QWERTY,,False,True,False,False
±,§,com.apple.keylayout.Cherokee-QWERTY,10,False,True,False,False
B,b,com.apple.keylayout.Cherokee-QWERTY,,False,True,False,False
Q,q,com.apple.keylayout.Cherokee-QWERTY,,False,True,False,False
W,w,com.apple.keylayout.Cherokee-QWERTY,,False,True,False,False
E,e,com.apple.keylayout.Cherokee-QWERTY,,False,True,False,False
R,r,com.apple.keylayout.Cherokee-QWERTY,,False,True,False,False
Y,y,com.apple.keylayout.Cherokee-QWERTY,,False,True,False,False
T,t,com.apple.keylayout.Cherokee-QWERTY,,False,True,False,False
!,1,com.apple.keylayout.Cherokee-QWERTY,,False,True,False,False
@,2,com.apple.keylayout.Cherokee-QWERTY,,False,True,False,False
#,3,com.apple.keylayout.Cherokee-QWERTY,,False,True,False,False
$,4,com.apple.keylayout.Cherokee-QWERTY,,False,True,False,False
^,6,com.apple.keylayout.Cherokee-QWERTY,,False,True,False,False
%,5,com.apple.keylayout.Cherokee-QWERTY,,False,True,False,False
+,=,com.apple.keylayout.Cherokee-QWERTY,,False,True,False,False
(,9,com.apple.keylayout.Cherokee-QWERTY,,False,True,False,False
&,7,com.apple.keylayout.Cherokee-QWERTY,,False,True,False,False
_,-,com.apple.keylayout.Cherokee-QWERTY,,False,True,False,False
*,8,com.apple.keylayout.Cherokee-QWERTY,,False,True,False,False
),0,com.apple.keylayout.Cherokee-QWERTY,,False,True,False,False
},],com.apple.keylayout.Cherokee-QWERTY,,False,True,False,False
O,o,com.apple.keylayout.Cherokee-QWERTY,,False,True,False,False
U,u,com.apple.keylayout.Cherokee-QWERTY,,False,True,False,False
{,[,com.apple.keylayout.Cherokee-QWERTY,,False,True,False,False
I,i,com.apple.keylayout.Cherokee-QWERTY,,False,True,False,False
P,p,com.apple.keylayout.Cherokee-QWERTY,,False,True,False,False
L,l,com.apple.keylayout.Cherokee-QWERTY,,False,True,False,False
J,j,com.apple.keylayout.Cherokee-QWERTY,,False,True,False,False
"""",',com.apple.keylayout.Cherokee-QWERTY,,False,True,False,False
K,k,com.apple.keylayout.Cherokee-QWERTY,,False,True,False,False
:,;,com.apple.keylayout.Cherokee-QWERTY,,False,True,False,False
|,\,com.apple.keylayout.Cherokee-QWERTY,,False,True,False,False
<,",",com.apple.keylayout.Cherokee-QWERTY,,False,True,False,False
?,/,com.apple.keylayout.Cherokee-QWERTY,,False,True,False,False
N,n,com.apple.keylayout.Cherokee-QWERTY,,False,True,False,False
M,m,com.apple.keylayout.Cherokee-QWERTY,,False,True,False,False
>,.,com.apple.keylayout.Cherokee-QWERTY,,False,True,False,False
 , ,com.apple.keylayout.Cherokee-QWERTY,,False,True,False,False
~,`,com.apple.keylayout.Cherokee-QWERTY,50,False,True,False,False
ß,s,com.apple.keylayout.Cherokee-QWERTY,,True,False,False,False
ð,d,com.apple.keylayout.Cherokee-QWERTY,,True,False,False,False
ƒ,f,com.apple.keylayout.Cherokee-QWERTY,,True,False,False,False
©,g,com.apple.keylayout.Cherokee-QWERTY,,True,False,False,False
§,§,com.apple.keylayout.Cherokee-QWERTY,10,True,False,False,False
œ,q,com.apple.keylayout.Cherokee-QWERTY,,True,False,False,False
®,r,com.apple.keylayout.Cherokee-QWERTY,,True,False,False,False
¥,y,com.apple.keylayout.Cherokee-QWERTY,,True,False,False,False
þ,t,com.apple.keylayout.Cherokee-QWERTY,,True,False,False,False
¡,1,com.apple.keylayout.Cherokee-QWERTY,,True,False,False,False
™,2,com.apple.keylayout.Cherokee-QWERTY,,True,False,False,False
£,3,com.apple.keylayout.Cherokee-QWERTY,,True,False,False,False
¢,4,com.apple.keylayout.Cherokee-QWERTY,,True,False,False,False
§,5,com.apple.keylayout.Cherokee-QWERTY,,True,False,False,False
≠,=,com.apple.keylayout.Cherokee-QWERTY,,True,False,False,False
ª,9,com.apple.keylayout.Cherokee-QWERTY,,True,False,False,False
¶,7,com.apple.keylayout.Cherokee-QWERTY,,True,False,False,False
–,-,com.apple.keylayout.Cherokee-QWERTY,,True,False,False,False
•,8,com.apple.keylayout.Cherokee-QWERTY,,True,False,False,False
º,0,com.apple.keylayout.Cherokee-QWERTY,,True,False,False,False
‘,],com.apple.keylayout.Cherokee-QWERTY,,True,False,False,False
ø,o,com.apple.keylayout.Cherokee-QWERTY,,True,False,False,False
“,[,com.apple.keylayout.Cherokee-QWERTY,,True,False,False,False
æ,',com.apple.keylayout.Cherokee-QWERTY,,True,False,False,False
…,;,com.apple.keylayout.Cherokee-QWERTY,,True,False,False,False
«,\,com.apple.keylayout.Cherokee-QWERTY,,True,False,False,False
≤,",",com.apple.keylayout.Cherokee-QWERTY,,True,False,False,False
÷,/,com.apple.keylayout.Cherokee-QWERTY,,True,False,False,False
≥,.,com.apple.keylayout.Cherokee-QWERTY,,True,False,False,False
 , ,com.apple.keylayout.Cherokee-QWERTY,,True,False,False,False
̄,a,com.apple.keylayout.Cherokee-QWERTY,,True,True,False,False
Ð,d,com.apple.keylayout.Cherokee-QWERTY,,True,True,False,False
̱,h,com.apple.keylayout.Cherokee-QWERTY,,True,True,False,False
̉,z,com.apple.keylayout.Cherokee-QWERTY,,True,True,False,False
̣,x,com.apple.keylayout.Cherokee-QWERTY,,True,True,False,False
̧,c,com.apple.keylayout.Cherokee-QWERTY,,True,True,False,False
̌,v,com.apple.keylayout.Cherokee-QWERTY,,True,True,False,False
±,§,com.apple.keylayout.Cherokee-QWERTY,10,True,True,False,False
̆,b,com.apple.keylayout.Cherokee-QWERTY,,True,True,False,False
Œ,q,com.apple.keylayout.Cherokee-QWERTY,,True,True,False,False
̇,w,com.apple.keylayout.Cherokee-QWERTY,,True,True,False,False
́,e,com.apple.keylayout.Cherokee-QWERTY,,True,True,False,False
‰,r,com.apple.keylayout.Cherokee-QWERTY,,True,True,False,False
Þ,t,com.apple.keylayout.Cherokee-QWERTY,,True,True,False,False
⁄,1,com.apple.keylayout.Cherokee-QWERTY,,True,True,False,False
€,2,com.apple.keylayout.Cherokee-QWERTY,,True,True,False,False
‹,3,com.apple.keylayout.Cherokee-QWERTY,,True,True,False,False
›,4,com.apple.keylayout.Cherokee-QWERTY,,True,True,False,False
̂,6,com.apple.keylayout.Cherokee-QWERTY,,True,True,False,False
†,5,com.apple.keylayout.Cherokee-QWERTY,,True,True,False,False
±,=,com.apple.keylayout.Cherokee-QWERTY,,True,True,False,False
·,9,com.apple.keylayout.Cherokee-QWERTY,,True,True,False,False
‡,7,com.apple.keylayout.Cherokee-QWERTY,,True,True,False,False
—,-,com.apple.keylayout.Cherokee-QWERTY,,True,True,False,False
°,8,com.apple.keylayout.Cherokee-QWERTY,,True,True,False,False
‚,0,com.apple.keylayout.Cherokee-QWERTY,,True,True,False,False
’,],com.apple.keylayout.Cherokee-QWERTY,,True,True,False,False
Ø,o,com.apple.keylayout.Cherokee-QWERTY,,True,True,False,False
̈,u,com.apple.keylayout.Cherokee-QWERTY,,True,True,False,False
”,[,com.apple.keylayout.Cherokee-QWERTY,,True,True,False,False
̛,i,com.apple.keylayout.Cherokee-QWERTY,,True,True,False,False
̦,p,com.apple.keylayout.Cherokee-QWERTY,,True,True,False,False
̵,l,com.apple.keylayout.Cherokee-QWERTY,,True,True,False,False
̋,j,com.apple.keylayout.Cherokee-QWERTY,,True,True,False,False
Æ,',com.apple.keylayout.Cherokee-QWERTY,,True,True,False,False
̊,k,com.apple.keylayout.Cherokee-QWERTY,,True,True,False,False
»,\,com.apple.keylayout.Cherokee-QWERTY,,True,True,False,False
„,",",com.apple.keylayout.Cherokee-QWERTY,,True,True,False,False
¿,/,com.apple.keylayout.Cherokee-QWERTY,,True,True,False,False
̃,n,com.apple.keylayout.Cherokee-QWERTY,,True,True,False,False
̨,m,com.apple.keylayout.Cherokee-QWERTY,,True,True,False,False
 , ,com.apple.keylayout.Cherokee-QWERTY,,True,True,False,False
̀,`,com.apple.keylayout.Cherokee-QWERTY,50,True,True,False,False
a,a,com.apple.keylayout.Polish,,False,False,False,False
s,s,com.apple.keylayout.Polish,,False,False,False,False
d,d,com.apple.keylayout.Polish,,False,False,False,False
f,f,com.apple.keylayout.Polish,,False,False,False,False
h,h,com.apple.keylayout.Polish,,False,False,False,False
g,g,com.apple.keylayout.Polish,,False,False,False,False
y,y,com.apple.keylayout.Polish,,False,False,False,False
x,x,com.apple.keylayout.Polish,,False,False,False,False
c,c,com.apple.keylayout.Polish,,False,False,False,False
v,v,com.apple.keylayout.Polish,,False,False,False,False
^,^,com.apple.keylayout.Polish,10,False,False,False,False
b,b,com.apple.keylayout.Polish,,False,False,False,False
q,q,com.apple.keylayout.Polish,,False,False,False,False
w,w,com.apple.keylayout.Polish,,False,False,False,False
e,e,com.apple.keylayout.Polish,,False,False,False,False
r,r,com.apple.keylayout.Polish,,False,False,False,False
z,z,com.apple.keylayout.Polish,,False,False,False,False
t,t,com.apple.keylayout.Polish,,False,False,False,False
1,1,com.apple.keylayout.Polish,,False,False,False,False
2,2,com.apple.keylayout.Polish,,False,False,False,False
3,3,com.apple.keylayout.Polish,,False,False,False,False
4,4,com.apple.keylayout.Polish,,False,False,False,False
6,6,com.apple.keylayout.Polish,,False,False,False,False
5,5,com.apple.keylayout.Polish,,False,False,False,False
[,[,com.apple.keylayout.Polish,,False,False,False,False
9,9,com.apple.keylayout.Polish,,False,False,False,False
7,7,com.apple.keylayout.Polish,,False,False,False,False
ż,ż,com.apple.keylayout.Polish,,False,False,False,False
8,8,com.apple.keylayout.Polish,,False,False,False,False
0,0,com.apple.keylayout.Polish,,False,False,False,False
(,(,com.apple.keylayout.Polish,,False,False,False,False
o,o,com.apple.keylayout.Polish,,False,False,False,False
u,u,com.apple.keylayout.Polish,,False,False,False,False
ó,ó,com.apple.keylayout.Polish,,False,False,False,False
i,i,com.apple.keylayout.Polish,,False,False,False,False
p,p,com.apple.keylayout.Polish,,False,False,False,False
l,l,com.apple.keylayout.Polish,,False,False,False,False
j,j,com.apple.keylayout.Polish,,False,False,False,False
ą,ą,com.apple.keylayout.Polish,,False,False,False,False
k,k,com.apple.keylayout.Polish,,False,False,False,False
ł,ł,com.apple.keylayout.Polish,,False,False,False,False
;,;,com.apple.keylayout.Polish,,False,False,False,False
.,.,com.apple.keylayout.Polish,,False,False,False,False
-,-,com.apple.keylayout.Polish,,False,False,False,False
n,n,com.apple.keylayout.Polish,,False,False,False,False
m,m,com.apple.keylayout.Polish,,False,False,False,False
",",",",com.apple.keylayout.Polish,,False,False,False,False
 , ,com.apple.keylayout.Polish,,False,False,False,False
<,<,com.apple.keylayout.Polish,50,False,False,False,False
A,a,com.apple.keylayout.Polish,,False,True,False,False
S,s,com.apple.keylayout.Polish,,False,True,False,False
D,d,com.apple.keylayout.Polish,,False,True,False,False
F,f,com.apple.keylayout.Polish,,False,True,False,False
H,h,com.apple.keylayout.Polish,,False,True,False,False
G,g,com.apple.keylayout.Polish,,False,True,False,False
Y,y,com.apple.keylayout.Polish,,False,True,False,False
X,x,com.apple.keylayout.Polish,,False,True,False,False
C,c,com.apple.keylayout.Polish,,False,True,False,False
V,v,com.apple.keylayout.Polish,,False,True,False,False
*,^,com.apple.keylayout.Polish,10,False,True,False,False
B,b,com.apple.keylayout.Polish,,False,True,False,False
Q,q,com.apple.keylayout.Polish,,False,True,False,False
W,w,com.apple.keylayout.Polish,,False,True,False,False
E,e,com.apple.keylayout.Polish,,False,True,False,False
R,r,com.apple.keylayout.Polish,,False,True,False,False
Z,z,com.apple.keylayout.Polish,,False,True,False,False
T,t,com.apple.keylayout.Polish,,False,True,False,False
§,1,com.apple.keylayout.Polish,,False,True,False,False
%,2,com.apple.keylayout.Polish,,False,True,False,False
!,3,com.apple.keylayout.Polish,,False,True,False,False
?,4,com.apple.keylayout.Polish,,False,True,False,False
=,6,com.apple.keylayout.Polish,,False,True,False,False
+,5,com.apple.keylayout.Polish,,False,True,False,False
],[,com.apple.keylayout.Polish,,False,True,False,False
/,9,com.apple.keylayout.Polish,,False,True,False,False
:,7,com.apple.keylayout.Polish,,False,True,False,False
Ż,ż,com.apple.keylayout.Polish,,False,True,False,False
_,8,com.apple.keylayout.Polish,,False,True,False,False
"""",0,com.apple.keylayout.Polish,,False,True,False,False
),(,com.apple.keylayout.Polish,,False,True,False,False
O,o,com.apple.keylayout.Polish,,False,True,False,False
U,u,com.apple.keylayout.Polish,,False,True,False,False
ź,ó,com.apple.keylayout.Polish,,False,True,False,False
I,i,com.apple.keylayout.Polish,,False,True,False,False
P,p,com.apple.keylayout.Polish,,False,True,False,False
L,l,com.apple.keylayout.Polish,,False,True,False,False
J,j,com.apple.keylayout.Polish,,False,True,False,False
ę,ą,com.apple.keylayout.Polish,,False,True,False,False
K,k,com.apple.keylayout.Polish,,False,True,False,False
Ł,ł,com.apple.keylayout.Polish,,False,True,False,False
$,;,com.apple.keylayout.Polish,,False,True,False,False
ś,.,com.apple.keylayout.Polish,,False,True,False,False
ć,-,com.apple.keylayout.Polish,,False,True,False,False
N,n,com.apple.keylayout.Polish,,False,True,False,False
M,m,com.apple.keylayout.Polish,,False,True,False,False
ń,",",com.apple.keylayout.Polish,,False,True,False,False
 , ,com.apple.keylayout.Polish,,False,True,False,False
>,<,com.apple.keylayout.Polish,50,False,True,False,False
ū,a,com.apple.keylayout.Polish,,True,False,False,False
ß,s,com.apple.keylayout.Polish,,True,False,False,False
∂,d,com.apple.keylayout.Polish,,True,False,False,False
Ů,f,com.apple.keylayout.Polish,,True,False,False,False
ů,h,com.apple.keylayout.Polish,,True,False,False,False
©,g,com.apple.keylayout.Polish,,True,False,False,False
‹,y,com.apple.keylayout.Polish,,True,False,False,False
≤,x,com.apple.keylayout.Polish,,True,False,False,False
√,v,com.apple.keylayout.Polish,,True,False,False,False
 ,^,com.apple.keylayout.Polish,10,True,False,False,False
ű,b,com.apple.keylayout.Polish,,True,False,False,False
Ū,q,com.apple.keylayout.Polish,,True,False,False,False
∑,w,com.apple.keylayout.Polish,,True,False,False,False
®,r,com.apple.keylayout.Polish,,True,False,False,False
°,z,com.apple.keylayout.Polish,,True,False,False,False
†,t,com.apple.keylayout.Polish,,True,False,False,False
&,1,com.apple.keylayout.Polish,,True,False,False,False
@,2,com.apple.keylayout.Polish,,True,False,False,False
#,3,com.apple.keylayout.Polish,,True,False,False,False
€,4,com.apple.keylayout.Polish,,True,False,False,False
™,6,com.apple.keylayout.Polish,,True,False,False,False
`,5,com.apple.keylayout.Polish,,True,False,False,False
≠,[,com.apple.keylayout.Polish,,True,False,False,False
\,9,com.apple.keylayout.Polish,,True,False,False,False
¶,7,com.apple.keylayout.Polish,,True,False,False,False
‚,ż,com.apple.keylayout.Polish,,True,False,False,False
•,8,com.apple.keylayout.Polish,,True,False,False,False
„,0,com.apple.keylayout.Polish,,True,False,False,False
{,(,com.apple.keylayout.Polish,,True,False,False,False
£,o,com.apple.keylayout.Polish,,True,False,False,False
Ó,ó,com.apple.keylayout.Polish,,True,False,False,False
‘,p,com.apple.keylayout.Polish,,True,False,False,False
¬,l,com.apple.keylayout.Polish,,True,False,False,False
∆,j,com.apple.keylayout.Polish,,True,False,False,False
Ą,ą,com.apple.keylayout.Polish,,True,False,False,False
Ű,k,com.apple.keylayout.Polish,,True,False,False,False
…,ł,com.apple.keylayout.Polish,,True,False,False,False
',;,com.apple.keylayout.Polish,,True,False,False,False
ų,.,com.apple.keylayout.Polish,,True,False,False,False
—,-,com.apple.keylayout.Polish,,True,False,False,False
Ų,m,com.apple.keylayout.Polish,,True,False,False,False
Ģ,",",com.apple.keylayout.Polish,,True,False,False,False
 , ,com.apple.keylayout.Polish,,True,False,False,False
«,<,com.apple.keylayout.Polish,50,True,False,False,False
Ľ,a,com.apple.keylayout.Polish,,True,True,False,False
ľ,s,com.apple.keylayout.Polish,,True,True,False,False
Ņ,d,com.apple.keylayout.Polish,,True,True,False,False
ņ,f,com.apple.keylayout.Polish,,True,True,False,False
Ō,h,com.apple.keylayout.Polish,,True,True,False,False
Ő,g,com.apple.keylayout.Polish,,True,True,False,False
›,y,com.apple.keylayout.Polish,,True,True,False,False
≥,x,com.apple.keylayout.Polish,,True,True,False,False
Ŗ,c,com.apple.keylayout.Polish,,True,True,False,False
◊,v,com.apple.keylayout.Polish,,True,True,False,False
 ,^,com.apple.keylayout.Polish,10,True,True,False,False
ŗ,b,com.apple.keylayout.Polish,,True,True,False,False
Ė,q,com.apple.keylayout.Polish,,True,True,False,False
ė,w,com.apple.keylayout.Polish,,True,True,False,False
Į,e,com.apple.keylayout.Polish,,True,True,False,False
į,r,com.apple.keylayout.Polish,,True,True,False,False
ī,z,com.apple.keylayout.Polish,,True,True,False,False
Ī,t,com.apple.keylayout.Polish,,True,True,False,False
Ā,1,com.apple.keylayout.Polish,,True,True,False,False
ā,2,com.apple.keylayout.Polish,,True,True,False,False
ď,3,com.apple.keylayout.Polish,,True,True,False,False
Ē,4,com.apple.keylayout.Polish,,True,True,False,False
ķ,6,com.apple.keylayout.Polish,,True,True,False,False
ē,5,com.apple.keylayout.Polish,,True,True,False,False
÷,[,com.apple.keylayout.Polish,,True,True,False,False
|,9,com.apple.keylayout.Polish,,True,True,False,False
°,7,com.apple.keylayout.Polish,,True,True,False,False
’,ż,com.apple.keylayout.Polish,,True,True,False,False
–,8,com.apple.keylayout.Polish,,True,True,False,False
”,0,com.apple.keylayout.Polish,,True,True,False,False
},(,com.apple.keylayout.Polish,,True,True,False,False
ļ,o,com.apple.keylayout.Polish,,True,True,False,False
Ķ,u,com.apple.keylayout.Polish,,True,True,False,False
Ź,ó,com.apple.keylayout.Polish,,True,True,False,False
Ļ,i,com.apple.keylayout.Polish,,True,True,False,False
“,p,com.apple.keylayout.Polish,,True,True,False,False
ŕ,l,com.apple.keylayout.Polish,,True,True,False,False
ō,j,com.apple.keylayout.Polish,,True,True,False,False
Ę,ą,com.apple.keylayout.Polish,,True,True,False,False
Ŕ,k,com.apple.keylayout.Polish,,True,True,False,False
ť,ł,com.apple.keylayout.Polish,,True,True,False,False
~,;,com.apple.keylayout.Polish,,True,True,False,False
Ś,.,com.apple.keylayout.Polish,,True,True,False,False
Ć,-,com.apple.keylayout.Polish,,True,True,False,False
Ý,n,com.apple.keylayout.Polish,,True,True,False,False
ý,m,com.apple.keylayout.Polish,,True,True,False,False
Ń,",",com.apple.keylayout.Polish,,True,True,False,False
 , ,com.apple.keylayout.Polish,,True,True,False,False
»,<,com.apple.keylayout.Polish,50,True,True,False,False
a,a,com.apple.keylayout.British,,False,False,False,False
s,s,com.apple.keylayout.British,,False,False,False,False
d,d,com.apple.keylayout.British,,False,False,False,False
f,f,com.apple.keylayout.British,,False,False,False,False
h,h,com.apple.keylayout.British,,False,False,False,False
g,g,com.apple.keylayout.British,,False,False,False,False
z,z,com.apple.keylayout.British,,False,False,False,False
x,x,com.apple.keylayout.British,,False,False,False,False
c,c,com.apple.keylayout.British,,False,False,False,False
v,v,com.apple.keylayout.British,,False,False,False,False
§,§,com.apple.keylayout.British,10,False,False,False,False
b,b,com.apple.keylayout.British,,False,False,False,False
q,q,com.apple.keylayout.British,,False,False,False,False
w,w,com.apple.keylayout.British,,False,False,False,False
e,e,com.apple.keylayout.British,,False,False,False,False
r,r,com.apple.keylayout.British,,False,False,False,False
y,y,com.apple.keylayout.British,,False,False,False,False
t,t,com.apple.keylayout.British,,False,False,False,False
1,1,com.apple.keylayout.British,,False,False,False,False
2,2,com.apple.keylayout.British,,False,False,False,False
3,3,com.apple.keylayout.British,,False,False,False,False
4,4,com.apple.keylayout.British,,False,False,False,False
6,6,com.apple.keylayout.British,,False,False,False,False
5,5,com.apple.keylayout.British,,False,False,False,False
=,=,com.apple.keylayout.British,,False,False,False,False
9,9,com.apple.keylayout.British,,False,False,False,False
7,7,com.apple.keylayout.British,,False,False,False,False
-,-,com.apple.keylayout.British,,False,False,False,False
8,8,com.apple.keylayout.British,,False,False,False,False
0,0,com.apple.keylayout.British,,False,False,False,False
],],com.apple.keylayout.British,,False,False,False,False
o,o,com.apple.keylayout.British,,False,False,False,False
u,u,com.apple.keylayout.British,,False,False,False,False
[,[,com.apple.keylayout.British,,False,False,False,False
i,i,com.apple.keylayout.British,,False,False,False,False
p,p,com.apple.keylayout.British,,False,False,False,False
l,l,com.apple.keylayout.British,,False,False,False,False
j,j,com.apple.keylayout.British,,False,False,False,False
',',com.apple.keylayout.British,,False,False,False,False
k,k,com.apple.keylayout.British,,False,False,False,False
;,;,com.apple.keylayout.British,,False,False,False,False
\,\,com.apple.keylayout.British,,False,False,False,False
",",",",com.apple.keylayout.British,,False,False,False,False
/,/,com.apple.keylayout.British,,False,False,False,False
n,n,com.apple.keylayout.British,,False,False,False,False
m,m,com.apple.keylayout.British,,False,False,False,False
.,.,com.apple.keylayout.British,,False,False,False,False
 , ,com.apple.keylayout.British,,False,False,False,False
`,`,com.apple.keylayout.British,50,False,False,False,False
A,a,com.apple.keylayout.British,,False,True,False,False
S,s,com.apple.keylayout.British,,False,True,False,False
D,d,com.apple.keylayout.British,,False,True,False,False
F,f,com.apple.keylayout.British,,False,True,False,False
H,h,com.apple.keylayout.British,,False,True,False,False
G,g,com.apple.keylayout.British,,False,True,False,False
Z,z,com.apple.keylayout.British,,False,True,False,False
X,x,com.apple.keylayout.British,,False,True,False,False
C,c,com.apple.keylayout.British,,False,True,False,False
V,v,com.apple.keylayout.British,,False,True,False,False
±,§,com.apple.keylayout.British,10,False,True,False,False
B,b,com.apple.keylayout.British,,False,True,False,False
Q,q,com.apple.keylayout.British,,False,True,False,False
W,w,com.apple.keylayout.British,,False,True,False,False
E,e,com.apple.keylayout.British,,False,True,False,False
R,r,com.apple.keylayout.British,,False,True,False,False
Y,y,com.apple.keylayout.British,,False,True,False,False
T,t,com.apple.keylayout.British,,False,True,False,False
!,1,com.apple.keylayout.British,,False,True,False,False
@,2,com.apple.keylayout.British,,False,True,False,False
£,3,com.apple.keylayout.British,,False,True,False,False
$,4,com.apple.keylayout.British,,False,True,False,False
^,6,com.apple.keylayout.British,,False,True,False,False
%,5,com.apple.keylayout.British,,False,True,False,False
+,=,com.apple.keylayout.British,,False,True,False,False
(,9,com.apple.keylayout.British,,False,True,False,False
&,7,com.apple.keylayout.British,,False,True,False,False
_,-,com.apple.keylayout.British,,False,True,False,False
*,8,com.apple.keylayout.British,,False,True,False,False
),0,com.apple.keylayout.British,,False,True,False,False
},],com.apple.keylayout.British,,False,True,False,False
O,o,com.apple.keylayout.British,,False,True,False,False
U,u,com.apple.keylayout.British,,False,True,False,False
{,[,com.apple.keylayout.British,,False,True,False,False
I,i,com.apple.keylayout.British,,False,True,False,False
P,p,com.apple.keylayout.British,,False,True,False,False
L,l,com.apple.keylayout.British,,False,True,False,False
J,j,com.apple.keylayout.British,,False,True,False,False
"""",',com.apple.keylayout.British,,False,True,False,False
K,k,com.apple.keylayout.British,,False,True,False,False
:,;,com.apple.keylayout.British,,False,True,False,False
|,\,com.apple.keylayout.British,,False,True,False,False
<,",",com.apple.keylayout.British,,False,True,False,False
?,/,com.apple.keylayout.British,,False,True,False,False
N,n,com.apple.keylayout.British,,False,True,False,False
M,m,com.apple.keylayout.British,,False,True,False,False
>,.,com.apple.keylayout.British,,False,True,False,False
 , ,com.apple.keylayout.British,,False,True,False,False
~,`,com.apple.keylayout.British,50,False,True,False,False
å,a,com.apple.keylayout.British,,True,False,False,False
ß,s,com.apple.keylayout.British,,True,False,False,False
∂,d,com.apple.keylayout.British,,True,False,False,False
ƒ,f,com.apple.keylayout.British,,True,False,False,False
˙,h,com.apple.keylayout.British,,True,False,False,False
©,g,com.apple.keylayout.British,,True,False,False,False
Ω,z,com.apple.keylayout.British,,True,False,False,False
≈,x,com.apple.keylayout.British,,True,False,False,False
ç,c,com.apple.keylayout.British,,True,False,False,False
√,v,com.apple.keylayout.British,,True,False,False,False
∫,b,com.apple.keylayout.British,,True,False,False,False
œ,q,com.apple.keylayout.British,,True,False,False,False
∑,w,com.apple.keylayout.British,,True,False,False,False
®,r,com.apple.keylayout.British,,True,False,False,False
¥,y,com.apple.keylayout.British,,True,False,False,False
†,t,com.apple.keylayout.British,,True,False,False,False
¡,1,com.apple.keylayout.British,,True,False,False,False
€,2,com.apple.keylayout.British,,True,False,False,False
#,3,com.apple.keylayout.British,,True,False,False,False
¢,4,com.apple.keylayout.British,,True,False,False,False
§,6,com.apple.keylayout.British,,True,False,False,False
∞,5,com.apple.keylayout.British,,True,False,False,False
≠,=,com.apple.keylayout.British,,True,False,False,False
ª,9,com.apple.keylayout.British,,True,False,False,False
¶,7,com.apple.keylayout.British,,True,False,False,False
–,-,com.apple.keylayout.British,,True,False,False,False
•,8,com.apple.keylayout.British,,True,False,False,False
º,0,com.apple.keylayout.British,,True,False,False,False
‘,],com.apple.keylayout.British,,True,False,False,False
ø,o,com.apple.keylayout.British,,True,False,False,False
“,[,com.apple.keylayout.British,,True,False,False,False
π,p,com.apple.keylayout.British,,True,False,False,False
¬,l,com.apple.keylayout.British,,True,False,False,False
∆,j,com.apple.keylayout.British,,True,False,False,False
æ,',com.apple.keylayout.British,,True,False,False,False
˚,k,com.apple.keylayout.British,,True,False,False,False
…,;,com.apple.keylayout.British,,True,False,False,False
«,\,com.apple.keylayout.British,,True,False,False,False
≤,",",com.apple.keylayout.British,,True,False,False,False
÷,/,com.apple.keylayout.British,,True,False,False,False
µ,m,com.apple.keylayout.British,,True,False,False,False
≥,.,com.apple.keylayout.British,,True,False,False,False
 , ,com.apple.keylayout.British,,True,False,False,False
Å,a,com.apple.keylayout.British,,True,True,False,False
Í,s,com.apple.keylayout.British,,True,True,False,False
Î,d,com.apple.keylayout.British,,True,True,False,False
Ï,f,com.apple.keylayout.British,,True,True,False,False
Ó,h,com.apple.keylayout.British,,True,True,False,False
Ì,g,com.apple.keylayout.British,,True,True,False,False
Û,z,com.apple.keylayout.British,,True,True,False,False
Ù,x,com.apple.keylayout.British,,True,True,False,False
Ç,c,com.apple.keylayout.British,,True,True,False,False
◊,v,com.apple.keylayout.British,,True,True,False,False
ı,b,com.apple.keylayout.British,,True,True,False,False
Œ,q,com.apple.keylayout.British,,True,True,False,False
„,w,com.apple.keylayout.British,,True,True,False,False
‰,e,com.apple.keylayout.British,,True,True,False,False
Â,r,com.apple.keylayout.British,,True,True,False,False
Á,y,com.apple.keylayout.British,,True,True,False,False
Ê,t,com.apple.keylayout.British,,True,True,False,False
⁄,1,com.apple.keylayout.British,,True,True,False,False
™,2,com.apple.keylayout.British,,True,True,False,False
‹,3,com.apple.keylayout.British,,True,True,False,False
›,4,com.apple.keylayout.British,,True,True,False,False
ﬂ,6,com.apple.keylayout.British,,True,True,False,False
ﬁ,5,com.apple.keylayout.British,,True,True,False,False
±,=,com.apple.keylayout.British,,True,True,False,False
·,9,com.apple.keylayout.British,,True,True,False,False
‡,7,com.apple.keylayout.British,,True,True,False,False
—,-,com.apple.keylayout.British,,True,True,False,False
°,8,com.apple.keylayout.British,,True,True,False,False
‚,0,com.apple.keylayout.British,,True,True,False,False
’,],com.apple.keylayout.British,,True,True,False,False
Ø,o,com.apple.keylayout.British,,True,True,False,False
Ë,u,com.apple.keylayout.British,,True,True,False,False
”,[,com.apple.keylayout.British,,True,True,False,False
È,i,com.apple.keylayout.British,,True,True,False,False
∏,p,com.apple.keylayout.British,,True,True,False,False
Ò,l,com.apple.keylayout.British,,True,True,False,False
Ô,j,com.apple.keylayout.British,,True,True,False,False
Æ,',com.apple.keylayout.British,,True,True,False,False
,k,com.apple.keylayout.British,,True,True,False,False
Ú,;,com.apple.keylayout.British,,True,True,False,False
»,\,com.apple.keylayout.British,,True,True,False,False
¯,",",com.apple.keylayout.British,,True,True,False,False
¿,/,com.apple.keylayout.British,,True,True,False,False
ˆ,n,com.apple.keylayout.British,,True,True,False,False
˜,m,com.apple.keylayout.British,,True,True,False,False
˘,.,com.apple.keylayout.British,,True,True,False,False
 , ,com.apple.keylayout.British,,True,True,False,False
Ÿ,`,com.apple.keylayout.British,50,True,True,False,False
a,a,com.apple.keylayout.Irish,,False,False,False,False
s,s,com.apple.keylayout.Irish,,False,False,False,False
d,d,com.apple.keylayout.Irish,,False,False,False,False
f,f,com.apple.keylayout.Irish,,False,False,False,False
h,h,com.apple.keylayout.Irish,,False,False,False,False
g,g,com.apple.keylayout.Irish,,False,False,False,False
z,z,com.apple.keylayout.Irish,,False,False,False,False
x,x,com.apple.keylayout.Irish,,False,False,False,False
c,c,com.apple.keylayout.Irish,,False,False,False,False
v,v,com.apple.keylayout.Irish,,False,False,False,False
§,§,com.apple.keylayout.Irish,10,False,False,False,False
b,b,com.apple.keylayout.Irish,,False,False,False,False
q,q,com.apple.keylayout.Irish,,False,False,False,False
w,w,com.apple.keylayout.Irish,,False,False,False,False
e,e,com.apple.keylayout.Irish,,False,False,False,False
r,r,com.apple.keylayout.Irish,,False,False,False,False
y,y,com.apple.keylayout.Irish,,False,False,False,False
t,t,com.apple.keylayout.Irish,,False,False,False,False
1,1,com.apple.keylayout.Irish,,False,False,False,False
2,2,com.apple.keylayout.Irish,,False,False,False,False
3,3,com.apple.keylayout.Irish,,False,False,False,False
4,4,com.apple.keylayout.Irish,,False,False,False,False
6,6,com.apple.keylayout.Irish,,False,False,False,False
5,5,com.apple.keylayout.Irish,,False,False,False,False
=,=,com.apple.keylayout.Irish,,False,False,False,False
9,9,com.apple.keylayout.Irish,,False,False,False,False
7,7,com.apple.keylayout.Irish,,False,False,False,False
-,-,com.apple.keylayout.Irish,,False,False,False,False
8,8,com.apple.keylayout.Irish,,False,False,False,False
0,0,com.apple.keylayout.Irish,,False,False,False,False
],],com.apple.keylayout.Irish,,False,False,False,False
o,o,com.apple.keylayout.Irish,,False,False,False,False
u,u,com.apple.keylayout.Irish,,False,False,False,False
[,[,com.apple.keylayout.Irish,,False,False,False,False
i,i,com.apple.keylayout.Irish,,False,False,False,False
p,p,com.apple.keylayout.Irish,,False,False,False,False
l,l,com.apple.keylayout.Irish,,False,False,False,False
j,j,com.apple.keylayout.Irish,,False,False,False,False
',',com.apple.keylayout.Irish,,False,False,False,False
k,k,com.apple.keylayout.Irish,,False,False,False,False
;,;,com.apple.keylayout.Irish,,False,False,False,False
\,\,com.apple.keylayout.Irish,,False,False,False,False
",",",",com.apple.keylayout.Irish,,False,False,False,False
/,/,com.apple.keylayout.Irish,,False,False,False,False
n,n,com.apple.keylayout.Irish,,False,False,False,False
m,m,com.apple.keylayout.Irish,,False,False,False,False
.,.,com.apple.keylayout.Irish,,False,False,False,False
 , ,com.apple.keylayout.Irish,,False,False,False,False
`,`,com.apple.keylayout.Irish,50,False,False,False,False
A,a,com.apple.keylayout.Irish,,False,True,False,False
S,s,com.apple.keylayout.Irish,,False,True,False,False
D,d,com.apple.keylayout.Irish,,False,True,False,False
F,f,com.apple.keylayout.Irish,,False,True,False,False
H,h,com.apple.keylayout.Irish,,False,True,False,False
G,g,com.apple.keylayout.Irish,,False,True,False,False
Z,z,com.apple.keylayout.Irish,,False,True,False,False
X,x,com.apple.keylayout.Irish,,False,True,False,False
C,c,com.apple.keylayout.Irish,,False,True,False,False
V,v,com.apple.keylayout.Irish,,False,True,False,False
±,§,com.apple.keylayout.Irish,10,False,True,False,False
B,b,com.apple.keylayout.Irish,,False,True,False,False
Q,q,com.apple.keylayout.Irish,,False,True,False,False
W,w,com.apple.keylayout.Irish,,False,True,False,False
E,e,com.apple.keylayout.Irish,,False,True,False,False
R,r,com.apple.keylayout.Irish,,False,True,False,False
Y,y,com.apple.keylayout.Irish,,False,True,False,False
T,t,com.apple.keylayout.Irish,,False,True,False,False
!,1,com.apple.keylayout.Irish,,False,True,False,False
@,2,com.apple.keylayout.Irish,,False,True,False,False
£,3,com.apple.keylayout.Irish,,False,True,False,False
$,4,com.apple.keylayout.Irish,,False,True,False,False
^,6,com.apple.keylayout.Irish,,False,True,False,False
%,5,com.apple.keylayout.Irish,,False,True,False,False
+,=,com.apple.keylayout.Irish,,False,True,False,False
(,9,com.apple.keylayout.Irish,,False,True,False,False
&,7,com.apple.keylayout.Irish,,False,True,False,False
_,-,com.apple.keylayout.Irish,,False,True,False,False
*,8,com.apple.keylayout.Irish,,False,True,False,False
),0,com.apple.keylayout.Irish,,False,True,False,False
},],com.apple.keylayout.Irish,,False,True,False,False
O,o,com.apple.keylayout.Irish,,False,True,False,False
U,u,com.apple.keylayout.Irish,,False,True,False,False
{,[,com.apple.keylayout.Irish,,False,True,False,False
I,i,com.apple.keylayout.Irish,,False,True,False,False
P,p,com.apple.keylayout.Irish,,False,True,False,False
L,l,com.apple.keylayout.Irish,,False,True,False,False
J,j,com.apple.keylayout.Irish,,False,True,False,False
"""",',com.apple.keylayout.Irish,,False,True,False,False
K,k,com.apple.keylayout.Irish,,False,True,False,False
:,;,com.apple.keylayout.Irish,,False,True,False,False
|,\,com.apple.keylayout.Irish,,False,True,False,False
<,",",com.apple.keylayout.Irish,,False,True,False,False
?,/,com.apple.keylayout.Irish,,False,True,False,False
N,n,com.apple.keylayout.Irish,,False,True,False,False
M,m,com.apple.keylayout.Irish,,False,True,False,False
>,.,com.apple.keylayout.Irish,,False,True,False,False
 , ,com.apple.keylayout.Irish,,False,True,False,False
~,`,com.apple.keylayout.Irish,50,False,True,False,False
á,a,com.apple.keylayout.Irish,,True,False,False,False
ß,s,com.apple.keylayout.Irish,,True,False,False,False
∂,d,com.apple.keylayout.Irish,,True,False,False,False
ƒ,f,com.apple.keylayout.Irish,,True,False,False,False
µ,h,com.apple.keylayout.Irish,,True,False,False,False
©,g,com.apple.keylayout.Irish,,True,False,False,False
¯,z,com.apple.keylayout.Irish,,True,False,False,False
≈,x,com.apple.keylayout.Irish,,True,False,False,False
ˇ,v,com.apple.keylayout.Irish,,True,False,False,False
§,§,com.apple.keylayout.Irish,10,True,False,False,False
˘,b,com.apple.keylayout.Irish,,True,False,False,False
œ,q,com.apple.keylayout.Irish,,True,False,False,False
é,e,com.apple.keylayout.Irish,,True,False,False,False
®,r,com.apple.keylayout.Irish,,True,False,False,False
¥,y,com.apple.keylayout.Irish,,True,False,False,False
√,t,com.apple.keylayout.Irish,,True,False,False,False
¡,1,com.apple.keylayout.Irish,,True,False,False,False
€,2,com.apple.keylayout.Irish,,True,False,False,False
#,3,com.apple.keylayout.Irish,,True,False,False,False
¢,4,com.apple.keylayout.Irish,,True,False,False,False
§,5,com.apple.keylayout.Irish,,True,False,False,False
≠,=,com.apple.keylayout.Irish,,True,False,False,False
ª,9,com.apple.keylayout.Irish,,True,False,False,False
¶,7,com.apple.keylayout.Irish,,True,False,False,False
–,-,com.apple.keylayout.Irish,,True,False,False,False
º,0,com.apple.keylayout.Irish,,True,False,False,False
‘,],com.apple.keylayout.Irish,,True,False,False,False
ó,o,com.apple.keylayout.Irish,,True,False,False,False
ú,u,com.apple.keylayout.Irish,,True,False,False,False
“,[,com.apple.keylayout.Irish,,True,False,False,False
í,i,com.apple.keylayout.Irish,,True,False,False,False
‚,p,com.apple.keylayout.Irish,,True,False,False,False
π,l,com.apple.keylayout.Irish,,True,False,False,False
˝,j,com.apple.keylayout.Irish,,True,False,False,False
æ,',com.apple.keylayout.Irish,,True,False,False,False
…,;,com.apple.keylayout.Irish,,True,False,False,False
«,\,com.apple.keylayout.Irish,,True,False,False,False
≤,",",com.apple.keylayout.Irish,,True,False,False,False
÷,/,com.apple.keylayout.Irish,,True,False,False,False
˛,m,com.apple.keylayout.Irish,,True,False,False,False
≥,.,com.apple.keylayout.Irish,,True,False,False,False
 , ,com.apple.keylayout.Irish,,True,False,False,False
Á,a,com.apple.keylayout.Irish,,True,True,False,False
´,s,com.apple.keylayout.Irish,,True,True,False,False
∫,d,com.apple.keylayout.Irish,,True,True,False,False
∑,f,com.apple.keylayout.Irish,,True,True,False,False
∆,h,com.apple.keylayout.Irish,,True,True,False,False
©,g,com.apple.keylayout.Irish,,True,True,False,False
Ω,z,com.apple.keylayout.Irish,,True,True,False,False
≈,x,com.apple.keylayout.Irish,,True,True,False,False
¸,c,com.apple.keylayout.Irish,,True,True,False,False
ﬁ,v,com.apple.keylayout.Irish,,True,True,False,False
±,§,com.apple.keylayout.Irish,10,True,True,False,False
ﬂ,b,com.apple.keylayout.Irish,,True,True,False,False
Œ,q,com.apple.keylayout.Irish,,True,True,False,False
˙,w,com.apple.keylayout.Irish,,True,True,False,False
É,e,com.apple.keylayout.Irish,,True,True,False,False
‰,r,com.apple.keylayout.Irish,,True,True,False,False
¥,y,com.apple.keylayout.Irish,,True,True,False,False
∞,t,com.apple.keylayout.Irish,,True,True,False,False
⁄,1,com.apple.keylayout.Irish,,True,True,False,False
™,2,com.apple.keylayout.Irish,,True,True,False,False
‹,3,com.apple.keylayout.Irish,,True,True,False,False
›,4,com.apple.keylayout.Irish,,True,True,False,False
^,6,com.apple.keylayout.Irish,,True,True,False,False
†,5,com.apple.keylayout.Irish,,True,True,False,False
±,=,com.apple.keylayout.Irish,,True,True,False,False
·,9,com.apple.keylayout.Irish,,True,True,False,False
&,7,com.apple.keylayout.Irish,,True,True,False,False
—,-,com.apple.keylayout.Irish,,True,True,False,False
•,8,com.apple.keylayout.Irish,,True,True,False,False
°,0,com.apple.keylayout.Irish,,True,True,False,False
’,],com.apple.keylayout.Irish,,True,True,False,False
Ó,o,com.apple.keylayout.Irish,,True,True,False,False
Ú,u,com.apple.keylayout.Irish,,True,True,False,False
”,[,com.apple.keylayout.Irish,,True,True,False,False
Í,i,com.apple.keylayout.Irish,,True,True,False,False
∏,p,com.apple.keylayout.Irish,,True,True,False,False
¬,l,com.apple.keylayout.Irish,,True,True,False,False
˝,j,com.apple.keylayout.Irish,,True,True,False,False
Æ,',com.apple.keylayout.Irish,,True,True,False,False
,k,com.apple.keylayout.Irish,,True,True,False,False
‡,;,com.apple.keylayout.Irish,,True,True,False,False
»,\,com.apple.keylayout.Irish,,True,True,False,False
„,",",com.apple.keylayout.Irish,,True,True,False,False
¿,/,com.apple.keylayout.Irish,,True,True,False,False
˜,n,com.apple.keylayout.Irish,,True,True,False,False
˛,m,com.apple.keylayout.Irish,,True,True,False,False
◊,.,com.apple.keylayout.Irish,,True,True,False,False
 , ,com.apple.keylayout.Irish,,True,True,False,False
`,`,com.apple.keylayout.Irish,50,True,True,False,False
ش,ش,com.apple.keylayout.Arabic,,False,False,False,False
س,س,com.apple.keylayout.Arabic,,False,False,False,False
ي,ي,com.apple.keylayout.Arabic,,False,False,False,False
ب,ب,com.apple.keylayout.Arabic,,False,False,False,False
ا,ا,com.apple.keylayout.Arabic,,False,False,False,False
ل,ل,com.apple.keylayout.Arabic,,False,False,False,False
ظ,ظ,com.apple.keylayout.Arabic,,False,False,False,False
ط,ط,com.apple.keylayout.Arabic,,False,False,False,False
ذ,ذ,com.apple.keylayout.Arabic,,False,False,False,False
د,د,com.apple.keylayout.Arabic,,False,False,False,False
ز,ز,com.apple.keylayout.Arabic,,False,False,False,False
ض,ض,com.apple.keylayout.Arabic,,False,False,False,False
ص,ص,com.apple.keylayout.Arabic,,False,False,False,False
ث,ث,com.apple.keylayout.Arabic,,False,False,False,False
ق,ق,com.apple.keylayout.Arabic,,False,False,False,False
غ,غ,com.apple.keylayout.Arabic,,False,False,False,False
ف,ف,com.apple.keylayout.Arabic,,False,False,False,False
١,١,com.apple.keylayout.Arabic,,False,False,False,False
٢,٢,com.apple.keylayout.Arabic,,False,False,False,False
٣,٣,com.apple.keylayout.Arabic,,False,False,False,False
٤,٤,com.apple.keylayout.Arabic,,False,False,False,False
٦,٦,com.apple.keylayout.Arabic,,False,False,False,False
٥,٥,com.apple.keylayout.Arabic,,False,False,False,False
=,=,com.apple.keylayout.Arabic,,False,False,False,False
٩,٩,com.apple.keylayout.Arabic,,False,False,False,False
٧,٧,com.apple.keylayout.Arabic,,False,False,False,False
-,-,com.apple.keylayout.Arabic,,False,False,False,False
٨,٨,com.apple.keylayout.Arabic,,False,False,False,False
٠,٠,com.apple.keylayout.Arabic,,False,False,False,False
ة,ة,com.apple.keylayout.Arabic,,False,False,False,False
خ,خ,com.apple.keylayout.Arabic,,False,False,False,False
ع,ع,com.apple.keylayout.Arabic,,False,False,False,False
ج,ج,com.apple.keylayout.Arabic,,False,False,False,False
ه,ه,com.apple.keylayout.Arabic,,False,False,False,False
ح,ح,com.apple.keylayout.Arabic,,False,False,False,False
م,م,com.apple.keylayout.Arabic,,False,False,False,False
ت,ت,com.apple.keylayout.Arabic,,False,False,False,False
؛,؛,com.apple.keylayout.Arabic,,False,False,False,False
ن,ن,com.apple.keylayout.Arabic,,False,False,False,False
ك,ك,com.apple.keylayout.Arabic,,False,False,False,False
\,\,com.apple.keylayout.Arabic,,False,False,False,False
،,،,com.apple.keylayout.Arabic,,False,False,False,False
/,/,com.apple.keylayout.Arabic,,False,False,False,False
ر,ر,com.apple.keylayout.Arabic,,False,False,False,False
و,و,com.apple.keylayout.Arabic,,False,False,False,False
.,.,com.apple.keylayout.Arabic,,False,False,False,False
 , ,com.apple.keylayout.Arabic,,False,False,False,False
ـ,ـ,com.apple.keylayout.Arabic,50,False,False,False,False
«,ش,com.apple.keylayout.Arabic,,False,True,False,False
»,س,com.apple.keylayout.Arabic,,False,True,False,False
ى,ي,com.apple.keylayout.Arabic,,False,True,False,False
آ,ا,com.apple.keylayout.Arabic,,False,True,False,False
',ظ,com.apple.keylayout.Arabic,,False,True,False,False
ئ,ذ,com.apple.keylayout.Arabic,,False,True,False,False
ء,د,com.apple.keylayout.Arabic,,False,True,False,False
أ,ز,com.apple.keylayout.Arabic,,False,True,False,False
َ,ض,com.apple.keylayout.Arabic,,False,True,False,False
ً,ص,com.apple.keylayout.Arabic,,False,True,False,False
ِ,ث,com.apple.keylayout.Arabic,,False,True,False,False
ٍ,ق,com.apple.keylayout.Arabic,,False,True,False,False
ٌ,غ,com.apple.keylayout.Arabic,,False,True,False,False
ُ,ف,com.apple.keylayout.Arabic,,False,True,False,False
!,١,com.apple.keylayout.Arabic,,False,True,False,False
❊,٢,com.apple.keylayout.Arabic,,False,True,False,False
#,٣,com.apple.keylayout.Arabic,,False,True,False,False
$,٤,com.apple.keylayout.Arabic,,False,True,False,False
^,٦,com.apple.keylayout.Arabic,,False,True,False,False
٪,٥,com.apple.keylayout.Arabic,,False,True,False,False
+,=,com.apple.keylayout.Arabic,,False,True,False,False
),٩,com.apple.keylayout.Arabic,,False,True,False,False
&,٧,com.apple.keylayout.Arabic,,False,True,False,False
ـ,-,com.apple.keylayout.Arabic,,False,True,False,False
*,٨,com.apple.keylayout.Arabic,,False,True,False,False
(,٠,com.apple.keylayout.Arabic,,False,True,False,False
{,ة,com.apple.keylayout.Arabic,,False,True,False,False
],خ,com.apple.keylayout.Arabic,,False,True,False,False
ْ,ع,com.apple.keylayout.Arabic,,False,True,False,False
},ج,com.apple.keylayout.Arabic,,False,True,False,False
ّ,ه,com.apple.keylayout.Arabic,,False,True,False,False
[,ح,com.apple.keylayout.Arabic,,False,True,False,False
"""",؛,com.apple.keylayout.Arabic,,False,True,False,False
:,ك,com.apple.keylayout.Arabic,,False,True,False,False
|,\,com.apple.keylayout.Arabic,,False,True,False,False
>,،,com.apple.keylayout.Arabic,,False,True,False,False
؟,/,com.apple.keylayout.Arabic,,False,True,False,False
إ,ر,com.apple.keylayout.Arabic,,False,True,False,False
ؤ,و,com.apple.keylayout.Arabic,,False,True,False,False
<,.,com.apple.keylayout.Arabic,,False,True,False,False
 , ,com.apple.keylayout.Arabic,,False,True,False,False
ے,س,com.apple.keylayout.Arabic,,True,False,False,False
ی,ي,com.apple.keylayout.Arabic,,True,False,False,False
پ,ب,com.apple.keylayout.Arabic,,True,False,False,False
ڈ,ذ,com.apple.keylayout.Arabic,,True,False,False,False
ڑ,د,com.apple.keylayout.Arabic,,True,False,False,False
ژ,ز,com.apple.keylayout.Arabic,,True,False,False,False
ڤ,ف,com.apple.keylayout.Arabic,,True,False,False,False
ظ,١,com.apple.keylayout.Arabic,,True,False,False,False
ط,٢,com.apple.keylayout.Arabic,,True,False,False,False
ذ,٣,com.apple.keylayout.Arabic,,True,False,False,False
د,٤,com.apple.keylayout.Arabic,,True,False,False,False
_,-,com.apple.keylayout.Arabic,,True,False,False,False
ە,ع,com.apple.keylayout.Arabic,,True,False,False,False
چ,ج,com.apple.keylayout.Arabic,,True,False,False,False
ٹ,ت,com.apple.keylayout.Arabic,,True,False,False,False
…,؛,com.apple.keylayout.Arabic,,True,False,False,False
ں,ن,com.apple.keylayout.Arabic,,True,False,False,False
گ,ك,com.apple.keylayout.Arabic,,True,False,False,False
",",،,com.apple.keylayout.Arabic,,True,False,False,False
÷,/,com.apple.keylayout.Arabic,,True,False,False,False
 , ,com.apple.keylayout.Arabic,,True,False,False,False
ے,س,com.apple.keylayout.Arabic,,True,True,False,False
ی,ي,com.apple.keylayout.Arabic,,True,True,False,False
پ,ب,com.apple.keylayout.Arabic,,True,True,False,False
ڈ,ذ,com.apple.keylayout.Arabic,,True,True,False,False
ڑ,د,com.apple.keylayout.Arabic,,True,True,False,False
ژ,ز,com.apple.keylayout.Arabic,,True,True,False,False
ڤ,ف,com.apple.keylayout.Arabic,,True,True,False,False
ظ,١,com.apple.keylayout.Arabic,,True,True,False,False
ط,٢,com.apple.keylayout.Arabic,,True,True,False,False
ذ,٣,com.apple.keylayout.Arabic,,True,True,False,False
€,٤,com.apple.keylayout.Arabic,,True,True,False,False
_,-,com.apple.keylayout.Arabic,,True,True,False,False
ە,ع,com.apple.keylayout.Arabic,,True,True,False,False
چ,ج,com.apple.keylayout.Arabic,,True,True,False,False
ٹ,ت,com.apple.keylayout.Arabic,,True,True,False,False
…,؛,com.apple.keylayout.Arabic,,True,True,False,False
ں,ن,com.apple.keylayout.Arabic,,True,True,False,False
ک,ك,com.apple.keylayout.Arabic,,True,True,False,False
",",،,com.apple.keylayout.Arabic,,True,True,False,False
÷,/,com.apple.keylayout.Arabic,,True,True,False,False
 , ,com.apple.keylayout.Arabic,,True,True,False,False
s,s,com.apple.keylayout.Vietnamese,,False,False,False,False
d,d,com.apple.keylayout.Vietnamese,,False,False,False,False
f,f,com.apple.keylayout.Vietnamese,,False,False,False,False
h,h,com.apple.keylayout.Vietnamese,,False,False,False,False
g,g,com.apple.keylayout.Vietnamese,,False,False,False,False
z,z,com.apple.keylayout.Vietnamese,,False,False,False,False
x,x,com.apple.keylayout.Vietnamese,,False,False,False,False
c,c,com.apple.keylayout.Vietnamese,,False,False,False,False
v,v,com.apple.keylayout.Vietnamese,,False,False,False,False
¤,¤,com.apple.keylayout.Vietnamese,10,False,False,False,False
b,b,com.apple.keylayout.Vietnamese,,False,False,False,False
q,q,com.apple.keylayout.Vietnamese,,False,False,False,False
w,w,com.apple.keylayout.Vietnamese,,False,False,False,False
r,r,com.apple.keylayout.Vietnamese,,False,False,False,False
t,t,com.apple.keylayout.Vietnamese,,False,False,False,False
 ̉, ̉,com.apple.keylayout.Vietnamese,,False,False,False,False
`,`,com.apple.keylayout.Vietnamese,,False,False,False,False
₫,₫,com.apple.keylayout.Vietnamese,,False,False,False,False
 ̣, ̣,com.apple.keylayout.Vietnamese,,False,False,False,False
~,~,com.apple.keylayout.Vietnamese,,False,False,False,False
-,-,com.apple.keylayout.Vietnamese,,False,False,False,False
´,´,com.apple.keylayout.Vietnamese,,False,False,False,False
đ,đ,com.apple.keylayout.Vietnamese,,False,False,False,False
p,p,com.apple.keylayout.Vietnamese,,False,False,False,False
l,l,com.apple.keylayout.Vietnamese,,False,False,False,False
j,j,com.apple.keylayout.Vietnamese,,False,False,False,False
',',com.apple.keylayout.Vietnamese,,False,False,False,False
k,k,com.apple.keylayout.Vietnamese,,False,False,False,False
;,;,com.apple.keylayout.Vietnamese,,False,False,False,False
\,\,com.apple.keylayout.Vietnamese,,False,False,False,False
",",",",com.apple.keylayout.Vietnamese,,False,False,False,False
/,/,com.apple.keylayout.Vietnamese,,False,False,False,False
n,n,com.apple.keylayout.Vietnamese,,False,False,False,False
m,m,com.apple.keylayout.Vietnamese,,False,False,False,False
.,.,com.apple.keylayout.Vietnamese,,False,False,False,False
 , ,com.apple.keylayout.Vietnamese,,False,False,False,False
`,`,com.apple.keylayout.Vietnamese,50,False,False,False,False
S,s,com.apple.keylayout.Vietnamese,,False,True,False,False
D,d,com.apple.keylayout.Vietnamese,,False,True,False,False
F,f,com.apple.keylayout.Vietnamese,,False,True,False,False
H,h,com.apple.keylayout.Vietnamese,,False,True,False,False
G,g,com.apple.keylayout.Vietnamese,,False,True,False,False
Z,z,com.apple.keylayout.Vietnamese,,False,True,False,False
X,x,com.apple.keylayout.Vietnamese,,False,True,False,False
C,c,com.apple.keylayout.Vietnamese,,False,True,False,False
V,v,com.apple.keylayout.Vietnamese,,False,True,False,False
±,¤,com.apple.keylayout.Vietnamese,10,False,True,False,False
B,b,com.apple.keylayout.Vietnamese,,False,True,False,False
Q,q,com.apple.keylayout.Vietnamese,,False,True,False,False
W,w,com.apple.keylayout.Vietnamese,,False,True,False,False
R,r,com.apple.keylayout.Vietnamese,,False,True,False,False
T,t,com.apple.keylayout.Vietnamese,,False,True,False,False
 ̉, ̉,com.apple.keylayout.Vietnamese,,False,True,False,False
`,`,com.apple.keylayout.Vietnamese,,False,True,False,False
+,₫,com.apple.keylayout.Vietnamese,,False,True,False,False
 ̣, ̣,com.apple.keylayout.Vietnamese,,False,True,False,False
~,~,com.apple.keylayout.Vietnamese,,False,True,False,False
_,-,com.apple.keylayout.Vietnamese,,False,True,False,False
´,´,com.apple.keylayout.Vietnamese,,False,True,False,False
Đ,đ,com.apple.keylayout.Vietnamese,,False,True,False,False
P,p,com.apple.keylayout.Vietnamese,,False,True,False,False
L,l,com.apple.keylayout.Vietnamese,,False,True,False,False
J,j,com.apple.keylayout.Vietnamese,,False,True,False,False
"""",',com.apple.keylayout.Vietnamese,,False,True,False,False
K,k,com.apple.keylayout.Vietnamese,,False,True,False,False
:,;,com.apple.keylayout.Vietnamese,,False,True,False,False
|,\,com.apple.keylayout.Vietnamese,,False,True,False,False
<,",",com.apple.keylayout.Vietnamese,,False,True,False,False
?,/,com.apple.keylayout.Vietnamese,,False,True,False,False
N,n,com.apple.keylayout.Vietnamese,,False,True,False,False
M,m,com.apple.keylayout.Vietnamese,,False,True,False,False
>,.,com.apple.keylayout.Vietnamese,,False,True,False,False
 , ,com.apple.keylayout.Vietnamese,,False,True,False,False
~,`,com.apple.keylayout.Vietnamese,50,False,True,False,False
ß,s,com.apple.keylayout.Vietnamese,,True,False,False,False
©,g,com.apple.keylayout.Vietnamese,,True,False,False,False
ç,v,com.apple.keylayout.Vietnamese,,True,False,False,False
¤,¤,com.apple.keylayout.Vietnamese,10,True,False,False,False
̆,b,com.apple.keylayout.Vietnamese,,True,False,False,False
®,r,com.apple.keylayout.Vietnamese,,True,False,False,False
™,t,com.apple.keylayout.Vietnamese,,True,False,False,False
6, ̉,com.apple.keylayout.Vietnamese,,True,False,False,False
5,`,com.apple.keylayout.Vietnamese,,True,False,False,False
=,₫,com.apple.keylayout.Vietnamese,,True,False,False,False
9, ̣,com.apple.keylayout.Vietnamese,,True,False,False,False
7,~,com.apple.keylayout.Vietnamese,,True,False,False,False
-,-,com.apple.keylayout.Vietnamese,,True,False,False,False
8,´,com.apple.keylayout.Vietnamese,,True,False,False,False
0,đ,com.apple.keylayout.Vietnamese,,True,False,False,False
£,l,com.apple.keylayout.Vietnamese,,True,False,False,False
ñ,n,com.apple.keylayout.Vietnamese,,True,False,False,False
µ,m,com.apple.keylayout.Vietnamese,,True,False,False,False
 , ,com.apple.keylayout.Vietnamese,,True,False,False,False
Ç,v,com.apple.keylayout.Vietnamese,,True,True,False,False
±,¤,com.apple.keylayout.Vietnamese,10,True,True,False,False
^, ̉,com.apple.keylayout.Vietnamese,,True,True,False,False
%,`,com.apple.keylayout.Vietnamese,,True,True,False,False
+,₫,com.apple.keylayout.Vietnamese,,True,True,False,False
(, ̣,com.apple.keylayout.Vietnamese,,True,True,False,False
&,~,com.apple.keylayout.Vietnamese,,True,True,False,False
_,-,com.apple.keylayout.Vietnamese,,True,True,False,False
*,´,com.apple.keylayout.Vietnamese,,True,True,False,False
),đ,com.apple.keylayout.Vietnamese,,True,True,False,False
Ñ,n,com.apple.keylayout.Vietnamese,,True,True,False,False
 , ,com.apple.keylayout.Vietnamese,,True,True,False,False
a,a,com.apple.keylayout.Turkish-QWERTY-PC,,False,False,False,False
s,s,com.apple.keylayout.Turkish-QWERTY-PC,,False,False,False,False
d,d,com.apple.keylayout.Turkish-QWERTY-PC,,False,False,False,False
f,f,com.apple.keylayout.Turkish-QWERTY-PC,,False,False,False,False
h,h,com.apple.keylayout.Turkish-QWERTY-PC,,False,False,False,False
g,g,com.apple.keylayout.Turkish-QWERTY-PC,,False,False,False,False
z,z,com.apple.keylayout.Turkish-QWERTY-PC,,False,False,False,False
x,x,com.apple.keylayout.Turkish-QWERTY-PC,,False,False,False,False
c,c,com.apple.keylayout.Turkish-QWERTY-PC,,False,False,False,False
v,v,com.apple.keylayout.Turkish-QWERTY-PC,,False,False,False,False
"""","""",com.apple.keylayout.Turkish-QWERTY-PC,10,False,False,False,False
b,b,com.apple.keylayout.Turkish-QWERTY-PC,,False,False,False,False
q,q,com.apple.keylayout.Turkish-QWERTY-PC,,False,False,False,False
w,w,com.apple.keylayout.Turkish-QWERTY-PC,,False,False,False,False
e,e,com.apple.keylayout.Turkish-QWERTY-PC,,False,False,False,False
r,r,com.apple.keylayout.Turkish-QWERTY-PC,,False,False,False,False
y,y,com.apple.keylayout.Turkish-QWERTY-PC,,False,False,False,False
t,t,com.apple.keylayout.Turkish-QWERTY-PC,,False,False,False,False
1,1,com.apple.keylayout.Turkish-QWERTY-PC,,False,False,False,False
2,2,com.apple.keylayout.Turkish-QWERTY-PC,,False,False,False,False
3,3,com.apple.keylayout.Turkish-QWERTY-PC,,False,False,False,False
4,4,com.apple.keylayout.Turkish-QWERTY-PC,,False,False,False,False
6,6,com.apple.keylayout.Turkish-QWERTY-PC,,False,False,False,False
5,5,com.apple.keylayout.Turkish-QWERTY-PC,,False,False,False,False
-,-,com.apple.keylayout.Turkish-QWERTY-PC,,False,False,False,False
9,9,com.apple.keylayout.Turkish-QWERTY-PC,,False,False,False,False
7,7,com.apple.keylayout.Turkish-QWERTY-PC,,False,False,False,False
*,*,com.apple.keylayout.Turkish-QWERTY-PC,,False,False,False,False
8,8,com.apple.keylayout.Turkish-QWERTY-PC,,False,False,False,False
0,0,com.apple.keylayout.Turkish-QWERTY-PC,,False,False,False,False
ü,ü,com.apple.keylayout.Turkish-QWERTY-PC,,False,False,False,False
o,o,com.apple.keylayout.Turkish-QWERTY-PC,,False,False,False,False
u,u,com.apple.keylayout.Turkish-QWERTY-PC,,False,False,False,False
ğ,ğ,com.apple.keylayout.Turkish-QWERTY-PC,,False,False,False,False
ı,ı,com.apple.keylayout.Turkish-QWERTY-PC,,False,False,False,False
p,p,com.apple.keylayout.Turkish-QWERTY-PC,,False,False,False,False
l,l,com.apple.keylayout.Turkish-QWERTY-PC,,False,False,False,False
j,j,com.apple.keylayout.Turkish-QWERTY-PC,,False,False,False,False
i,i,com.apple.keylayout.Turkish-QWERTY-PC,,False,False,False,False
k,k,com.apple.keylayout.Turkish-QWERTY-PC,,False,False,False,False
ş,ş,com.apple.keylayout.Turkish-QWERTY-PC,,False,False,False,False
",",",",com.apple.keylayout.Turkish-QWERTY-PC,,False,False,False,False
ö,ö,com.apple.keylayout.Turkish-QWERTY-PC,,False,False,False,False
.,.,com.apple.keylayout.Turkish-QWERTY-PC,,False,False,False,False
n,n,com.apple.keylayout.Turkish-QWERTY-PC,,False,False,False,False
m,m,com.apple.keylayout.Turkish-QWERTY-PC,,False,False,False,False
ç,ç,com.apple.keylayout.Turkish-QWERTY-PC,,False,False,False,False
 , ,com.apple.keylayout.Turkish-QWERTY-PC,,False,False,False,False
<,<,com.apple.keylayout.Turkish-QWERTY-PC,50,False,False,False,False
A,a,com.apple.keylayout.Turkish-QWERTY-PC,,False,True,False,False
S,s,com.apple.keylayout.Turkish-QWERTY-PC,,False,True,False,False
D,d,com.apple.keylayout.Turkish-QWERTY-PC,,False,True,False,False
F,f,com.apple.keylayout.Turkish-QWERTY-PC,,False,True,False,False
H,h,com.apple.keylayout.Turkish-QWERTY-PC,,False,True,False,False
G,g,com.apple.keylayout.Turkish-QWERTY-PC,,False,True,False,False
Z,z,com.apple.keylayout.Turkish-QWERTY-PC,,False,True,False,False
X,x,com.apple.keylayout.Turkish-QWERTY-PC,,False,True,False,False
C,c,com.apple.keylayout.Turkish-QWERTY-PC,,False,True,False,False
V,v,com.apple.keylayout.Turkish-QWERTY-PC,,False,True,False,False
é,"""",com.apple.keylayout.Turkish-QWERTY-PC,10,False,True,False,False
B,b,com.apple.keylayout.Turkish-QWERTY-PC,,False,True,False,False
Q,q,com.apple.keylayout.Turkish-QWERTY-PC,,False,True,False,False
W,w,com.apple.keylayout.Turkish-QWERTY-PC,,False,True,False,False
E,e,com.apple.keylayout.Turkish-QWERTY-PC,,False,True,False,False
R,r,com.apple.keylayout.Turkish-QWERTY-PC,,False,True,False,False
Y,y,com.apple.keylayout.Turkish-QWERTY-PC,,False,True,False,False
T,t,com.apple.keylayout.Turkish-QWERTY-PC,,False,True,False,False
!,1,com.apple.keylayout.Turkish-QWERTY-PC,,False,True,False,False
',2,com.apple.keylayout.Turkish-QWERTY-PC,,False,True,False,False
^,3,com.apple.keylayout.Turkish-QWERTY-PC,,False,True,False,False
+,4,com.apple.keylayout.Turkish-QWERTY-PC,,False,True,False,False
&,6,com.apple.keylayout.Turkish-QWERTY-PC,,False,True,False,False
%,5,com.apple.keylayout.Turkish-QWERTY-PC,,False,True,False,False
_,-,com.apple.keylayout.Turkish-QWERTY-PC,,False,True,False,False
),9,com.apple.keylayout.Turkish-QWERTY-PC,,False,True,False,False
/,7,com.apple.keylayout.Turkish-QWERTY-PC,,False,True,False,False
?,*,com.apple.keylayout.Turkish-QWERTY-PC,,False,True,False,False
(,8,com.apple.keylayout.Turkish-QWERTY-PC,,False,True,False,False
=,0,com.apple.keylayout.Turkish-QWERTY-PC,,False,True,False,False
Ü,ü,com.apple.keylayout.Turkish-QWERTY-PC,,False,True,False,False
O,o,com.apple.keylayout.Turkish-QWERTY-PC,,False,True,False,False
U,u,com.apple.keylayout.Turkish-QWERTY-PC,,False,True,False,False
Ğ,ğ,com.apple.keylayout.Turkish-QWERTY-PC,,False,True,False,False
I,ı,com.apple.keylayout.Turkish-QWERTY-PC,,False,True,False,False
P,p,com.apple.keylayout.Turkish-QWERTY-PC,,False,True,False,False
L,l,com.apple.keylayout.Turkish-QWERTY-PC,,False,True,False,False
J,j,com.apple.keylayout.Turkish-QWERTY-PC,,False,True,False,False
İ,i,com.apple.keylayout.Turkish-QWERTY-PC,,False,True,False,False
K,k,com.apple.keylayout.Turkish-QWERTY-PC,,False,True,False,False
Ş,ş,com.apple.keylayout.Turkish-QWERTY-PC,,False,True,False,False
;,",",com.apple.keylayout.Turkish-QWERTY-PC,,False,True,False,False
Ö,ö,com.apple.keylayout.Turkish-QWERTY-PC,,False,True,False,False
:,.,com.apple.keylayout.Turkish-QWERTY-PC,,False,True,False,False
N,n,com.apple.keylayout.Turkish-QWERTY-PC,,False,True,False,False
M,m,com.apple.keylayout.Turkish-QWERTY-PC,,False,True,False,False
Ç,ç,com.apple.keylayout.Turkish-QWERTY-PC,,False,True,False,False
 , ,com.apple.keylayout.Turkish-QWERTY-PC,,False,True,False,False
>,<,com.apple.keylayout.Turkish-QWERTY-PC,50,False,True,False,False
æ,a,com.apple.keylayout.Turkish-QWERTY-PC,,True,False,False,False
ß,s,com.apple.keylayout.Turkish-QWERTY-PC,,True,False,False,False
∂,d,com.apple.keylayout.Turkish-QWERTY-PC,,True,False,False,False
ƒ,f,com.apple.keylayout.Turkish-QWERTY-PC,,True,False,False,False
ğ,g,com.apple.keylayout.Turkish-QWERTY-PC,,True,False,False,False
Ω,z,com.apple.keylayout.Turkish-QWERTY-PC,,True,False,False,False
≈,x,com.apple.keylayout.Turkish-QWERTY-PC,,True,False,False,False
ç,c,com.apple.keylayout.Turkish-QWERTY-PC,,True,False,False,False
√,v,com.apple.keylayout.Turkish-QWERTY-PC,,True,False,False,False
∫,b,com.apple.keylayout.Turkish-QWERTY-PC,,True,False,False,False
@,q,com.apple.keylayout.Turkish-QWERTY-PC,,True,False,False,False
∑,w,com.apple.keylayout.Turkish-QWERTY-PC,,True,False,False,False
´,e,com.apple.keylayout.Turkish-QWERTY-PC,,True,False,False,False
®,r,com.apple.keylayout.Turkish-QWERTY-PC,,True,False,False,False
¥,y,com.apple.keylayout.Turkish-QWERTY-PC,,True,False,False,False
†,t,com.apple.keylayout.Turkish-QWERTY-PC,,True,False,False,False
¡,1,com.apple.keylayout.Turkish-QWERTY-PC,,True,False,False,False
™,2,com.apple.keylayout.Turkish-QWERTY-PC,,True,False,False,False
#,3,com.apple.keylayout.Turkish-QWERTY-PC,,True,False,False,False
$,4,com.apple.keylayout.Turkish-QWERTY-PC,,True,False,False,False
§,6,com.apple.keylayout.Turkish-QWERTY-PC,,True,False,False,False
∞,5,com.apple.keylayout.Turkish-QWERTY-PC,,True,False,False,False
≠,-,com.apple.keylayout.Turkish-QWERTY-PC,,True,False,False,False
],9,com.apple.keylayout.Turkish-QWERTY-PC,,True,False,False,False
{,7,com.apple.keylayout.Turkish-QWERTY-PC,,True,False,False,False
\,*,com.apple.keylayout.Turkish-QWERTY-PC,,True,False,False,False
[,8,com.apple.keylayout.Turkish-QWERTY-PC,,True,False,False,False
},0,com.apple.keylayout.Turkish-QWERTY-PC,,True,False,False,False
ö,o,com.apple.keylayout.Turkish-QWERTY-PC,,True,False,False,False
ü,u,com.apple.keylayout.Turkish-QWERTY-PC,,True,False,False,False
i,ı,com.apple.keylayout.Turkish-QWERTY-PC,,True,False,False,False
π,p,com.apple.keylayout.Turkish-QWERTY-PC,,True,False,False,False
¬,l,com.apple.keylayout.Turkish-QWERTY-PC,,True,False,False,False
∆,j,com.apple.keylayout.Turkish-QWERTY-PC,,True,False,False,False
æ,i,com.apple.keylayout.Turkish-QWERTY-PC,,True,False,False,False
¨,k,com.apple.keylayout.Turkish-QWERTY-PC,,True,False,False,False
≤,ö,com.apple.keylayout.Turkish-QWERTY-PC,,True,False,False,False
÷,.,com.apple.keylayout.Turkish-QWERTY-PC,,True,False,False,False
~,n,com.apple.keylayout.Turkish-QWERTY-PC,,True,False,False,False
µ,m,com.apple.keylayout.Turkish-QWERTY-PC,,True,False,False,False
≥,ç,com.apple.keylayout.Turkish-QWERTY-PC,,True,False,False,False
 , ,com.apple.keylayout.Turkish-QWERTY-PC,,True,False,False,False
|,<,com.apple.keylayout.Turkish-QWERTY-PC,50,True,False,False,False
Æ,a,com.apple.keylayout.Turkish-QWERTY-PC,,True,True,False,False
Ş,s,com.apple.keylayout.Turkish-QWERTY-PC,,True,True,False,False
Î,d,com.apple.keylayout.Turkish-QWERTY-PC,,True,True,False,False
Ï,f,com.apple.keylayout.Turkish-QWERTY-PC,,True,True,False,False
Ó,h,com.apple.keylayout.Turkish-QWERTY-PC,,True,True,False,False
Ğ,g,com.apple.keylayout.Turkish-QWERTY-PC,,True,True,False,False
Û,z,com.apple.keylayout.Turkish-QWERTY-PC,,True,True,False,False
Ù,x,com.apple.keylayout.Turkish-QWERTY-PC,,True,True,False,False
Ç,c,com.apple.keylayout.Turkish-QWERTY-PC,,True,True,False,False
◊,v,com.apple.keylayout.Turkish-QWERTY-PC,,True,True,False,False
ß,b,com.apple.keylayout.Turkish-QWERTY-PC,,True,True,False,False
Œ,q,com.apple.keylayout.Turkish-QWERTY-PC,,True,True,False,False
„,w,com.apple.keylayout.Turkish-QWERTY-PC,,True,True,False,False
‰,e,com.apple.keylayout.Turkish-QWERTY-PC,,True,True,False,False
Â,r,com.apple.keylayout.Turkish-QWERTY-PC,,True,True,False,False
Á,y,com.apple.keylayout.Turkish-QWERTY-PC,,True,True,False,False
Ê,t,com.apple.keylayout.Turkish-QWERTY-PC,,True,True,False,False
·,1,com.apple.keylayout.Turkish-QWERTY-PC,,True,True,False,False
€,2,com.apple.keylayout.Turkish-QWERTY-PC,,True,True,False,False
,3,com.apple.keylayout.Turkish-QWERTY-PC,,True,True,False,False
‚,4,com.apple.keylayout.Turkish-QWERTY-PC,,True,True,False,False
˙,6,com.apple.keylayout.Turkish-QWERTY-PC,,True,True,False,False
˚,5,com.apple.keylayout.Turkish-QWERTY-PC,,True,True,False,False
±,-,com.apple.keylayout.Turkish-QWERTY-PC,,True,True,False,False
Ø,9,com.apple.keylayout.Turkish-QWERTY-PC,,True,True,False,False
‡,7,com.apple.keylayout.Turkish-QWERTY-PC,,True,True,False,False
—,*,com.apple.keylayout.Turkish-QWERTY-PC,,True,True,False,False
°,8,com.apple.keylayout.Turkish-QWERTY-PC,,True,True,False,False
ø,0,com.apple.keylayout.Turkish-QWERTY-PC,,True,True,False,False
’,ü,com.apple.keylayout.Turkish-QWERTY-PC,,True,True,False,False
Ö,o,com.apple.keylayout.Turkish-QWERTY-PC,,True,True,False,False
Ü,u,com.apple.keylayout.Turkish-QWERTY-PC,,True,True,False,False
”,ğ,com.apple.keylayout.Turkish-QWERTY-PC,,True,True,False,False
|,ı,com.apple.keylayout.Turkish-QWERTY-PC,,True,True,False,False
∏,p,com.apple.keylayout.Turkish-QWERTY-PC,,True,True,False,False
Ò,l,com.apple.keylayout.Turkish-QWERTY-PC,,True,True,False,False
Ô,j,com.apple.keylayout.Turkish-QWERTY-PC,,True,True,False,False
Æ,i,com.apple.keylayout.Turkish-QWERTY-PC,,True,True,False,False
©,k,com.apple.keylayout.Turkish-QWERTY-PC,,True,True,False,False
Ú,ş,com.apple.keylayout.Turkish-QWERTY-PC,,True,True,False,False
»,",",com.apple.keylayout.Turkish-QWERTY-PC,,True,True,False,False
¯,ö,com.apple.keylayout.Turkish-QWERTY-PC,,True,True,False,False
¿,.,com.apple.keylayout.Turkish-QWERTY-PC,,True,True,False,False
ˆ,n,com.apple.keylayout.Turkish-QWERTY-PC,,True,True,False,False
˜,m,com.apple.keylayout.Turkish-QWERTY-PC,,True,True,False,False
˘,ç,com.apple.keylayout.Turkish-QWERTY-PC,,True,True,False,False
 , ,com.apple.keylayout.Turkish-QWERTY-PC,,True,True,False,False
Ÿ,<,com.apple.keylayout.Turkish-QWERTY-PC,50,True,True,False,False
a,a,com.apple.keylayout.Czech,,False,False,False,False
s,s,com.apple.keylayout.Czech,,False,False,False,False
d,d,com.apple.keylayout.Czech,,False,False,False,False
f,f,com.apple.keylayout.Czech,,False,False,False,False
h,h,com.apple.keylayout.Czech,,False,False,False,False
g,g,com.apple.keylayout.Czech,,False,False,False,False
y,y,com.apple.keylayout.Czech,,False,False,False,False
x,x,com.apple.keylayout.Czech,,False,False,False,False
c,c,com.apple.keylayout.Czech,,False,False,False,False
v,v,com.apple.keylayout.Czech,,False,False,False,False
<,<,com.apple.keylayout.Czech,10,False,False,False,False
b,b,com.apple.keylayout.Czech,,False,False,False,False
q,q,com.apple.keylayout.Czech,,False,False,False,False
w,w,com.apple.keylayout.Czech,,False,False,False,False
e,e,com.apple.keylayout.Czech,,False,False,False,False
r,r,com.apple.keylayout.Czech,,False,False,False,False
z,z,com.apple.keylayout.Czech,,False,False,False,False
t,t,com.apple.keylayout.Czech,,False,False,False,False
+,+,com.apple.keylayout.Czech,,False,False,False,False
ě,ě,com.apple.keylayout.Czech,,False,False,False,False
š,š,com.apple.keylayout.Czech,,False,False,False,False
č,č,com.apple.keylayout.Czech,,False,False,False,False
ž,ž,com.apple.keylayout.Czech,,False,False,False,False
ř,ř,com.apple.keylayout.Czech,,False,False,False,False
í,í,com.apple.keylayout.Czech,,False,False,False,False
ý,ý,com.apple.keylayout.Czech,,False,False,False,False
=,=,com.apple.keylayout.Czech,,False,False,False,False
á,á,com.apple.keylayout.Czech,,False,False,False,False
é,é,com.apple.keylayout.Czech,,False,False,False,False
),),com.apple.keylayout.Czech,,False,False,False,False
o,o,com.apple.keylayout.Czech,,False,False,False,False
u,u,com.apple.keylayout.Czech,,False,False,False,False
ú,ú,com.apple.keylayout.Czech,,False,False,False,False
i,i,com.apple.keylayout.Czech,,False,False,False,False
p,p,com.apple.keylayout.Czech,,False,False,False,False
l,l,com.apple.keylayout.Czech,,False,False,False,False
j,j,com.apple.keylayout.Czech,,False,False,False,False
§,§,com.apple.keylayout.Czech,,False,False,False,False
k,k,com.apple.keylayout.Czech,,False,False,False,False
ů,ů,com.apple.keylayout.Czech,,False,False,False,False
",",",",com.apple.keylayout.Czech,,False,False,False,False
-,-,com.apple.keylayout.Czech,,False,False,False,False
n,n,com.apple.keylayout.Czech,,False,False,False,False
m,m,com.apple.keylayout.Czech,,False,False,False,False
.,.,com.apple.keylayout.Czech,,False,False,False,False
 , ,com.apple.keylayout.Czech,,False,False,False,False
\,\,com.apple.keylayout.Czech,50,False,False,False,False
A,a,com.apple.keylayout.Czech,,False,True,False,False
S,s,com.apple.keylayout.Czech,,False,True,False,False
D,d,com.apple.keylayout.Czech,,False,True,False,False
F,f,com.apple.keylayout.Czech,,False,True,False,False
H,h,com.apple.keylayout.Czech,,False,True,False,False
G,g,com.apple.keylayout.Czech,,False,True,False,False
Y,y,com.apple.keylayout.Czech,,False,True,False,False
X,x,com.apple.keylayout.Czech,,False,True,False,False
C,c,com.apple.keylayout.Czech,,False,True,False,False
V,v,com.apple.keylayout.Czech,,False,True,False,False
>,<,com.apple.keylayout.Czech,10,False,True,False,False
B,b,com.apple.keylayout.Czech,,False,True,False,False
Q,q,com.apple.keylayout.Czech,,False,True,False,False
W,w,com.apple.keylayout.Czech,,False,True,False,False
E,e,com.apple.keylayout.Czech,,False,True,False,False
R,r,com.apple.keylayout.Czech,,False,True,False,False
Z,z,com.apple.keylayout.Czech,,False,True,False,False
T,t,com.apple.keylayout.Czech,,False,True,False,False
1,+,com.apple.keylayout.Czech,,False,True,False,False
2,ě,com.apple.keylayout.Czech,,False,True,False,False
3,š,com.apple.keylayout.Czech,,False,True,False,False
4,č,com.apple.keylayout.Czech,,False,True,False,False
6,ž,com.apple.keylayout.Czech,,False,True,False,False
5,ř,com.apple.keylayout.Czech,,False,True,False,False
9,í,com.apple.keylayout.Czech,,False,True,False,False
7,ý,com.apple.keylayout.Czech,,False,True,False,False
%,=,com.apple.keylayout.Czech,,False,True,False,False
8,á,com.apple.keylayout.Czech,,False,True,False,False
0,é,com.apple.keylayout.Czech,,False,True,False,False
(,),com.apple.keylayout.Czech,,False,True,False,False
O,o,com.apple.keylayout.Czech,,False,True,False,False
U,u,com.apple.keylayout.Czech,,False,True,False,False
/,ú,com.apple.keylayout.Czech,,False,True,False,False
I,i,com.apple.keylayout.Czech,,False,True,False,False
P,p,com.apple.keylayout.Czech,,False,True,False,False
L,l,com.apple.keylayout.Czech,,False,True,False,False
J,j,com.apple.keylayout.Czech,,False,True,False,False
!,§,com.apple.keylayout.Czech,,False,True,False,False
K,k,com.apple.keylayout.Czech,,False,True,False,False
"""",ů,com.apple.keylayout.Czech,,False,True,False,False
?,",",com.apple.keylayout.Czech,,False,True,False,False
_,-,com.apple.keylayout.Czech,,False,True,False,False
N,n,com.apple.keylayout.Czech,,False,True,False,False
M,m,com.apple.keylayout.Czech,,False,True,False,False
:,.,com.apple.keylayout.Czech,,False,True,False,False
 , ,com.apple.keylayout.Czech,,False,True,False,False
|,\,com.apple.keylayout.Czech,50,False,True,False,False
ą,a,com.apple.keylayout.Czech,,True,False,False,False
ß,s,com.apple.keylayout.Czech,,True,False,False,False
∂,d,com.apple.keylayout.Czech,,True,False,False,False
 ,f,com.apple.keylayout.Czech,,True,False,False,False
‘,h,com.apple.keylayout.Czech,,True,False,False,False
 ,g,com.apple.keylayout.Czech,,True,False,False,False
 ,y,com.apple.keylayout.Czech,,True,False,False,False
 ,x,com.apple.keylayout.Czech,,True,False,False,False
 ,c,com.apple.keylayout.Czech,,True,False,False,False
 ,v,com.apple.keylayout.Czech,,True,False,False,False
≤,<,com.apple.keylayout.Czech,10,True,False,False,False
 ,b,com.apple.keylayout.Czech,,True,False,False,False
 ,q,com.apple.keylayout.Czech,,True,False,False,False
ė,w,com.apple.keylayout.Czech,,True,False,False,False
ę,e,com.apple.keylayout.Czech,,True,False,False,False
€,r,com.apple.keylayout.Czech,,True,False,False,False
ż,z,com.apple.keylayout.Czech,,True,False,False,False
 ,t,com.apple.keylayout.Czech,,True,False,False,False
`,+,com.apple.keylayout.Czech,,True,False,False,False
@,ě,com.apple.keylayout.Czech,,True,False,False,False
#,š,com.apple.keylayout.Czech,,True,False,False,False
$,č,com.apple.keylayout.Czech,,True,False,False,False
^,ž,com.apple.keylayout.Czech,,True,False,False,False
~,ř,com.apple.keylayout.Czech,,True,False,False,False
{,í,com.apple.keylayout.Czech,,True,False,False,False
&,ý,com.apple.keylayout.Czech,,True,False,False,False
*,á,com.apple.keylayout.Czech,,True,False,False,False
},é,com.apple.keylayout.Czech,,True,False,False,False
],),com.apple.keylayout.Czech,,True,False,False,False
 ,o,com.apple.keylayout.Czech,,True,False,False,False
 ,u,com.apple.keylayout.Czech,,True,False,False,False
[,ú,com.apple.keylayout.Czech,,True,False,False,False
 ,i,com.apple.keylayout.Czech,,True,False,False,False
 ,p,com.apple.keylayout.Czech,,True,False,False,False
ł,l,com.apple.keylayout.Czech,,True,False,False,False
’,j,com.apple.keylayout.Czech,,True,False,False,False
',§,com.apple.keylayout.Czech,,True,False,False,False
 ,k,com.apple.keylayout.Czech,,True,False,False,False
;,ů,com.apple.keylayout.Czech,,True,False,False,False
<,",",com.apple.keylayout.Czech,,True,False,False,False
–,-,com.apple.keylayout.Czech,,True,False,False,False
‚,n,com.apple.keylayout.Czech,,True,False,False,False
 ,m,com.apple.keylayout.Czech,,True,False,False,False
>,.,com.apple.keylayout.Czech,,True,False,False,False
 , ,com.apple.keylayout.Czech,,True,False,False,False
 ,\,com.apple.keylayout.Czech,50,True,False,False,False
Ą,a,com.apple.keylayout.Czech,,True,True,False,False
∑,s,com.apple.keylayout.Czech,,True,True,False,False
∆,d,com.apple.keylayout.Czech,,True,True,False,False
 ,f,com.apple.keylayout.Czech,,True,True,False,False
“,h,com.apple.keylayout.Czech,,True,True,False,False
 ,g,com.apple.keylayout.Czech,,True,True,False,False
 ,y,com.apple.keylayout.Czech,,True,True,False,False
 ,x,com.apple.keylayout.Czech,,True,True,False,False
©,c,com.apple.keylayout.Czech,,True,True,False,False
√,v,com.apple.keylayout.Czech,,True,True,False,False
≥,<,com.apple.keylayout.Czech,10,True,True,False,False
 ,b,com.apple.keylayout.Czech,,True,True,False,False
 ,q,com.apple.keylayout.Czech,,True,True,False,False
Ė,w,com.apple.keylayout.Czech,,True,True,False,False
Ę,e,com.apple.keylayout.Czech,,True,True,False,False
®,r,com.apple.keylayout.Czech,,True,True,False,False
Ż,z,com.apple.keylayout.Czech,,True,True,False,False
™,t,com.apple.keylayout.Czech,,True,True,False,False
¬,+,com.apple.keylayout.Czech,,True,True,False,False
•,ě,com.apple.keylayout.Czech,,True,True,False,False
≠,š,com.apple.keylayout.Czech,,True,True,False,False
£,č,com.apple.keylayout.Czech,,True,True,False,False
†,ž,com.apple.keylayout.Czech,,True,True,False,False
◊,ř,com.apple.keylayout.Czech,,True,True,False,False
«,í,com.apple.keylayout.Czech,,True,True,False,False
¶,ý,com.apple.keylayout.Czech,,True,True,False,False
÷,á,com.apple.keylayout.Czech,,True,True,False,False
»,é,com.apple.keylayout.Czech,,True,True,False,False
›,),com.apple.keylayout.Czech,,True,True,False,False
 ,o,com.apple.keylayout.Czech,,True,True,False,False
 ,u,com.apple.keylayout.Czech,,True,True,False,False
‹,ú,com.apple.keylayout.Czech,,True,True,False,False
 ,i,com.apple.keylayout.Czech,,True,True,False,False
 ,p,com.apple.keylayout.Czech,,True,True,False,False
Ł,l,com.apple.keylayout.Czech,,True,True,False,False
”,j,com.apple.keylayout.Czech,,True,True,False,False
 ,k,com.apple.keylayout.Czech,,True,True,False,False
…,ů,com.apple.keylayout.Czech,,True,True,False,False
≤,",",com.apple.keylayout.Czech,,True,True,False,False
—,-,com.apple.keylayout.Czech,,True,True,False,False
„,n,com.apple.keylayout.Czech,,True,True,False,False
 ,m,com.apple.keylayout.Czech,,True,True,False,False
≥,.,com.apple.keylayout.Czech,,True,True,False,False
 , ,com.apple.keylayout.Czech,,True,True,False,False
 ,\,com.apple.keylayout.Czech,50,True,True,False,False
a,a,com.apple.keylayout.Turkish-QWERTY,,False,False,False,False
s,s,com.apple.keylayout.Turkish-QWERTY,,False,False,False,False
d,d,com.apple.keylayout.Turkish-QWERTY,,False,False,False,False
f,f,com.apple.keylayout.Turkish-QWERTY,,False,False,False,False
h,h,com.apple.keylayout.Turkish-QWERTY,,False,False,False,False
g,g,com.apple.keylayout.Turkish-QWERTY,,False,False,False,False
z,z,com.apple.keylayout.Turkish-QWERTY,,False,False,False,False
x,x,com.apple.keylayout.Turkish-QWERTY,,False,False,False,False
c,c,com.apple.keylayout.Turkish-QWERTY,,False,False,False,False
v,v,com.apple.keylayout.Turkish-QWERTY,,False,False,False,False
§,§,com.apple.keylayout.Turkish-QWERTY,10,False,False,False,False
b,b,com.apple.keylayout.Turkish-QWERTY,,False,False,False,False
q,q,com.apple.keylayout.Turkish-QWERTY,,False,False,False,False
w,w,com.apple.keylayout.Turkish-QWERTY,,False,False,False,False
e,e,com.apple.keylayout.Turkish-QWERTY,,False,False,False,False
r,r,com.apple.keylayout.Turkish-QWERTY,,False,False,False,False
y,y,com.apple.keylayout.Turkish-QWERTY,,False,False,False,False
t,t,com.apple.keylayout.Turkish-QWERTY,,False,False,False,False
1,1,com.apple.keylayout.Turkish-QWERTY,,False,False,False,False
2,2,com.apple.keylayout.Turkish-QWERTY,,False,False,False,False
3,3,com.apple.keylayout.Turkish-QWERTY,,False,False,False,False
4,4,com.apple.keylayout.Turkish-QWERTY,,False,False,False,False
6,6,com.apple.keylayout.Turkish-QWERTY,,False,False,False,False
5,5,com.apple.keylayout.Turkish-QWERTY,,False,False,False,False
=,=,com.apple.keylayout.Turkish-QWERTY,,False,False,False,False
9,9,com.apple.keylayout.Turkish-QWERTY,,False,False,False,False
7,7,com.apple.keylayout.Turkish-QWERTY,,False,False,False,False
-,-,com.apple.keylayout.Turkish-QWERTY,,False,False,False,False
8,8,com.apple.keylayout.Turkish-QWERTY,,False,False,False,False
0,0,com.apple.keylayout.Turkish-QWERTY,,False,False,False,False
],],com.apple.keylayout.Turkish-QWERTY,,False,False,False,False
o,o,com.apple.keylayout.Turkish-QWERTY,,False,False,False,False
u,u,com.apple.keylayout.Turkish-QWERTY,,False,False,False,False
[,[,com.apple.keylayout.Turkish-QWERTY,,False,False,False,False
i,i,com.apple.keylayout.Turkish-QWERTY,,False,False,False,False
p,p,com.apple.keylayout.Turkish-QWERTY,,False,False,False,False
l,l,com.apple.keylayout.Turkish-QWERTY,,False,False,False,False
j,j,com.apple.keylayout.Turkish-QWERTY,,False,False,False,False
',',com.apple.keylayout.Turkish-QWERTY,,False,False,False,False
k,k,com.apple.keylayout.Turkish-QWERTY,,False,False,False,False
;,;,com.apple.keylayout.Turkish-QWERTY,,False,False,False,False
\,\,com.apple.keylayout.Turkish-QWERTY,,False,False,False,False
",",",",com.apple.keylayout.Turkish-QWERTY,,False,False,False,False
/,/,com.apple.keylayout.Turkish-QWERTY,,False,False,False,False
n,n,com.apple.keylayout.Turkish-QWERTY,,False,False,False,False
m,m,com.apple.keylayout.Turkish-QWERTY,,False,False,False,False
.,.,com.apple.keylayout.Turkish-QWERTY,,False,False,False,False
 , ,com.apple.keylayout.Turkish-QWERTY,,False,False,False,False
`,`,com.apple.keylayout.Turkish-QWERTY,50,False,False,False,False
A,a,com.apple.keylayout.Turkish-QWERTY,,False,True,False,False
S,s,com.apple.keylayout.Turkish-QWERTY,,False,True,False,False
D,d,com.apple.keylayout.Turkish-QWERTY,,False,True,False,False
F,f,com.apple.keylayout.Turkish-QWERTY,,False,True,False,False
H,h,com.apple.keylayout.Turkish-QWERTY,,False,True,False,False
G,g,com.apple.keylayout.Turkish-QWERTY,,False,True,False,False
Z,z,com.apple.keylayout.Turkish-QWERTY,,False,True,False,False
X,x,com.apple.keylayout.Turkish-QWERTY,,False,True,False,False
C,c,com.apple.keylayout.Turkish-QWERTY,,False,True,False,False
V,v,com.apple.keylayout.Turkish-QWERTY,,False,True,False,False
±,§,com.apple.keylayout.Turkish-QWERTY,10,False,True,False,False
B,b,com.apple.keylayout.Turkish-QWERTY,,False,True,False,False
Q,q,com.apple.keylayout.Turkish-QWERTY,,False,True,False,False
W,w,com.apple.keylayout.Turkish-QWERTY,,False,True,False,False
E,e,com.apple.keylayout.Turkish-QWERTY,,False,True,False,False
R,r,com.apple.keylayout.Turkish-QWERTY,,False,True,False,False
Y,y,com.apple.keylayout.Turkish-QWERTY,,False,True,False,False
T,t,com.apple.keylayout.Turkish-QWERTY,,False,True,False,False
!,1,com.apple.keylayout.Turkish-QWERTY,,False,True,False,False
@,2,com.apple.keylayout.Turkish-QWERTY,,False,True,False,False
#,3,com.apple.keylayout.Turkish-QWERTY,,False,True,False,False
$,4,com.apple.keylayout.Turkish-QWERTY,,False,True,False,False
^,6,com.apple.keylayout.Turkish-QWERTY,,False,True,False,False
%,5,com.apple.keylayout.Turkish-QWERTY,,False,True,False,False
+,=,com.apple.keylayout.Turkish-QWERTY,,False,True,False,False
(,9,com.apple.keylayout.Turkish-QWERTY,,False,True,False,False
&,7,com.apple.keylayout.Turkish-QWERTY,,False,True,False,False
_,-,com.apple.keylayout.Turkish-QWERTY,,False,True,False,False
*,8,com.apple.keylayout.Turkish-QWERTY,,False,True,False,False
),0,com.apple.keylayout.Turkish-QWERTY,,False,True,False,False
},],com.apple.keylayout.Turkish-QWERTY,,False,True,False,False
O,o,com.apple.keylayout.Turkish-QWERTY,,False,True,False,False
U,u,com.apple.keylayout.Turkish-QWERTY,,False,True,False,False
{,[,com.apple.keylayout.Turkish-QWERTY,,False,True,False,False
I,i,com.apple.keylayout.Turkish-QWERTY,,False,True,False,False
P,p,com.apple.keylayout.Turkish-QWERTY,,False,True,False,False
L,l,com.apple.keylayout.Turkish-QWERTY,,False,True,False,False
J,j,com.apple.keylayout.Turkish-QWERTY,,False,True,False,False
"""",',com.apple.keylayout.Turkish-QWERTY,,False,True,False,False
K,k,com.apple.keylayout.Turkish-QWERTY,,False,True,False,False
:,;,com.apple.keylayout.Turkish-QWERTY,,False,True,False,False
|,\,com.apple.keylayout.Turkish-QWERTY,,False,True,False,False
<,",",com.apple.keylayout.Turkish-QWERTY,,False,True,False,False
?,/,com.apple.keylayout.Turkish-QWERTY,,False,True,False,False
N,n,com.apple.keylayout.Turkish-QWERTY,,False,True,False,False
M,m,com.apple.keylayout.Turkish-QWERTY,,False,True,False,False
>,.,com.apple.keylayout.Turkish-QWERTY,,False,True,False,False
 , ,com.apple.keylayout.Turkish-QWERTY,,False,True,False,False
~,`,com.apple.keylayout.Turkish-QWERTY,50,False,True,False,False
å,a,com.apple.keylayout.Turkish-QWERTY,,True,False,False,False
ş,s,com.apple.keylayout.Turkish-QWERTY,,True,False,False,False
∂,d,com.apple.keylayout.Turkish-QWERTY,,True,False,False,False
ƒ,f,com.apple.keylayout.Turkish-QWERTY,,True,False,False,False
ğ,g,com.apple.keylayout.Turkish-QWERTY,,True,False,False,False
Ω,z,com.apple.keylayout.Turkish-QWERTY,,True,False,False,False
≈,x,com.apple.keylayout.Turkish-QWERTY,,True,False,False,False
ç,c,com.apple.keylayout.Turkish-QWERTY,,True,False,False,False
√,v,com.apple.keylayout.Turkish-QWERTY,,True,False,False,False
∫,b,com.apple.keylayout.Turkish-QWERTY,,True,False,False,False
œ,q,com.apple.keylayout.Turkish-QWERTY,,True,False,False,False
∑,w,com.apple.keylayout.Turkish-QWERTY,,True,False,False,False
®,r,com.apple.keylayout.Turkish-QWERTY,,True,False,False,False
¥,y,com.apple.keylayout.Turkish-QWERTY,,True,False,False,False
†,t,com.apple.keylayout.Turkish-QWERTY,,True,False,False,False
¡,1,com.apple.keylayout.Turkish-QWERTY,,True,False,False,False
™,2,com.apple.keylayout.Turkish-QWERTY,,True,False,False,False
£,3,com.apple.keylayout.Turkish-QWERTY,,True,False,False,False
¢,4,com.apple.keylayout.Turkish-QWERTY,,True,False,False,False
§,6,com.apple.keylayout.Turkish-QWERTY,,True,False,False,False
∞,5,com.apple.keylayout.Turkish-QWERTY,,True,False,False,False
≠,=,com.apple.keylayout.Turkish-QWERTY,,True,False,False,False
ª,9,com.apple.keylayout.Turkish-QWERTY,,True,False,False,False
¶,7,com.apple.keylayout.Turkish-QWERTY,,True,False,False,False
–,-,com.apple.keylayout.Turkish-QWERTY,,True,False,False,False
•,8,com.apple.keylayout.Turkish-QWERTY,,True,False,False,False
º,0,com.apple.keylayout.Turkish-QWERTY,,True,False,False,False
‘,],com.apple.keylayout.Turkish-QWERTY,,True,False,False,False
ö,o,com.apple.keylayout.Turkish-QWERTY,,True,False,False,False
ü,u,com.apple.keylayout.Turkish-QWERTY,,True,False,False,False
“,[,com.apple.keylayout.Turkish-QWERTY,,True,False,False,False
ı,i,com.apple.keylayout.Turkish-QWERTY,,True,False,False,False
π,p,com.apple.keylayout.Turkish-QWERTY,,True,False,False,False
¬,l,com.apple.keylayout.Turkish-QWERTY,,True,False,False,False
∆,j,com.apple.keylayout.Turkish-QWERTY,,True,False,False,False
æ,',com.apple.keylayout.Turkish-QWERTY,,True,False,False,False
…,;,com.apple.keylayout.Turkish-QWERTY,,True,False,False,False
«,\,com.apple.keylayout.Turkish-QWERTY,,True,False,False,False
≤,",",com.apple.keylayout.Turkish-QWERTY,,True,False,False,False
÷,/,com.apple.keylayout.Turkish-QWERTY,,True,False,False,False
µ,m,com.apple.keylayout.Turkish-QWERTY,,True,False,False,False
≥,.,com.apple.keylayout.Turkish-QWERTY,,True,False,False,False
 , ,com.apple.keylayout.Turkish-QWERTY,,True,False,False,False
Å,a,com.apple.keylayout.Turkish-QWERTY,,True,True,False,False
Ş,s,com.apple.keylayout.Turkish-QWERTY,,True,True,False,False
Î,d,com.apple.keylayout.Turkish-QWERTY,,True,True,False,False
Ï,f,com.apple.keylayout.Turkish-QWERTY,,True,True,False,False
Ó,h,com.apple.keylayout.Turkish-QWERTY,,True,True,False,False
Ğ,g,com.apple.keylayout.Turkish-QWERTY,,True,True,False,False
Û,z,com.apple.keylayout.Turkish-QWERTY,,True,True,False,False
Ù,x,com.apple.keylayout.Turkish-QWERTY,,True,True,False,False
Ç,c,com.apple.keylayout.Turkish-QWERTY,,True,True,False,False
◊,v,com.apple.keylayout.Turkish-QWERTY,,True,True,False,False
ß,b,com.apple.keylayout.Turkish-QWERTY,,True,True,False,False
Œ,q,com.apple.keylayout.Turkish-QWERTY,,True,True,False,False
„,w,com.apple.keylayout.Turkish-QWERTY,,True,True,False,False
‰,e,com.apple.keylayout.Turkish-QWERTY,,True,True,False,False
Â,r,com.apple.keylayout.Turkish-QWERTY,,True,True,False,False
Á,y,com.apple.keylayout.Turkish-QWERTY,,True,True,False,False
Ê,t,com.apple.keylayout.Turkish-QWERTY,,True,True,False,False
·,1,com.apple.keylayout.Turkish-QWERTY,,True,True,False,False
€,2,com.apple.keylayout.Turkish-QWERTY,,True,True,False,False
,3,com.apple.keylayout.Turkish-QWERTY,,True,True,False,False
‚,4,com.apple.keylayout.Turkish-QWERTY,,True,True,False,False
˙,6,com.apple.keylayout.Turkish-QWERTY,,True,True,False,False
˚,5,com.apple.keylayout.Turkish-QWERTY,,True,True,False,False
±,=,com.apple.keylayout.Turkish-QWERTY,,True,True,False,False
Ø,9,com.apple.keylayout.Turkish-QWERTY,,True,True,False,False
‡,7,com.apple.keylayout.Turkish-QWERTY,,True,True,False,False
—,-,com.apple.keylayout.Turkish-QWERTY,,True,True,False,False
°,8,com.apple.keylayout.Turkish-QWERTY,,True,True,False,False
ø,0,com.apple.keylayout.Turkish-QWERTY,,True,True,False,False
’,],com.apple.keylayout.Turkish-QWERTY,,True,True,False,False
Ö,o,com.apple.keylayout.Turkish-QWERTY,,True,True,False,False
Ü,u,com.apple.keylayout.Turkish-QWERTY,,True,True,False,False
”,[,com.apple.keylayout.Turkish-QWERTY,,True,True,False,False
İ,i,com.apple.keylayout.Turkish-QWERTY,,True,True,False,False
∏,p,com.apple.keylayout.Turkish-QWERTY,,True,True,False,False
Ò,l,com.apple.keylayout.Turkish-QWERTY,,True,True,False,False
Ô,j,com.apple.keylayout.Turkish-QWERTY,,True,True,False,False
Æ,',com.apple.keylayout.Turkish-QWERTY,,True,True,False,False
©,k,com.apple.keylayout.Turkish-QWERTY,,True,True,False,False
Ú,;,com.apple.keylayout.Turkish-QWERTY,,True,True,False,False
»,\,com.apple.keylayout.Turkish-QWERTY,,True,True,False,False
¯,",",com.apple.keylayout.Turkish-QWERTY,,True,True,False,False
¿,/,com.apple.keylayout.Turkish-QWERTY,,True,True,False,False
ˆ,n,com.apple.keylayout.Turkish-QWERTY,,True,True,False,False
˜,m,com.apple.keylayout.Turkish-QWERTY,,True,True,False,False
˘,.,com.apple.keylayout.Turkish-QWERTY,,True,True,False,False
 , ,com.apple.keylayout.Turkish-QWERTY,,True,True,False,False
Ÿ,`,com.apple.keylayout.Turkish-QWERTY,50,True,True,False,False
a,a,com.apple.keylayout.Croatian,,False,False,False,False
s,s,com.apple.keylayout.Croatian,,False,False,False,False
d,d,com.apple.keylayout.Croatian,,False,False,False,False
f,f,com.apple.keylayout.Croatian,,False,False,False,False
h,h,com.apple.keylayout.Croatian,,False,False,False,False
g,g,com.apple.keylayout.Croatian,,False,False,False,False
z,z,com.apple.keylayout.Croatian,,False,False,False,False
x,x,com.apple.keylayout.Croatian,,False,False,False,False
c,c,com.apple.keylayout.Croatian,,False,False,False,False
v,v,com.apple.keylayout.Croatian,,False,False,False,False
“,“,com.apple.keylayout.Croatian,10,False,False,False,False
b,b,com.apple.keylayout.Croatian,,False,False,False,False
q,q,com.apple.keylayout.Croatian,,False,False,False,False
w,w,com.apple.keylayout.Croatian,,False,False,False,False
e,e,com.apple.keylayout.Croatian,,False,False,False,False
r,r,com.apple.keylayout.Croatian,,False,False,False,False
y,y,com.apple.keylayout.Croatian,,False,False,False,False
t,t,com.apple.keylayout.Croatian,,False,False,False,False
1,1,com.apple.keylayout.Croatian,,False,False,False,False
2,2,com.apple.keylayout.Croatian,,False,False,False,False
3,3,com.apple.keylayout.Croatian,,False,False,False,False
4,4,com.apple.keylayout.Croatian,,False,False,False,False
6,6,com.apple.keylayout.Croatian,,False,False,False,False
5,5,com.apple.keylayout.Croatian,,False,False,False,False
+,+,com.apple.keylayout.Croatian,,False,False,False,False
9,9,com.apple.keylayout.Croatian,,False,False,False,False
7,7,com.apple.keylayout.Croatian,,False,False,False,False
/,/,com.apple.keylayout.Croatian,,False,False,False,False
8,8,com.apple.keylayout.Croatian,,False,False,False,False
0,0,com.apple.keylayout.Croatian,,False,False,False,False
đ,đ,com.apple.keylayout.Croatian,,False,False,False,False
o,o,com.apple.keylayout.Croatian,,False,False,False,False
u,u,com.apple.keylayout.Croatian,,False,False,False,False
š,š,com.apple.keylayout.Croatian,,False,False,False,False
i,i,com.apple.keylayout.Croatian,,False,False,False,False
p,p,com.apple.keylayout.Croatian,,False,False,False,False
l,l,com.apple.keylayout.Croatian,,False,False,False,False
j,j,com.apple.keylayout.Croatian,,False,False,False,False
ć,ć,com.apple.keylayout.Croatian,,False,False,False,False
k,k,com.apple.keylayout.Croatian,,False,False,False,False
č,č,com.apple.keylayout.Croatian,,False,False,False,False
ž,ž,com.apple.keylayout.Croatian,,False,False,False,False
",",",",com.apple.keylayout.Croatian,,False,False,False,False
-,-,com.apple.keylayout.Croatian,,False,False,False,False
n,n,com.apple.keylayout.Croatian,,False,False,False,False
m,m,com.apple.keylayout.Croatian,,False,False,False,False
.,.,com.apple.keylayout.Croatian,,False,False,False,False
 , ,com.apple.keylayout.Croatian,,False,False,False,False
<,<,com.apple.keylayout.Croatian,50,False,False,False,False
A,a,com.apple.keylayout.Croatian,,False,True,False,False
S,s,com.apple.keylayout.Croatian,,False,True,False,False
D,d,com.apple.keylayout.Croatian,,False,True,False,False
F,f,com.apple.keylayout.Croatian,,False,True,False,False
H,h,com.apple.keylayout.Croatian,,False,True,False,False
G,g,com.apple.keylayout.Croatian,,False,True,False,False
Z,z,com.apple.keylayout.Croatian,,False,True,False,False
X,x,com.apple.keylayout.Croatian,,False,True,False,False
C,c,com.apple.keylayout.Croatian,,False,True,False,False
V,v,com.apple.keylayout.Croatian,,False,True,False,False
”,“,com.apple.keylayout.Croatian,10,False,True,False,False
B,b,com.apple.keylayout.Croatian,,False,True,False,False
Q,q,com.apple.keylayout.Croatian,,False,True,False,False
W,w,com.apple.keylayout.Croatian,,False,True,False,False
E,e,com.apple.keylayout.Croatian,,False,True,False,False
R,r,com.apple.keylayout.Croatian,,False,True,False,False
Y,y,com.apple.keylayout.Croatian,,False,True,False,False
T,t,com.apple.keylayout.Croatian,,False,True,False,False
!,1,com.apple.keylayout.Croatian,,False,True,False,False
"""",2,com.apple.keylayout.Croatian,,False,True,False,False
#,3,com.apple.keylayout.Croatian,,False,True,False,False
$,4,com.apple.keylayout.Croatian,,False,True,False,False
&,6,com.apple.keylayout.Croatian,,False,True,False,False
%,5,com.apple.keylayout.Croatian,,False,True,False,False
*,+,com.apple.keylayout.Croatian,,False,True,False,False
),9,com.apple.keylayout.Croatian,,False,True,False,False
',7,com.apple.keylayout.Croatian,,False,True,False,False
?,/,com.apple.keylayout.Croatian,,False,True,False,False
(,8,com.apple.keylayout.Croatian,,False,True,False,False
=,0,com.apple.keylayout.Croatian,,False,True,False,False
Đ,đ,com.apple.keylayout.Croatian,,False,True,False,False
O,o,com.apple.keylayout.Croatian,,False,True,False,False
U,u,com.apple.keylayout.Croatian,,False,True,False,False
Š,š,com.apple.keylayout.Croatian,,False,True,False,False
I,i,com.apple.keylayout.Croatian,,False,True,False,False
P,p,com.apple.keylayout.Croatian,,False,True,False,False
L,l,com.apple.keylayout.Croatian,,False,True,False,False
J,j,com.apple.keylayout.Croatian,,False,True,False,False
Ć,ć,com.apple.keylayout.Croatian,,False,True,False,False
K,k,com.apple.keylayout.Croatian,,False,True,False,False
Č,č,com.apple.keylayout.Croatian,,False,True,False,False
Ž,ž,com.apple.keylayout.Croatian,,False,True,False,False
;,",",com.apple.keylayout.Croatian,,False,True,False,False
_,-,com.apple.keylayout.Croatian,,False,True,False,False
N,n,com.apple.keylayout.Croatian,,False,True,False,False
M,m,com.apple.keylayout.Croatian,,False,True,False,False
:,.,com.apple.keylayout.Croatian,,False,True,False,False
 , ,com.apple.keylayout.Croatian,,False,True,False,False
>,<,com.apple.keylayout.Croatian,50,False,True,False,False
å,a,com.apple.keylayout.Croatian,,True,False,False,False
ß,s,com.apple.keylayout.Croatian,,True,False,False,False
∂,d,com.apple.keylayout.Croatian,,True,False,False,False
ƒ,f,com.apple.keylayout.Croatian,,True,False,False,False
©,g,com.apple.keylayout.Croatian,,True,False,False,False
Ω,z,com.apple.keylayout.Croatian,,True,False,False,False
≈,x,com.apple.keylayout.Croatian,,True,False,False,False
ç,c,com.apple.keylayout.Croatian,,True,False,False,False
√,v,com.apple.keylayout.Croatian,,True,False,False,False
‹,“,com.apple.keylayout.Croatian,10,True,False,False,False
∫,b,com.apple.keylayout.Croatian,,True,False,False,False
œ,q,com.apple.keylayout.Croatian,,True,False,False,False
∑,w,com.apple.keylayout.Croatian,,True,False,False,False
®,r,com.apple.keylayout.Croatian,,True,False,False,False
—,y,com.apple.keylayout.Croatian,,True,False,False,False
†,t,com.apple.keylayout.Croatian,,True,False,False,False
¡,1,com.apple.keylayout.Croatian,,True,False,False,False
™,2,com.apple.keylayout.Croatian,,True,False,False,False
£,3,com.apple.keylayout.Croatian,,True,False,False,False
¢,4,com.apple.keylayout.Croatian,,True,False,False,False
§,6,com.apple.keylayout.Croatian,,True,False,False,False
∞,5,com.apple.keylayout.Croatian,,True,False,False,False
≠,+,com.apple.keylayout.Croatian,,True,False,False,False
ª,9,com.apple.keylayout.Croatian,,True,False,False,False
¶,7,com.apple.keylayout.Croatian,,True,False,False,False
-,/,com.apple.keylayout.Croatian,,True,False,False,False
•,8,com.apple.keylayout.Croatian,,True,False,False,False
º,0,com.apple.keylayout.Croatian,,True,False,False,False
],đ,com.apple.keylayout.Croatian,,True,False,False,False
ø,o,com.apple.keylayout.Croatian,,True,False,False,False
[,š,com.apple.keylayout.Croatian,,True,False,False,False
π,p,com.apple.keylayout.Croatian,,True,False,False,False
¬,l,com.apple.keylayout.Croatian,,True,False,False,False
∆,j,com.apple.keylayout.Croatian,,True,False,False,False
^,ć,com.apple.keylayout.Croatian,,True,False,False,False
…,č,com.apple.keylayout.Croatian,,True,False,False,False
\,ž,com.apple.keylayout.Croatian,,True,False,False,False
≤,",",com.apple.keylayout.Croatian,,True,False,False,False
÷,-,com.apple.keylayout.Croatian,,True,False,False,False
µ,m,com.apple.keylayout.Croatian,,True,False,False,False
≥,.,com.apple.keylayout.Croatian,,True,False,False,False
 , ,com.apple.keylayout.Croatian,,True,False,False,False
Å,a,com.apple.keylayout.Croatian,,True,True,False,False
Í,s,com.apple.keylayout.Croatian,,True,True,False,False
Î,d,com.apple.keylayout.Croatian,,True,True,False,False
Ï,f,com.apple.keylayout.Croatian,,True,True,False,False
Ó,h,com.apple.keylayout.Croatian,,True,True,False,False
Ì,g,com.apple.keylayout.Croatian,,True,True,False,False
«,z,com.apple.keylayout.Croatian,,True,True,False,False
»,x,com.apple.keylayout.Croatian,,True,True,False,False
Ç,c,com.apple.keylayout.Croatian,,True,True,False,False
◊,v,com.apple.keylayout.Croatian,,True,True,False,False
›,“,com.apple.keylayout.Croatian,10,True,True,False,False
Ñ,b,com.apple.keylayout.Croatian,,True,True,False,False
Œ,q,com.apple.keylayout.Croatian,,True,True,False,False
„,w,com.apple.keylayout.Croatian,,True,True,False,False
‰,e,com.apple.keylayout.Croatian,,True,True,False,False
“,r,com.apple.keylayout.Croatian,,True,True,False,False
”,y,com.apple.keylayout.Croatian,,True,True,False,False
‘,t,com.apple.keylayout.Croatian,,True,True,False,False
⁄,1,com.apple.keylayout.Croatian,,True,True,False,False
@,2,com.apple.keylayout.Croatian,,True,True,False,False
‹,3,com.apple.keylayout.Croatian,,True,True,False,False
›,4,com.apple.keylayout.Croatian,,True,True,False,False
ı,6,com.apple.keylayout.Croatian,,True,True,False,False
€,5,com.apple.keylayout.Croatian,,True,True,False,False
±,+,com.apple.keylayout.Croatian,,True,True,False,False
·,9,com.apple.keylayout.Croatian,,True,True,False,False
–,7,com.apple.keylayout.Croatian,,True,True,False,False
_,/,com.apple.keylayout.Croatian,,True,True,False,False
°,8,com.apple.keylayout.Croatian,,True,True,False,False
‚,0,com.apple.keylayout.Croatian,,True,True,False,False
},đ,com.apple.keylayout.Croatian,,True,True,False,False
Ø,o,com.apple.keylayout.Croatian,,True,True,False,False
’,u,com.apple.keylayout.Croatian,,True,True,False,False
{,š,com.apple.keylayout.Croatian,,True,True,False,False
É,i,com.apple.keylayout.Croatian,,True,True,False,False
∏,p,com.apple.keylayout.Croatian,,True,True,False,False
Ò,l,com.apple.keylayout.Croatian,,True,True,False,False
Ô,j,com.apple.keylayout.Croatian,,True,True,False,False
Æ,ć,com.apple.keylayout.Croatian,,True,True,False,False
,k,com.apple.keylayout.Croatian,,True,True,False,False
æ,č,com.apple.keylayout.Croatian,,True,True,False,False
|,ž,com.apple.keylayout.Croatian,,True,True,False,False
È,",",com.apple.keylayout.Croatian,,True,True,False,False
¿,-,com.apple.keylayout.Croatian,,True,True,False,False
ˆ,n,com.apple.keylayout.Croatian,,True,True,False,False
¯,m,com.apple.keylayout.Croatian,,True,True,False,False
ˇ,.,com.apple.keylayout.Croatian,,True,True,False,False
 , ,com.apple.keylayout.Croatian,,True,True,False,False
~,<,com.apple.keylayout.Croatian,50,True,True,False,False
a,a,com.apple.keylayout.Welsh,,False,False,False,False
s,s,com.apple.keylayout.Welsh,,False,False,False,False
d,d,com.apple.keylayout.Welsh,,False,False,False,False
f,f,com.apple.keylayout.Welsh,,False,False,False,False
h,h,com.apple.keylayout.Welsh,,False,False,False,False
g,g,com.apple.keylayout.Welsh,,False,False,False,False
z,z,com.apple.keylayout.Welsh,,False,False,False,False
x,x,com.apple.keylayout.Welsh,,False,False,False,False
c,c,com.apple.keylayout.Welsh,,False,False,False,False
v,v,com.apple.keylayout.Welsh,,False,False,False,False
§,§,com.apple.keylayout.Welsh,10,False,False,False,False
b,b,com.apple.keylayout.Welsh,,False,False,False,False
q,q,com.apple.keylayout.Welsh,,False,False,False,False
w,w,com.apple.keylayout.Welsh,,False,False,False,False
e,e,com.apple.keylayout.Welsh,,False,False,False,False
r,r,com.apple.keylayout.Welsh,,False,False,False,False
y,y,com.apple.keylayout.Welsh,,False,False,False,False
t,t,com.apple.keylayout.Welsh,,False,False,False,False
1,1,com.apple.keylayout.Welsh,,False,False,False,False
2,2,com.apple.keylayout.Welsh,,False,False,False,False
3,3,com.apple.keylayout.Welsh,,False,False,False,False
4,4,com.apple.keylayout.Welsh,,False,False,False,False
6,6,com.apple.keylayout.Welsh,,False,False,False,False
5,5,com.apple.keylayout.Welsh,,False,False,False,False
=,=,com.apple.keylayout.Welsh,,False,False,False,False
9,9,com.apple.keylayout.Welsh,,False,False,False,False
7,7,com.apple.keylayout.Welsh,,False,False,False,False
-,-,com.apple.keylayout.Welsh,,False,False,False,False
8,8,com.apple.keylayout.Welsh,,False,False,False,False
0,0,com.apple.keylayout.Welsh,,False,False,False,False
],],com.apple.keylayout.Welsh,,False,False,False,False
o,o,com.apple.keylayout.Welsh,,False,False,False,False
u,u,com.apple.keylayout.Welsh,,False,False,False,False
[,[,com.apple.keylayout.Welsh,,False,False,False,False
i,i,com.apple.keylayout.Welsh,,False,False,False,False
p,p,com.apple.keylayout.Welsh,,False,False,False,False
l,l,com.apple.keylayout.Welsh,,False,False,False,False
j,j,com.apple.keylayout.Welsh,,False,False,False,False
',',com.apple.keylayout.Welsh,,False,False,False,False
k,k,com.apple.keylayout.Welsh,,False,False,False,False
;,;,com.apple.keylayout.Welsh,,False,False,False,False
\,\,com.apple.keylayout.Welsh,,False,False,False,False
",",",",com.apple.keylayout.Welsh,,False,False,False,False
/,/,com.apple.keylayout.Welsh,,False,False,False,False
n,n,com.apple.keylayout.Welsh,,False,False,False,False
m,m,com.apple.keylayout.Welsh,,False,False,False,False
.,.,com.apple.keylayout.Welsh,,False,False,False,False
 , ,com.apple.keylayout.Welsh,,False,False,False,False
`,`,com.apple.keylayout.Welsh,50,False,False,False,False
A,a,com.apple.keylayout.Welsh,,False,True,False,False
S,s,com.apple.keylayout.Welsh,,False,True,False,False
D,d,com.apple.keylayout.Welsh,,False,True,False,False
F,f,com.apple.keylayout.Welsh,,False,True,False,False
H,h,com.apple.keylayout.Welsh,,False,True,False,False
G,g,com.apple.keylayout.Welsh,,False,True,False,False
Z,z,com.apple.keylayout.Welsh,,False,True,False,False
X,x,com.apple.keylayout.Welsh,,False,True,False,False
C,c,com.apple.keylayout.Welsh,,False,True,False,False
V,v,com.apple.keylayout.Welsh,,False,True,False,False
±,§,com.apple.keylayout.Welsh,10,False,True,False,False
B,b,com.apple.keylayout.Welsh,,False,True,False,False
Q,q,com.apple.keylayout.Welsh,,False,True,False,False
W,w,com.apple.keylayout.Welsh,,False,True,False,False
E,e,com.apple.keylayout.Welsh,,False,True,False,False
R,r,com.apple.keylayout.Welsh,,False,True,False,False
Y,y,com.apple.keylayout.Welsh,,False,True,False,False
T,t,com.apple.keylayout.Welsh,,False,True,False,False
!,1,com.apple.keylayout.Welsh,,False,True,False,False
@,2,com.apple.keylayout.Welsh,,False,True,False,False
£,3,com.apple.keylayout.Welsh,,False,True,False,False
$,4,com.apple.keylayout.Welsh,,False,True,False,False
^,6,com.apple.keylayout.Welsh,,False,True,False,False
%,5,com.apple.keylayout.Welsh,,False,True,False,False
+,=,com.apple.keylayout.Welsh,,False,True,False,False
(,9,com.apple.keylayout.Welsh,,False,True,False,False
&,7,com.apple.keylayout.Welsh,,False,True,False,False
_,-,com.apple.keylayout.Welsh,,False,True,False,False
*,8,com.apple.keylayout.Welsh,,False,True,False,False
),0,com.apple.keylayout.Welsh,,False,True,False,False
},],com.apple.keylayout.Welsh,,False,True,False,False
O,o,com.apple.keylayout.Welsh,,False,True,False,False
U,u,com.apple.keylayout.Welsh,,False,True,False,False
{,[,com.apple.keylayout.Welsh,,False,True,False,False
I,i,com.apple.keylayout.Welsh,,False,True,False,False
P,p,com.apple.keylayout.Welsh,,False,True,False,False
L,l,com.apple.keylayout.Welsh,,False,True,False,False
J,j,com.apple.keylayout.Welsh,,False,True,False,False
"""",',com.apple.keylayout.Welsh,,False,True,False,False
K,k,com.apple.keylayout.Welsh,,False,True,False,False
:,;,com.apple.keylayout.Welsh,,False,True,False,False
|,\,com.apple.keylayout.Welsh,,False,True,False,False
<,",",com.apple.keylayout.Welsh,,False,True,False,False
?,/,com.apple.keylayout.Welsh,,False,True,False,False
N,n,com.apple.keylayout.Welsh,,False,True,False,False
M,m,com.apple.keylayout.Welsh,,False,True,False,False
>,.,com.apple.keylayout.Welsh,,False,True,False,False
 , ,com.apple.keylayout.Welsh,,False,True,False,False
~,`,com.apple.keylayout.Welsh,50,False,True,False,False
â,a,com.apple.keylayout.Welsh,,True,False,False,False
ß,s,com.apple.keylayout.Welsh,,True,False,False,False
ð,d,com.apple.keylayout.Welsh,,True,False,False,False
ƒ,f,com.apple.keylayout.Welsh,,True,False,False,False
©,g,com.apple.keylayout.Welsh,,True,False,False,False
§,§,com.apple.keylayout.Welsh,10,True,False,False,False
œ,q,com.apple.keylayout.Welsh,,True,False,False,False
ŵ,w,com.apple.keylayout.Welsh,,True,False,False,False
ê,e,com.apple.keylayout.Welsh,,True,False,False,False
®,r,com.apple.keylayout.Welsh,,True,False,False,False
ŷ,y,com.apple.keylayout.Welsh,,True,False,False,False
þ,t,com.apple.keylayout.Welsh,,True,False,False,False
¡,1,com.apple.keylayout.Welsh,,True,False,False,False
€,2,com.apple.keylayout.Welsh,,True,False,False,False
#,3,com.apple.keylayout.Welsh,,True,False,False,False
¢,4,com.apple.keylayout.Welsh,,True,False,False,False
§,5,com.apple.keylayout.Welsh,,True,False,False,False
≠,=,com.apple.keylayout.Welsh,,True,False,False,False
¶,9,com.apple.keylayout.Welsh,,True,False,False,False
–,-,com.apple.keylayout.Welsh,,True,False,False,False
‘,],com.apple.keylayout.Welsh,,True,False,False,False
ô,o,com.apple.keylayout.Welsh,,True,False,False,False
û,u,com.apple.keylayout.Welsh,,True,False,False,False
“,[,com.apple.keylayout.Welsh,,True,False,False,False
î,i,com.apple.keylayout.Welsh,,True,False,False,False
æ,',com.apple.keylayout.Welsh,,True,False,False,False
…,;,com.apple.keylayout.Welsh,,True,False,False,False
«,\,com.apple.keylayout.Welsh,,True,False,False,False
≤,",",com.apple.keylayout.Welsh,,True,False,False,False
÷,/,com.apple.keylayout.Welsh,,True,False,False,False
≥,.,com.apple.keylayout.Welsh,,True,False,False,False
 , ,com.apple.keylayout.Welsh,,True,False,False,False
Â,a,com.apple.keylayout.Welsh,,True,True,False,False
·,s,com.apple.keylayout.Welsh,,True,True,False,False
Ð,d,com.apple.keylayout.Welsh,,True,True,False,False
̱,h,com.apple.keylayout.Welsh,,True,True,False,False
̉,z,com.apple.keylayout.Welsh,,True,True,False,False
̣,x,com.apple.keylayout.Welsh,,True,True,False,False
̧,c,com.apple.keylayout.Welsh,,True,True,False,False
̌,v,com.apple.keylayout.Welsh,,True,True,False,False
±,§,com.apple.keylayout.Welsh,10,True,True,False,False
̆,b,com.apple.keylayout.Welsh,,True,True,False,False
Œ,q,com.apple.keylayout.Welsh,,True,True,False,False
Ŵ,w,com.apple.keylayout.Welsh,,True,True,False,False
Ê,e,com.apple.keylayout.Welsh,,True,True,False,False
‰,r,com.apple.keylayout.Welsh,,True,True,False,False
Ŷ,y,com.apple.keylayout.Welsh,,True,True,False,False
Þ,t,com.apple.keylayout.Welsh,,True,True,False,False
⁄,1,com.apple.keylayout.Welsh,,True,True,False,False
™,2,com.apple.keylayout.Welsh,,True,True,False,False
‹,3,com.apple.keylayout.Welsh,,True,True,False,False
›,4,com.apple.keylayout.Welsh,,True,True,False,False
̂,6,com.apple.keylayout.Welsh,,True,True,False,False
†,5,com.apple.keylayout.Welsh,,True,True,False,False
±,=,com.apple.keylayout.Welsh,,True,True,False,False
́,7,com.apple.keylayout.Welsh,,True,True,False,False
—,-,com.apple.keylayout.Welsh,,True,True,False,False
•,8,com.apple.keylayout.Welsh,,True,True,False,False
̄,0,com.apple.keylayout.Welsh,,True,True,False,False
’,],com.apple.keylayout.Welsh,,True,True,False,False
Ô,o,com.apple.keylayout.Welsh,,True,True,False,False
Û,u,com.apple.keylayout.Welsh,,True,True,False,False
”,[,com.apple.keylayout.Welsh,,True,True,False,False
Î,i,com.apple.keylayout.Welsh,,True,True,False,False
̦,p,com.apple.keylayout.Welsh,,True,True,False,False
̵,l,com.apple.keylayout.Welsh,,True,True,False,False
̋,j,com.apple.keylayout.Welsh,,True,True,False,False
Æ,',com.apple.keylayout.Welsh,,True,True,False,False
̊,k,com.apple.keylayout.Welsh,,True,True,False,False
»,\,com.apple.keylayout.Welsh,,True,True,False,False
¿,/,com.apple.keylayout.Welsh,,True,True,False,False
̃,n,com.apple.keylayout.Welsh,,True,True,False,False
̨,m,com.apple.keylayout.Welsh,,True,True,False,False
 , ,com.apple.keylayout.Welsh,,True,True,False,False
̀,`,com.apple.keylayout.Welsh,50,True,True,False,False
ા,ા,com.apple.keylayout.Gujarati-QWERTY,,False,False,False,False
સ,સ,com.apple.keylayout.Gujarati-QWERTY,,False,False,False,False
દ,દ,com.apple.keylayout.Gujarati-QWERTY,,False,False,False,False
હ,હ,com.apple.keylayout.Gujarati-QWERTY,,False,False,False,False
ગ,ગ,com.apple.keylayout.Gujarati-QWERTY,,False,False,False,False
ઙ,ઙ,com.apple.keylayout.Gujarati-QWERTY,,False,False,False,False
ષ,ષ,com.apple.keylayout.Gujarati-QWERTY,,False,False,False,False
ચ,ચ,com.apple.keylayout.Gujarati-QWERTY,,False,False,False,False
વ,વ,com.apple.keylayout.Gujarati-QWERTY,,False,False,False,False
બ,બ,com.apple.keylayout.Gujarati-QWERTY,,False,False,False,False
ૅ,ૅ,com.apple.keylayout.Gujarati-QWERTY,,False,False,False,False
અ,અ,com.apple.keylayout.Gujarati-QWERTY,,False,False,False,False
ે,ે,com.apple.keylayout.Gujarati-QWERTY,,False,False,False,False
ર,ર,com.apple.keylayout.Gujarati-QWERTY,,False,False,False,False
ય,ય,com.apple.keylayout.Gujarati-QWERTY,,False,False,False,False
ત,ત,com.apple.keylayout.Gujarati-QWERTY,,False,False,False,False
૧,૧,com.apple.keylayout.Gujarati-QWERTY,,False,False,False,False
૨,૨,com.apple.keylayout.Gujarati-QWERTY,,False,False,False,False
૩,૩,com.apple.keylayout.Gujarati-QWERTY,,False,False,False,False
૪,૪,com.apple.keylayout.Gujarati-QWERTY,,False,False,False,False
૬,૬,com.apple.keylayout.Gujarati-QWERTY,,False,False,False,False
૫,૫,com.apple.keylayout.Gujarati-QWERTY,,False,False,False,False
=,=,com.apple.keylayout.Gujarati-QWERTY,,False,False,False,False
૯,૯,com.apple.keylayout.Gujarati-QWERTY,,False,False,False,False
૭,૭,com.apple.keylayout.Gujarati-QWERTY,,False,False,False,False
-,-,com.apple.keylayout.Gujarati-QWERTY,,False,False,False,False
૮,૮,com.apple.keylayout.Gujarati-QWERTY,,False,False,False,False
૦,૦,com.apple.keylayout.Gujarati-QWERTY,,False,False,False,False
ો,ો,com.apple.keylayout.Gujarati-QWERTY,,False,False,False,False
ુ,ુ,com.apple.keylayout.Gujarati-QWERTY,,False,False,False,False
િ,િ,com.apple.keylayout.Gujarati-QWERTY,,False,False,False,False
પ,પ,com.apple.keylayout.Gujarati-QWERTY,,False,False,False,False
લ,લ,com.apple.keylayout.Gujarati-QWERTY,,False,False,False,False
જ,જ,com.apple.keylayout.Gujarati-QWERTY,,False,False,False,False
',',com.apple.keylayout.Gujarati-QWERTY,,False,False,False,False
ક,ક,com.apple.keylayout.Gujarati-QWERTY,,False,False,False,False
;,;,com.apple.keylayout.Gujarati-QWERTY,,False,False,False,False
",",",",com.apple.keylayout.Gujarati-QWERTY,,False,False,False,False
/,/,com.apple.keylayout.Gujarati-QWERTY,,False,False,False,False
ન,ન,com.apple.keylayout.Gujarati-QWERTY,,False,False,False,False
મ,મ,com.apple.keylayout.Gujarati-QWERTY,,False,False,False,False
.,.,com.apple.keylayout.Gujarati-QWERTY,,False,False,False,False
 , ,com.apple.keylayout.Gujarati-QWERTY,,False,False,False,False
ા,ા,com.apple.keylayout.Gujarati-QWERTY,,False,True,False,False
શ,સ,com.apple.keylayout.Gujarati-QWERTY,,False,True,False,False
ધ,દ,com.apple.keylayout.Gujarati-QWERTY,,False,True,False,False
ઃ,હ,com.apple.keylayout.Gujarati-QWERTY,,False,True,False,False
ઘ,ગ,com.apple.keylayout.Gujarati-QWERTY,,False,True,False,False
ઁ,ઙ,com.apple.keylayout.Gujarati-QWERTY,,False,True,False,False
ક્ષ,ષ,com.apple.keylayout.Gujarati-QWERTY,,False,True,False,False
છ,ચ,com.apple.keylayout.Gujarati-QWERTY,,False,True,False,False
ભ,બ,com.apple.keylayout.Gujarati-QWERTY,,False,True,False,False
ૉ,ૅ,com.apple.keylayout.Gujarati-QWERTY,,False,True,False,False
આ,અ,com.apple.keylayout.Gujarati-QWERTY,,False,True,False,False
ૈ,ે,com.apple.keylayout.Gujarati-QWERTY,,False,True,False,False
ૃ,ર,com.apple.keylayout.Gujarati-QWERTY,,False,True,False,False
થ,ત,com.apple.keylayout.Gujarati-QWERTY,,False,True,False,False
!,૧,com.apple.keylayout.Gujarati-QWERTY,,False,True,False,False
@,૨,com.apple.keylayout.Gujarati-QWERTY,,False,True,False,False
#,૩,com.apple.keylayout.Gujarati-QWERTY,,False,True,False,False
$,૪,com.apple.keylayout.Gujarati-QWERTY,,False,True,False,False
^,૬,com.apple.keylayout.Gujarati-QWERTY,,False,True,False,False
%,૫,com.apple.keylayout.Gujarati-QWERTY,,False,True,False,False
+,=,com.apple.keylayout.Gujarati-QWERTY,,False,True,False,False
(,૯,com.apple.keylayout.Gujarati-QWERTY,,False,True,False,False
&,૭,com.apple.keylayout.Gujarati-QWERTY,,False,True,False,False
_,-,com.apple.keylayout.Gujarati-QWERTY,,False,True,False,False
*,૮,com.apple.keylayout.Gujarati-QWERTY,,False,True,False,False
),૦,com.apple.keylayout.Gujarati-QWERTY,,False,True,False,False
ૌ,ો,com.apple.keylayout.Gujarati-QWERTY,,False,True,False,False
ૂ,ુ,com.apple.keylayout.Gujarati-QWERTY,,False,True,False,False
ી,િ,com.apple.keylayout.Gujarati-QWERTY,,False,True,False,False
ફ,પ,com.apple.keylayout.Gujarati-QWERTY,,False,True,False,False
ળ,લ,com.apple.keylayout.Gujarati-QWERTY,,False,True,False,False
ઝ,જ,com.apple.keylayout.Gujarati-QWERTY,,False,True,False,False
"""",',com.apple.keylayout.Gujarati-QWERTY,,False,True,False,False
ખ,ક,com.apple.keylayout.Gujarati-QWERTY,,False,True,False,False
:,;,com.apple.keylayout.Gujarati-QWERTY,,False,True,False,False
<,",",com.apple.keylayout.Gujarati-QWERTY,,False,True,False,False
?,/,com.apple.keylayout.Gujarati-QWERTY,,False,True,False,False
ણ,ન,com.apple.keylayout.Gujarati-QWERTY,,False,True,False,False
ં,મ,com.apple.keylayout.Gujarati-QWERTY,,False,True,False,False
>,.,com.apple.keylayout.Gujarati-QWERTY,,False,True,False,False
 , ,com.apple.keylayout.Gujarati-QWERTY,,False,True,False,False
અ,ા,com.apple.keylayout.Gujarati-QWERTY,,True,False,False,False
શ્ર,સ,com.apple.keylayout.Gujarati-QWERTY,,True,False,False,False
ડ,દ,com.apple.keylayout.Gujarati-QWERTY,,True,False,False,False
ઍ,ૅ,com.apple.keylayout.Gujarati-QWERTY,,True,False,False,False
એ,ે,com.apple.keylayout.Gujarati-QWERTY,,True,False,False,False
ઋ,ર,com.apple.keylayout.Gujarati-QWERTY,,True,False,False,False
ટ,ત,com.apple.keylayout.Gujarati-QWERTY,,True,False,False,False
1,૧,com.apple.keylayout.Gujarati-QWERTY,,True,False,False,False
2,૨,com.apple.keylayout.Gujarati-QWERTY,,True,False,False,False
3,૩,com.apple.keylayout.Gujarati-QWERTY,,True,False,False,False
4,૪,com.apple.keylayout.Gujarati-QWERTY,,True,False,False,False
6,૬,com.apple.keylayout.Gujarati-QWERTY,,True,False,False,False
5,૫,com.apple.keylayout.Gujarati-QWERTY,,True,False,False,False
=,=,com.apple.keylayout.Gujarati-QWERTY,,True,False,False,False
9,૯,com.apple.keylayout.Gujarati-QWERTY,,True,False,False,False
7,૭,com.apple.keylayout.Gujarati-QWERTY,,True,False,False,False
-,-,com.apple.keylayout.Gujarati-QWERTY,,True,False,False,False
8,૮,com.apple.keylayout.Gujarati-QWERTY,,True,False,False,False
0,૦,com.apple.keylayout.Gujarati-QWERTY,,True,False,False,False
ઓ,ો,com.apple.keylayout.Gujarati-QWERTY,,True,False,False,False
ઉ,ુ,com.apple.keylayout.Gujarati-QWERTY,,True,False,False,False
ઇ,િ,com.apple.keylayout.Gujarati-QWERTY,,True,False,False,False
જ્ઞ,જ,com.apple.keylayout.Gujarati-QWERTY,,True,False,False,False
',',com.apple.keylayout.Gujarati-QWERTY,,True,False,False,False
;,;,com.apple.keylayout.Gujarati-QWERTY,,True,False,False,False
ઞ,ન,com.apple.keylayout.Gujarati-QWERTY,,True,False,False,False
ઁ,મ,com.apple.keylayout.Gujarati-QWERTY,,True,False,False,False
।,.,com.apple.keylayout.Gujarati-QWERTY,,True,False,False,False
 , ,com.apple.keylayout.Gujarati-QWERTY,,True,False,False,False
આ,ા,com.apple.keylayout.Gujarati-QWERTY,,True,True,False,False
ષ,સ,com.apple.keylayout.Gujarati-QWERTY,,True,True,False,False
ઢ,દ,com.apple.keylayout.Gujarati-QWERTY,,True,True,False,False
ઑ,ૅ,com.apple.keylayout.Gujarati-QWERTY,,True,True,False,False
ઐ,ે,com.apple.keylayout.Gujarati-QWERTY,,True,True,False,False
ઠ,ત,com.apple.keylayout.Gujarati-QWERTY,,True,True,False,False
…,૧,com.apple.keylayout.Gujarati-QWERTY,,True,True,False,False
©,૨,com.apple.keylayout.Gujarati-QWERTY,,True,True,False,False
®,૩,com.apple.keylayout.Gujarati-QWERTY,,True,True,False,False
™,૪,com.apple.keylayout.Gujarati-QWERTY,,True,True,False,False
‘,૬,com.apple.keylayout.Gujarati-QWERTY,,True,True,False,False
’,૫,com.apple.keylayout.Gujarati-QWERTY,,True,True,False,False
+,=,com.apple.keylayout.Gujarati-QWERTY,,True,True,False,False
—,૯,com.apple.keylayout.Gujarati-QWERTY,,True,True,False,False
–,૭,com.apple.keylayout.Gujarati-QWERTY,,True,True,False,False
−,-,com.apple.keylayout.Gujarati-QWERTY,,True,True,False,False
•,૮,com.apple.keylayout.Gujarati-QWERTY,,True,True,False,False
×,૦,com.apple.keylayout.Gujarati-QWERTY,,True,True,False,False
ઔ,ો,com.apple.keylayout.Gujarati-QWERTY,,True,True,False,False
ઊ,ુ,com.apple.keylayout.Gujarati-QWERTY,,True,True,False,False
ઈ,િ,com.apple.keylayout.Gujarati-QWERTY,,True,True,False,False
"""",',com.apple.keylayout.Gujarati-QWERTY,,True,True,False,False
:,;,com.apple.keylayout.Gujarati-QWERTY,,True,True,False,False
॥,.,com.apple.keylayout.Gujarati-QWERTY,,True,True,False,False
 , ,com.apple.keylayout.Gujarati-QWERTY,,True,True,False,False
ش,ش,com.apple.keylayout.AfghanDari,,False,False,False,False
س,س,com.apple.keylayout.AfghanDari,,False,False,False,False
ی,ی,com.apple.keylayout.AfghanDari,,False,False,False,False
ب,ب,com.apple.keylayout.AfghanDari,,False,False,False,False
ا,ا,com.apple.keylayout.AfghanDari,,False,False,False,False
ل,ل,com.apple.keylayout.AfghanDari,,False,False,False,False
ظ,ظ,com.apple.keylayout.AfghanDari,,False,False,False,False
ط,ط,com.apple.keylayout.AfghanDari,,False,False,False,False
ز,ز,com.apple.keylayout.AfghanDari,,False,False,False,False
ر,ر,com.apple.keylayout.AfghanDari,,False,False,False,False
‍,‍,com.apple.keylayout.AfghanDari,10,False,False,False,False
ذ,ذ,com.apple.keylayout.AfghanDari,,False,False,False,False
ض,ض,com.apple.keylayout.AfghanDari,,False,False,False,False
ص,ص,com.apple.keylayout.AfghanDari,,False,False,False,False
ث,ث,com.apple.keylayout.AfghanDari,,False,False,False,False
ق,ق,com.apple.keylayout.AfghanDari,,False,False,False,False
غ,غ,com.apple.keylayout.AfghanDari,,False,False,False,False
ف,ف,com.apple.keylayout.AfghanDari,,False,False,False,False
۱,۱,com.apple.keylayout.AfghanDari,,False,False,False,False
۲,۲,com.apple.keylayout.AfghanDari,,False,False,False,False
۳,۳,com.apple.keylayout.AfghanDari,,False,False,False,False
۴,۴,com.apple.keylayout.AfghanDari,,False,False,False,False
۶,۶,com.apple.keylayout.AfghanDari,,False,False,False,False
۵,۵,com.apple.keylayout.AfghanDari,,False,False,False,False
=,=,com.apple.keylayout.AfghanDari,,False,False,False,False
۹,۹,com.apple.keylayout.AfghanDari,,False,False,False,False
۷,۷,com.apple.keylayout.AfghanDari,,False,False,False,False
-,-,com.apple.keylayout.AfghanDari,,False,False,False,False
۸,۸,com.apple.keylayout.AfghanDari,,False,False,False,False
۰,۰,com.apple.keylayout.AfghanDari,,False,False,False,False
چ,چ,com.apple.keylayout.AfghanDari,,False,False,False,False
خ,خ,com.apple.keylayout.AfghanDari,,False,False,False,False
ع,ع,com.apple.keylayout.AfghanDari,,False,False,False,False
ج,ج,com.apple.keylayout.AfghanDari,,False,False,False,False
ه,ه,com.apple.keylayout.AfghanDari,,False,False,False,False
ح,ح,com.apple.keylayout.AfghanDari,,False,False,False,False
م,م,com.apple.keylayout.AfghanDari,,False,False,False,False
ت,ت,com.apple.keylayout.AfghanDari,,False,False,False,False
گ,گ,com.apple.keylayout.AfghanDari,,False,False,False,False
ن,ن,com.apple.keylayout.AfghanDari,,False,False,False,False
ک,ک,com.apple.keylayout.AfghanDari,,False,False,False,False
\,\,com.apple.keylayout.AfghanDari,,False,False,False,False
و,و,com.apple.keylayout.AfghanDari,,False,False,False,False
/,/,com.apple.keylayout.AfghanDari,,False,False,False,False
د,د,com.apple.keylayout.AfghanDari,,False,False,False,False
پ,پ,com.apple.keylayout.AfghanDari,,False,False,False,False
.,.,com.apple.keylayout.AfghanDari,,False,False,False,False
 , ,com.apple.keylayout.AfghanDari,,False,False,False,False
‍,‍,com.apple.keylayout.AfghanDari,50,False,False,False,False
ؤ,ش,com.apple.keylayout.AfghanDari,,False,True,False,False
ئ,س,com.apple.keylayout.AfghanDari,,False,True,False,False
ي,ی,com.apple.keylayout.AfghanDari,,False,True,False,False
إ,ب,com.apple.keylayout.AfghanDari,,False,True,False,False
آ,ا,com.apple.keylayout.AfghanDari,,False,True,False,False
أ,ل,com.apple.keylayout.AfghanDari,,False,True,False,False
ك,ظ,com.apple.keylayout.AfghanDari,,False,True,False,False
ٓ,ط,com.apple.keylayout.AfghanDari,,False,True,False,False
ژ,ز,com.apple.keylayout.AfghanDari,,False,True,False,False
ٰ,ر,com.apple.keylayout.AfghanDari,,False,True,False,False
÷,‍,com.apple.keylayout.AfghanDari,10,False,True,False,False
‌,ذ,com.apple.keylayout.AfghanDari,,False,True,False,False
ْ,ض,com.apple.keylayout.AfghanDari,,False,True,False,False
ٌ,ص,com.apple.keylayout.AfghanDari,,False,True,False,False
ٍ,ث,com.apple.keylayout.AfghanDari,,False,True,False,False
ً,ق,com.apple.keylayout.AfghanDari,,False,True,False,False
ِ,غ,com.apple.keylayout.AfghanDari,,False,True,False,False
ُ,ف,com.apple.keylayout.AfghanDari,,False,True,False,False
!,۱,com.apple.keylayout.AfghanDari,,False,True,False,False
٬,۲,com.apple.keylayout.AfghanDari,,False,True,False,False
٫,۳,com.apple.keylayout.AfghanDari,,False,True,False,False
؋,۴,com.apple.keylayout.AfghanDari,,False,True,False,False
×,۶,com.apple.keylayout.AfghanDari,,False,True,False,False
٪,۵,com.apple.keylayout.AfghanDari,,False,True,False,False
+,=,com.apple.keylayout.AfghanDari,,False,True,False,False
),۹,com.apple.keylayout.AfghanDari,,False,True,False,False
،,۷,com.apple.keylayout.AfghanDari,,False,True,False,False
ـ,-,com.apple.keylayout.AfghanDari,,False,True,False,False
*,۸,com.apple.keylayout.AfghanDari,,False,True,False,False
(,۰,com.apple.keylayout.AfghanDari,,False,True,False,False
{,چ,com.apple.keylayout.AfghanDari,,False,True,False,False
],خ,com.apple.keylayout.AfghanDari,,False,True,False,False
َ,ع,com.apple.keylayout.AfghanDari,,False,True,False,False
},ج,com.apple.keylayout.AfghanDari,,False,True,False,False
ّ,ه,com.apple.keylayout.AfghanDari,,False,True,False,False
[,ح,com.apple.keylayout.AfghanDari,,False,True,False,False
»,م,com.apple.keylayout.AfghanDari,,False,True,False,False
ة,ت,com.apple.keylayout.AfghanDari,,False,True,False,False
؛,گ,com.apple.keylayout.AfghanDari,,False,True,False,False
«,ن,com.apple.keylayout.AfghanDari,,False,True,False,False
:,ک,com.apple.keylayout.AfghanDari,,False,True,False,False
|,\,com.apple.keylayout.AfghanDari,,False,True,False,False
<,و,com.apple.keylayout.AfghanDari,,False,True,False,False
؟,/,com.apple.keylayout.AfghanDari,,False,True,False,False
ٔ,د,com.apple.keylayout.AfghanDari,,False,True,False,False
ء,پ,com.apple.keylayout.AfghanDari,,False,True,False,False
>,.,com.apple.keylayout.AfghanDari,,False,True,False,False
‌, ,com.apple.keylayout.AfghanDari,,False,True,False,False
÷,‍,com.apple.keylayout.AfghanDari,50,False,True,False,False
ښ,ش,com.apple.keylayout.AfghanDari,,True,False,False,False
ۍ,س,com.apple.keylayout.AfghanDari,,True,False,False,False
ى,ی,com.apple.keylayout.AfghanDari,,True,False,False,False
ې,ب,com.apple.keylayout.AfghanDari,,True,False,False,False
ٱ,ا,com.apple.keylayout.AfghanDari,,True,False,False,False
ڷ,ل,com.apple.keylayout.AfghanDari,,True,False,False,False
ے,ظ,com.apple.keylayout.AfghanDari,,True,False,False,False
ڑ,ط,com.apple.keylayout.AfghanDari,,True,False,False,False
ږ,ز,com.apple.keylayout.AfghanDari,,True,False,False,False
ړ,ر,com.apple.keylayout.AfghanDari,,True,False,False,False
~,‍,com.apple.keylayout.AfghanDari,10,True,False,False,False
ڈ,ذ,com.apple.keylayout.AfghanDari,,True,False,False,False
°,ض,com.apple.keylayout.AfghanDari,,True,False,False,False
€,ث,com.apple.keylayout.AfghanDari,,True,False,False,False
﴿,ق,com.apple.keylayout.AfghanDari,,True,False,False,False
ٖ,غ,com.apple.keylayout.AfghanDari,,True,False,False,False
﴾,ف,com.apple.keylayout.AfghanDari,,True,False,False,False
`,۱,com.apple.keylayout.AfghanDari,,True,False,False,False
@,۲,com.apple.keylayout.AfghanDari,,True,False,False,False
#,۳,com.apple.keylayout.AfghanDari,,True,False,False,False
$,۴,com.apple.keylayout.AfghanDari,,True,False,False,False
^,۶,com.apple.keylayout.AfghanDari,,True,False,False,False
%,۵,com.apple.keylayout.AfghanDari,,True,False,False,False
‎,۹,com.apple.keylayout.AfghanDari,,True,False,False,False
&,۷,com.apple.keylayout.AfghanDari,,True,False,False,False
_,-,com.apple.keylayout.AfghanDari,,True,False,False,False
•,۸,com.apple.keylayout.AfghanDari,,True,False,False,False
‏,۰,com.apple.keylayout.AfghanDari,,True,False,False,False
څ,چ,com.apple.keylayout.AfghanDari,,True,False,False,False
',خ,com.apple.keylayout.AfghanDari,,True,False,False,False
ٙ,ع,com.apple.keylayout.AfghanDari,,True,False,False,False
ځ,ج,com.apple.keylayout.AfghanDari,,True,False,False,False
ٕ,ه,com.apple.keylayout.AfghanDari,,True,False,False,False
"""",ح,com.apple.keylayout.AfghanDari,,True,False,False,False
ں,م,com.apple.keylayout.AfghanDari,,True,False,False,False
ټ,ت,com.apple.keylayout.AfghanDari,,True,False,False,False
ګ,گ,com.apple.keylayout.AfghanDari,,True,False,False,False
ڼ,ن,com.apple.keylayout.AfghanDari,,True,False,False,False
;,ک,com.apple.keylayout.AfghanDari,,True,False,False,False
?,\,com.apple.keylayout.AfghanDari,,True,False,False,False
",",و,com.apple.keylayout.AfghanDari,,True,False,False,False
ۉ,/,com.apple.keylayout.AfghanDari,,True,False,False,False
ډ,د,com.apple.keylayout.AfghanDari,,True,False,False,False
ٹ,پ,com.apple.keylayout.AfghanDari,,True,False,False,False
ۇ,.,com.apple.keylayout.AfghanDari,,True,False,False,False
 , ,com.apple.keylayout.AfghanDari,,True,False,False,False
~,‍,com.apple.keylayout.AfghanDari,50,True,False,False,False
ښ,ش,com.apple.keylayout.AfghanDari,,True,True,False,False
ۍ,س,com.apple.keylayout.AfghanDari,,True,True,False,False
ى,ی,com.apple.keylayout.AfghanDari,,True,True,False,False
ې,ب,com.apple.keylayout.AfghanDari,,True,True,False,False
ٱ,ا,com.apple.keylayout.AfghanDari,,True,True,False,False
ڷ,ل,com.apple.keylayout.AfghanDari,,True,True,False,False
ے,ظ,com.apple.keylayout.AfghanDari,,True,True,False,False
ڑ,ط,com.apple.keylayout.AfghanDari,,True,True,False,False
ږ,ز,com.apple.keylayout.AfghanDari,,True,True,False,False
ړ,ر,com.apple.keylayout.AfghanDari,,True,True,False,False
~,‍,com.apple.keylayout.AfghanDari,10,True,True,False,False
ڈ,ذ,com.apple.keylayout.AfghanDari,,True,True,False,False
°,ض,com.apple.keylayout.AfghanDari,,True,True,False,False
€,ث,com.apple.keylayout.AfghanDari,,True,True,False,False
﴿,ق,com.apple.keylayout.AfghanDari,,True,True,False,False
ٖ,غ,com.apple.keylayout.AfghanDari,,True,True,False,False
﴾,ف,com.apple.keylayout.AfghanDari,,True,True,False,False
`,۱,com.apple.keylayout.AfghanDari,,True,True,False,False
@,۲,com.apple.keylayout.AfghanDari,,True,True,False,False
#,۳,com.apple.keylayout.AfghanDari,,True,True,False,False
$,۴,com.apple.keylayout.AfghanDari,,True,True,False,False
^,۶,com.apple.keylayout.AfghanDari,,True,True,False,False
%,۵,com.apple.keylayout.AfghanDari,,True,True,False,False
‎,۹,com.apple.keylayout.AfghanDari,,True,True,False,False
&,۷,com.apple.keylayout.AfghanDari,,True,True,False,False
_,-,com.apple.keylayout.AfghanDari,,True,True,False,False
•,۸,com.apple.keylayout.AfghanDari,,True,True,False,False
‏,۰,com.apple.keylayout.AfghanDari,,True,True,False,False
څ,چ,com.apple.keylayout.AfghanDari,,True,True,False,False
',خ,com.apple.keylayout.AfghanDari,,True,True,False,False
ٙ,ع,com.apple.keylayout.AfghanDari,,True,True,False,False
ځ,ج,com.apple.keylayout.AfghanDari,,True,True,False,False
ٕ,ه,com.apple.keylayout.AfghanDari,,True,True,False,False
"""",ح,com.apple.keylayout.AfghanDari,,True,True,False,False
ں,م,com.apple.keylayout.AfghanDari,,True,True,False,False
ټ,ت,com.apple.keylayout.AfghanDari,,True,True,False,False
ګ,گ,com.apple.keylayout.AfghanDari,,True,True,False,False
ڼ,ن,com.apple.keylayout.AfghanDari,,True,True,False,False
;,ک,com.apple.keylayout.AfghanDari,,True,True,False,False
?,\,com.apple.keylayout.AfghanDari,,True,True,False,False
",",و,com.apple.keylayout.AfghanDari,,True,True,False,False
ۉ,/,com.apple.keylayout.AfghanDari,,True,True,False,False
ډ,د,com.apple.keylayout.AfghanDari,,True,True,False,False
ٹ,پ,com.apple.keylayout.AfghanDari,,True,True,False,False
ۇ,.,com.apple.keylayout.AfghanDari,,True,True,False,False
 , ,com.apple.keylayout.AfghanDari,,True,True,False,False
~,‍,com.apple.keylayout.AfghanDari,50,True,True,False,False
а,а,com.apple.keylayout.Russian-Phonetic,,False,False,False,False
с,с,com.apple.keylayout.Russian-Phonetic,,False,False,False,False
д,д,com.apple.keylayout.Russian-Phonetic,,False,False,False,False
ф,ф,com.apple.keylayout.Russian-Phonetic,,False,False,False,False
ч,ч,com.apple.keylayout.Russian-Phonetic,,False,False,False,False
г,г,com.apple.keylayout.Russian-Phonetic,,False,False,False,False
з,з,com.apple.keylayout.Russian-Phonetic,,False,False,False,False
х,х,com.apple.keylayout.Russian-Phonetic,,False,False,False,False
ц,ц,com.apple.keylayout.Russian-Phonetic,,False,False,False,False
в,в,com.apple.keylayout.Russian-Phonetic,,False,False,False,False
>,>,com.apple.keylayout.Russian-Phonetic,10,False,False,False,False
б,б,com.apple.keylayout.Russian-Phonetic,,False,False,False,False
я,я,com.apple.keylayout.Russian-Phonetic,,False,False,False,False
ш,ш,com.apple.keylayout.Russian-Phonetic,,False,False,False,False
е,е,com.apple.keylayout.Russian-Phonetic,,False,False,False,False
р,р,com.apple.keylayout.Russian-Phonetic,,False,False,False,False
ы,ы,com.apple.keylayout.Russian-Phonetic,,False,False,False,False
т,т,com.apple.keylayout.Russian-Phonetic,,False,False,False,False
1,1,com.apple.keylayout.Russian-Phonetic,,False,False,False,False
2,2,com.apple.keylayout.Russian-Phonetic,,False,False,False,False
3,3,com.apple.keylayout.Russian-Phonetic,,False,False,False,False
4,4,com.apple.keylayout.Russian-Phonetic,,False,False,False,False
6,6,com.apple.keylayout.Russian-Phonetic,,False,False,False,False
5,5,com.apple.keylayout.Russian-Phonetic,,False,False,False,False
ъ,ъ,com.apple.keylayout.Russian-Phonetic,,False,False,False,False
9,9,com.apple.keylayout.Russian-Phonetic,,False,False,False,False
7,7,com.apple.keylayout.Russian-Phonetic,,False,False,False,False
ь,ь,com.apple.keylayout.Russian-Phonetic,,False,False,False,False
8,8,com.apple.keylayout.Russian-Phonetic,,False,False,False,False
0,0,com.apple.keylayout.Russian-Phonetic,,False,False,False,False
ж,ж,com.apple.keylayout.Russian-Phonetic,,False,False,False,False
о,о,com.apple.keylayout.Russian-Phonetic,,False,False,False,False
у,у,com.apple.keylayout.Russian-Phonetic,,False,False,False,False
ю,ю,com.apple.keylayout.Russian-Phonetic,,False,False,False,False
и,и,com.apple.keylayout.Russian-Phonetic,,False,False,False,False
п,п,com.apple.keylayout.Russian-Phonetic,,False,False,False,False
л,л,com.apple.keylayout.Russian-Phonetic,,False,False,False,False
й,й,com.apple.keylayout.Russian-Phonetic,,False,False,False,False
',',com.apple.keylayout.Russian-Phonetic,,False,False,False,False
к,к,com.apple.keylayout.Russian-Phonetic,,False,False,False,False
;,;,com.apple.keylayout.Russian-Phonetic,,False,False,False,False
э,э,com.apple.keylayout.Russian-Phonetic,,False,False,False,False
",",",",com.apple.keylayout.Russian-Phonetic,,False,False,False,False
/,/,com.apple.keylayout.Russian-Phonetic,,False,False,False,False
н,н,com.apple.keylayout.Russian-Phonetic,,False,False,False,False
м,м,com.apple.keylayout.Russian-Phonetic,,False,False,False,False
.,.,com.apple.keylayout.Russian-Phonetic,,False,False,False,False
 , ,com.apple.keylayout.Russian-Phonetic,,False,False,False,False
щ,щ,com.apple.keylayout.Russian-Phonetic,50,False,False,False,False
А,а,com.apple.keylayout.Russian-Phonetic,,False,True,False,False
С,с,com.apple.keylayout.Russian-Phonetic,,False,True,False,False
Д,д,com.apple.keylayout.Russian-Phonetic,,False,True,False,False
Ф,ф,com.apple.keylayout.Russian-Phonetic,,False,True,False,False
Ч,ч,com.apple.keylayout.Russian-Phonetic,,False,True,False,False
Г,г,com.apple.keylayout.Russian-Phonetic,,False,True,False,False
З,з,com.apple.keylayout.Russian-Phonetic,,False,True,False,False
Х,х,com.apple.keylayout.Russian-Phonetic,,False,True,False,False
Ц,ц,com.apple.keylayout.Russian-Phonetic,,False,True,False,False
В,в,com.apple.keylayout.Russian-Phonetic,,False,True,False,False
<,>,com.apple.keylayout.Russian-Phonetic,10,False,True,False,False
Б,б,com.apple.keylayout.Russian-Phonetic,,False,True,False,False
Я,я,com.apple.keylayout.Russian-Phonetic,,False,True,False,False
Ш,ш,com.apple.keylayout.Russian-Phonetic,,False,True,False,False
Е,е,com.apple.keylayout.Russian-Phonetic,,False,True,False,False
Р,р,com.apple.keylayout.Russian-Phonetic,,False,True,False,False
Ы,ы,com.apple.keylayout.Russian-Phonetic,,False,True,False,False
Т,т,com.apple.keylayout.Russian-Phonetic,,False,True,False,False
!,1,com.apple.keylayout.Russian-Phonetic,,False,True,False,False
@,2,com.apple.keylayout.Russian-Phonetic,,False,True,False,False
#,3,com.apple.keylayout.Russian-Phonetic,,False,True,False,False
$,4,com.apple.keylayout.Russian-Phonetic,,False,True,False,False
^,6,com.apple.keylayout.Russian-Phonetic,,False,True,False,False
%,5,com.apple.keylayout.Russian-Phonetic,,False,True,False,False
Ъ,ъ,com.apple.keylayout.Russian-Phonetic,,False,True,False,False
(,9,com.apple.keylayout.Russian-Phonetic,,False,True,False,False
&,7,com.apple.keylayout.Russian-Phonetic,,False,True,False,False
Ь,ь,com.apple.keylayout.Russian-Phonetic,,False,True,False,False
*,8,com.apple.keylayout.Russian-Phonetic,,False,True,False,False
),0,com.apple.keylayout.Russian-Phonetic,,False,True,False,False
Ж,ж,com.apple.keylayout.Russian-Phonetic,,False,True,False,False
О,о,com.apple.keylayout.Russian-Phonetic,,False,True,False,False
У,у,com.apple.keylayout.Russian-Phonetic,,False,True,False,False
Ю,ю,com.apple.keylayout.Russian-Phonetic,,False,True,False,False
И,и,com.apple.keylayout.Russian-Phonetic,,False,True,False,False
П,п,com.apple.keylayout.Russian-Phonetic,,False,True,False,False
Л,л,com.apple.keylayout.Russian-Phonetic,,False,True,False,False
Й,й,com.apple.keylayout.Russian-Phonetic,,False,True,False,False
"""",',com.apple.keylayout.Russian-Phonetic,,False,True,False,False
К,к,com.apple.keylayout.Russian-Phonetic,,False,True,False,False
:,;,com.apple.keylayout.Russian-Phonetic,,False,True,False,False
Э,э,com.apple.keylayout.Russian-Phonetic,,False,True,False,False
<,",",com.apple.keylayout.Russian-Phonetic,,False,True,False,False
?,/,com.apple.keylayout.Russian-Phonetic,,False,True,False,False
Н,н,com.apple.keylayout.Russian-Phonetic,,False,True,False,False
М,м,com.apple.keylayout.Russian-Phonetic,,False,True,False,False
>,.,com.apple.keylayout.Russian-Phonetic,,False,True,False,False
 , ,com.apple.keylayout.Russian-Phonetic,,False,True,False,False
Щ,щ,com.apple.keylayout.Russian-Phonetic,50,False,True,False,False
ї,а,com.apple.keylayout.Russian-Phonetic,,True,False,False,False
ѕ,с,com.apple.keylayout.Russian-Phonetic,,True,False,False,False
ђ,д,com.apple.keylayout.Russian-Phonetic,,True,False,False,False
ƒ,ф,com.apple.keylayout.Russian-Phonetic,,True,False,False,False
ґ,ч,com.apple.keylayout.Russian-Phonetic,,True,False,False,False
ѓ,г,com.apple.keylayout.Russian-Phonetic,,True,False,False,False
џ,з,com.apple.keylayout.Russian-Phonetic,,True,False,False,False
≈,х,com.apple.keylayout.Russian-Phonetic,,True,False,False,False
©,ц,com.apple.keylayout.Russian-Phonetic,,True,False,False,False
√,в,com.apple.keylayout.Russian-Phonetic,,True,False,False,False
№,б,com.apple.keylayout.Russian-Phonetic,,True,False,False,False
¬,я,com.apple.keylayout.Russian-Phonetic,,True,False,False,False
щ,ш,com.apple.keylayout.Russian-Phonetic,,True,False,False,False
ё,е,com.apple.keylayout.Russian-Phonetic,,True,False,False,False
®,р,com.apple.keylayout.Russian-Phonetic,,True,False,False,False
™,ы,com.apple.keylayout.Russian-Phonetic,,True,False,False,False
ћ,т,com.apple.keylayout.Russian-Phonetic,,True,False,False,False
ї,1,com.apple.keylayout.Russian-Phonetic,,True,False,False,False
ё,2,com.apple.keylayout.Russian-Phonetic,,True,False,False,False
є,3,com.apple.keylayout.Russian-Phonetic,,True,False,False,False
ґ,4,com.apple.keylayout.Russian-Phonetic,,True,False,False,False
§,6,com.apple.keylayout.Russian-Phonetic,,True,False,False,False
∞,5,com.apple.keylayout.Russian-Phonetic,,True,False,False,False
=,ъ,com.apple.keylayout.Russian-Phonetic,,True,False,False,False
[,9,com.apple.keylayout.Russian-Phonetic,,True,False,False,False
¶,7,com.apple.keylayout.Russian-Phonetic,,True,False,False,False
–,ь,com.apple.keylayout.Russian-Phonetic,,True,False,False,False
•,8,com.apple.keylayout.Russian-Phonetic,,True,False,False,False
],0,com.apple.keylayout.Russian-Phonetic,,True,False,False,False
џ,ж,com.apple.keylayout.Russian-Phonetic,,True,False,False,False
«,о,com.apple.keylayout.Russian-Phonetic,,True,False,False,False
ў,у,com.apple.keylayout.Russian-Phonetic,,True,False,False,False
“,ю,com.apple.keylayout.Russian-Phonetic,,True,False,False,False
і,и,com.apple.keylayout.Russian-Phonetic,,True,False,False,False
»,п,com.apple.keylayout.Russian-Phonetic,,True,False,False,False
љ,л,com.apple.keylayout.Russian-Phonetic,,True,False,False,False
ј,й,com.apple.keylayout.Russian-Phonetic,,True,False,False,False
’,',com.apple.keylayout.Russian-Phonetic,,True,False,False,False
ќ,к,com.apple.keylayout.Russian-Phonetic,,True,False,False,False
„,;,com.apple.keylayout.Russian-Phonetic,,True,False,False,False
є,э,com.apple.keylayout.Russian-Phonetic,,True,False,False,False
≤,",",com.apple.keylayout.Russian-Phonetic,,True,False,False,False
÷,/,com.apple.keylayout.Russian-Phonetic,,True,False,False,False
њ,н,com.apple.keylayout.Russian-Phonetic,,True,False,False,False
µ,м,com.apple.keylayout.Russian-Phonetic,,True,False,False,False
≥,.,com.apple.keylayout.Russian-Phonetic,,True,False,False,False
 , ,com.apple.keylayout.Russian-Phonetic,,True,False,False,False
†,щ,com.apple.keylayout.Russian-Phonetic,50,True,False,False,False
Ї,а,com.apple.keylayout.Russian-Phonetic,,True,True,False,False
Ѕ,с,com.apple.keylayout.Russian-Phonetic,,True,True,False,False
Ђ,д,com.apple.keylayout.Russian-Phonetic,,True,True,False,False
∆,ф,com.apple.keylayout.Russian-Phonetic,,True,True,False,False
Ґ,ч,com.apple.keylayout.Russian-Phonetic,,True,True,False,False
Ѓ,г,com.apple.keylayout.Russian-Phonetic,,True,True,False,False
Џ,з,com.apple.keylayout.Russian-Phonetic,,True,True,False,False
©,ц,com.apple.keylayout.Russian-Phonetic,,True,True,False,False
†,в,com.apple.keylayout.Russian-Phonetic,,True,True,False,False
№,б,com.apple.keylayout.Russian-Phonetic,,True,True,False,False
±,я,com.apple.keylayout.Russian-Phonetic,,True,True,False,False
Щ,ш,com.apple.keylayout.Russian-Phonetic,,True,True,False,False
Ё,е,com.apple.keylayout.Russian-Phonetic,,True,True,False,False
®,р,com.apple.keylayout.Russian-Phonetic,,True,True,False,False
™,ы,com.apple.keylayout.Russian-Phonetic,,True,True,False,False
Ћ,т,com.apple.keylayout.Russian-Phonetic,,True,True,False,False
Ї,1,com.apple.keylayout.Russian-Phonetic,,True,True,False,False
Ё,2,com.apple.keylayout.Russian-Phonetic,,True,True,False,False
Є,3,com.apple.keylayout.Russian-Phonetic,,True,True,False,False
Ґ,4,com.apple.keylayout.Russian-Phonetic,,True,True,False,False
&,6,com.apple.keylayout.Russian-Phonetic,,True,True,False,False
™,5,com.apple.keylayout.Russian-Phonetic,,True,True,False,False
+,ъ,com.apple.keylayout.Russian-Phonetic,,True,True,False,False
{,9,com.apple.keylayout.Russian-Phonetic,,True,True,False,False
№,7,com.apple.keylayout.Russian-Phonetic,,True,True,False,False
—,ь,com.apple.keylayout.Russian-Phonetic,,True,True,False,False
°,8,com.apple.keylayout.Russian-Phonetic,,True,True,False,False
},0,com.apple.keylayout.Russian-Phonetic,,True,True,False,False
Џ,ж,com.apple.keylayout.Russian-Phonetic,,True,True,False,False
‘,о,com.apple.keylayout.Russian-Phonetic,,True,True,False,False
Ў,у,com.apple.keylayout.Russian-Phonetic,,True,True,False,False
”,ю,com.apple.keylayout.Russian-Phonetic,,True,True,False,False
І,и,com.apple.keylayout.Russian-Phonetic,,True,True,False,False
’,п,com.apple.keylayout.Russian-Phonetic,,True,True,False,False
Љ,л,com.apple.keylayout.Russian-Phonetic,,True,True,False,False
Ј,й,com.apple.keylayout.Russian-Phonetic,,True,True,False,False
`,',com.apple.keylayout.Russian-Phonetic,,True,True,False,False
Ќ,к,com.apple.keylayout.Russian-Phonetic,,True,True,False,False
’,;,com.apple.keylayout.Russian-Phonetic,,True,True,False,False
Є,э,com.apple.keylayout.Russian-Phonetic,,True,True,False,False
÷,",",com.apple.keylayout.Russian-Phonetic,,True,True,False,False
\,/,com.apple.keylayout.Russian-Phonetic,,True,True,False,False
Њ,н,com.apple.keylayout.Russian-Phonetic,,True,True,False,False
µ,м,com.apple.keylayout.Russian-Phonetic,,True,True,False,False
…,.,com.apple.keylayout.Russian-Phonetic,,True,True,False,False
 , ,com.apple.keylayout.Russian-Phonetic,,True,True,False,False
`,щ,com.apple.keylayout.Russian-Phonetic,50,True,True,False,False
a,a,com.apple.keylayout.Hawaiian,,False,False,False,False
s,s,com.apple.keylayout.Hawaiian,,False,False,False,False
d,d,com.apple.keylayout.Hawaiian,,False,False,False,False
f,f,com.apple.keylayout.Hawaiian,,False,False,False,False
h,h,com.apple.keylayout.Hawaiian,,False,False,False,False
g,g,com.apple.keylayout.Hawaiian,,False,False,False,False
z,z,com.apple.keylayout.Hawaiian,,False,False,False,False
x,x,com.apple.keylayout.Hawaiian,,False,False,False,False
c,c,com.apple.keylayout.Hawaiian,,False,False,False,False
v,v,com.apple.keylayout.Hawaiian,,False,False,False,False
§,§,com.apple.keylayout.Hawaiian,10,False,False,False,False
b,b,com.apple.keylayout.Hawaiian,,False,False,False,False
q,q,com.apple.keylayout.Hawaiian,,False,False,False,False
w,w,com.apple.keylayout.Hawaiian,,False,False,False,False
e,e,com.apple.keylayout.Hawaiian,,False,False,False,False
r,r,com.apple.keylayout.Hawaiian,,False,False,False,False
y,y,com.apple.keylayout.Hawaiian,,False,False,False,False
t,t,com.apple.keylayout.Hawaiian,,False,False,False,False
1,1,com.apple.keylayout.Hawaiian,,False,False,False,False
2,2,com.apple.keylayout.Hawaiian,,False,False,False,False
3,3,com.apple.keylayout.Hawaiian,,False,False,False,False
4,4,com.apple.keylayout.Hawaiian,,False,False,False,False
6,6,com.apple.keylayout.Hawaiian,,False,False,False,False
5,5,com.apple.keylayout.Hawaiian,,False,False,False,False
=,=,com.apple.keylayout.Hawaiian,,False,False,False,False
9,9,com.apple.keylayout.Hawaiian,,False,False,False,False
7,7,com.apple.keylayout.Hawaiian,,False,False,False,False
-,-,com.apple.keylayout.Hawaiian,,False,False,False,False
8,8,com.apple.keylayout.Hawaiian,,False,False,False,False
0,0,com.apple.keylayout.Hawaiian,,False,False,False,False
],],com.apple.keylayout.Hawaiian,,False,False,False,False
o,o,com.apple.keylayout.Hawaiian,,False,False,False,False
u,u,com.apple.keylayout.Hawaiian,,False,False,False,False
[,[,com.apple.keylayout.Hawaiian,,False,False,False,False
i,i,com.apple.keylayout.Hawaiian,,False,False,False,False
p,p,com.apple.keylayout.Hawaiian,,False,False,False,False
l,l,com.apple.keylayout.Hawaiian,,False,False,False,False
j,j,com.apple.keylayout.Hawaiian,,False,False,False,False
ʻ,ʻ,com.apple.keylayout.Hawaiian,,False,False,False,False
k,k,com.apple.keylayout.Hawaiian,,False,False,False,False
;,;,com.apple.keylayout.Hawaiian,,False,False,False,False
\,\,com.apple.keylayout.Hawaiian,,False,False,False,False
",",",",com.apple.keylayout.Hawaiian,,False,False,False,False
/,/,com.apple.keylayout.Hawaiian,,False,False,False,False
n,n,com.apple.keylayout.Hawaiian,,False,False,False,False
m,m,com.apple.keylayout.Hawaiian,,False,False,False,False
.,.,com.apple.keylayout.Hawaiian,,False,False,False,False
 , ,com.apple.keylayout.Hawaiian,,False,False,False,False
`,`,com.apple.keylayout.Hawaiian,50,False,False,False,False
A,a,com.apple.keylayout.Hawaiian,,False,True,False,False
S,s,com.apple.keylayout.Hawaiian,,False,True,False,False
D,d,com.apple.keylayout.Hawaiian,,False,True,False,False
F,f,com.apple.keylayout.Hawaiian,,False,True,False,False
H,h,com.apple.keylayout.Hawaiian,,False,True,False,False
G,g,com.apple.keylayout.Hawaiian,,False,True,False,False
Z,z,com.apple.keylayout.Hawaiian,,False,True,False,False
X,x,com.apple.keylayout.Hawaiian,,False,True,False,False
C,c,com.apple.keylayout.Hawaiian,,False,True,False,False
V,v,com.apple.keylayout.Hawaiian,,False,True,False,False
±,§,com.apple.keylayout.Hawaiian,10,False,True,False,False
B,b,com.apple.keylayout.Hawaiian,,False,True,False,False
Q,q,com.apple.keylayout.Hawaiian,,False,True,False,False
W,w,com.apple.keylayout.Hawaiian,,False,True,False,False
E,e,com.apple.keylayout.Hawaiian,,False,True,False,False
R,r,com.apple.keylayout.Hawaiian,,False,True,False,False
Y,y,com.apple.keylayout.Hawaiian,,False,True,False,False
T,t,com.apple.keylayout.Hawaiian,,False,True,False,False
!,1,com.apple.keylayout.Hawaiian,,False,True,False,False
@,2,com.apple.keylayout.Hawaiian,,False,True,False,False
#,3,com.apple.keylayout.Hawaiian,,False,True,False,False
$,4,com.apple.keylayout.Hawaiian,,False,True,False,False
^,6,com.apple.keylayout.Hawaiian,,False,True,False,False
%,5,com.apple.keylayout.Hawaiian,,False,True,False,False
+,=,com.apple.keylayout.Hawaiian,,False,True,False,False
(,9,com.apple.keylayout.Hawaiian,,False,True,False,False
&,7,com.apple.keylayout.Hawaiian,,False,True,False,False
_,-,com.apple.keylayout.Hawaiian,,False,True,False,False
*,8,com.apple.keylayout.Hawaiian,,False,True,False,False
),0,com.apple.keylayout.Hawaiian,,False,True,False,False
},],com.apple.keylayout.Hawaiian,,False,True,False,False
O,o,com.apple.keylayout.Hawaiian,,False,True,False,False
U,u,com.apple.keylayout.Hawaiian,,False,True,False,False
{,[,com.apple.keylayout.Hawaiian,,False,True,False,False
I,i,com.apple.keylayout.Hawaiian,,False,True,False,False
P,p,com.apple.keylayout.Hawaiian,,False,True,False,False
L,l,com.apple.keylayout.Hawaiian,,False,True,False,False
J,j,com.apple.keylayout.Hawaiian,,False,True,False,False
"""",ʻ,com.apple.keylayout.Hawaiian,,False,True,False,False
K,k,com.apple.keylayout.Hawaiian,,False,True,False,False
:,;,com.apple.keylayout.Hawaiian,,False,True,False,False
|,\,com.apple.keylayout.Hawaiian,,False,True,False,False
<,",",com.apple.keylayout.Hawaiian,,False,True,False,False
?,/,com.apple.keylayout.Hawaiian,,False,True,False,False
N,n,com.apple.keylayout.Hawaiian,,False,True,False,False
M,m,com.apple.keylayout.Hawaiian,,False,True,False,False
>,.,com.apple.keylayout.Hawaiian,,False,True,False,False
 , ,com.apple.keylayout.Hawaiian,,False,True,False,False
~,`,com.apple.keylayout.Hawaiian,50,False,True,False,False
ā,a,com.apple.keylayout.Hawaiian,,True,False,False,False
ß,s,com.apple.keylayout.Hawaiian,,True,False,False,False
∂,d,com.apple.keylayout.Hawaiian,,True,False,False,False
ƒ,f,com.apple.keylayout.Hawaiian,,True,False,False,False
˙,h,com.apple.keylayout.Hawaiian,,True,False,False,False
©,g,com.apple.keylayout.Hawaiian,,True,False,False,False
Ω,z,com.apple.keylayout.Hawaiian,,True,False,False,False
≈,x,com.apple.keylayout.Hawaiian,,True,False,False,False
ç,c,com.apple.keylayout.Hawaiian,,True,False,False,False
√,v,com.apple.keylayout.Hawaiian,,True,False,False,False
§,§,com.apple.keylayout.Hawaiian,10,True,False,False,False
∫,b,com.apple.keylayout.Hawaiian,,True,False,False,False
œ,q,com.apple.keylayout.Hawaiian,,True,False,False,False
∑,w,com.apple.keylayout.Hawaiian,,True,False,False,False
ē,e,com.apple.keylayout.Hawaiian,,True,False,False,False
®,r,com.apple.keylayout.Hawaiian,,True,False,False,False
¥,y,com.apple.keylayout.Hawaiian,,True,False,False,False
†,t,com.apple.keylayout.Hawaiian,,True,False,False,False
¡,1,com.apple.keylayout.Hawaiian,,True,False,False,False
™,2,com.apple.keylayout.Hawaiian,,True,False,False,False
£,3,com.apple.keylayout.Hawaiian,,True,False,False,False
¢,4,com.apple.keylayout.Hawaiian,,True,False,False,False
§,6,com.apple.keylayout.Hawaiian,,True,False,False,False
∞,5,com.apple.keylayout.Hawaiian,,True,False,False,False
≠,=,com.apple.keylayout.Hawaiian,,True,False,False,False
ª,9,com.apple.keylayout.Hawaiian,,True,False,False,False
¶,7,com.apple.keylayout.Hawaiian,,True,False,False,False
–,-,com.apple.keylayout.Hawaiian,,True,False,False,False
•,8,com.apple.keylayout.Hawaiian,,True,False,False,False
º,0,com.apple.keylayout.Hawaiian,,True,False,False,False
‘,],com.apple.keylayout.Hawaiian,,True,False,False,False
ō,o,com.apple.keylayout.Hawaiian,,True,False,False,False
ū,u,com.apple.keylayout.Hawaiian,,True,False,False,False
“,[,com.apple.keylayout.Hawaiian,,True,False,False,False
ī,i,com.apple.keylayout.Hawaiian,,True,False,False,False
π,p,com.apple.keylayout.Hawaiian,,True,False,False,False
¬,l,com.apple.keylayout.Hawaiian,,True,False,False,False
∆,j,com.apple.keylayout.Hawaiian,,True,False,False,False
',ʻ,com.apple.keylayout.Hawaiian,,True,False,False,False
˚,k,com.apple.keylayout.Hawaiian,,True,False,False,False
…,;,com.apple.keylayout.Hawaiian,,True,False,False,False
«,\,com.apple.keylayout.Hawaiian,,True,False,False,False
≤,",",com.apple.keylayout.Hawaiian,,True,False,False,False
÷,/,com.apple.keylayout.Hawaiian,,True,False,False,False
n,n,com.apple.keylayout.Hawaiian,,True,False,False,False
µ,m,com.apple.keylayout.Hawaiian,,True,False,False,False
≥,.,com.apple.keylayout.Hawaiian,,True,False,False,False
 , ,com.apple.keylayout.Hawaiian,,True,False,False,False
`,`,com.apple.keylayout.Hawaiian,50,True,False,False,False
Ā,a,com.apple.keylayout.Hawaiian,,True,True,False,False
Í,s,com.apple.keylayout.Hawaiian,,True,True,False,False
Î,d,com.apple.keylayout.Hawaiian,,True,True,False,False
Ï,f,com.apple.keylayout.Hawaiian,,True,True,False,False
Ó,h,com.apple.keylayout.Hawaiian,,True,True,False,False
˝,g,com.apple.keylayout.Hawaiian,,True,True,False,False
¸,z,com.apple.keylayout.Hawaiian,,True,True,False,False
˛,x,com.apple.keylayout.Hawaiian,,True,True,False,False
Ç,c,com.apple.keylayout.Hawaiian,,True,True,False,False
◊,v,com.apple.keylayout.Hawaiian,,True,True,False,False
±,§,com.apple.keylayout.Hawaiian,10,True,True,False,False
ı,b,com.apple.keylayout.Hawaiian,,True,True,False,False
Œ,q,com.apple.keylayout.Hawaiian,,True,True,False,False
„,w,com.apple.keylayout.Hawaiian,,True,True,False,False
Ē,e,com.apple.keylayout.Hawaiian,,True,True,False,False
‰,r,com.apple.keylayout.Hawaiian,,True,True,False,False
Á,y,com.apple.keylayout.Hawaiian,,True,True,False,False
ˇ,t,com.apple.keylayout.Hawaiian,,True,True,False,False
⁄,1,com.apple.keylayout.Hawaiian,,True,True,False,False
€,2,com.apple.keylayout.Hawaiian,,True,True,False,False
‹,3,com.apple.keylayout.Hawaiian,,True,True,False,False
›,4,com.apple.keylayout.Hawaiian,,True,True,False,False
ﬂ,6,com.apple.keylayout.Hawaiian,,True,True,False,False
ﬁ,5,com.apple.keylayout.Hawaiian,,True,True,False,False
±,=,com.apple.keylayout.Hawaiian,,True,True,False,False
·,9,com.apple.keylayout.Hawaiian,,True,True,False,False
‡,7,com.apple.keylayout.Hawaiian,,True,True,False,False
—,-,com.apple.keylayout.Hawaiian,,True,True,False,False
°,8,com.apple.keylayout.Hawaiian,,True,True,False,False
‚,0,com.apple.keylayout.Hawaiian,,True,True,False,False
’,],com.apple.keylayout.Hawaiian,,True,True,False,False
Ō,o,com.apple.keylayout.Hawaiian,,True,True,False,False
Ū,u,com.apple.keylayout.Hawaiian,,True,True,False,False
”,[,com.apple.keylayout.Hawaiian,,True,True,False,False
Ī,i,com.apple.keylayout.Hawaiian,,True,True,False,False
∏,p,com.apple.keylayout.Hawaiian,,True,True,False,False
Ò,l,com.apple.keylayout.Hawaiian,,True,True,False,False
Ô,j,com.apple.keylayout.Hawaiian,,True,True,False,False
',ʻ,com.apple.keylayout.Hawaiian,,True,True,False,False
,k,com.apple.keylayout.Hawaiian,,True,True,False,False
Ú,;,com.apple.keylayout.Hawaiian,,True,True,False,False
»,\,com.apple.keylayout.Hawaiian,,True,True,False,False
¯,",",com.apple.keylayout.Hawaiian,,True,True,False,False
¿,/,com.apple.keylayout.Hawaiian,,True,True,False,False
˜,n,com.apple.keylayout.Hawaiian,,True,True,False,False
Â,m,com.apple.keylayout.Hawaiian,,True,True,False,False
˘,.,com.apple.keylayout.Hawaiian,,True,True,False,False
 , ,com.apple.keylayout.Hawaiian,,True,True,False,False
`,`,com.apple.keylayout.Hawaiian,50,True,True,False,False
a,a,com.apple.keylayout.PolishPro,,False,False,False,False
s,s,com.apple.keylayout.PolishPro,,False,False,False,False
d,d,com.apple.keylayout.PolishPro,,False,False,False,False
f,f,com.apple.keylayout.PolishPro,,False,False,False,False
h,h,com.apple.keylayout.PolishPro,,False,False,False,False
g,g,com.apple.keylayout.PolishPro,,False,False,False,False
z,z,com.apple.keylayout.PolishPro,,False,False,False,False
x,x,com.apple.keylayout.PolishPro,,False,False,False,False
c,c,com.apple.keylayout.PolishPro,,False,False,False,False
v,v,com.apple.keylayout.PolishPro,,False,False,False,False
§,§,com.apple.keylayout.PolishPro,10,False,False,False,False
b,b,com.apple.keylayout.PolishPro,,False,False,False,False
q,q,com.apple.keylayout.PolishPro,,False,False,False,False
w,w,com.apple.keylayout.PolishPro,,False,False,False,False
e,e,com.apple.keylayout.PolishPro,,False,False,False,False
r,r,com.apple.keylayout.PolishPro,,False,False,False,False
y,y,com.apple.keylayout.PolishPro,,False,False,False,False
t,t,com.apple.keylayout.PolishPro,,False,False,False,False
1,1,com.apple.keylayout.PolishPro,,False,False,False,False
2,2,com.apple.keylayout.PolishPro,,False,False,False,False
3,3,com.apple.keylayout.PolishPro,,False,False,False,False
4,4,com.apple.keylayout.PolishPro,,False,False,False,False
6,6,com.apple.keylayout.PolishPro,,False,False,False,False
5,5,com.apple.keylayout.PolishPro,,False,False,False,False
=,=,com.apple.keylayout.PolishPro,,False,False,False,False
9,9,com.apple.keylayout.PolishPro,,False,False,False,False
7,7,com.apple.keylayout.PolishPro,,False,False,False,False
-,-,com.apple.keylayout.PolishPro,,False,False,False,False
8,8,com.apple.keylayout.PolishPro,,False,False,False,False
0,0,com.apple.keylayout.PolishPro,,False,False,False,False
],],com.apple.keylayout.PolishPro,,False,False,False,False
o,o,com.apple.keylayout.PolishPro,,False,False,False,False
u,u,com.apple.keylayout.PolishPro,,False,False,False,False
[,[,com.apple.keylayout.PolishPro,,False,False,False,False
i,i,com.apple.keylayout.PolishPro,,False,False,False,False
p,p,com.apple.keylayout.PolishPro,,False,False,False,False
l,l,com.apple.keylayout.PolishPro,,False,False,False,False
j,j,com.apple.keylayout.PolishPro,,False,False,False,False
',',com.apple.keylayout.PolishPro,,False,False,False,False
k,k,com.apple.keylayout.PolishPro,,False,False,False,False
;,;,com.apple.keylayout.PolishPro,,False,False,False,False
\,\,com.apple.keylayout.PolishPro,,False,False,False,False
",",",",com.apple.keylayout.PolishPro,,False,False,False,False
/,/,com.apple.keylayout.PolishPro,,False,False,False,False
n,n,com.apple.keylayout.PolishPro,,False,False,False,False
m,m,com.apple.keylayout.PolishPro,,False,False,False,False
.,.,com.apple.keylayout.PolishPro,,False,False,False,False
 , ,com.apple.keylayout.PolishPro,,False,False,False,False
`,`,com.apple.keylayout.PolishPro,50,False,False,False,False
A,a,com.apple.keylayout.PolishPro,,False,True,False,False
S,s,com.apple.keylayout.PolishPro,,False,True,False,False
D,d,com.apple.keylayout.PolishPro,,False,True,False,False
F,f,com.apple.keylayout.PolishPro,,False,True,False,False
H,h,com.apple.keylayout.PolishPro,,False,True,False,False
G,g,com.apple.keylayout.PolishPro,,False,True,False,False
Z,z,com.apple.keylayout.PolishPro,,False,True,False,False
X,x,com.apple.keylayout.PolishPro,,False,True,False,False
C,c,com.apple.keylayout.PolishPro,,False,True,False,False
V,v,com.apple.keylayout.PolishPro,,False,True,False,False
£,§,com.apple.keylayout.PolishPro,10,False,True,False,False
B,b,com.apple.keylayout.PolishPro,,False,True,False,False
Q,q,com.apple.keylayout.PolishPro,,False,True,False,False
W,w,com.apple.keylayout.PolishPro,,False,True,False,False
E,e,com.apple.keylayout.PolishPro,,False,True,False,False
R,r,com.apple.keylayout.PolishPro,,False,True,False,False
Y,y,com.apple.keylayout.PolishPro,,False,True,False,False
T,t,com.apple.keylayout.PolishPro,,False,True,False,False
!,1,com.apple.keylayout.PolishPro,,False,True,False,False
@,2,com.apple.keylayout.PolishPro,,False,True,False,False
#,3,com.apple.keylayout.PolishPro,,False,True,False,False
$,4,com.apple.keylayout.PolishPro,,False,True,False,False
^,6,com.apple.keylayout.PolishPro,,False,True,False,False
%,5,com.apple.keylayout.PolishPro,,False,True,False,False
+,=,com.apple.keylayout.PolishPro,,False,True,False,False
(,9,com.apple.keylayout.PolishPro,,False,True,False,False
&,7,com.apple.keylayout.PolishPro,,False,True,False,False
_,-,com.apple.keylayout.PolishPro,,False,True,False,False
*,8,com.apple.keylayout.PolishPro,,False,True,False,False
),0,com.apple.keylayout.PolishPro,,False,True,False,False
},],com.apple.keylayout.PolishPro,,False,True,False,False
O,o,com.apple.keylayout.PolishPro,,False,True,False,False
U,u,com.apple.keylayout.PolishPro,,False,True,False,False
{,[,com.apple.keylayout.PolishPro,,False,True,False,False
I,i,com.apple.keylayout.PolishPro,,False,True,False,False
P,p,com.apple.keylayout.PolishPro,,False,True,False,False
L,l,com.apple.keylayout.PolishPro,,False,True,False,False
J,j,com.apple.keylayout.PolishPro,,False,True,False,False
"""",',com.apple.keylayout.PolishPro,,False,True,False,False
K,k,com.apple.keylayout.PolishPro,,False,True,False,False
:,;,com.apple.keylayout.PolishPro,,False,True,False,False
|,\,com.apple.keylayout.PolishPro,,False,True,False,False
<,",",com.apple.keylayout.PolishPro,,False,True,False,False
?,/,com.apple.keylayout.PolishPro,,False,True,False,False
N,n,com.apple.keylayout.PolishPro,,False,True,False,False
M,m,com.apple.keylayout.PolishPro,,False,True,False,False
>,.,com.apple.keylayout.PolishPro,,False,True,False,False
 , ,com.apple.keylayout.PolishPro,,False,True,False,False
~,`,com.apple.keylayout.PolishPro,50,False,True,False,False
ą,a,com.apple.keylayout.PolishPro,,True,False,False,False
ś,s,com.apple.keylayout.PolishPro,,True,False,False,False
∂,d,com.apple.keylayout.PolishPro,,True,False,False,False
ń,f,com.apple.keylayout.PolishPro,,True,False,False,False
ķ,h,com.apple.keylayout.PolishPro,,True,False,False,False
©,g,com.apple.keylayout.PolishPro,,True,False,False,False
ź,z,com.apple.keylayout.PolishPro,,True,False,False,False
ż,x,com.apple.keylayout.PolishPro,,True,False,False,False
ć,c,com.apple.keylayout.PolishPro,,True,False,False,False
√,v,com.apple.keylayout.PolishPro,,True,False,False,False
¬,§,com.apple.keylayout.PolishPro,10,True,False,False,False
ļ,b,com.apple.keylayout.PolishPro,,True,False,False,False
Ō,q,com.apple.keylayout.PolishPro,,True,False,False,False
∑,w,com.apple.keylayout.PolishPro,,True,False,False,False
ę,e,com.apple.keylayout.PolishPro,,True,False,False,False
®,r,com.apple.keylayout.PolishPro,,True,False,False,False
ī,y,com.apple.keylayout.PolishPro,,True,False,False,False
†,t,com.apple.keylayout.PolishPro,,True,False,False,False
Ń,1,com.apple.keylayout.PolishPro,,True,False,False,False
™,2,com.apple.keylayout.PolishPro,,True,False,False,False
€,3,com.apple.keylayout.PolishPro,,True,False,False,False
ß,4,com.apple.keylayout.PolishPro,,True,False,False,False
§,6,com.apple.keylayout.PolishPro,,True,False,False,False
į,5,com.apple.keylayout.PolishPro,,True,False,False,False
≠,=,com.apple.keylayout.PolishPro,,True,False,False,False
Ľ,9,com.apple.keylayout.PolishPro,,True,False,False,False
¶,7,com.apple.keylayout.PolishPro,,True,False,False,False
–,-,com.apple.keylayout.PolishPro,,True,False,False,False
•,8,com.apple.keylayout.PolishPro,,True,False,False,False
ľ,0,com.apple.keylayout.PolishPro,,True,False,False,False
‚,],com.apple.keylayout.PolishPro,,True,False,False,False
ó,o,com.apple.keylayout.PolishPro,,True,False,False,False
„,[,com.apple.keylayout.PolishPro,,True,False,False,False
Ļ,p,com.apple.keylayout.PolishPro,,True,False,False,False
ł,l,com.apple.keylayout.PolishPro,,True,False,False,False
∆,j,com.apple.keylayout.PolishPro,,True,False,False,False
ĺ,',com.apple.keylayout.PolishPro,,True,False,False,False
Ż,k,com.apple.keylayout.PolishPro,,True,False,False,False
…,;,com.apple.keylayout.PolishPro,,True,False,False,False
«,\,com.apple.keylayout.PolishPro,,True,False,False,False
≤,",",com.apple.keylayout.PolishPro,,True,False,False,False
÷,/,com.apple.keylayout.PolishPro,,True,False,False,False
ń,n,com.apple.keylayout.PolishPro,,True,False,False,False
Ķ,m,com.apple.keylayout.PolishPro,,True,False,False,False
≥,.,com.apple.keylayout.PolishPro,,True,False,False,False
 , ,com.apple.keylayout.PolishPro,,True,False,False,False
Ą,a,com.apple.keylayout.PolishPro,,True,True,False,False
Ś,s,com.apple.keylayout.PolishPro,,True,True,False,False
Ž,d,com.apple.keylayout.PolishPro,,True,True,False,False
ž,f,com.apple.keylayout.PolishPro,,True,True,False,False
Ó,h,com.apple.keylayout.PolishPro,,True,True,False,False
Ū,g,com.apple.keylayout.PolishPro,,True,True,False,False
Ź,z,com.apple.keylayout.PolishPro,,True,True,False,False
Ż,x,com.apple.keylayout.PolishPro,,True,True,False,False
Ć,c,com.apple.keylayout.PolishPro,,True,True,False,False
◊,v,com.apple.keylayout.PolishPro,,True,True,False,False
¬,§,com.apple.keylayout.PolishPro,10,True,True,False,False
ű,b,com.apple.keylayout.PolishPro,,True,True,False,False
ő,q,com.apple.keylayout.PolishPro,,True,True,False,False
„,w,com.apple.keylayout.PolishPro,,True,True,False,False
Ę,e,com.apple.keylayout.PolishPro,,True,True,False,False
£,r,com.apple.keylayout.PolishPro,,True,True,False,False
Á,y,com.apple.keylayout.PolishPro,,True,True,False,False
ś,t,com.apple.keylayout.PolishPro,,True,True,False,False
ŕ,1,com.apple.keylayout.PolishPro,,True,True,False,False
Ř,2,com.apple.keylayout.PolishPro,,True,True,False,False
‹,3,com.apple.keylayout.PolishPro,,True,True,False,False
›,4,com.apple.keylayout.PolishPro,,True,True,False,False
Ŗ,6,com.apple.keylayout.PolishPro,,True,True,False,False
ř,5,com.apple.keylayout.PolishPro,,True,True,False,False
Ī,=,com.apple.keylayout.PolishPro,,True,True,False,False
Š,9,com.apple.keylayout.PolishPro,,True,True,False,False
ŗ,7,com.apple.keylayout.PolishPro,,True,True,False,False
—,-,com.apple.keylayout.PolishPro,,True,True,False,False
°,8,com.apple.keylayout.PolishPro,,True,True,False,False
‚,0,com.apple.keylayout.PolishPro,,True,True,False,False
’,],com.apple.keylayout.PolishPro,,True,True,False,False
Ó,o,com.apple.keylayout.PolishPro,,True,True,False,False
Ť,u,com.apple.keylayout.PolishPro,,True,True,False,False
”,[,com.apple.keylayout.PolishPro,,True,True,False,False
ť,i,com.apple.keylayout.PolishPro,,True,True,False,False
ł,p,com.apple.keylayout.PolishPro,,True,True,False,False
Ł,l,com.apple.keylayout.PolishPro,,True,True,False,False
Ô,j,com.apple.keylayout.PolishPro,,True,True,False,False
ģ,',com.apple.keylayout.PolishPro,,True,True,False,False
ū,k,com.apple.keylayout.PolishPro,,True,True,False,False
Ú,;,com.apple.keylayout.PolishPro,,True,True,False,False
»,\,com.apple.keylayout.PolishPro,,True,True,False,False
Ý,",",com.apple.keylayout.PolishPro,,True,True,False,False
ņ,/,com.apple.keylayout.PolishPro,,True,True,False,False
Ń,n,com.apple.keylayout.PolishPro,,True,True,False,False
ų,m,com.apple.keylayout.PolishPro,,True,True,False,False
ý,.,com.apple.keylayout.PolishPro,,True,True,False,False
 , ,com.apple.keylayout.PolishPro,,True,True,False,False
Ŕ,`,com.apple.keylayout.PolishPro,50,True,True,False,False
