output_char,apple_id,steps
ö,com.apple.keylayout.Hungarian,"[[32, [""option""]], [31, []]]"
ô,com.apple.keylayout.Hungarian,"[[34, [""option""]], [31, []]]"
õ,com.apple.keylayout.Hungarian,"[[45, [""option""]], [31, []]]"
ü,com.apple.keylayout.Hungarian,"[[32, [""option""]], [32, []]]"
Ł,com.apple.keylayout.Hungarian,"[[43, [""option""]], [37, [""shift""]]]"
ł,com.apple.keylayout.Hungarian,"[[43, [""option""]], [37, []]]"
Č,com.apple.keylayout.Hungarian,"[[39, [""option"", ""shift""]], [8, [""shift""]]]"
č,com.apple.keylayout.Hungarian,"[[39, [""option"", ""shift""]], [8, []]]"
Ě,com.apple.keylayout.Hungarian,"[[39, [""option"", ""shift""]], [14, [""shift""]]]"
ě,com.apple.keylayout.Hungarian,"[[39, [""option"", ""shift""]], [14, []]]"
Ň,com.apple.keylayout.Hungarian,"[[39, [""option"", ""shift""]], [45, [""shift""]]]"
ň,com.apple.keylayout.Hungarian,"[[39, [""option"", ""shift""]], [45, []]]"
Ř,com.apple.keylayout.Hungarian,"[[39, [""option"", ""shift""]], [15, [""shift""]]]"
ř,com.apple.keylayout.Hungarian,"[[39, [""option"", ""shift""]], [15, []]]"
Š,com.apple.keylayout.Hungarian,"[[39, [""option"", ""shift""]], [1, [""shift""]]]"
š,com.apple.keylayout.Hungarian,"[[39, [""option"", ""shift""]], [1, []]]"
Ť,com.apple.keylayout.Hungarian,"[[39, [""option"", ""shift""]], [17, [""shift""]]]"
Ž,com.apple.keylayout.Hungarian,"[[39, [""option"", ""shift""]], [16, [""shift""]]]"
ž,com.apple.keylayout.Hungarian,"[[39, [""option"", ""shift""]], [16, []]]"
¨,com.apple.keylayout.Hungarian,"[[32, [""option""]], [49, []]]"
^,com.apple.keylayout.Hungarian,"[[34, [""option""]], [49, []]]"
–,com.apple.keylayout.Hungarian,"[[43, [""option""]], [49, []]]"
~,com.apple.keylayout.Hungarian,"[[45, [""option""]], [49, []]]"
ˇ,com.apple.keylayout.Hungarian,"[[39, [""option"", ""shift""]], [49, []]]"
Ä,com.apple.keylayout.Hungarian,"[[32, [""option""]], [0, [""shift""]]]"
Ö,com.apple.keylayout.Hungarian,"[[32, [""option""]], [31, [""shift""]]]"
Ô,com.apple.keylayout.Hungarian,"[[34, [""option""]], [31, [""shift""]]]"
Õ,com.apple.keylayout.Hungarian,"[[45, [""option""]], [31, [""shift""]]]"
Ü,com.apple.keylayout.Hungarian,"[[32, [""option""]], [32, [""shift""]]]"
ä,com.apple.keylayout.Hungarian,"[[32, [""option""]], [0, []]]"
´,com.apple.keylayout.Swedish,"[[24, []], [49, []]]"
¨,com.apple.keylayout.Swedish,"[[30, []], [49, []]]"
`,com.apple.keylayout.Swedish,"[[24, [""shift""]], [49, []]]"
^,com.apple.keylayout.Swedish,"[[30, [""shift""]], [49, []]]"
~,com.apple.keylayout.Swedish,"[[30, [""option""]], [49, []]]"
Á,com.apple.keylayout.Swedish,"[[24, []], [0, [""shift""]]]"
Ä,com.apple.keylayout.Swedish,"[[30, []], [0, [""shift""]]]"
À,com.apple.keylayout.Swedish,"[[24, [""shift""]], [0, [""shift""]]]"
Â,com.apple.keylayout.Swedish,"[[30, [""shift""]], [0, [""shift""]]]"
Ã,com.apple.keylayout.Swedish,"[[30, [""option""]], [0, [""shift""]]]"
É,com.apple.keylayout.Swedish,"[[24, []], [14, [""shift""]]]"
Ë,com.apple.keylayout.Swedish,"[[30, []], [14, [""shift""]]]"
È,com.apple.keylayout.Swedish,"[[24, [""shift""]], [14, [""shift""]]]"
Ê,com.apple.keylayout.Swedish,"[[30, [""shift""]], [14, [""shift""]]]"
Í,com.apple.keylayout.Swedish,"[[24, []], [34, [""shift""]]]"
Ï,com.apple.keylayout.Swedish,"[[30, []], [34, [""shift""]]]"
Ì,com.apple.keylayout.Swedish,"[[24, [""shift""]], [34, [""shift""]]]"
Î,com.apple.keylayout.Swedish,"[[30, [""shift""]], [34, [""shift""]]]"
Ñ,com.apple.keylayout.Swedish,"[[30, [""option""]], [45, [""shift""]]]"
Ó,com.apple.keylayout.Swedish,"[[24, []], [31, [""shift""]]]"
Ö,com.apple.keylayout.Swedish,"[[30, []], [31, [""shift""]]]"
Ò,com.apple.keylayout.Swedish,"[[24, [""shift""]], [31, [""shift""]]]"
Ô,com.apple.keylayout.Swedish,"[[30, [""shift""]], [31, [""shift""]]]"
Õ,com.apple.keylayout.Swedish,"[[30, [""option""]], [31, [""shift""]]]"
Ú,com.apple.keylayout.Swedish,"[[24, []], [32, [""shift""]]]"
Ü,com.apple.keylayout.Swedish,"[[30, []], [32, [""shift""]]]"
Ù,com.apple.keylayout.Swedish,"[[24, [""shift""]], [32, [""shift""]]]"
Û,com.apple.keylayout.Swedish,"[[30, [""shift""]], [32, [""shift""]]]"
Ÿ,com.apple.keylayout.Swedish,"[[30, []], [16, [""shift""]]]"
á,com.apple.keylayout.Swedish,"[[24, []], [0, []]]"
ä,com.apple.keylayout.Swedish,"[[30, []], [0, []]]"
à,com.apple.keylayout.Swedish,"[[24, [""shift""]], [0, []]]"
â,com.apple.keylayout.Swedish,"[[30, [""shift""]], [0, []]]"
ã,com.apple.keylayout.Swedish,"[[30, [""option""]], [0, []]]"
é,com.apple.keylayout.Swedish,"[[24, []], [14, []]]"
ë,com.apple.keylayout.Swedish,"[[30, []], [14, []]]"
è,com.apple.keylayout.Swedish,"[[24, [""shift""]], [14, []]]"
ê,com.apple.keylayout.Swedish,"[[30, [""shift""]], [14, []]]"
í,com.apple.keylayout.Swedish,"[[24, []], [34, []]]"
ï,com.apple.keylayout.Swedish,"[[30, []], [34, []]]"
ì,com.apple.keylayout.Swedish,"[[24, [""shift""]], [34, []]]"
î,com.apple.keylayout.Swedish,"[[30, [""shift""]], [34, []]]"
ñ,com.apple.keylayout.Swedish,"[[30, [""option""]], [45, []]]"
ó,com.apple.keylayout.Swedish,"[[24, []], [31, []]]"
ö,com.apple.keylayout.Swedish,"[[30, []], [31, []]]"
ò,com.apple.keylayout.Swedish,"[[24, [""shift""]], [31, []]]"
ô,com.apple.keylayout.Swedish,"[[30, [""shift""]], [31, []]]"
õ,com.apple.keylayout.Swedish,"[[30, [""option""]], [31, []]]"
ú,com.apple.keylayout.Swedish,"[[24, []], [32, []]]"
ü,com.apple.keylayout.Swedish,"[[30, []], [32, []]]"
ù,com.apple.keylayout.Swedish,"[[24, [""shift""]], [32, []]]"
û,com.apple.keylayout.Swedish,"[[30, [""shift""]], [32, []]]"
ÿ,com.apple.keylayout.Swedish,"[[30, []], [16, []]]"
°,com.apple.keylayout.Icelandic,"[[10, []], [49, []]]"
´,com.apple.keylayout.Icelandic,"[[39, []], [49, []]]"
¨,com.apple.keylayout.Icelandic,"[[10, [""shift""]], [49, []]]"
ˆ,com.apple.keylayout.Icelandic,"[[31, [""option""]], [49, []]]"
`,com.apple.keylayout.Icelandic,"[[42, [""option""]], [49, []]]"
˜,com.apple.keylayout.Icelandic,"[[45, [""option""]], [49, []]]"
Å,com.apple.keylayout.Icelandic,"[[10, []], [0, [""shift""]]]"
Á,com.apple.keylayout.Icelandic,"[[39, []], [0, [""shift""]]]"
Ä,com.apple.keylayout.Icelandic,"[[10, [""shift""]], [0, [""shift""]]]"
Â,com.apple.keylayout.Icelandic,"[[31, [""option""]], [0, [""shift""]]]"
À,com.apple.keylayout.Icelandic,"[[42, [""option""]], [0, [""shift""]]]"
Ã,com.apple.keylayout.Icelandic,"[[45, [""option""]], [0, [""shift""]]]"
É,com.apple.keylayout.Icelandic,"[[39, []], [14, [""shift""]]]"
Ë,com.apple.keylayout.Icelandic,"[[10, [""shift""]], [14, [""shift""]]]"
Ê,com.apple.keylayout.Icelandic,"[[31, [""option""]], [14, [""shift""]]]"
È,com.apple.keylayout.Icelandic,"[[42, [""option""]], [14, [""shift""]]]"
Í,com.apple.keylayout.Icelandic,"[[39, []], [34, [""shift""]]]"
Ï,com.apple.keylayout.Icelandic,"[[10, [""shift""]], [34, [""shift""]]]"
Î,com.apple.keylayout.Icelandic,"[[31, [""option""]], [34, [""shift""]]]"
Ì,com.apple.keylayout.Icelandic,"[[42, [""option""]], [34, [""shift""]]]"
Ñ,com.apple.keylayout.Icelandic,"[[45, [""option""]], [45, [""shift""]]]"
Ó,com.apple.keylayout.Icelandic,"[[39, []], [31, [""shift""]]]"
Ö,com.apple.keylayout.Icelandic,"[[10, [""shift""]], [31, [""shift""]]]"
Ô,com.apple.keylayout.Icelandic,"[[31, [""option""]], [31, [""shift""]]]"
Ò,com.apple.keylayout.Icelandic,"[[42, [""option""]], [31, [""shift""]]]"
Õ,com.apple.keylayout.Icelandic,"[[45, [""option""]], [31, [""shift""]]]"
Ú,com.apple.keylayout.Icelandic,"[[39, []], [32, [""shift""]]]"
Ü,com.apple.keylayout.Icelandic,"[[10, [""shift""]], [32, [""shift""]]]"
Û,com.apple.keylayout.Icelandic,"[[31, [""option""]], [32, [""shift""]]]"
Ù,com.apple.keylayout.Icelandic,"[[42, [""option""]], [32, [""shift""]]]"
Ý,com.apple.keylayout.Icelandic,"[[39, []], [16, [""shift""]]]"
Ÿ,com.apple.keylayout.Icelandic,"[[10, [""shift""]], [16, [""shift""]]]"
å,com.apple.keylayout.Icelandic,"[[10, []], [0, []]]"
á,com.apple.keylayout.Icelandic,"[[39, []], [0, []]]"
ä,com.apple.keylayout.Icelandic,"[[10, [""shift""]], [0, []]]"
â,com.apple.keylayout.Icelandic,"[[31, [""option""]], [0, []]]"
à,com.apple.keylayout.Icelandic,"[[42, [""option""]], [0, []]]"
ã,com.apple.keylayout.Icelandic,"[[45, [""option""]], [0, []]]"
é,com.apple.keylayout.Icelandic,"[[39, []], [14, []]]"
ë,com.apple.keylayout.Icelandic,"[[10, [""shift""]], [14, []]]"
ê,com.apple.keylayout.Icelandic,"[[31, [""option""]], [14, []]]"
è,com.apple.keylayout.Icelandic,"[[42, [""option""]], [14, []]]"
í,com.apple.keylayout.Icelandic,"[[39, []], [34, []]]"
ï,com.apple.keylayout.Icelandic,"[[10, [""shift""]], [34, []]]"
î,com.apple.keylayout.Icelandic,"[[31, [""option""]], [34, []]]"
ì,com.apple.keylayout.Icelandic,"[[42, [""option""]], [34, []]]"
ñ,com.apple.keylayout.Icelandic,"[[45, [""option""]], [45, []]]"
ó,com.apple.keylayout.Icelandic,"[[39, []], [31, []]]"
ö,com.apple.keylayout.Icelandic,"[[10, [""shift""]], [31, []]]"
ô,com.apple.keylayout.Icelandic,"[[31, [""option""]], [31, []]]"
ò,com.apple.keylayout.Icelandic,"[[42, [""option""]], [31, []]]"
õ,com.apple.keylayout.Icelandic,"[[45, [""option""]], [31, []]]"
ú,com.apple.keylayout.Icelandic,"[[39, []], [32, []]]"
ü,com.apple.keylayout.Icelandic,"[[10, [""shift""]], [32, []]]"
û,com.apple.keylayout.Icelandic,"[[31, [""option""]], [32, []]]"
ù,com.apple.keylayout.Icelandic,"[[42, [""option""]], [32, []]]"
ý,com.apple.keylayout.Icelandic,"[[39, []], [16, []]]"
ÿ,com.apple.keylayout.Icelandic,"[[10, [""shift""]], [16, []]]"
´,com.apple.keylayout.InuttitutNunavik,"[[14, [""option""]], [49, []]]"
˘,com.apple.keylayout.InuttitutNunavik,"[[11, [""option""]], [49, []]]"
ˇ,com.apple.keylayout.InuttitutNunavik,"[[9, [""option""]], [49, []]]"
¸,com.apple.keylayout.InuttitutNunavik,"[[8, [""option""]], [49, []]]"
ˆ,com.apple.keylayout.InuttitutNunavik,"[[22, [""option""]], [49, []]]"
‸,com.apple.keylayout.InuttitutNunavik,"[[5, [""option"", ""shift""]], [49, []]]"
",",com.apple.keylayout.InuttitutNunavik,"[[35, [""option""]], [49, []]]"
¨,com.apple.keylayout.InuttitutNunavik,"[[32, [""option""]], [49, []]]"
˙,com.apple.keylayout.InuttitutNunavik,"[[13, [""option""]], [49, []]]"
.,com.apple.keylayout.InuttitutNunavik,"[[7, [""option""]], [49, []]]"
˝,com.apple.keylayout.InuttitutNunavik,"[[38, [""option""]], [49, []]]"
 ̏,com.apple.keylayout.InuttitutNunavik,"[[16, [""option"", ""shift""]], [49, []]]"
`,com.apple.keylayout.InuttitutNunavik,"[[50, [""option""]], [49, []]]"
ˀ,com.apple.keylayout.InuttitutNunavik,"[[6, [""option""]], [49, []]]"
ʔ,com.apple.keylayout.InuttitutNunavik,"[[47, [""option"", ""shift""]], [49, []]]"
ʼ,com.apple.keylayout.InuttitutNunavik,"[[34, [""option""]], [49, []]]"
 ̑,com.apple.keylayout.InuttitutNunavik,"[[1, [""option"", ""shift""]], [49, []]]"
¯,com.apple.keylayout.InuttitutNunavik,"[[0, [""option""]], [49, []]]"
ˍ,com.apple.keylayout.InuttitutNunavik,"[[4, [""option""]], [49, []]]"
˛,com.apple.keylayout.InuttitutNunavik,"[[46, [""option""]], [49, []]]"
˚,com.apple.keylayout.InuttitutNunavik,"[[40, [""option""]], [49, []]]"
№,com.apple.keylayout.InuttitutNunavik,"[[41, [""option"", ""shift""]], [49, []]]"
-,com.apple.keylayout.InuttitutNunavik,"[[37, [""option""]], [49, []]]"
˜,com.apple.keylayout.InuttitutNunavik,"[[45, [""option""]], [49, []]]"
 ̰,com.apple.keylayout.InuttitutNunavik,"[[3, [""option"", ""shift""]], [49, []]]"
ʺ,com.apple.keylayout.InuttitutNunavik,"[[41, [""option"", ""shift""]], [39, [""shift""]]]"
Ɛ,com.apple.keylayout.InuttitutNunavik,"[[41, [""option"", ""shift""]], [20, [""shift""]]]"
Ƽ,com.apple.keylayout.InuttitutNunavik,"[[41, [""option"", ""shift""]], [23, [""shift""]]]"
ʹ,com.apple.keylayout.InuttitutNunavik,"[[41, [""option"", ""shift""]], [39, []]]"
Ȣ,com.apple.keylayout.InuttitutNunavik,"[[41, [""option"", ""shift""]], [28, [""shift""]]]"
ƨ,com.apple.keylayout.InuttitutNunavik,"[[41, [""option"", ""shift""]], [19, []]]"
ɛ,com.apple.keylayout.InuttitutNunavik,"[[41, [""option"", ""shift""]], [20, []]]"
ƽ,com.apple.keylayout.InuttitutNunavik,"[[41, [""option"", ""shift""]], [23, []]]"
ƅ,com.apple.keylayout.InuttitutNunavik,"[[41, [""option"", ""shift""]], [22, []]]"
⁊,com.apple.keylayout.InuttitutNunavik,"[[41, [""option"", ""shift""]], [26, []]]"
ȣ,com.apple.keylayout.InuttitutNunavik,"[[41, [""option"", ""shift""]], [28, []]]"
Ƨ,com.apple.keylayout.InuttitutNunavik,"[[41, [""option"", ""shift""]], [19, [""shift""]]]"
Á,com.apple.keylayout.InuttitutNunavik,"[[14, [""option""]], [0, [""shift""]]]"
Ă,com.apple.keylayout.InuttitutNunavik,"[[11, [""option""]], [0, [""shift""]]]"
Ǎ,com.apple.keylayout.InuttitutNunavik,"[[9, [""option""]], [0, [""shift""]]]"
Â,com.apple.keylayout.InuttitutNunavik,"[[22, [""option""]], [0, [""shift""]]]"
Ä,com.apple.keylayout.InuttitutNunavik,"[[32, [""option""]], [0, [""shift""]]]"
Ȧ,com.apple.keylayout.InuttitutNunavik,"[[13, [""option""]], [0, [""shift""]]]"
Ạ,com.apple.keylayout.InuttitutNunavik,"[[7, [""option""]], [0, [""shift""]]]"
Ȁ,com.apple.keylayout.InuttitutNunavik,"[[16, [""option"", ""shift""]], [0, [""shift""]]]"
À,com.apple.keylayout.InuttitutNunavik,"[[50, [""option""]], [0, [""shift""]]]"
Ả,com.apple.keylayout.InuttitutNunavik,"[[6, [""option""]], [0, [""shift""]]]"
Ȃ,com.apple.keylayout.InuttitutNunavik,"[[1, [""option"", ""shift""]], [0, [""shift""]]]"
Ā,com.apple.keylayout.InuttitutNunavik,"[[0, [""option""]], [0, [""shift""]]]"
Ą,com.apple.keylayout.InuttitutNunavik,"[[46, [""option""]], [0, [""shift""]]]"
Å,com.apple.keylayout.InuttitutNunavik,"[[40, [""option""]], [0, [""shift""]]]"
Ə,com.apple.keylayout.InuttitutNunavik,"[[41, [""option"", ""shift""]], [0, [""shift""]]]"
Ã,com.apple.keylayout.InuttitutNunavik,"[[45, [""option""]], [0, [""shift""]]]"
Ḃ,com.apple.keylayout.InuttitutNunavik,"[[13, [""option""]], [11, [""shift""]]]"
Ḅ,com.apple.keylayout.InuttitutNunavik,"[[7, [""option""]], [11, [""shift""]]]"
Ɓ,com.apple.keylayout.InuttitutNunavik,"[[47, [""option"", ""shift""]], [11, [""shift""]]]"
Ḇ,com.apple.keylayout.InuttitutNunavik,"[[4, [""option""]], [11, [""shift""]]]"
Ć,com.apple.keylayout.InuttitutNunavik,"[[14, [""option""]], [8, [""shift""]]]"
Č,com.apple.keylayout.InuttitutNunavik,"[[9, [""option""]], [8, [""shift""]]]"
Ç,com.apple.keylayout.InuttitutNunavik,"[[8, [""option""]], [8, [""shift""]]]"
Ĉ,com.apple.keylayout.InuttitutNunavik,"[[22, [""option""]], [8, [""shift""]]]"
Ċ,com.apple.keylayout.InuttitutNunavik,"[[13, [""option""]], [8, [""shift""]]]"
Ƈ,com.apple.keylayout.InuttitutNunavik,"[[47, [""option"", ""shift""]], [8, [""shift""]]]"
Ɔ,com.apple.keylayout.InuttitutNunavik,"[[41, [""option"", ""shift""]], [8, [""shift""]]]"
Ď,com.apple.keylayout.InuttitutNunavik,"[[9, [""option""]], [2, [""shift""]]]"
Ḑ,com.apple.keylayout.InuttitutNunavik,"[[8, [""option""]], [2, [""shift""]]]"
Ḓ,com.apple.keylayout.InuttitutNunavik,"[[5, [""option"", ""shift""]], [2, [""shift""]]]"
Ḋ,com.apple.keylayout.InuttitutNunavik,"[[13, [""option""]], [2, [""shift""]]]"
Ḍ,com.apple.keylayout.InuttitutNunavik,"[[7, [""option""]], [2, [""shift""]]]"
Ɗ,com.apple.keylayout.InuttitutNunavik,"[[47, [""option"", ""shift""]], [2, [""shift""]]]"
Ḏ,com.apple.keylayout.InuttitutNunavik,"[[4, [""option""]], [2, [""shift""]]]"
Đ,com.apple.keylayout.InuttitutNunavik,"[[37, [""option""]], [2, [""shift""]]]"
É,com.apple.keylayout.InuttitutNunavik,"[[14, [""option""]], [14, [""shift""]]]"
Ĕ,com.apple.keylayout.InuttitutNunavik,"[[11, [""option""]], [14, [""shift""]]]"
Ě,com.apple.keylayout.InuttitutNunavik,"[[9, [""option""]], [14, [""shift""]]]"
Ȩ,com.apple.keylayout.InuttitutNunavik,"[[8, [""option""]], [14, [""shift""]]]"
Ê,com.apple.keylayout.InuttitutNunavik,"[[22, [""option""]], [14, [""shift""]]]"
Ḙ,com.apple.keylayout.InuttitutNunavik,"[[5, [""option"", ""shift""]], [14, [""shift""]]]"
Ë,com.apple.keylayout.InuttitutNunavik,"[[32, [""option""]], [14, [""shift""]]]"
Ė,com.apple.keylayout.InuttitutNunavik,"[[13, [""option""]], [14, [""shift""]]]"
Ẹ,com.apple.keylayout.InuttitutNunavik,"[[7, [""option""]], [14, [""shift""]]]"
Ȅ,com.apple.keylayout.InuttitutNunavik,"[[16, [""option"", ""shift""]], [14, [""shift""]]]"
È,com.apple.keylayout.InuttitutNunavik,"[[50, [""option""]], [14, [""shift""]]]"
Ẻ,com.apple.keylayout.InuttitutNunavik,"[[6, [""option""]], [14, [""shift""]]]"
Ȇ,com.apple.keylayout.InuttitutNunavik,"[[1, [""option"", ""shift""]], [14, [""shift""]]]"
Ē,com.apple.keylayout.InuttitutNunavik,"[[0, [""option""]], [14, [""shift""]]]"
Ę,com.apple.keylayout.InuttitutNunavik,"[[46, [""option""]], [14, [""shift""]]]"
E̊,com.apple.keylayout.InuttitutNunavik,"[[40, [""option""]], [14, [""shift""]]]"
Ǝ,com.apple.keylayout.InuttitutNunavik,"[[41, [""option"", ""shift""]], [14, [""shift""]]]"
Ẽ,com.apple.keylayout.InuttitutNunavik,"[[45, [""option""]], [14, [""shift""]]]"
Ḛ,com.apple.keylayout.InuttitutNunavik,"[[3, [""option"", ""shift""]], [14, [""shift""]]]"
Ḟ,com.apple.keylayout.InuttitutNunavik,"[[13, [""option""]], [3, [""shift""]]]"
Ƒ,com.apple.keylayout.InuttitutNunavik,"[[47, [""option"", ""shift""]], [3, [""shift""]]]"
Ǵ,com.apple.keylayout.InuttitutNunavik,"[[14, [""option""]], [5, [""shift""]]]"
Ğ,com.apple.keylayout.InuttitutNunavik,"[[11, [""option""]], [5, [""shift""]]]"
Ǧ,com.apple.keylayout.InuttitutNunavik,"[[9, [""option""]], [5, [""shift""]]]"
Ģ,com.apple.keylayout.InuttitutNunavik,"[[8, [""option""]], [5, [""shift""]]]"
Ĝ,com.apple.keylayout.InuttitutNunavik,"[[22, [""option""]], [5, [""shift""]]]"
Ġ,com.apple.keylayout.InuttitutNunavik,"[[13, [""option""]], [5, [""shift""]]]"
Ɠ,com.apple.keylayout.InuttitutNunavik,"[[47, [""option"", ""shift""]], [5, [""shift""]]]"
Ḡ,com.apple.keylayout.InuttitutNunavik,"[[0, [""option""]], [5, [""shift""]]]"
Ɣ,com.apple.keylayout.InuttitutNunavik,"[[41, [""option"", ""shift""]], [5, [""shift""]]]"
Ǥ,com.apple.keylayout.InuttitutNunavik,"[[37, [""option""]], [5, [""shift""]]]"
Ḫ,com.apple.keylayout.InuttitutNunavik,"[[11, [""option""]], [4, [""shift""]]]"
Ȟ,com.apple.keylayout.InuttitutNunavik,"[[9, [""option""]], [4, [""shift""]]]"
Ḩ,com.apple.keylayout.InuttitutNunavik,"[[8, [""option""]], [4, [""shift""]]]"
Ĥ,com.apple.keylayout.InuttitutNunavik,"[[22, [""option""]], [4, [""shift""]]]"
Ḧ,com.apple.keylayout.InuttitutNunavik,"[[32, [""option""]], [4, [""shift""]]]"
Ḣ,com.apple.keylayout.InuttitutNunavik,"[[13, [""option""]], [4, [""shift""]]]"
Ḥ,com.apple.keylayout.InuttitutNunavik,"[[7, [""option""]], [4, [""shift""]]]"
H̱,com.apple.keylayout.InuttitutNunavik,"[[4, [""option""]], [4, [""shift""]]]"
Ƕ,com.apple.keylayout.InuttitutNunavik,"[[41, [""option"", ""shift""]], [4, [""shift""]]]"
Ħ,com.apple.keylayout.InuttitutNunavik,"[[37, [""option""]], [4, [""shift""]]]"
Í,com.apple.keylayout.InuttitutNunavik,"[[14, [""option""]], [34, [""shift""]]]"
Ĭ,com.apple.keylayout.InuttitutNunavik,"[[11, [""option""]], [34, [""shift""]]]"
Ǐ,com.apple.keylayout.InuttitutNunavik,"[[9, [""option""]], [34, [""shift""]]]"
Î,com.apple.keylayout.InuttitutNunavik,"[[22, [""option""]], [34, [""shift""]]]"
Ï,com.apple.keylayout.InuttitutNunavik,"[[32, [""option""]], [34, [""shift""]]]"
İ,com.apple.keylayout.InuttitutNunavik,"[[13, [""option""]], [34, [""shift""]]]"
Ị,com.apple.keylayout.InuttitutNunavik,"[[7, [""option""]], [34, [""shift""]]]"
Ȉ,com.apple.keylayout.InuttitutNunavik,"[[16, [""option"", ""shift""]], [34, [""shift""]]]"
Ì,com.apple.keylayout.InuttitutNunavik,"[[50, [""option""]], [34, [""shift""]]]"
Ỉ,com.apple.keylayout.InuttitutNunavik,"[[6, [""option""]], [34, [""shift""]]]"
Ɩ,com.apple.keylayout.InuttitutNunavik,"[[47, [""option"", ""shift""]], [34, [""shift""]]]"
Ȋ,com.apple.keylayout.InuttitutNunavik,"[[1, [""option"", ""shift""]], [34, [""shift""]]]"
Ī,com.apple.keylayout.InuttitutNunavik,"[[0, [""option""]], [34, [""shift""]]]"
Į,com.apple.keylayout.InuttitutNunavik,"[[46, [""option""]], [34, [""shift""]]]"
Ɨ,com.apple.keylayout.InuttitutNunavik,"[[37, [""option""]], [34, [""shift""]]]"
Ĩ,com.apple.keylayout.InuttitutNunavik,"[[45, [""option""]], [34, [""shift""]]]"
Ḭ,com.apple.keylayout.InuttitutNunavik,"[[3, [""option"", ""shift""]], [34, [""shift""]]]"
J̌,com.apple.keylayout.InuttitutNunavik,"[[9, [""option""]], [38, [""shift""]]]"
Ĵ,com.apple.keylayout.InuttitutNunavik,"[[22, [""option""]], [38, [""shift""]]]"
Ƞ,com.apple.keylayout.InuttitutNunavik,"[[41, [""option"", ""shift""]], [38, [""shift""]]]"
Ḱ,com.apple.keylayout.InuttitutNunavik,"[[14, [""option""]], [40, [""shift""]]]"
Ǩ,com.apple.keylayout.InuttitutNunavik,"[[9, [""option""]], [40, [""shift""]]]"
Ķ,com.apple.keylayout.InuttitutNunavik,"[[8, [""option""]], [40, [""shift""]]]"
Ḳ,com.apple.keylayout.InuttitutNunavik,"[[7, [""option""]], [40, [""shift""]]]"
Ƙ,com.apple.keylayout.InuttitutNunavik,"[[47, [""option"", ""shift""]], [40, [""shift""]]]"
Ḵ,com.apple.keylayout.InuttitutNunavik,"[[4, [""option""]], [40, [""shift""]]]"
K’,com.apple.keylayout.InuttitutNunavik,"[[41, [""option"", ""shift""]], [40, [""shift""]]]"
Ĺ,com.apple.keylayout.InuttitutNunavik,"[[14, [""option""]], [37, [""shift""]]]"
Ľ,com.apple.keylayout.InuttitutNunavik,"[[9, [""option""]], [37, [""shift""]]]"
Ļ,com.apple.keylayout.InuttitutNunavik,"[[8, [""option""]], [37, [""shift""]]]"
Ḽ,com.apple.keylayout.InuttitutNunavik,"[[5, [""option"", ""shift""]], [37, [""shift""]]]"
Ḷ,com.apple.keylayout.InuttitutNunavik,"[[7, [""option""]], [37, [""shift""]]]"
Ḹ,com.apple.keylayout.InuttitutNunavik,"[[0, [""option""]], [37, [""shift""]]]"
Ḻ,com.apple.keylayout.InuttitutNunavik,"[[4, [""option""]], [37, [""shift""]]]"
Ł,com.apple.keylayout.InuttitutNunavik,"[[37, [""option""]], [37, [""shift""]]]"
Ḿ,com.apple.keylayout.InuttitutNunavik,"[[14, [""option""]], [46, [""shift""]]]"
M̂,com.apple.keylayout.InuttitutNunavik,"[[22, [""option""]], [46, [""shift""]]]"
Ṁ,com.apple.keylayout.InuttitutNunavik,"[[13, [""option""]], [46, [""shift""]]]"
Ṃ,com.apple.keylayout.InuttitutNunavik,"[[7, [""option""]], [46, [""shift""]]]"
Ɯ,com.apple.keylayout.InuttitutNunavik,"[[41, [""option"", ""shift""]], [46, [""shift""]]]"
Ń,com.apple.keylayout.InuttitutNunavik,"[[14, [""option""]], [45, [""shift""]]]"
Ň,com.apple.keylayout.InuttitutNunavik,"[[9, [""option""]], [45, [""shift""]]]"
Ņ,com.apple.keylayout.InuttitutNunavik,"[[8, [""option""]], [45, [""shift""]]]"
N̂,com.apple.keylayout.InuttitutNunavik,"[[22, [""option""]], [45, [""shift""]]]"
Ṋ,com.apple.keylayout.InuttitutNunavik,"[[5, [""option"", ""shift""]], [45, [""shift""]]]"
Ṅ,com.apple.keylayout.InuttitutNunavik,"[[13, [""option""]], [45, [""shift""]]]"
Ṇ,com.apple.keylayout.InuttitutNunavik,"[[7, [""option""]], [45, [""shift""]]]"
Ǹ,com.apple.keylayout.InuttitutNunavik,"[[50, [""option""]], [45, [""shift""]]]"
Ɲ,com.apple.keylayout.InuttitutNunavik,"[[47, [""option"", ""shift""]], [45, [""shift""]]]"
Ṉ,com.apple.keylayout.InuttitutNunavik,"[[4, [""option""]], [45, [""shift""]]]"
Ŋ,com.apple.keylayout.InuttitutNunavik,"[[41, [""option"", ""shift""]], [45, [""shift""]]]"
Ñ,com.apple.keylayout.InuttitutNunavik,"[[45, [""option""]], [45, [""shift""]]]"
Ó,com.apple.keylayout.InuttitutNunavik,"[[14, [""option""]], [31, [""shift""]]]"
Ŏ,com.apple.keylayout.InuttitutNunavik,"[[11, [""option""]], [31, [""shift""]]]"
Ǒ,com.apple.keylayout.InuttitutNunavik,"[[9, [""option""]], [31, [""shift""]]]"
Ô,com.apple.keylayout.InuttitutNunavik,"[[22, [""option""]], [31, [""shift""]]]"
Ö,com.apple.keylayout.InuttitutNunavik,"[[32, [""option""]], [31, [""shift""]]]"
Ȯ,com.apple.keylayout.InuttitutNunavik,"[[13, [""option""]], [31, [""shift""]]]"
Ọ,com.apple.keylayout.InuttitutNunavik,"[[7, [""option""]], [31, [""shift""]]]"
Ő,com.apple.keylayout.InuttitutNunavik,"[[38, [""option""]], [31, [""shift""]]]"
Ȍ,com.apple.keylayout.InuttitutNunavik,"[[16, [""option"", ""shift""]], [31, [""shift""]]]"
Ò,com.apple.keylayout.InuttitutNunavik,"[[50, [""option""]], [31, [""shift""]]]"
Ỏ,com.apple.keylayout.InuttitutNunavik,"[[6, [""option""]], [31, [""shift""]]]"
Ơ,com.apple.keylayout.InuttitutNunavik,"[[34, [""option""]], [31, [""shift""]]]"
Ȏ,com.apple.keylayout.InuttitutNunavik,"[[1, [""option"", ""shift""]], [31, [""shift""]]]"
Ō,com.apple.keylayout.InuttitutNunavik,"[[0, [""option""]], [31, [""shift""]]]"
Ǫ,com.apple.keylayout.InuttitutNunavik,"[[46, [""option""]], [31, [""shift""]]]"
O̊,com.apple.keylayout.InuttitutNunavik,"[[40, [""option""]], [31, [""shift""]]]"
Ɵ,com.apple.keylayout.InuttitutNunavik,"[[37, [""option""]], [31, [""shift""]]]"
Õ,com.apple.keylayout.InuttitutNunavik,"[[45, [""option""]], [31, [""shift""]]]"
Ṕ,com.apple.keylayout.InuttitutNunavik,"[[14, [""option""]], [35, [""shift""]]]"
Ṗ,com.apple.keylayout.InuttitutNunavik,"[[13, [""option""]], [35, [""shift""]]]"
Ƥ,com.apple.keylayout.InuttitutNunavik,"[[47, [""option"", ""shift""]], [35, [""shift""]]]"
Ƣ,com.apple.keylayout.InuttitutNunavik,"[[41, [""option"", ""shift""]], [12, [""shift""]]]"
Ŕ,com.apple.keylayout.InuttitutNunavik,"[[14, [""option""]], [15, [""shift""]]]"
Ř,com.apple.keylayout.InuttitutNunavik,"[[9, [""option""]], [15, [""shift""]]]"
Ŗ,com.apple.keylayout.InuttitutNunavik,"[[8, [""option""]], [15, [""shift""]]]"
Ṙ,com.apple.keylayout.InuttitutNunavik,"[[13, [""option""]], [15, [""shift""]]]"
Ṛ,com.apple.keylayout.InuttitutNunavik,"[[7, [""option""]], [15, [""shift""]]]"
Ȑ,com.apple.keylayout.InuttitutNunavik,"[[16, [""option"", ""shift""]], [15, [""shift""]]]"
Ʈ,com.apple.keylayout.InuttitutNunavik,"[[47, [""option"", ""shift""]], [15, [""shift""]]]"
Ȓ,com.apple.keylayout.InuttitutNunavik,"[[1, [""option"", ""shift""]], [15, [""shift""]]]"
Ṝ,com.apple.keylayout.InuttitutNunavik,"[[0, [""option""]], [15, [""shift""]]]"
Ṟ,com.apple.keylayout.InuttitutNunavik,"[[4, [""option""]], [15, [""shift""]]]"
Ʀ,com.apple.keylayout.InuttitutNunavik,"[[41, [""option"", ""shift""]], [15, [""shift""]]]"
Ś,com.apple.keylayout.InuttitutNunavik,"[[14, [""option""]], [1, [""shift""]]]"
Š,com.apple.keylayout.InuttitutNunavik,"[[9, [""option""]], [1, [""shift""]]]"
Ş,com.apple.keylayout.InuttitutNunavik,"[[8, [""option""]], [1, [""shift""]]]"
Ŝ,com.apple.keylayout.InuttitutNunavik,"[[22, [""option""]], [1, [""shift""]]]"
Ș,com.apple.keylayout.InuttitutNunavik,"[[35, [""option""]], [1, [""shift""]]]"
Ṡ,com.apple.keylayout.InuttitutNunavik,"[[13, [""option""]], [1, [""shift""]]]"
Ṣ,com.apple.keylayout.InuttitutNunavik,"[[7, [""option""]], [1, [""shift""]]]"
Ʃ,com.apple.keylayout.InuttitutNunavik,"[[47, [""option"", ""shift""]], [1, [""shift""]]]"
S̄,com.apple.keylayout.InuttitutNunavik,"[[0, [""option""]], [1, [""shift""]]]"
Ť,com.apple.keylayout.InuttitutNunavik,"[[9, [""option""]], [17, [""shift""]]]"
Ţ,com.apple.keylayout.InuttitutNunavik,"[[8, [""option""]], [17, [""shift""]]]"
Ṱ,com.apple.keylayout.InuttitutNunavik,"[[5, [""option"", ""shift""]], [17, [""shift""]]]"
Ț,com.apple.keylayout.InuttitutNunavik,"[[35, [""option""]], [17, [""shift""]]]"
T̈,com.apple.keylayout.InuttitutNunavik,"[[32, [""option""]], [17, [""shift""]]]"
Ṫ,com.apple.keylayout.InuttitutNunavik,"[[13, [""option""]], [17, [""shift""]]]"
Ṭ,com.apple.keylayout.InuttitutNunavik,"[[7, [""option""]], [17, [""shift""]]]"
Ƭ,com.apple.keylayout.InuttitutNunavik,"[[47, [""option"", ""shift""]], [17, [""shift""]]]"
Ṯ,com.apple.keylayout.InuttitutNunavik,"[[4, [""option""]], [17, [""shift""]]]"
Ŧ,com.apple.keylayout.InuttitutNunavik,"[[37, [""option""]], [17, [""shift""]]]"
Ú,com.apple.keylayout.InuttitutNunavik,"[[14, [""option""]], [32, [""shift""]]]"
Ŭ,com.apple.keylayout.InuttitutNunavik,"[[11, [""option""]], [32, [""shift""]]]"
Ǔ,com.apple.keylayout.InuttitutNunavik,"[[9, [""option""]], [32, [""shift""]]]"
Û,com.apple.keylayout.InuttitutNunavik,"[[22, [""option""]], [32, [""shift""]]]"
Ṷ,com.apple.keylayout.InuttitutNunavik,"[[5, [""option"", ""shift""]], [32, [""shift""]]]"
Ü,com.apple.keylayout.InuttitutNunavik,"[[32, [""option""]], [32, [""shift""]]]"
Ụ,com.apple.keylayout.InuttitutNunavik,"[[7, [""option""]], [32, [""shift""]]]"
Ű,com.apple.keylayout.InuttitutNunavik,"[[38, [""option""]], [32, [""shift""]]]"
Ȕ,com.apple.keylayout.InuttitutNunavik,"[[16, [""option"", ""shift""]], [32, [""shift""]]]"
Ù,com.apple.keylayout.InuttitutNunavik,"[[50, [""option""]], [32, [""shift""]]]"
Ủ,com.apple.keylayout.InuttitutNunavik,"[[6, [""option""]], [32, [""shift""]]]"
Ʋ,com.apple.keylayout.InuttitutNunavik,"[[47, [""option"", ""shift""]], [32, [""shift""]]]"
Ư,com.apple.keylayout.InuttitutNunavik,"[[34, [""option""]], [32, [""shift""]]]"
Ȗ,com.apple.keylayout.InuttitutNunavik,"[[1, [""option"", ""shift""]], [32, [""shift""]]]"
Ū,com.apple.keylayout.InuttitutNunavik,"[[0, [""option""]], [32, [""shift""]]]"
Ų,com.apple.keylayout.InuttitutNunavik,"[[46, [""option""]], [32, [""shift""]]]"
Ů,com.apple.keylayout.InuttitutNunavik,"[[40, [""option""]], [32, [""shift""]]]"
Ʊ,com.apple.keylayout.InuttitutNunavik,"[[41, [""option"", ""shift""]], [32, [""shift""]]]"
Ũ,com.apple.keylayout.InuttitutNunavik,"[[45, [""option""]], [32, [""shift""]]]"
Ṵ,com.apple.keylayout.InuttitutNunavik,"[[3, [""option"", ""shift""]], [32, [""shift""]]]"
Ǘ,com.apple.keylayout.InuttitutNunavik,"[[14, [""option""]], [9, [""shift""]]]"
Ǚ,com.apple.keylayout.InuttitutNunavik,"[[9, [""option""]], [9, [""shift""]]]"
Ṿ,com.apple.keylayout.InuttitutNunavik,"[[7, [""option""]], [9, [""shift""]]]"
Ǜ,com.apple.keylayout.InuttitutNunavik,"[[50, [""option""]], [9, [""shift""]]]"
Ǖ,com.apple.keylayout.InuttitutNunavik,"[[0, [""option""]], [9, [""shift""]]]"
Ṽ,com.apple.keylayout.InuttitutNunavik,"[[45, [""option""]], [9, [""shift""]]]"
Ẃ,com.apple.keylayout.InuttitutNunavik,"[[14, [""option""]], [13, [""shift""]]]"
Ŵ,com.apple.keylayout.InuttitutNunavik,"[[22, [""option""]], [13, [""shift""]]]"
Ẅ,com.apple.keylayout.InuttitutNunavik,"[[32, [""option""]], [13, [""shift""]]]"
Ẇ,com.apple.keylayout.InuttitutNunavik,"[[13, [""option""]], [13, [""shift""]]]"
Ẉ,com.apple.keylayout.InuttitutNunavik,"[[7, [""option""]], [13, [""shift""]]]"
Ẁ,com.apple.keylayout.InuttitutNunavik,"[[50, [""option""]], [13, [""shift""]]]"
W̊,com.apple.keylayout.InuttitutNunavik,"[[40, [""option""]], [13, [""shift""]]]"
Ƿ,com.apple.keylayout.InuttitutNunavik,"[[41, [""option"", ""shift""]], [13, [""shift""]]]"
Ẍ,com.apple.keylayout.InuttitutNunavik,"[[32, [""option""]], [7, [""shift""]]]"
Ẋ,com.apple.keylayout.InuttitutNunavik,"[[13, [""option""]], [7, [""shift""]]]"
Ɖ,com.apple.keylayout.InuttitutNunavik,"[[47, [""option"", ""shift""]], [7, [""shift""]]]"
Ý,com.apple.keylayout.InuttitutNunavik,"[[14, [""option""]], [16, [""shift""]]]"
Ŷ,com.apple.keylayout.InuttitutNunavik,"[[22, [""option""]], [16, [""shift""]]]"
Ÿ,com.apple.keylayout.InuttitutNunavik,"[[32, [""option""]], [16, [""shift""]]]"
Ẏ,com.apple.keylayout.InuttitutNunavik,"[[13, [""option""]], [16, [""shift""]]]"
Ỵ,com.apple.keylayout.InuttitutNunavik,"[[7, [""option""]], [16, [""shift""]]]"
Ỳ,com.apple.keylayout.InuttitutNunavik,"[[50, [""option""]], [16, [""shift""]]]"
Ỷ,com.apple.keylayout.InuttitutNunavik,"[[6, [""option""]], [16, [""shift""]]]"
Ƴ,com.apple.keylayout.InuttitutNunavik,"[[47, [""option"", ""shift""]], [16, [""shift""]]]"
Ȳ,com.apple.keylayout.InuttitutNunavik,"[[0, [""option""]], [16, [""shift""]]]"
Y̊,com.apple.keylayout.InuttitutNunavik,"[[40, [""option""]], [16, [""shift""]]]"
Ȝ,com.apple.keylayout.InuttitutNunavik,"[[41, [""option"", ""shift""]], [16, [""shift""]]]"
Ỹ,com.apple.keylayout.InuttitutNunavik,"[[45, [""option""]], [16, [""shift""]]]"
Ź,com.apple.keylayout.InuttitutNunavik,"[[14, [""option""]], [6, [""shift""]]]"
Ž,com.apple.keylayout.InuttitutNunavik,"[[9, [""option""]], [6, [""shift""]]]"
Z̧,com.apple.keylayout.InuttitutNunavik,"[[8, [""option""]], [6, [""shift""]]]"
Ẑ,com.apple.keylayout.InuttitutNunavik,"[[22, [""option""]], [6, [""shift""]]]"
Ż,com.apple.keylayout.InuttitutNunavik,"[[13, [""option""]], [6, [""shift""]]]"
Ẓ,com.apple.keylayout.InuttitutNunavik,"[[7, [""option""]], [6, [""shift""]]]"
Ȥ,com.apple.keylayout.InuttitutNunavik,"[[47, [""option"", ""shift""]], [6, [""shift""]]]"
Z̄,com.apple.keylayout.InuttitutNunavik,"[[0, [""option""]], [6, [""shift""]]]"
Ẕ,com.apple.keylayout.InuttitutNunavik,"[[4, [""option""]], [6, [""shift""]]]"
Ʒ,com.apple.keylayout.InuttitutNunavik,"[[41, [""option"", ""shift""]], [6, [""shift""]]]"
Ƶ,com.apple.keylayout.InuttitutNunavik,"[[37, [""option""]], [6, [""shift""]]]"
Ƅ,com.apple.keylayout.InuttitutNunavik,"[[41, [""option"", ""shift""]], [22, [""shift""]]]"
á,com.apple.keylayout.InuttitutNunavik,"[[14, [""option""]], [0, []]]"
ă,com.apple.keylayout.InuttitutNunavik,"[[11, [""option""]], [0, []]]"
ǎ,com.apple.keylayout.InuttitutNunavik,"[[9, [""option""]], [0, []]]"
â,com.apple.keylayout.InuttitutNunavik,"[[22, [""option""]], [0, []]]"
ä,com.apple.keylayout.InuttitutNunavik,"[[32, [""option""]], [0, []]]"
ȧ,com.apple.keylayout.InuttitutNunavik,"[[13, [""option""]], [0, []]]"
ạ,com.apple.keylayout.InuttitutNunavik,"[[7, [""option""]], [0, []]]"
ȁ,com.apple.keylayout.InuttitutNunavik,"[[16, [""option"", ""shift""]], [0, []]]"
à,com.apple.keylayout.InuttitutNunavik,"[[50, [""option""]], [0, []]]"
ả,com.apple.keylayout.InuttitutNunavik,"[[6, [""option""]], [0, []]]"
ȃ,com.apple.keylayout.InuttitutNunavik,"[[1, [""option"", ""shift""]], [0, []]]"
ā,com.apple.keylayout.InuttitutNunavik,"[[0, [""option""]], [0, []]]"
ą,com.apple.keylayout.InuttitutNunavik,"[[46, [""option""]], [0, []]]"
å,com.apple.keylayout.InuttitutNunavik,"[[40, [""option""]], [0, []]]"
ə,com.apple.keylayout.InuttitutNunavik,"[[41, [""option"", ""shift""]], [0, []]]"
ã,com.apple.keylayout.InuttitutNunavik,"[[45, [""option""]], [0, []]]"
ḃ,com.apple.keylayout.InuttitutNunavik,"[[13, [""option""]], [11, []]]"
ḅ,com.apple.keylayout.InuttitutNunavik,"[[7, [""option""]], [11, []]]"
ɓ,com.apple.keylayout.InuttitutNunavik,"[[47, [""option"", ""shift""]], [11, []]]"
ḇ,com.apple.keylayout.InuttitutNunavik,"[[4, [""option""]], [11, []]]"
ƀ,com.apple.keylayout.InuttitutNunavik,"[[37, [""option""]], [11, []]]"
ć,com.apple.keylayout.InuttitutNunavik,"[[14, [""option""]], [8, []]]"
č,com.apple.keylayout.InuttitutNunavik,"[[9, [""option""]], [8, []]]"
ç,com.apple.keylayout.InuttitutNunavik,"[[8, [""option""]], [8, []]]"
ĉ,com.apple.keylayout.InuttitutNunavik,"[[22, [""option""]], [8, []]]"
ċ,com.apple.keylayout.InuttitutNunavik,"[[13, [""option""]], [8, []]]"
ƈ,com.apple.keylayout.InuttitutNunavik,"[[47, [""option"", ""shift""]], [8, []]]"
ɔ,com.apple.keylayout.InuttitutNunavik,"[[41, [""option"", ""shift""]], [8, []]]"
ď,com.apple.keylayout.InuttitutNunavik,"[[9, [""option""]], [2, []]]"
ḑ,com.apple.keylayout.InuttitutNunavik,"[[8, [""option""]], [2, []]]"
ḓ,com.apple.keylayout.InuttitutNunavik,"[[5, [""option"", ""shift""]], [2, []]]"
ḋ,com.apple.keylayout.InuttitutNunavik,"[[13, [""option""]], [2, []]]"
ḍ,com.apple.keylayout.InuttitutNunavik,"[[7, [""option""]], [2, []]]"
ɗ,com.apple.keylayout.InuttitutNunavik,"[[47, [""option"", ""shift""]], [2, []]]"
ḏ,com.apple.keylayout.InuttitutNunavik,"[[4, [""option""]], [2, []]]"
đ,com.apple.keylayout.InuttitutNunavik,"[[37, [""option""]], [2, []]]"
é,com.apple.keylayout.InuttitutNunavik,"[[14, [""option""]], [14, []]]"
ĕ,com.apple.keylayout.InuttitutNunavik,"[[11, [""option""]], [14, []]]"
ě,com.apple.keylayout.InuttitutNunavik,"[[9, [""option""]], [14, []]]"
ȩ,com.apple.keylayout.InuttitutNunavik,"[[8, [""option""]], [14, []]]"
ê,com.apple.keylayout.InuttitutNunavik,"[[22, [""option""]], [14, []]]"
ḙ,com.apple.keylayout.InuttitutNunavik,"[[5, [""option"", ""shift""]], [14, []]]"
ë,com.apple.keylayout.InuttitutNunavik,"[[32, [""option""]], [14, []]]"
ė,com.apple.keylayout.InuttitutNunavik,"[[13, [""option""]], [14, []]]"
ẹ,com.apple.keylayout.InuttitutNunavik,"[[7, [""option""]], [14, []]]"
ȅ,com.apple.keylayout.InuttitutNunavik,"[[16, [""option"", ""shift""]], [14, []]]"
è,com.apple.keylayout.InuttitutNunavik,"[[50, [""option""]], [14, []]]"
ẻ,com.apple.keylayout.InuttitutNunavik,"[[6, [""option""]], [14, []]]"
ȇ,com.apple.keylayout.InuttitutNunavik,"[[1, [""option"", ""shift""]], [14, []]]"
ē,com.apple.keylayout.InuttitutNunavik,"[[0, [""option""]], [14, []]]"
ę,com.apple.keylayout.InuttitutNunavik,"[[46, [""option""]], [14, []]]"
e̊,com.apple.keylayout.InuttitutNunavik,"[[40, [""option""]], [14, []]]"
ǝ,com.apple.keylayout.InuttitutNunavik,"[[41, [""option"", ""shift""]], [14, []]]"
ẽ,com.apple.keylayout.InuttitutNunavik,"[[45, [""option""]], [14, []]]"
ḛ,com.apple.keylayout.InuttitutNunavik,"[[3, [""option"", ""shift""]], [14, []]]"
ḟ,com.apple.keylayout.InuttitutNunavik,"[[13, [""option""]], [3, []]]"
ƒ,com.apple.keylayout.InuttitutNunavik,"[[47, [""option"", ""shift""]], [3, []]]"
ǵ,com.apple.keylayout.InuttitutNunavik,"[[14, [""option""]], [5, []]]"
ğ,com.apple.keylayout.InuttitutNunavik,"[[11, [""option""]], [5, []]]"
ǧ,com.apple.keylayout.InuttitutNunavik,"[[9, [""option""]], [5, []]]"
ģ,com.apple.keylayout.InuttitutNunavik,"[[8, [""option""]], [5, []]]"
ĝ,com.apple.keylayout.InuttitutNunavik,"[[22, [""option""]], [5, []]]"
ġ,com.apple.keylayout.InuttitutNunavik,"[[13, [""option""]], [5, []]]"
ɠ,com.apple.keylayout.InuttitutNunavik,"[[47, [""option"", ""shift""]], [5, []]]"
ḡ,com.apple.keylayout.InuttitutNunavik,"[[0, [""option""]], [5, []]]"
ɣ,com.apple.keylayout.InuttitutNunavik,"[[41, [""option"", ""shift""]], [5, []]]"
ǥ,com.apple.keylayout.InuttitutNunavik,"[[37, [""option""]], [5, []]]"
ḫ,com.apple.keylayout.InuttitutNunavik,"[[11, [""option""]], [4, []]]"
ȟ,com.apple.keylayout.InuttitutNunavik,"[[9, [""option""]], [4, []]]"
ḩ,com.apple.keylayout.InuttitutNunavik,"[[8, [""option""]], [4, []]]"
ĥ,com.apple.keylayout.InuttitutNunavik,"[[22, [""option""]], [4, []]]"
ḧ,com.apple.keylayout.InuttitutNunavik,"[[32, [""option""]], [4, []]]"
ḣ,com.apple.keylayout.InuttitutNunavik,"[[13, [""option""]], [4, []]]"
ḥ,com.apple.keylayout.InuttitutNunavik,"[[7, [""option""]], [4, []]]"
ɦ,com.apple.keylayout.InuttitutNunavik,"[[47, [""option"", ""shift""]], [4, []]]"
ẖ,com.apple.keylayout.InuttitutNunavik,"[[4, [""option""]], [4, []]]"
ƕ,com.apple.keylayout.InuttitutNunavik,"[[41, [""option"", ""shift""]], [4, []]]"
ħ,com.apple.keylayout.InuttitutNunavik,"[[37, [""option""]], [4, []]]"
í,com.apple.keylayout.InuttitutNunavik,"[[14, [""option""]], [34, []]]"
ĭ,com.apple.keylayout.InuttitutNunavik,"[[11, [""option""]], [34, []]]"
ǐ,com.apple.keylayout.InuttitutNunavik,"[[9, [""option""]], [34, []]]"
î,com.apple.keylayout.InuttitutNunavik,"[[22, [""option""]], [34, []]]"
ï,com.apple.keylayout.InuttitutNunavik,"[[32, [""option""]], [34, []]]"
ı,com.apple.keylayout.InuttitutNunavik,"[[13, [""option""]], [34, []]]"
ị,com.apple.keylayout.InuttitutNunavik,"[[7, [""option""]], [34, []]]"
ȉ,com.apple.keylayout.InuttitutNunavik,"[[16, [""option"", ""shift""]], [34, []]]"
ì,com.apple.keylayout.InuttitutNunavik,"[[50, [""option""]], [34, []]]"
ỉ,com.apple.keylayout.InuttitutNunavik,"[[6, [""option""]], [34, []]]"
ɩ,com.apple.keylayout.InuttitutNunavik,"[[47, [""option"", ""shift""]], [34, []]]"
ȋ,com.apple.keylayout.InuttitutNunavik,"[[1, [""option"", ""shift""]], [34, []]]"
ī,com.apple.keylayout.InuttitutNunavik,"[[0, [""option""]], [34, []]]"
į,com.apple.keylayout.InuttitutNunavik,"[[46, [""option""]], [34, []]]"
ɨ,com.apple.keylayout.InuttitutNunavik,"[[37, [""option""]], [34, []]]"
ĩ,com.apple.keylayout.InuttitutNunavik,"[[45, [""option""]], [34, []]]"
ḭ,com.apple.keylayout.InuttitutNunavik,"[[3, [""option"", ""shift""]], [34, []]]"
ǰ,com.apple.keylayout.InuttitutNunavik,"[[9, [""option""]], [38, []]]"
ĵ,com.apple.keylayout.InuttitutNunavik,"[[22, [""option""]], [38, []]]"
ƞ,com.apple.keylayout.InuttitutNunavik,"[[41, [""option"", ""shift""]], [38, []]]"
ḱ,com.apple.keylayout.InuttitutNunavik,"[[14, [""option""]], [40, []]]"
ǩ,com.apple.keylayout.InuttitutNunavik,"[[9, [""option""]], [40, []]]"
ķ,com.apple.keylayout.InuttitutNunavik,"[[8, [""option""]], [40, []]]"
ḳ,com.apple.keylayout.InuttitutNunavik,"[[7, [""option""]], [40, []]]"
ƙ,com.apple.keylayout.InuttitutNunavik,"[[47, [""option"", ""shift""]], [40, []]]"
ḵ,com.apple.keylayout.InuttitutNunavik,"[[4, [""option""]], [40, []]]"
ĸ,com.apple.keylayout.InuttitutNunavik,"[[41, [""option"", ""shift""]], [40, []]]"
ĺ,com.apple.keylayout.InuttitutNunavik,"[[14, [""option""]], [37, []]]"
ľ,com.apple.keylayout.InuttitutNunavik,"[[9, [""option""]], [37, []]]"
ļ,com.apple.keylayout.InuttitutNunavik,"[[8, [""option""]], [37, []]]"
ḽ,com.apple.keylayout.InuttitutNunavik,"[[5, [""option"", ""shift""]], [37, []]]"
ḷ,com.apple.keylayout.InuttitutNunavik,"[[7, [""option""]], [37, []]]"
ḹ,com.apple.keylayout.InuttitutNunavik,"[[0, [""option""]], [37, []]]"
ḻ,com.apple.keylayout.InuttitutNunavik,"[[4, [""option""]], [37, []]]"
ł,com.apple.keylayout.InuttitutNunavik,"[[37, [""option""]], [37, []]]"
ḿ,com.apple.keylayout.InuttitutNunavik,"[[14, [""option""]], [46, []]]"
m̂,com.apple.keylayout.InuttitutNunavik,"[[22, [""option""]], [46, []]]"
ṁ,com.apple.keylayout.InuttitutNunavik,"[[13, [""option""]], [46, []]]"
ṃ,com.apple.keylayout.InuttitutNunavik,"[[7, [""option""]], [46, []]]"
ɯ,com.apple.keylayout.InuttitutNunavik,"[[41, [""option"", ""shift""]], [46, []]]"
ń,com.apple.keylayout.InuttitutNunavik,"[[14, [""option""]], [45, []]]"
ň,com.apple.keylayout.InuttitutNunavik,"[[9, [""option""]], [45, []]]"
ņ,com.apple.keylayout.InuttitutNunavik,"[[8, [""option""]], [45, []]]"
n̂,com.apple.keylayout.InuttitutNunavik,"[[22, [""option""]], [45, []]]"
ṋ,com.apple.keylayout.InuttitutNunavik,"[[5, [""option"", ""shift""]], [45, []]]"
ṅ,com.apple.keylayout.InuttitutNunavik,"[[13, [""option""]], [45, []]]"
ṇ,com.apple.keylayout.InuttitutNunavik,"[[7, [""option""]], [45, []]]"
ǹ,com.apple.keylayout.InuttitutNunavik,"[[50, [""option""]], [45, []]]"
ɲ,com.apple.keylayout.InuttitutNunavik,"[[47, [""option"", ""shift""]], [45, []]]"
ṉ,com.apple.keylayout.InuttitutNunavik,"[[4, [""option""]], [45, []]]"
ŋ,com.apple.keylayout.InuttitutNunavik,"[[41, [""option"", ""shift""]], [45, []]]"
ñ,com.apple.keylayout.InuttitutNunavik,"[[45, [""option""]], [45, []]]"
ó,com.apple.keylayout.InuttitutNunavik,"[[14, [""option""]], [31, []]]"
ŏ,com.apple.keylayout.InuttitutNunavik,"[[11, [""option""]], [31, []]]"
ǒ,com.apple.keylayout.InuttitutNunavik,"[[9, [""option""]], [31, []]]"
ô,com.apple.keylayout.InuttitutNunavik,"[[22, [""option""]], [31, []]]"
ö,com.apple.keylayout.InuttitutNunavik,"[[32, [""option""]], [31, []]]"
ȯ,com.apple.keylayout.InuttitutNunavik,"[[13, [""option""]], [31, []]]"
ọ,com.apple.keylayout.InuttitutNunavik,"[[7, [""option""]], [31, []]]"
ő,com.apple.keylayout.InuttitutNunavik,"[[38, [""option""]], [31, []]]"
ȍ,com.apple.keylayout.InuttitutNunavik,"[[16, [""option"", ""shift""]], [31, []]]"
ò,com.apple.keylayout.InuttitutNunavik,"[[50, [""option""]], [31, []]]"
ỏ,com.apple.keylayout.InuttitutNunavik,"[[6, [""option""]], [31, []]]"
ơ,com.apple.keylayout.InuttitutNunavik,"[[34, [""option""]], [31, []]]"
ȏ,com.apple.keylayout.InuttitutNunavik,"[[1, [""option"", ""shift""]], [31, []]]"
ō,com.apple.keylayout.InuttitutNunavik,"[[0, [""option""]], [31, []]]"
ǫ,com.apple.keylayout.InuttitutNunavik,"[[46, [""option""]], [31, []]]"
o̊,com.apple.keylayout.InuttitutNunavik,"[[40, [""option""]], [31, []]]"
ɵ,com.apple.keylayout.InuttitutNunavik,"[[37, [""option""]], [31, []]]"
õ,com.apple.keylayout.InuttitutNunavik,"[[45, [""option""]], [31, []]]"
ṕ,com.apple.keylayout.InuttitutNunavik,"[[14, [""option""]], [35, []]]"
ṗ,com.apple.keylayout.InuttitutNunavik,"[[13, [""option""]], [35, []]]"
ƥ,com.apple.keylayout.InuttitutNunavik,"[[47, [""option"", ""shift""]], [35, []]]"
ʠ,com.apple.keylayout.InuttitutNunavik,"[[47, [""option"", ""shift""]], [12, []]]"
ƣ,com.apple.keylayout.InuttitutNunavik,"[[41, [""option"", ""shift""]], [12, []]]"
ŕ,com.apple.keylayout.InuttitutNunavik,"[[14, [""option""]], [15, []]]"
ř,com.apple.keylayout.InuttitutNunavik,"[[9, [""option""]], [15, []]]"
ŗ,com.apple.keylayout.InuttitutNunavik,"[[8, [""option""]], [15, []]]"
ṙ,com.apple.keylayout.InuttitutNunavik,"[[13, [""option""]], [15, []]]"
ṛ,com.apple.keylayout.InuttitutNunavik,"[[7, [""option""]], [15, []]]"
ȑ,com.apple.keylayout.InuttitutNunavik,"[[16, [""option"", ""shift""]], [15, []]]"
ʈ,com.apple.keylayout.InuttitutNunavik,"[[47, [""option"", ""shift""]], [15, []]]"
ȓ,com.apple.keylayout.InuttitutNunavik,"[[1, [""option"", ""shift""]], [15, []]]"
ṝ,com.apple.keylayout.InuttitutNunavik,"[[0, [""option""]], [15, []]]"
ṟ,com.apple.keylayout.InuttitutNunavik,"[[4, [""option""]], [15, []]]"
ʀ,com.apple.keylayout.InuttitutNunavik,"[[41, [""option"", ""shift""]], [15, []]]"
ś,com.apple.keylayout.InuttitutNunavik,"[[14, [""option""]], [1, []]]"
š,com.apple.keylayout.InuttitutNunavik,"[[9, [""option""]], [1, []]]"
ş,com.apple.keylayout.InuttitutNunavik,"[[8, [""option""]], [1, []]]"
ŝ,com.apple.keylayout.InuttitutNunavik,"[[22, [""option""]], [1, []]]"
ș,com.apple.keylayout.InuttitutNunavik,"[[35, [""option""]], [1, []]]"
ṡ,com.apple.keylayout.InuttitutNunavik,"[[13, [""option""]], [1, []]]"
ṣ,com.apple.keylayout.InuttitutNunavik,"[[7, [""option""]], [1, []]]"
ʃ,com.apple.keylayout.InuttitutNunavik,"[[47, [""option"", ""shift""]], [1, []]]"
s̄,com.apple.keylayout.InuttitutNunavik,"[[0, [""option""]], [1, []]]"
ſ,com.apple.keylayout.InuttitutNunavik,"[[41, [""option"", ""shift""]], [1, []]]"
ť,com.apple.keylayout.InuttitutNunavik,"[[9, [""option""]], [17, []]]"
ţ,com.apple.keylayout.InuttitutNunavik,"[[8, [""option""]], [17, []]]"
ṱ,com.apple.keylayout.InuttitutNunavik,"[[5, [""option"", ""shift""]], [17, []]]"
ț,com.apple.keylayout.InuttitutNunavik,"[[35, [""option""]], [17, []]]"
ẗ,com.apple.keylayout.InuttitutNunavik,"[[32, [""option""]], [17, []]]"
ṫ,com.apple.keylayout.InuttitutNunavik,"[[13, [""option""]], [17, []]]"
ṭ,com.apple.keylayout.InuttitutNunavik,"[[7, [""option""]], [17, []]]"
ƭ,com.apple.keylayout.InuttitutNunavik,"[[47, [""option"", ""shift""]], [17, []]]"
ṯ,com.apple.keylayout.InuttitutNunavik,"[[4, [""option""]], [17, []]]"
ŧ,com.apple.keylayout.InuttitutNunavik,"[[37, [""option""]], [17, []]]"
ú,com.apple.keylayout.InuttitutNunavik,"[[14, [""option""]], [32, []]]"
ŭ,com.apple.keylayout.InuttitutNunavik,"[[11, [""option""]], [32, []]]"
ǔ,com.apple.keylayout.InuttitutNunavik,"[[9, [""option""]], [32, []]]"
û,com.apple.keylayout.InuttitutNunavik,"[[22, [""option""]], [32, []]]"
ṷ,com.apple.keylayout.InuttitutNunavik,"[[5, [""option"", ""shift""]], [32, []]]"
ü,com.apple.keylayout.InuttitutNunavik,"[[32, [""option""]], [32, []]]"
ụ,com.apple.keylayout.InuttitutNunavik,"[[7, [""option""]], [32, []]]"
ű,com.apple.keylayout.InuttitutNunavik,"[[38, [""option""]], [32, []]]"
ȕ,com.apple.keylayout.InuttitutNunavik,"[[16, [""option"", ""shift""]], [32, []]]"
ù,com.apple.keylayout.InuttitutNunavik,"[[50, [""option""]], [32, []]]"
ủ,com.apple.keylayout.InuttitutNunavik,"[[6, [""option""]], [32, []]]"
ʋ,com.apple.keylayout.InuttitutNunavik,"[[47, [""option"", ""shift""]], [32, []]]"
ư,com.apple.keylayout.InuttitutNunavik,"[[34, [""option""]], [32, []]]"
ȗ,com.apple.keylayout.InuttitutNunavik,"[[1, [""option"", ""shift""]], [32, []]]"
ū,com.apple.keylayout.InuttitutNunavik,"[[0, [""option""]], [32, []]]"
ų,com.apple.keylayout.InuttitutNunavik,"[[46, [""option""]], [32, []]]"
ů,com.apple.keylayout.InuttitutNunavik,"[[40, [""option""]], [32, []]]"
ʊ,com.apple.keylayout.InuttitutNunavik,"[[41, [""option"", ""shift""]], [32, []]]"
ʉ,com.apple.keylayout.InuttitutNunavik,"[[37, [""option""]], [32, []]]"
ũ,com.apple.keylayout.InuttitutNunavik,"[[45, [""option""]], [32, []]]"
ṵ,com.apple.keylayout.InuttitutNunavik,"[[3, [""option"", ""shift""]], [32, []]]"
ǘ,com.apple.keylayout.InuttitutNunavik,"[[14, [""option""]], [9, []]]"
ǚ,com.apple.keylayout.InuttitutNunavik,"[[9, [""option""]], [9, []]]"
ṿ,com.apple.keylayout.InuttitutNunavik,"[[7, [""option""]], [9, []]]"
ǜ,com.apple.keylayout.InuttitutNunavik,"[[50, [""option""]], [9, []]]"
ǖ,com.apple.keylayout.InuttitutNunavik,"[[0, [""option""]], [9, []]]"
ʌ,com.apple.keylayout.InuttitutNunavik,"[[41, [""option"", ""shift""]], [9, []]]"
ṽ,com.apple.keylayout.InuttitutNunavik,"[[45, [""option""]], [9, []]]"
ẃ,com.apple.keylayout.InuttitutNunavik,"[[14, [""option""]], [13, []]]"
ŵ,com.apple.keylayout.InuttitutNunavik,"[[22, [""option""]], [13, []]]"
ẅ,com.apple.keylayout.InuttitutNunavik,"[[32, [""option""]], [13, []]]"
ẇ,com.apple.keylayout.InuttitutNunavik,"[[13, [""option""]], [13, []]]"
ẉ,com.apple.keylayout.InuttitutNunavik,"[[7, [""option""]], [13, []]]"
ẁ,com.apple.keylayout.InuttitutNunavik,"[[50, [""option""]], [13, []]]"
ẘ,com.apple.keylayout.InuttitutNunavik,"[[40, [""option""]], [13, []]]"
ƿ,com.apple.keylayout.InuttitutNunavik,"[[41, [""option"", ""shift""]], [13, []]]"
ẍ,com.apple.keylayout.InuttitutNunavik,"[[32, [""option""]], [7, []]]"
ẋ,com.apple.keylayout.InuttitutNunavik,"[[13, [""option""]], [7, []]]"
ɖ,com.apple.keylayout.InuttitutNunavik,"[[47, [""option"", ""shift""]], [7, []]]"
ý,com.apple.keylayout.InuttitutNunavik,"[[14, [""option""]], [16, []]]"
ŷ,com.apple.keylayout.InuttitutNunavik,"[[22, [""option""]], [16, []]]"
ÿ,com.apple.keylayout.InuttitutNunavik,"[[32, [""option""]], [16, []]]"
ẏ,com.apple.keylayout.InuttitutNunavik,"[[13, [""option""]], [16, []]]"
ỵ,com.apple.keylayout.InuttitutNunavik,"[[7, [""option""]], [16, []]]"
ỳ,com.apple.keylayout.InuttitutNunavik,"[[50, [""option""]], [16, []]]"
ỷ,com.apple.keylayout.InuttitutNunavik,"[[6, [""option""]], [16, []]]"
ƴ,com.apple.keylayout.InuttitutNunavik,"[[47, [""option"", ""shift""]], [16, []]]"
ȳ,com.apple.keylayout.InuttitutNunavik,"[[0, [""option""]], [16, []]]"
ẙ,com.apple.keylayout.InuttitutNunavik,"[[40, [""option""]], [16, []]]"
ȝ,com.apple.keylayout.InuttitutNunavik,"[[41, [""option"", ""shift""]], [16, []]]"
ỹ,com.apple.keylayout.InuttitutNunavik,"[[45, [""option""]], [16, []]]"
ź,com.apple.keylayout.InuttitutNunavik,"[[14, [""option""]], [6, []]]"
ž,com.apple.keylayout.InuttitutNunavik,"[[9, [""option""]], [6, []]]"
z̧,com.apple.keylayout.InuttitutNunavik,"[[8, [""option""]], [6, []]]"
ẑ,com.apple.keylayout.InuttitutNunavik,"[[22, [""option""]], [6, []]]"
ż,com.apple.keylayout.InuttitutNunavik,"[[13, [""option""]], [6, []]]"
ẓ,com.apple.keylayout.InuttitutNunavik,"[[7, [""option""]], [6, []]]"
ȥ,com.apple.keylayout.InuttitutNunavik,"[[47, [""option"", ""shift""]], [6, []]]"
z̄,com.apple.keylayout.InuttitutNunavik,"[[0, [""option""]], [6, []]]"
ẕ,com.apple.keylayout.InuttitutNunavik,"[[4, [""option""]], [6, []]]"
ʒ,com.apple.keylayout.InuttitutNunavik,"[[41, [""option"", ""shift""]], [6, []]]"
ƶ,com.apple.keylayout.InuttitutNunavik,"[[37, [""option""]], [6, []]]"
Ǽ,com.apple.keylayout.InuttitutNunavik,"[[14, [""option""]], [39, [""option"", ""shift""]]]"
Ǣ,com.apple.keylayout.InuttitutNunavik,"[[0, [""option""]], [39, [""option"", ""shift""]]]"
Ǿ,com.apple.keylayout.InuttitutNunavik,"[[14, [""option""]], [31, [""option"", ""shift""]]]"
ǽ,com.apple.keylayout.InuttitutNunavik,"[[14, [""option""]], [39, [""option""]]]"
ǣ,com.apple.keylayout.InuttitutNunavik,"[[0, [""option""]], [39, [""option""]]]"
ǿ,com.apple.keylayout.InuttitutNunavik,"[[14, [""option""]], [31, [""option""]]]"
ʻ,com.apple.keylayout.InuttitutNunavik,"[[41, [""option"", ""shift""]], [30, [""option""]]]"
ʼ,com.apple.keylayout.InuttitutNunavik,"[[41, [""option"", ""shift""]], [30, [""option"", ""shift""]]]"
ʽ,com.apple.keylayout.InuttitutNunavik,"[[41, [""option"", ""shift""]], [33, [""option""]]]"
Ó,com.apple.keylayout.Canadian,"[[14, [""option""]], [31, [""shift""]]]"
Ò,com.apple.keylayout.Canadian,"[[50, [""option""]], [31, [""shift""]]]"
Ô,com.apple.keylayout.Canadian,"[[34, [""option""]], [31, [""shift""]]]"
Ö,com.apple.keylayout.Canadian,"[[32, [""option""]], [31, [""shift""]]]"
Õ,com.apple.keylayout.Canadian,"[[45, [""option""]], [31, [""shift""]]]"
Ú,com.apple.keylayout.Canadian,"[[14, [""option""]], [32, [""shift""]]]"
Ù,com.apple.keylayout.Canadian,"[[50, [""option""]], [32, [""shift""]]]"
Û,com.apple.keylayout.Canadian,"[[34, [""option""]], [32, [""shift""]]]"
Ü,com.apple.keylayout.Canadian,"[[32, [""option""]], [32, [""shift""]]]"
Ÿ,com.apple.keylayout.Canadian,"[[32, [""option""]], [16, [""shift""]]]"
á,com.apple.keylayout.Canadian,"[[14, [""option""]], [0, []]]"
à,com.apple.keylayout.Canadian,"[[50, [""option""]], [0, []]]"
â,com.apple.keylayout.Canadian,"[[34, [""option""]], [0, []]]"
ä,com.apple.keylayout.Canadian,"[[32, [""option""]], [0, []]]"
ã,com.apple.keylayout.Canadian,"[[45, [""option""]], [0, []]]"
é,com.apple.keylayout.Canadian,"[[14, [""option""]], [14, []]]"
è,com.apple.keylayout.Canadian,"[[50, [""option""]], [14, []]]"
ê,com.apple.keylayout.Canadian,"[[34, [""option""]], [14, []]]"
ë,com.apple.keylayout.Canadian,"[[32, [""option""]], [14, []]]"
í,com.apple.keylayout.Canadian,"[[14, [""option""]], [34, []]]"
ì,com.apple.keylayout.Canadian,"[[50, [""option""]], [34, []]]"
î,com.apple.keylayout.Canadian,"[[34, [""option""]], [34, []]]"
ï,com.apple.keylayout.Canadian,"[[32, [""option""]], [34, []]]"
ñ,com.apple.keylayout.Canadian,"[[45, [""option""]], [45, []]]"
ó,com.apple.keylayout.Canadian,"[[14, [""option""]], [31, []]]"
ò,com.apple.keylayout.Canadian,"[[50, [""option""]], [31, []]]"
ô,com.apple.keylayout.Canadian,"[[34, [""option""]], [31, []]]"
ö,com.apple.keylayout.Canadian,"[[32, [""option""]], [31, []]]"
õ,com.apple.keylayout.Canadian,"[[45, [""option""]], [31, []]]"
ú,com.apple.keylayout.Canadian,"[[14, [""option""]], [32, []]]"
ù,com.apple.keylayout.Canadian,"[[50, [""option""]], [32, []]]"
û,com.apple.keylayout.Canadian,"[[34, [""option""]], [32, []]]"
ü,com.apple.keylayout.Canadian,"[[32, [""option""]], [32, []]]"
ÿ,com.apple.keylayout.Canadian,"[[32, [""option""]], [16, []]]"
´,com.apple.keylayout.Canadian,"[[14, [""option""]], [49, []]]"
`,com.apple.keylayout.Canadian,"[[50, [""option""]], [49, []]]"
ˆ,com.apple.keylayout.Canadian,"[[34, [""option""]], [49, []]]"
¨,com.apple.keylayout.Canadian,"[[32, [""option""]], [49, []]]"
˜,com.apple.keylayout.Canadian,"[[45, [""option""]], [49, []]]"
Á,com.apple.keylayout.Canadian,"[[14, [""option""]], [0, [""shift""]]]"
À,com.apple.keylayout.Canadian,"[[50, [""option""]], [0, [""shift""]]]"
Â,com.apple.keylayout.Canadian,"[[34, [""option""]], [0, [""shift""]]]"
Ä,com.apple.keylayout.Canadian,"[[32, [""option""]], [0, [""shift""]]]"
Ã,com.apple.keylayout.Canadian,"[[45, [""option""]], [0, [""shift""]]]"
É,com.apple.keylayout.Canadian,"[[14, [""option""]], [14, [""shift""]]]"
È,com.apple.keylayout.Canadian,"[[50, [""option""]], [14, [""shift""]]]"
Ê,com.apple.keylayout.Canadian,"[[34, [""option""]], [14, [""shift""]]]"
Ë,com.apple.keylayout.Canadian,"[[32, [""option""]], [14, [""shift""]]]"
Í,com.apple.keylayout.Canadian,"[[14, [""option""]], [34, [""shift""]]]"
Ì,com.apple.keylayout.Canadian,"[[50, [""option""]], [34, [""shift""]]]"
Î,com.apple.keylayout.Canadian,"[[34, [""option""]], [34, [""shift""]]]"
Ï,com.apple.keylayout.Canadian,"[[32, [""option""]], [34, [""shift""]]]"
Ñ,com.apple.keylayout.Canadian,"[[45, [""option""]], [45, [""shift""]]]"
á,com.apple.keylayout.Slovak,"[[24, []], [0, []]]"
ä,com.apple.keylayout.Slovak,"[[42, [""option""]], [0, []]]"
ā,com.apple.keylayout.Slovak,"[[24, [""option"", ""shift""]], [0, []]]"
Ć,com.apple.keylayout.Slovak,"[[24, []], [8, [""shift""]]]"
Č,com.apple.keylayout.Slovak,"[[24, [""shift""]], [8, [""shift""]]]"
ć,com.apple.keylayout.Slovak,"[[24, []], [8, []]]"
č,com.apple.keylayout.Slovak,"[[24, [""shift""]], [8, []]]"
É,com.apple.keylayout.Slovak,"[[24, []], [14, [""shift""]]]"
Ě,com.apple.keylayout.Slovak,"[[24, [""shift""]], [14, [""shift""]]]"
Ē,com.apple.keylayout.Slovak,"[[24, [""option"", ""shift""]], [14, [""shift""]]]"
é,com.apple.keylayout.Slovak,"[[24, []], [14, []]]"
ě,com.apple.keylayout.Slovak,"[[24, [""shift""]], [14, []]]"
ē,com.apple.keylayout.Slovak,"[[24, [""option"", ""shift""]], [14, []]]"
Ģ,com.apple.keylayout.Slovak,"[[24, []], [5, [""shift""]]]"
Ģ,com.apple.keylayout.Slovak,"[[27, [""option"", ""shift""]], [5, [""shift""]]]"
ģ,com.apple.keylayout.Slovak,"[[24, []], [5, []]]"
ģ,com.apple.keylayout.Slovak,"[[27, [""option"", ""shift""]], [5, []]]"
Í,com.apple.keylayout.Slovak,"[[24, []], [34, [""shift""]]]"
Ī,com.apple.keylayout.Slovak,"[[24, [""option"", ""shift""]], [34, [""shift""]]]"
Į,com.apple.keylayout.Slovak,"[[27, [""option"", ""shift""]], [34, [""shift""]]]"
í,com.apple.keylayout.Slovak,"[[24, []], [34, []]]"
ī,com.apple.keylayout.Slovak,"[[24, [""option"", ""shift""]], [34, []]]"
į,com.apple.keylayout.Slovak,"[[27, [""option"", ""shift""]], [34, []]]"
Ĺ,com.apple.keylayout.Slovak,"[[24, []], [37, [""shift""]]]"
Ľ,com.apple.keylayout.Slovak,"[[24, [""shift""]], [37, [""shift""]]]"
Ļ,com.apple.keylayout.Slovak,"[[27, [""option"", ""shift""]], [37, [""shift""]]]"
ĺ,com.apple.keylayout.Slovak,"[[24, []], [37, []]]"
ľ,com.apple.keylayout.Slovak,"[[24, [""shift""]], [37, []]]"
ļ,com.apple.keylayout.Slovak,"[[27, [""option"", ""shift""]], [37, []]]"
Ń,com.apple.keylayout.Slovak,"[[24, []], [45, [""shift""]]]"
Ň,com.apple.keylayout.Slovak,"[[24, [""shift""]], [45, [""shift""]]]"
Ņ,com.apple.keylayout.Slovak,"[[27, [""option"", ""shift""]], [45, [""shift""]]]"
ń,com.apple.keylayout.Slovak,"[[24, []], [45, []]]"
ň,com.apple.keylayout.Slovak,"[[24, [""shift""]], [45, []]]"
ņ,com.apple.keylayout.Slovak,"[[27, [""option"", ""shift""]], [45, []]]"
Ó,com.apple.keylayout.Slovak,"[[24, []], [31, [""shift""]]]"
Ô,com.apple.keylayout.Slovak,"[[24, [""shift""]], [31, [""shift""]]]"
Ô,com.apple.keylayout.Slovak,"[[24, [""option""]], [31, [""shift""]]]"
Ö,com.apple.keylayout.Slovak,"[[42, [""option""]], [31, [""shift""]]]"
Ō,com.apple.keylayout.Slovak,"[[24, [""option"", ""shift""]], [31, [""shift""]]]"
Õ,com.apple.keylayout.Slovak,"[[39, [""option"", ""shift""]], [31, [""shift""]]]"
Ő,com.apple.keylayout.Slovak,"[[42, [""option"", ""shift""]], [31, [""shift""]]]"
ó,com.apple.keylayout.Slovak,"[[24, []], [31, []]]"
ô,com.apple.keylayout.Slovak,"[[24, [""shift""]], [31, []]]"
ô,com.apple.keylayout.Slovak,"[[24, [""option""]], [31, []]]"
ö,com.apple.keylayout.Slovak,"[[42, [""option""]], [31, []]]"
ō,com.apple.keylayout.Slovak,"[[24, [""option"", ""shift""]], [31, []]]"
õ,com.apple.keylayout.Slovak,"[[39, [""option"", ""shift""]], [31, []]]"
ő,com.apple.keylayout.Slovak,"[[42, [""option"", ""shift""]], [31, []]]"
Ŕ,com.apple.keylayout.Slovak,"[[24, []], [15, [""shift""]]]"
Ř,com.apple.keylayout.Slovak,"[[24, [""shift""]], [15, [""shift""]]]"
Ŗ,com.apple.keylayout.Slovak,"[[27, [""option"", ""shift""]], [15, [""shift""]]]"
ŕ,com.apple.keylayout.Slovak,"[[24, []], [15, []]]"
ř,com.apple.keylayout.Slovak,"[[24, [""shift""]], [15, []]]"
ŗ,com.apple.keylayout.Slovak,"[[27, [""option"", ""shift""]], [15, []]]"
Ś,com.apple.keylayout.Slovak,"[[24, []], [1, [""shift""]]]"
Š,com.apple.keylayout.Slovak,"[[24, [""shift""]], [1, [""shift""]]]"
ś,com.apple.keylayout.Slovak,"[[24, []], [1, []]]"
š,com.apple.keylayout.Slovak,"[[24, [""shift""]], [1, []]]"
Ú,com.apple.keylayout.Slovak,"[[24, []], [32, [""shift""]]]"
Ů,com.apple.keylayout.Slovak,"[[24, [""shift""]], [32, [""shift""]]]"
Ů,com.apple.keylayout.Slovak,"[[27, [""option""]], [32, [""shift""]]]"
Ü,com.apple.keylayout.Slovak,"[[42, [""option""]], [32, [""shift""]]]"
Ū,com.apple.keylayout.Slovak,"[[24, [""option"", ""shift""]], [32, [""shift""]]]"
Ų,com.apple.keylayout.Slovak,"[[27, [""option"", ""shift""]], [32, [""shift""]]]"
Ű,com.apple.keylayout.Slovak,"[[42, [""option"", ""shift""]], [32, [""shift""]]]"
ú,com.apple.keylayout.Slovak,"[[24, []], [32, []]]"
ů,com.apple.keylayout.Slovak,"[[24, [""shift""]], [32, []]]"
ů,com.apple.keylayout.Slovak,"[[27, [""option""]], [32, []]]"
ü,com.apple.keylayout.Slovak,"[[42, [""option""]], [32, []]]"
ū,com.apple.keylayout.Slovak,"[[24, [""option"", ""shift""]], [32, []]]"
ų,com.apple.keylayout.Slovak,"[[27, [""option"", ""shift""]], [32, []]]"
ű,com.apple.keylayout.Slovak,"[[42, [""option"", ""shift""]], [32, []]]"
Ý,com.apple.keylayout.Slovak,"[[24, []], [6, [""shift""]]]"
ý,com.apple.keylayout.Slovak,"[[24, []], [6, []]]"
Ź,com.apple.keylayout.Slovak,"[[24, []], [16, [""shift""]]]"
Ž,com.apple.keylayout.Slovak,"[[24, [""shift""]], [16, [""shift""]]]"
ź,com.apple.keylayout.Slovak,"[[24, []], [16, []]]"
ž,com.apple.keylayout.Slovak,"[[24, [""shift""]], [16, []]]"
',com.apple.keylayout.Slovak,"[[24, []], [49, []]]"
ˇ,com.apple.keylayout.Slovak,"[[24, [""shift""]], [49, []]]"
^,com.apple.keylayout.Slovak,"[[24, [""option""]], [49, []]]"
°,com.apple.keylayout.Slovak,"[[27, [""option""]], [49, []]]"
¨,com.apple.keylayout.Slovak,"[[42, [""option""]], [49, []]]"
-,com.apple.keylayout.Slovak,"[[24, [""option"", ""shift""]], [49, []]]"
",",com.apple.keylayout.Slovak,"[[27, [""option"", ""shift""]], [49, []]]"
~,com.apple.keylayout.Slovak,"[[39, [""option"", ""shift""]], [49, []]]"
"""",com.apple.keylayout.Slovak,"[[42, [""option"", ""shift""]], [49, []]]"
Ď,com.apple.keylayout.Slovak,"[[24, [""shift""]], [2, [""shift""]]]"
ď,com.apple.keylayout.Slovak,"[[24, [""shift""]], [2, []]]"
Ť,com.apple.keylayout.Slovak,"[[24, [""shift""]], [17, [""shift""]]]"
ť,com.apple.keylayout.Slovak,"[[24, [""shift""]], [17, []]]"
Ķ,com.apple.keylayout.Slovak,"[[27, [""option"", ""shift""]], [40, [""shift""]]]"
ķ,com.apple.keylayout.Slovak,"[[27, [""option"", ""shift""]], [40, []]]"
Á,com.apple.keylayout.Slovak,"[[24, []], [0, [""shift""]]]"
Ä,com.apple.keylayout.Slovak,"[[42, [""option""]], [0, [""shift""]]]"
Ā,com.apple.keylayout.Slovak,"[[24, [""option"", ""shift""]], [0, [""shift""]]]"
´,com.apple.keylayout.Serbian-Latin,"[[14, [""option""]], [49, []]]"
¨,com.apple.keylayout.Serbian-Latin,"[[32, [""option""]], [49, []]]"
^,com.apple.keylayout.Serbian-Latin,"[[34, [""option""]], [49, []]]"
~,com.apple.keylayout.Serbian-Latin,"[[45, [""option""]], [49, []]]"
`,com.apple.keylayout.Serbian-Latin,"[[50, [""option""]], [49, []]]"
 ̏,com.apple.keylayout.Serbian-Latin,"[[4, [""option""]], [49, []]]"
 ̑,com.apple.keylayout.Serbian-Latin,"[[40, [""option""]], [49, []]]"
Á,com.apple.keylayout.Serbian-Latin,"[[14, [""option""]], [0, [""shift""]]]"
Ä,com.apple.keylayout.Serbian-Latin,"[[32, [""option""]], [0, [""shift""]]]"
Â,com.apple.keylayout.Serbian-Latin,"[[34, [""option""]], [0, [""shift""]]]"
Ã,com.apple.keylayout.Serbian-Latin,"[[45, [""option""]], [0, [""shift""]]]"
À,com.apple.keylayout.Serbian-Latin,"[[50, [""option""]], [0, [""shift""]]]"
Ȁ,com.apple.keylayout.Serbian-Latin,"[[4, [""option""]], [0, [""shift""]]]"
Ȃ,com.apple.keylayout.Serbian-Latin,"[[40, [""option""]], [0, [""shift""]]]"
É,com.apple.keylayout.Serbian-Latin,"[[14, [""option""]], [14, [""shift""]]]"
Ë,com.apple.keylayout.Serbian-Latin,"[[32, [""option""]], [14, [""shift""]]]"
Ê,com.apple.keylayout.Serbian-Latin,"[[34, [""option""]], [14, [""shift""]]]"
È,com.apple.keylayout.Serbian-Latin,"[[50, [""option""]], [14, [""shift""]]]"
Ȅ,com.apple.keylayout.Serbian-Latin,"[[4, [""option""]], [14, [""shift""]]]"
Ȇ,com.apple.keylayout.Serbian-Latin,"[[40, [""option""]], [14, [""shift""]]]"
Í,com.apple.keylayout.Serbian-Latin,"[[14, [""option""]], [34, [""shift""]]]"
Ï,com.apple.keylayout.Serbian-Latin,"[[32, [""option""]], [34, [""shift""]]]"
Î,com.apple.keylayout.Serbian-Latin,"[[34, [""option""]], [34, [""shift""]]]"
Ì,com.apple.keylayout.Serbian-Latin,"[[50, [""option""]], [34, [""shift""]]]"
Ȉ,com.apple.keylayout.Serbian-Latin,"[[4, [""option""]], [34, [""shift""]]]"
Ȋ,com.apple.keylayout.Serbian-Latin,"[[40, [""option""]], [34, [""shift""]]]"
Ñ,com.apple.keylayout.Serbian-Latin,"[[45, [""option""]], [45, [""shift""]]]"
Ó,com.apple.keylayout.Serbian-Latin,"[[14, [""option""]], [31, [""shift""]]]"
Ö,com.apple.keylayout.Serbian-Latin,"[[32, [""option""]], [31, [""shift""]]]"
Ô,com.apple.keylayout.Serbian-Latin,"[[34, [""option""]], [31, [""shift""]]]"
Õ,com.apple.keylayout.Serbian-Latin,"[[45, [""option""]], [31, [""shift""]]]"
Ò,com.apple.keylayout.Serbian-Latin,"[[50, [""option""]], [31, [""shift""]]]"
Ȍ,com.apple.keylayout.Serbian-Latin,"[[4, [""option""]], [31, [""shift""]]]"
Ȏ,com.apple.keylayout.Serbian-Latin,"[[40, [""option""]], [31, [""shift""]]]"
Ȑ,com.apple.keylayout.Serbian-Latin,"[[4, [""option""]], [15, [""shift""]]]"
Ȓ,com.apple.keylayout.Serbian-Latin,"[[40, [""option""]], [15, [""shift""]]]"
Ú,com.apple.keylayout.Serbian-Latin,"[[14, [""option""]], [32, [""shift""]]]"
Ü,com.apple.keylayout.Serbian-Latin,"[[32, [""option""]], [32, [""shift""]]]"
Û,com.apple.keylayout.Serbian-Latin,"[[34, [""option""]], [32, [""shift""]]]"
Ù,com.apple.keylayout.Serbian-Latin,"[[50, [""option""]], [32, [""shift""]]]"
Ȕ,com.apple.keylayout.Serbian-Latin,"[[4, [""option""]], [32, [""shift""]]]"
Ȗ,com.apple.keylayout.Serbian-Latin,"[[40, [""option""]], [32, [""shift""]]]"
á,com.apple.keylayout.Serbian-Latin,"[[14, [""option""]], [0, []]]"
ä,com.apple.keylayout.Serbian-Latin,"[[32, [""option""]], [0, []]]"
â,com.apple.keylayout.Serbian-Latin,"[[34, [""option""]], [0, []]]"
ã,com.apple.keylayout.Serbian-Latin,"[[45, [""option""]], [0, []]]"
à,com.apple.keylayout.Serbian-Latin,"[[50, [""option""]], [0, []]]"
ȁ,com.apple.keylayout.Serbian-Latin,"[[4, [""option""]], [0, []]]"
ȃ,com.apple.keylayout.Serbian-Latin,"[[40, [""option""]], [0, []]]"
é,com.apple.keylayout.Serbian-Latin,"[[14, [""option""]], [14, []]]"
ë,com.apple.keylayout.Serbian-Latin,"[[32, [""option""]], [14, []]]"
ê,com.apple.keylayout.Serbian-Latin,"[[34, [""option""]], [14, []]]"
è,com.apple.keylayout.Serbian-Latin,"[[50, [""option""]], [14, []]]"
ȅ,com.apple.keylayout.Serbian-Latin,"[[4, [""option""]], [14, []]]"
ȇ,com.apple.keylayout.Serbian-Latin,"[[40, [""option""]], [14, []]]"
í,com.apple.keylayout.Serbian-Latin,"[[14, [""option""]], [34, []]]"
ï,com.apple.keylayout.Serbian-Latin,"[[32, [""option""]], [34, []]]"
î,com.apple.keylayout.Serbian-Latin,"[[34, [""option""]], [34, []]]"
ì,com.apple.keylayout.Serbian-Latin,"[[50, [""option""]], [34, []]]"
ȉ,com.apple.keylayout.Serbian-Latin,"[[4, [""option""]], [34, []]]"
ȋ,com.apple.keylayout.Serbian-Latin,"[[40, [""option""]], [34, []]]"
ñ,com.apple.keylayout.Serbian-Latin,"[[45, [""option""]], [45, []]]"
ó,com.apple.keylayout.Serbian-Latin,"[[14, [""option""]], [31, []]]"
ö,com.apple.keylayout.Serbian-Latin,"[[32, [""option""]], [31, []]]"
ô,com.apple.keylayout.Serbian-Latin,"[[34, [""option""]], [31, []]]"
õ,com.apple.keylayout.Serbian-Latin,"[[45, [""option""]], [31, []]]"
ò,com.apple.keylayout.Serbian-Latin,"[[50, [""option""]], [31, []]]"
ȍ,com.apple.keylayout.Serbian-Latin,"[[4, [""option""]], [31, []]]"
ȏ,com.apple.keylayout.Serbian-Latin,"[[40, [""option""]], [31, []]]"
ȑ,com.apple.keylayout.Serbian-Latin,"[[4, [""option""]], [15, []]]"
ȓ,com.apple.keylayout.Serbian-Latin,"[[40, [""option""]], [15, []]]"
ú,com.apple.keylayout.Serbian-Latin,"[[14, [""option""]], [32, []]]"
ü,com.apple.keylayout.Serbian-Latin,"[[32, [""option""]], [32, []]]"
û,com.apple.keylayout.Serbian-Latin,"[[34, [""option""]], [32, []]]"
ù,com.apple.keylayout.Serbian-Latin,"[[50, [""option""]], [32, []]]"
ȕ,com.apple.keylayout.Serbian-Latin,"[[4, [""option""]], [32, []]]"
ȗ,com.apple.keylayout.Serbian-Latin,"[[40, [""option""]], [32, []]]"
ء,com.apple.keylayout.Arabic-QWERTY,"[[42, []], [49, []]]"
إ,com.apple.keylayout.Arabic-QWERTY,"[[42, []], [18, [""shift""]]]"
ء,com.apple.keylayout.Arabic-QWERTY,"[[42, []], [49, [""option""]]]"
أ,com.apple.keylayout.Arabic-QWERTY,"[[42, []], [0, []]]"
ئ,com.apple.keylayout.Arabic-QWERTY,"[[42, []], [1, []]]"
ؤ,com.apple.keylayout.Arabic-QWERTY,"[[42, []], [32, []]]"
ئ,com.apple.keylayout.Arabic-QWERTY,"[[42, []], [28, [""shift""]]]"
ئ,com.apple.keylayout.Arabic-QWERTY,"[[42, []], [34, []]]"
آ,com.apple.keylayout.Arabic-QWERTY,"[[42, []], [0, [""option""]]]"
إ,com.apple.keylayout.Arabic-QWERTY,"[[42, []], [34, [""option""]]]"
إ,com.apple.keylayout.Arabic-QWERTY,"[[42, []], [18, []]]"
`,com.apple.keylayout.Turkish,"[[1, [""option""]], [49, []]]"
´,com.apple.keylayout.Turkish,"[[2, [""option""]], [49, []]]"
^,com.apple.keylayout.Turkish,"[[31, [""option""]], [49, []]]"
~,com.apple.keylayout.Turkish,"[[34, [""option""]], [49, []]]"
¨,com.apple.keylayout.Turkish,"[[38, [""option""]], [49, []]]"
ò,com.apple.keylayout.Turkish,"[[1, [""option""]], [17, []]]"
ó,com.apple.keylayout.Turkish,"[[2, [""option""]], [17, []]]"
ô,com.apple.keylayout.Turkish,"[[31, [""option""]], [17, []]]"
õ,com.apple.keylayout.Turkish,"[[34, [""option""]], [17, []]]"
ö,com.apple.keylayout.Turkish,"[[38, [""option""]], [17, []]]"
ù,com.apple.keylayout.Turkish,"[[1, [""option""]], [0, []]]"
ú,com.apple.keylayout.Turkish,"[[2, [""option""]], [0, []]]"
û,com.apple.keylayout.Turkish,"[[31, [""option""]], [0, []]]"
ü,com.apple.keylayout.Turkish,"[[38, [""option""]], [0, []]]"
Ñ,com.apple.keylayout.Turkish,"[[34, [""option""]], [34, [""shift""]]]"
ñ,com.apple.keylayout.Turkish,"[[34, [""option""]], [34, []]]"
Ÿ,com.apple.keylayout.Turkish,"[[38, [""option""]], [41, [""shift""]]]"
ÿ,com.apple.keylayout.Turkish,"[[38, [""option""]], [41, []]]"
À,com.apple.keylayout.Turkish,"[[1, [""option""]], [3, [""shift""]]]"
Á,com.apple.keylayout.Turkish,"[[2, [""option""]], [3, [""shift""]]]"
Â,com.apple.keylayout.Turkish,"[[31, [""option""]], [3, [""shift""]]]"
Ã,com.apple.keylayout.Turkish,"[[34, [""option""]], [3, [""shift""]]]"
Ä,com.apple.keylayout.Turkish,"[[38, [""option""]], [3, [""shift""]]]"
È,com.apple.keylayout.Turkish,"[[1, [""option""]], [2, [""shift""]]]"
É,com.apple.keylayout.Turkish,"[[2, [""option""]], [2, [""shift""]]]"
Ê,com.apple.keylayout.Turkish,"[[31, [""option""]], [2, [""shift""]]]"
Ë,com.apple.keylayout.Turkish,"[[38, [""option""]], [2, [""shift""]]]"
Ì,com.apple.keylayout.Turkish,"[[1, [""option""]], [15, [""shift""]]]"
Í,com.apple.keylayout.Turkish,"[[2, [""option""]], [15, [""shift""]]]"
Î,com.apple.keylayout.Turkish,"[[31, [""option""]], [15, [""shift""]]]"
Ï,com.apple.keylayout.Turkish,"[[38, [""option""]], [15, [""shift""]]]"
Ò,com.apple.keylayout.Turkish,"[[1, [""option""]], [17, [""shift""]]]"
Ó,com.apple.keylayout.Turkish,"[[2, [""option""]], [17, [""shift""]]]"
Ô,com.apple.keylayout.Turkish,"[[31, [""option""]], [17, [""shift""]]]"
Õ,com.apple.keylayout.Turkish,"[[34, [""option""]], [17, [""shift""]]]"
Ö,com.apple.keylayout.Turkish,"[[38, [""option""]], [17, [""shift""]]]"
Ù,com.apple.keylayout.Turkish,"[[1, [""option""]], [0, [""shift""]]]"
Ú,com.apple.keylayout.Turkish,"[[2, [""option""]], [0, [""shift""]]]"
Û,com.apple.keylayout.Turkish,"[[31, [""option""]], [0, [""shift""]]]"
Ü,com.apple.keylayout.Turkish,"[[38, [""option""]], [0, [""shift""]]]"
à,com.apple.keylayout.Turkish,"[[1, [""option""]], [3, []]]"
á,com.apple.keylayout.Turkish,"[[2, [""option""]], [3, []]]"
â,com.apple.keylayout.Turkish,"[[31, [""option""]], [3, []]]"
ã,com.apple.keylayout.Turkish,"[[34, [""option""]], [3, []]]"
ä,com.apple.keylayout.Turkish,"[[38, [""option""]], [3, []]]"
è,com.apple.keylayout.Turkish,"[[1, [""option""]], [2, []]]"
é,com.apple.keylayout.Turkish,"[[2, [""option""]], [2, []]]"
ê,com.apple.keylayout.Turkish,"[[31, [""option""]], [2, []]]"
ë,com.apple.keylayout.Turkish,"[[38, [""option""]], [2, []]]"
ì,com.apple.keylayout.Turkish,"[[1, [""option""]], [1, []]]"
í,com.apple.keylayout.Turkish,"[[2, [""option""]], [1, []]]"
î,com.apple.keylayout.Turkish,"[[31, [""option""]], [1, []]]"
ï,com.apple.keylayout.Turkish,"[[38, [""option""]], [1, []]]"
^,com.apple.keylayout.French-numerical,"[[33, []], [49, []]]"
`,com.apple.keylayout.French-numerical,"[[42, []], [49, []]]"
¨,com.apple.keylayout.French-numerical,"[[33, [""shift""]], [49, []]]"
~,com.apple.keylayout.French-numerical,"[[45, [""option""]], [49, []]]"
´,com.apple.keylayout.French-numerical,"[[18, [""option"", ""shift""]], [49, []]]"
Â,com.apple.keylayout.French-numerical,"[[33, []], [12, [""shift""]]]"
À,com.apple.keylayout.French-numerical,"[[42, []], [12, [""shift""]]]"
Ä,com.apple.keylayout.French-numerical,"[[33, [""shift""]], [12, [""shift""]]]"
Ã,com.apple.keylayout.French-numerical,"[[45, [""option""]], [12, [""shift""]]]"
Á,com.apple.keylayout.French-numerical,"[[18, [""option"", ""shift""]], [12, [""shift""]]]"
Ê,com.apple.keylayout.French-numerical,"[[33, []], [14, [""shift""]]]"
È,com.apple.keylayout.French-numerical,"[[42, []], [14, [""shift""]]]"
Ë,com.apple.keylayout.French-numerical,"[[33, [""shift""]], [14, [""shift""]]]"
É,com.apple.keylayout.French-numerical,"[[18, [""option"", ""shift""]], [14, [""shift""]]]"
Î,com.apple.keylayout.French-numerical,"[[33, []], [34, [""shift""]]]"
Ì,com.apple.keylayout.French-numerical,"[[42, []], [34, [""shift""]]]"
Ï,com.apple.keylayout.French-numerical,"[[33, [""shift""]], [34, [""shift""]]]"
Í,com.apple.keylayout.French-numerical,"[[18, [""option"", ""shift""]], [34, [""shift""]]]"
Ñ,com.apple.keylayout.French-numerical,"[[45, [""option""]], [45, [""shift""]]]"
Ô,com.apple.keylayout.French-numerical,"[[33, []], [31, [""shift""]]]"
Ò,com.apple.keylayout.French-numerical,"[[42, []], [31, [""shift""]]]"
Ö,com.apple.keylayout.French-numerical,"[[33, [""shift""]], [31, [""shift""]]]"
Õ,com.apple.keylayout.French-numerical,"[[45, [""option""]], [31, [""shift""]]]"
Ó,com.apple.keylayout.French-numerical,"[[18, [""option"", ""shift""]], [31, [""shift""]]]"
Û,com.apple.keylayout.French-numerical,"[[33, []], [32, [""shift""]]]"
Ù,com.apple.keylayout.French-numerical,"[[42, []], [32, [""shift""]]]"
Ü,com.apple.keylayout.French-numerical,"[[33, [""shift""]], [32, [""shift""]]]"
Ú,com.apple.keylayout.French-numerical,"[[18, [""option"", ""shift""]], [32, [""shift""]]]"
Ÿ,com.apple.keylayout.French-numerical,"[[33, [""shift""]], [16, [""shift""]]]"
â,com.apple.keylayout.French-numerical,"[[33, []], [12, []]]"
à,com.apple.keylayout.French-numerical,"[[42, []], [12, []]]"
ä,com.apple.keylayout.French-numerical,"[[33, [""shift""]], [12, []]]"
ã,com.apple.keylayout.French-numerical,"[[45, [""option""]], [12, []]]"
á,com.apple.keylayout.French-numerical,"[[18, [""option"", ""shift""]], [12, []]]"
ê,com.apple.keylayout.French-numerical,"[[33, []], [14, []]]"
è,com.apple.keylayout.French-numerical,"[[42, []], [14, []]]"
ë,com.apple.keylayout.French-numerical,"[[33, [""shift""]], [14, []]]"
é,com.apple.keylayout.French-numerical,"[[18, [""option"", ""shift""]], [14, []]]"
î,com.apple.keylayout.French-numerical,"[[33, []], [34, []]]"
ì,com.apple.keylayout.French-numerical,"[[42, []], [34, []]]"
ï,com.apple.keylayout.French-numerical,"[[33, [""shift""]], [34, []]]"
í,com.apple.keylayout.French-numerical,"[[18, [""option"", ""shift""]], [34, []]]"
ñ,com.apple.keylayout.French-numerical,"[[45, [""option""]], [45, []]]"
ô,com.apple.keylayout.French-numerical,"[[33, []], [31, []]]"
ò,com.apple.keylayout.French-numerical,"[[42, []], [31, []]]"
ö,com.apple.keylayout.French-numerical,"[[33, [""shift""]], [31, []]]"
õ,com.apple.keylayout.French-numerical,"[[45, [""option""]], [31, []]]"
ó,com.apple.keylayout.French-numerical,"[[18, [""option"", ""shift""]], [31, []]]"
û,com.apple.keylayout.French-numerical,"[[33, []], [32, []]]"
ù,com.apple.keylayout.French-numerical,"[[42, []], [32, []]]"
ü,com.apple.keylayout.French-numerical,"[[33, [""shift""]], [32, []]]"
ú,com.apple.keylayout.French-numerical,"[[18, [""option"", ""shift""]], [32, []]]"
ÿ,com.apple.keylayout.French-numerical,"[[33, [""shift""]], [16, []]]"
´,com.apple.keylayout.Portuguese,"[[30, []], [49, []]]"
~,com.apple.keylayout.Portuguese,"[[39, []], [49, []]]"
`,com.apple.keylayout.Portuguese,"[[30, [""shift""]], [49, []]]"
^,com.apple.keylayout.Portuguese,"[[39, [""shift""]], [49, []]]"
¨,com.apple.keylayout.Portuguese,"[[30, [""option""]], [49, []]]"
˜,com.apple.keylayout.Portuguese,"[[39, [""option""]], [49, []]]"
ˆ,com.apple.keylayout.Portuguese,"[[39, [""option"", ""shift""]], [49, []]]"
Á,com.apple.keylayout.Portuguese,"[[30, []], [0, [""shift""]]]"
Ã,com.apple.keylayout.Portuguese,"[[39, []], [0, [""shift""]]]"
À,com.apple.keylayout.Portuguese,"[[30, [""shift""]], [0, [""shift""]]]"
Â,com.apple.keylayout.Portuguese,"[[39, [""shift""]], [0, [""shift""]]]"
Ä,com.apple.keylayout.Portuguese,"[[30, [""option""]], [0, [""shift""]]]"
Ã,com.apple.keylayout.Portuguese,"[[39, [""option""]], [0, [""shift""]]]"
Â,com.apple.keylayout.Portuguese,"[[39, [""option"", ""shift""]], [0, [""shift""]]]"
É,com.apple.keylayout.Portuguese,"[[30, []], [14, [""shift""]]]"
È,com.apple.keylayout.Portuguese,"[[30, [""shift""]], [14, [""shift""]]]"
Ê,com.apple.keylayout.Portuguese,"[[39, [""shift""]], [14, [""shift""]]]"
Ë,com.apple.keylayout.Portuguese,"[[30, [""option""]], [14, [""shift""]]]"
Ê,com.apple.keylayout.Portuguese,"[[39, [""option"", ""shift""]], [14, [""shift""]]]"
Í,com.apple.keylayout.Portuguese,"[[30, []], [34, [""shift""]]]"
Ì,com.apple.keylayout.Portuguese,"[[30, [""shift""]], [34, [""shift""]]]"
Î,com.apple.keylayout.Portuguese,"[[39, [""shift""]], [34, [""shift""]]]"
Ï,com.apple.keylayout.Portuguese,"[[30, [""option""]], [34, [""shift""]]]"
Î,com.apple.keylayout.Portuguese,"[[39, [""option"", ""shift""]], [34, [""shift""]]]"
Ñ,com.apple.keylayout.Portuguese,"[[39, []], [45, [""shift""]]]"
Ñ,com.apple.keylayout.Portuguese,"[[39, [""option""]], [45, [""shift""]]]"
Ó,com.apple.keylayout.Portuguese,"[[30, []], [31, [""shift""]]]"
Õ,com.apple.keylayout.Portuguese,"[[39, []], [31, [""shift""]]]"
Ò,com.apple.keylayout.Portuguese,"[[30, [""shift""]], [31, [""shift""]]]"
Ô,com.apple.keylayout.Portuguese,"[[39, [""shift""]], [31, [""shift""]]]"
Ö,com.apple.keylayout.Portuguese,"[[30, [""option""]], [31, [""shift""]]]"
Õ,com.apple.keylayout.Portuguese,"[[39, [""option""]], [31, [""shift""]]]"
Ô,com.apple.keylayout.Portuguese,"[[39, [""option"", ""shift""]], [31, [""shift""]]]"
Ú,com.apple.keylayout.Portuguese,"[[30, []], [32, [""shift""]]]"
Ù,com.apple.keylayout.Portuguese,"[[30, [""shift""]], [32, [""shift""]]]"
Û,com.apple.keylayout.Portuguese,"[[39, [""shift""]], [32, [""shift""]]]"
Ü,com.apple.keylayout.Portuguese,"[[30, [""option""]], [32, [""shift""]]]"
Û,com.apple.keylayout.Portuguese,"[[39, [""option"", ""shift""]], [32, [""shift""]]]"
á,com.apple.keylayout.Portuguese,"[[30, []], [0, []]]"
ã,com.apple.keylayout.Portuguese,"[[39, []], [0, []]]"
à,com.apple.keylayout.Portuguese,"[[30, [""shift""]], [0, []]]"
â,com.apple.keylayout.Portuguese,"[[39, [""shift""]], [0, []]]"
ä,com.apple.keylayout.Portuguese,"[[30, [""option""]], [0, []]]"
ã,com.apple.keylayout.Portuguese,"[[39, [""option""]], [0, []]]"
â,com.apple.keylayout.Portuguese,"[[39, [""option"", ""shift""]], [0, []]]"
é,com.apple.keylayout.Portuguese,"[[30, []], [14, []]]"
è,com.apple.keylayout.Portuguese,"[[30, [""shift""]], [14, []]]"
ê,com.apple.keylayout.Portuguese,"[[39, [""shift""]], [14, []]]"
ë,com.apple.keylayout.Portuguese,"[[30, [""option""]], [14, []]]"
ê,com.apple.keylayout.Portuguese,"[[39, [""option"", ""shift""]], [14, []]]"
í,com.apple.keylayout.Portuguese,"[[30, []], [34, []]]"
ì,com.apple.keylayout.Portuguese,"[[30, [""shift""]], [34, []]]"
î,com.apple.keylayout.Portuguese,"[[39, [""shift""]], [34, []]]"
ï,com.apple.keylayout.Portuguese,"[[30, [""option""]], [34, []]]"
î,com.apple.keylayout.Portuguese,"[[39, [""option"", ""shift""]], [34, []]]"
ñ,com.apple.keylayout.Portuguese,"[[39, []], [45, []]]"
ñ,com.apple.keylayout.Portuguese,"[[39, [""option""]], [45, []]]"
ó,com.apple.keylayout.Portuguese,"[[30, []], [31, []]]"
õ,com.apple.keylayout.Portuguese,"[[39, []], [31, []]]"
ò,com.apple.keylayout.Portuguese,"[[30, [""shift""]], [31, []]]"
ô,com.apple.keylayout.Portuguese,"[[39, [""shift""]], [31, []]]"
ö,com.apple.keylayout.Portuguese,"[[30, [""option""]], [31, []]]"
õ,com.apple.keylayout.Portuguese,"[[39, [""option""]], [31, []]]"
ô,com.apple.keylayout.Portuguese,"[[39, [""option"", ""shift""]], [31, []]]"
ú,com.apple.keylayout.Portuguese,"[[30, []], [32, []]]"
ù,com.apple.keylayout.Portuguese,"[[30, [""shift""]], [32, []]]"
û,com.apple.keylayout.Portuguese,"[[39, [""shift""]], [32, []]]"
ü,com.apple.keylayout.Portuguese,"[[30, [""option""]], [32, []]]"
û,com.apple.keylayout.Portuguese,"[[39, [""option"", ""shift""]], [32, []]]"
ÿ,com.apple.keylayout.Portuguese,"[[30, [""option""]], [16, []]]"
^,com.apple.keylayout.SwissFrench,"[[24, []], [49, []]]"
¨,com.apple.keylayout.SwissFrench,"[[30, []], [49, []]]"
`,com.apple.keylayout.SwissFrench,"[[24, [""shift""]], [49, []]]"
´,com.apple.keylayout.SwissFrench,"[[24, [""option""]], [49, []]]"
~,com.apple.keylayout.SwissFrench,"[[45, [""option""]], [49, []]]"
Â,com.apple.keylayout.SwissFrench,"[[24, []], [0, [""shift""]]]"
Ä,com.apple.keylayout.SwissFrench,"[[30, []], [0, [""shift""]]]"
À,com.apple.keylayout.SwissFrench,"[[24, [""shift""]], [0, [""shift""]]]"
Ã,com.apple.keylayout.SwissFrench,"[[45, [""option""]], [0, [""shift""]]]"
Ê,com.apple.keylayout.SwissFrench,"[[24, []], [14, [""shift""]]]"
Ë,com.apple.keylayout.SwissFrench,"[[30, []], [14, [""shift""]]]"
È,com.apple.keylayout.SwissFrench,"[[24, [""shift""]], [14, [""shift""]]]"
É,com.apple.keylayout.SwissFrench,"[[24, [""option""]], [14, [""shift""]]]"
Î,com.apple.keylayout.SwissFrench,"[[24, []], [34, [""shift""]]]"
Ï,com.apple.keylayout.SwissFrench,"[[30, []], [34, [""shift""]]]"
Ì,com.apple.keylayout.SwissFrench,"[[24, [""shift""]], [34, [""shift""]]]"
Ñ,com.apple.keylayout.SwissFrench,"[[45, [""option""]], [45, [""shift""]]]"
Ô,com.apple.keylayout.SwissFrench,"[[24, []], [31, [""shift""]]]"
Ö,com.apple.keylayout.SwissFrench,"[[30, []], [31, [""shift""]]]"
Ò,com.apple.keylayout.SwissFrench,"[[24, [""shift""]], [31, [""shift""]]]"
Õ,com.apple.keylayout.SwissFrench,"[[45, [""option""]], [31, [""shift""]]]"
Û,com.apple.keylayout.SwissFrench,"[[24, []], [32, [""shift""]]]"
Ü,com.apple.keylayout.SwissFrench,"[[30, []], [32, [""shift""]]]"
Ù,com.apple.keylayout.SwissFrench,"[[24, [""shift""]], [32, [""shift""]]]"
Ÿ,com.apple.keylayout.SwissFrench,"[[30, []], [6, [""shift""]]]"
â,com.apple.keylayout.SwissFrench,"[[24, []], [0, []]]"
ä,com.apple.keylayout.SwissFrench,"[[30, []], [0, []]]"
à,com.apple.keylayout.SwissFrench,"[[24, [""shift""]], [0, []]]"
á,com.apple.keylayout.SwissFrench,"[[24, [""option""]], [0, []]]"
ã,com.apple.keylayout.SwissFrench,"[[45, [""option""]], [0, []]]"
ê,com.apple.keylayout.SwissFrench,"[[24, []], [14, []]]"
ë,com.apple.keylayout.SwissFrench,"[[30, []], [14, []]]"
è,com.apple.keylayout.SwissFrench,"[[24, [""shift""]], [14, []]]"
é,com.apple.keylayout.SwissFrench,"[[24, [""option""]], [14, []]]"
î,com.apple.keylayout.SwissFrench,"[[24, []], [34, []]]"
ï,com.apple.keylayout.SwissFrench,"[[30, []], [34, []]]"
ì,com.apple.keylayout.SwissFrench,"[[24, [""shift""]], [34, []]]"
í,com.apple.keylayout.SwissFrench,"[[24, [""option""]], [34, []]]"
ñ,com.apple.keylayout.SwissFrench,"[[45, [""option""]], [45, []]]"
ô,com.apple.keylayout.SwissFrench,"[[24, []], [31, []]]"
ö,com.apple.keylayout.SwissFrench,"[[30, []], [31, []]]"
ò,com.apple.keylayout.SwissFrench,"[[24, [""shift""]], [31, []]]"
ó,com.apple.keylayout.SwissFrench,"[[24, [""option""]], [31, []]]"
õ,com.apple.keylayout.SwissFrench,"[[45, [""option""]], [31, []]]"
û,com.apple.keylayout.SwissFrench,"[[24, []], [32, []]]"
ü,com.apple.keylayout.SwissFrench,"[[30, []], [32, []]]"
ù,com.apple.keylayout.SwissFrench,"[[24, [""shift""]], [32, []]]"
ú,com.apple.keylayout.SwissFrench,"[[24, [""option""]], [32, []]]"
ÿ,com.apple.keylayout.SwissFrench,"[[30, []], [6, []]]"
^,com.apple.keylayout.German,"[[10, []], [49, []]]"
´,com.apple.keylayout.German,"[[24, []], [49, []]]"
`,com.apple.keylayout.German,"[[24, [""shift""]], [49, []]]"
¨,com.apple.keylayout.German,"[[32, [""option""]], [49, []]]"
~,com.apple.keylayout.German,"[[45, [""option""]], [49, []]]"
Â,com.apple.keylayout.German,"[[10, []], [0, [""shift""]]]"
Á,com.apple.keylayout.German,"[[24, []], [0, [""shift""]]]"
À,com.apple.keylayout.German,"[[24, [""shift""]], [0, [""shift""]]]"
Ä,com.apple.keylayout.German,"[[32, [""option""]], [0, [""shift""]]]"
Ã,com.apple.keylayout.German,"[[45, [""option""]], [0, [""shift""]]]"
Ê,com.apple.keylayout.German,"[[10, []], [14, [""shift""]]]"
É,com.apple.keylayout.German,"[[24, []], [14, [""shift""]]]"
È,com.apple.keylayout.German,"[[24, [""shift""]], [14, [""shift""]]]"
Ë,com.apple.keylayout.German,"[[32, [""option""]], [14, [""shift""]]]"
Î,com.apple.keylayout.German,"[[10, []], [34, [""shift""]]]"
Í,com.apple.keylayout.German,"[[24, []], [34, [""shift""]]]"
Ì,com.apple.keylayout.German,"[[24, [""shift""]], [34, [""shift""]]]"
Ï,com.apple.keylayout.German,"[[32, [""option""]], [34, [""shift""]]]"
Ñ,com.apple.keylayout.German,"[[45, [""option""]], [45, [""shift""]]]"
Ô,com.apple.keylayout.German,"[[10, []], [31, [""shift""]]]"
Ó,com.apple.keylayout.German,"[[24, []], [31, [""shift""]]]"
Ò,com.apple.keylayout.German,"[[24, [""shift""]], [31, [""shift""]]]"
Ö,com.apple.keylayout.German,"[[32, [""option""]], [31, [""shift""]]]"
Õ,com.apple.keylayout.German,"[[45, [""option""]], [31, [""shift""]]]"
Û,com.apple.keylayout.German,"[[10, []], [32, [""shift""]]]"
Ú,com.apple.keylayout.German,"[[24, []], [32, [""shift""]]]"
Ù,com.apple.keylayout.German,"[[24, [""shift""]], [32, [""shift""]]]"
Ü,com.apple.keylayout.German,"[[32, [""option""]], [32, [""shift""]]]"
Ÿ,com.apple.keylayout.German,"[[32, [""option""]], [6, [""shift""]]]"
â,com.apple.keylayout.German,"[[10, []], [0, []]]"
á,com.apple.keylayout.German,"[[24, []], [0, []]]"
à,com.apple.keylayout.German,"[[24, [""shift""]], [0, []]]"
ä,com.apple.keylayout.German,"[[32, [""option""]], [0, []]]"
ã,com.apple.keylayout.German,"[[45, [""option""]], [0, []]]"
ê,com.apple.keylayout.German,"[[10, []], [14, []]]"
é,com.apple.keylayout.German,"[[24, []], [14, []]]"
è,com.apple.keylayout.German,"[[24, [""shift""]], [14, []]]"
ë,com.apple.keylayout.German,"[[32, [""option""]], [14, []]]"
î,com.apple.keylayout.German,"[[10, []], [34, []]]"
í,com.apple.keylayout.German,"[[24, []], [34, []]]"
ì,com.apple.keylayout.German,"[[24, [""shift""]], [34, []]]"
ï,com.apple.keylayout.German,"[[32, [""option""]], [34, []]]"
ñ,com.apple.keylayout.German,"[[45, [""option""]], [45, []]]"
ô,com.apple.keylayout.German,"[[10, []], [31, []]]"
ó,com.apple.keylayout.German,"[[24, []], [31, []]]"
ò,com.apple.keylayout.German,"[[24, [""shift""]], [31, []]]"
ö,com.apple.keylayout.German,"[[32, [""option""]], [31, []]]"
õ,com.apple.keylayout.German,"[[45, [""option""]], [31, []]]"
û,com.apple.keylayout.German,"[[10, []], [32, []]]"
ú,com.apple.keylayout.German,"[[24, []], [32, []]]"
ù,com.apple.keylayout.German,"[[24, [""shift""]], [32, []]]"
ü,com.apple.keylayout.German,"[[32, [""option""]], [32, []]]"
ÿ,com.apple.keylayout.German,"[[32, [""option""]], [6, []]]"
´,com.apple.keylayout.Azeri,"[[14, [""option""]], [49, []]]"
˘,com.apple.keylayout.Azeri,"[[11, [""option""]], [49, []]]"
ˇ,com.apple.keylayout.Azeri,"[[9, [""option""]], [49, []]]"
¸,com.apple.keylayout.Azeri,"[[8, [""option""]], [49, []]]"
ˆ,com.apple.keylayout.Azeri,"[[22, [""option""]], [49, []]]"
‸,com.apple.keylayout.Azeri,"[[5, [""option"", ""shift""]], [49, []]]"
",",com.apple.keylayout.Azeri,"[[35, [""option""]], [49, []]]"
¨,com.apple.keylayout.Azeri,"[[32, [""option""]], [49, []]]"
˙,com.apple.keylayout.Azeri,"[[12, [""option""]], [49, []]]"
.,com.apple.keylayout.Azeri,"[[7, [""option""]], [49, []]]"
˝,com.apple.keylayout.Azeri,"[[38, [""option""]], [49, []]]"
 ̏,com.apple.keylayout.Azeri,"[[16, [""option"", ""shift""]], [49, []]]"
`,com.apple.keylayout.Azeri,"[[50, [""option""]], [49, []]]"
ˀ,com.apple.keylayout.Azeri,"[[6, [""option""]], [49, []]]"
ʔ,com.apple.keylayout.Azeri,"[[47, [""option"", ""shift""]], [49, []]]"
ʼ,com.apple.keylayout.Azeri,"[[34, [""option""]], [49, []]]"
 ̑,com.apple.keylayout.Azeri,"[[1, [""option"", ""shift""]], [49, []]]"
¯,com.apple.keylayout.Azeri,"[[31, [""option""]], [49, []]]"
ˍ,com.apple.keylayout.Azeri,"[[4, [""option""]], [49, []]]"
˛,com.apple.keylayout.Azeri,"[[46, [""option""]], [49, []]]"
˚,com.apple.keylayout.Azeri,"[[40, [""option""]], [49, []]]"
№,com.apple.keylayout.Azeri,"[[42, [""option"", ""shift""]], [49, []]]"
-,com.apple.keylayout.Azeri,"[[37, [""option""]], [49, []]]"
˜,com.apple.keylayout.Azeri,"[[45, [""option""]], [49, []]]"
 ̰,com.apple.keylayout.Azeri,"[[3, [""option"", ""shift""]], [49, []]]"
Ɛ,com.apple.keylayout.Azeri,"[[42, [""option"", ""shift""]], [20, [""shift""]]]"
Ƽ,com.apple.keylayout.Azeri,"[[42, [""option"", ""shift""]], [23, [""shift""]]]"
ʹ,com.apple.keylayout.Azeri,"[[42, [""option"", ""shift""]], [39, [""option""]]]"
Ȣ,com.apple.keylayout.Azeri,"[[42, [""option"", ""shift""]], [28, [""shift""]]]"
ƨ,com.apple.keylayout.Azeri,"[[42, [""option"", ""shift""]], [19, []]]"
ɛ,com.apple.keylayout.Azeri,"[[42, [""option"", ""shift""]], [20, []]]"
ƽ,com.apple.keylayout.Azeri,"[[42, [""option"", ""shift""]], [23, []]]"
ƅ,com.apple.keylayout.Azeri,"[[42, [""option"", ""shift""]], [22, []]]"
⁊,com.apple.keylayout.Azeri,"[[42, [""option"", ""shift""]], [26, []]]"
ȣ,com.apple.keylayout.Azeri,"[[42, [""option"", ""shift""]], [28, []]]"
Ƨ,com.apple.keylayout.Azeri,"[[42, [""option"", ""shift""]], [19, [""shift""]]]"
Á,com.apple.keylayout.Azeri,"[[14, [""option""]], [0, [""shift""]]]"
Ă,com.apple.keylayout.Azeri,"[[11, [""option""]], [0, [""shift""]]]"
Ǎ,com.apple.keylayout.Azeri,"[[9, [""option""]], [0, [""shift""]]]"
Â,com.apple.keylayout.Azeri,"[[22, [""option""]], [0, [""shift""]]]"
Ä,com.apple.keylayout.Azeri,"[[32, [""option""]], [0, [""shift""]]]"
Ȧ,com.apple.keylayout.Azeri,"[[12, [""option""]], [0, [""shift""]]]"
Ạ,com.apple.keylayout.Azeri,"[[7, [""option""]], [0, [""shift""]]]"
Ȁ,com.apple.keylayout.Azeri,"[[16, [""option"", ""shift""]], [0, [""shift""]]]"
À,com.apple.keylayout.Azeri,"[[50, [""option""]], [0, [""shift""]]]"
Ả,com.apple.keylayout.Azeri,"[[6, [""option""]], [0, [""shift""]]]"
Ȃ,com.apple.keylayout.Azeri,"[[1, [""option"", ""shift""]], [0, [""shift""]]]"
Ā,com.apple.keylayout.Azeri,"[[31, [""option""]], [0, [""shift""]]]"
Ą,com.apple.keylayout.Azeri,"[[46, [""option""]], [0, [""shift""]]]"
Å,com.apple.keylayout.Azeri,"[[40, [""option""]], [0, [""shift""]]]"
Æ,com.apple.keylayout.Azeri,"[[42, [""option"", ""shift""]], [0, [""shift""]]]"
Ã,com.apple.keylayout.Azeri,"[[45, [""option""]], [0, [""shift""]]]"
Ḃ,com.apple.keylayout.Azeri,"[[12, [""option""]], [11, [""shift""]]]"
Ḅ,com.apple.keylayout.Azeri,"[[7, [""option""]], [11, [""shift""]]]"
Ɓ,com.apple.keylayout.Azeri,"[[47, [""option"", ""shift""]], [11, [""shift""]]]"
Ḇ,com.apple.keylayout.Azeri,"[[4, [""option""]], [11, [""shift""]]]"
Ć,com.apple.keylayout.Azeri,"[[14, [""option""]], [8, [""shift""]]]"
Č,com.apple.keylayout.Azeri,"[[9, [""option""]], [8, [""shift""]]]"
Ç,com.apple.keylayout.Azeri,"[[8, [""option""]], [8, [""shift""]]]"
Ĉ,com.apple.keylayout.Azeri,"[[22, [""option""]], [8, [""shift""]]]"
Ċ,com.apple.keylayout.Azeri,"[[12, [""option""]], [8, [""shift""]]]"
Ƈ,com.apple.keylayout.Azeri,"[[47, [""option"", ""shift""]], [8, [""shift""]]]"
Ɔ,com.apple.keylayout.Azeri,"[[42, [""option"", ""shift""]], [8, [""shift""]]]"
Ď,com.apple.keylayout.Azeri,"[[9, [""option""]], [2, [""shift""]]]"
Ḑ,com.apple.keylayout.Azeri,"[[8, [""option""]], [2, [""shift""]]]"
Ḓ,com.apple.keylayout.Azeri,"[[5, [""option"", ""shift""]], [2, [""shift""]]]"
Ḋ,com.apple.keylayout.Azeri,"[[12, [""option""]], [2, [""shift""]]]"
Ḍ,com.apple.keylayout.Azeri,"[[7, [""option""]], [2, [""shift""]]]"
Ɗ,com.apple.keylayout.Azeri,"[[47, [""option"", ""shift""]], [2, [""shift""]]]"
Ḏ,com.apple.keylayout.Azeri,"[[4, [""option""]], [2, [""shift""]]]"
Đ,com.apple.keylayout.Azeri,"[[37, [""option""]], [2, [""shift""]]]"
É,com.apple.keylayout.Azeri,"[[14, [""option""]], [14, [""shift""]]]"
Ĕ,com.apple.keylayout.Azeri,"[[11, [""option""]], [14, [""shift""]]]"
Ě,com.apple.keylayout.Azeri,"[[9, [""option""]], [14, [""shift""]]]"
Ȩ,com.apple.keylayout.Azeri,"[[8, [""option""]], [14, [""shift""]]]"
Ê,com.apple.keylayout.Azeri,"[[22, [""option""]], [14, [""shift""]]]"
Ḙ,com.apple.keylayout.Azeri,"[[5, [""option"", ""shift""]], [14, [""shift""]]]"
Ë,com.apple.keylayout.Azeri,"[[32, [""option""]], [14, [""shift""]]]"
Ė,com.apple.keylayout.Azeri,"[[12, [""option""]], [14, [""shift""]]]"
Ẹ,com.apple.keylayout.Azeri,"[[7, [""option""]], [14, [""shift""]]]"
Ȅ,com.apple.keylayout.Azeri,"[[16, [""option"", ""shift""]], [14, [""shift""]]]"
È,com.apple.keylayout.Azeri,"[[50, [""option""]], [14, [""shift""]]]"
Ẻ,com.apple.keylayout.Azeri,"[[6, [""option""]], [14, [""shift""]]]"
Ȇ,com.apple.keylayout.Azeri,"[[1, [""option"", ""shift""]], [14, [""shift""]]]"
Ē,com.apple.keylayout.Azeri,"[[31, [""option""]], [14, [""shift""]]]"
Ę,com.apple.keylayout.Azeri,"[[46, [""option""]], [14, [""shift""]]]"
E̊,com.apple.keylayout.Azeri,"[[40, [""option""]], [14, [""shift""]]]"
Ǝ,com.apple.keylayout.Azeri,"[[42, [""option"", ""shift""]], [14, [""shift""]]]"
Ẽ,com.apple.keylayout.Azeri,"[[45, [""option""]], [14, [""shift""]]]"
Ḛ,com.apple.keylayout.Azeri,"[[3, [""option"", ""shift""]], [14, [""shift""]]]"
Ḟ,com.apple.keylayout.Azeri,"[[12, [""option""]], [3, [""shift""]]]"
Ƒ,com.apple.keylayout.Azeri,"[[47, [""option"", ""shift""]], [3, [""shift""]]]"
Ǵ,com.apple.keylayout.Azeri,"[[14, [""option""]], [5, [""shift""]]]"
Ğ,com.apple.keylayout.Azeri,"[[11, [""option""]], [5, [""shift""]]]"
Ǧ,com.apple.keylayout.Azeri,"[[9, [""option""]], [5, [""shift""]]]"
Ģ,com.apple.keylayout.Azeri,"[[8, [""option""]], [5, [""shift""]]]"
Ĝ,com.apple.keylayout.Azeri,"[[22, [""option""]], [5, [""shift""]]]"
Ġ,com.apple.keylayout.Azeri,"[[12, [""option""]], [5, [""shift""]]]"
Ɠ,com.apple.keylayout.Azeri,"[[47, [""option"", ""shift""]], [5, [""shift""]]]"
Ḡ,com.apple.keylayout.Azeri,"[[31, [""option""]], [5, [""shift""]]]"
Ɣ,com.apple.keylayout.Azeri,"[[42, [""option"", ""shift""]], [5, [""shift""]]]"
Ǥ,com.apple.keylayout.Azeri,"[[37, [""option""]], [5, [""shift""]]]"
Ḫ,com.apple.keylayout.Azeri,"[[11, [""option""]], [4, [""shift""]]]"
Ȟ,com.apple.keylayout.Azeri,"[[9, [""option""]], [4, [""shift""]]]"
Ḩ,com.apple.keylayout.Azeri,"[[8, [""option""]], [4, [""shift""]]]"
Ĥ,com.apple.keylayout.Azeri,"[[22, [""option""]], [4, [""shift""]]]"
Ḧ,com.apple.keylayout.Azeri,"[[32, [""option""]], [4, [""shift""]]]"
Ḣ,com.apple.keylayout.Azeri,"[[12, [""option""]], [4, [""shift""]]]"
Ḥ,com.apple.keylayout.Azeri,"[[7, [""option""]], [4, [""shift""]]]"
H̱,com.apple.keylayout.Azeri,"[[4, [""option""]], [4, [""shift""]]]"
Ƕ,com.apple.keylayout.Azeri,"[[42, [""option"", ""shift""]], [4, [""shift""]]]"
Ħ,com.apple.keylayout.Azeri,"[[37, [""option""]], [4, [""shift""]]]"
J̌,com.apple.keylayout.Azeri,"[[9, [""option""]], [38, [""shift""]]]"
Ĵ,com.apple.keylayout.Azeri,"[[22, [""option""]], [38, [""shift""]]]"
Ƞ,com.apple.keylayout.Azeri,"[[42, [""option"", ""shift""]], [38, [""shift""]]]"
Ḱ,com.apple.keylayout.Azeri,"[[14, [""option""]], [40, [""shift""]]]"
Ǩ,com.apple.keylayout.Azeri,"[[9, [""option""]], [40, [""shift""]]]"
Ķ,com.apple.keylayout.Azeri,"[[8, [""option""]], [40, [""shift""]]]"
Ḳ,com.apple.keylayout.Azeri,"[[7, [""option""]], [40, [""shift""]]]"
Ƙ,com.apple.keylayout.Azeri,"[[47, [""option"", ""shift""]], [40, [""shift""]]]"
Ḵ,com.apple.keylayout.Azeri,"[[4, [""option""]], [40, [""shift""]]]"
K’,com.apple.keylayout.Azeri,"[[42, [""option"", ""shift""]], [40, [""shift""]]]"
Ĺ,com.apple.keylayout.Azeri,"[[14, [""option""]], [37, [""shift""]]]"
Ľ,com.apple.keylayout.Azeri,"[[9, [""option""]], [37, [""shift""]]]"
Ļ,com.apple.keylayout.Azeri,"[[8, [""option""]], [37, [""shift""]]]"
Ḽ,com.apple.keylayout.Azeri,"[[5, [""option"", ""shift""]], [37, [""shift""]]]"
Ḷ,com.apple.keylayout.Azeri,"[[7, [""option""]], [37, [""shift""]]]"
Ḹ,com.apple.keylayout.Azeri,"[[31, [""option""]], [37, [""shift""]]]"
Ḻ,com.apple.keylayout.Azeri,"[[4, [""option""]], [37, [""shift""]]]"
Ł,com.apple.keylayout.Azeri,"[[37, [""option""]], [37, [""shift""]]]"
Ḿ,com.apple.keylayout.Azeri,"[[14, [""option""]], [46, [""shift""]]]"
M̂,com.apple.keylayout.Azeri,"[[22, [""option""]], [46, [""shift""]]]"
Ṁ,com.apple.keylayout.Azeri,"[[12, [""option""]], [46, [""shift""]]]"
Ṃ,com.apple.keylayout.Azeri,"[[7, [""option""]], [46, [""shift""]]]"
Ɯ,com.apple.keylayout.Azeri,"[[42, [""option"", ""shift""]], [46, [""shift""]]]"
Ń,com.apple.keylayout.Azeri,"[[14, [""option""]], [45, [""shift""]]]"
Ň,com.apple.keylayout.Azeri,"[[9, [""option""]], [45, [""shift""]]]"
Ņ,com.apple.keylayout.Azeri,"[[8, [""option""]], [45, [""shift""]]]"
N̂,com.apple.keylayout.Azeri,"[[22, [""option""]], [45, [""shift""]]]"
Ṋ,com.apple.keylayout.Azeri,"[[5, [""option"", ""shift""]], [45, [""shift""]]]"
Ṅ,com.apple.keylayout.Azeri,"[[12, [""option""]], [45, [""shift""]]]"
Ṇ,com.apple.keylayout.Azeri,"[[7, [""option""]], [45, [""shift""]]]"
Ǹ,com.apple.keylayout.Azeri,"[[50, [""option""]], [45, [""shift""]]]"
Ɲ,com.apple.keylayout.Azeri,"[[47, [""option"", ""shift""]], [45, [""shift""]]]"
Ṉ,com.apple.keylayout.Azeri,"[[4, [""option""]], [45, [""shift""]]]"
Ŋ,com.apple.keylayout.Azeri,"[[42, [""option"", ""shift""]], [45, [""shift""]]]"
Ñ,com.apple.keylayout.Azeri,"[[45, [""option""]], [45, [""shift""]]]"
Ó,com.apple.keylayout.Azeri,"[[14, [""option""]], [31, [""shift""]]]"
Ŏ,com.apple.keylayout.Azeri,"[[11, [""option""]], [31, [""shift""]]]"
Ǒ,com.apple.keylayout.Azeri,"[[9, [""option""]], [31, [""shift""]]]"
Ô,com.apple.keylayout.Azeri,"[[22, [""option""]], [31, [""shift""]]]"
Ö,com.apple.keylayout.Azeri,"[[32, [""option""]], [31, [""shift""]]]"
Ȯ,com.apple.keylayout.Azeri,"[[12, [""option""]], [31, [""shift""]]]"
Ọ,com.apple.keylayout.Azeri,"[[7, [""option""]], [31, [""shift""]]]"
Ő,com.apple.keylayout.Azeri,"[[38, [""option""]], [31, [""shift""]]]"
Ȍ,com.apple.keylayout.Azeri,"[[16, [""option"", ""shift""]], [31, [""shift""]]]"
Ò,com.apple.keylayout.Azeri,"[[50, [""option""]], [31, [""shift""]]]"
Ỏ,com.apple.keylayout.Azeri,"[[6, [""option""]], [31, [""shift""]]]"
Ơ,com.apple.keylayout.Azeri,"[[34, [""option""]], [31, [""shift""]]]"
Ȏ,com.apple.keylayout.Azeri,"[[1, [""option"", ""shift""]], [31, [""shift""]]]"
Ō,com.apple.keylayout.Azeri,"[[31, [""option""]], [31, [""shift""]]]"
Ǫ,com.apple.keylayout.Azeri,"[[46, [""option""]], [31, [""shift""]]]"
O̊,com.apple.keylayout.Azeri,"[[40, [""option""]], [31, [""shift""]]]"
Ɵ,com.apple.keylayout.Azeri,"[[37, [""option""]], [31, [""shift""]]]"
Õ,com.apple.keylayout.Azeri,"[[45, [""option""]], [31, [""shift""]]]"
Ṕ,com.apple.keylayout.Azeri,"[[14, [""option""]], [35, [""shift""]]]"
Ṗ,com.apple.keylayout.Azeri,"[[12, [""option""]], [35, [""shift""]]]"
Ƥ,com.apple.keylayout.Azeri,"[[47, [""option"", ""shift""]], [35, [""shift""]]]"
Ƣ,com.apple.keylayout.Azeri,"[[42, [""option"", ""shift""]], [12, [""shift""]]]"
Ŕ,com.apple.keylayout.Azeri,"[[14, [""option""]], [15, [""shift""]]]"
Ř,com.apple.keylayout.Azeri,"[[9, [""option""]], [15, [""shift""]]]"
Ŗ,com.apple.keylayout.Azeri,"[[8, [""option""]], [15, [""shift""]]]"
Ṙ,com.apple.keylayout.Azeri,"[[12, [""option""]], [15, [""shift""]]]"
Ṛ,com.apple.keylayout.Azeri,"[[7, [""option""]], [15, [""shift""]]]"
Ȑ,com.apple.keylayout.Azeri,"[[16, [""option"", ""shift""]], [15, [""shift""]]]"
Ʈ,com.apple.keylayout.Azeri,"[[47, [""option"", ""shift""]], [15, [""shift""]]]"
Ȓ,com.apple.keylayout.Azeri,"[[1, [""option"", ""shift""]], [15, [""shift""]]]"
Ṝ,com.apple.keylayout.Azeri,"[[31, [""option""]], [15, [""shift""]]]"
Ṟ,com.apple.keylayout.Azeri,"[[4, [""option""]], [15, [""shift""]]]"
Ʀ,com.apple.keylayout.Azeri,"[[42, [""option"", ""shift""]], [15, [""shift""]]]"
Ś,com.apple.keylayout.Azeri,"[[14, [""option""]], [1, [""shift""]]]"
Š,com.apple.keylayout.Azeri,"[[9, [""option""]], [1, [""shift""]]]"
Ş,com.apple.keylayout.Azeri,"[[8, [""option""]], [1, [""shift""]]]"
Ŝ,com.apple.keylayout.Azeri,"[[22, [""option""]], [1, [""shift""]]]"
Ș,com.apple.keylayout.Azeri,"[[35, [""option""]], [1, [""shift""]]]"
Ṡ,com.apple.keylayout.Azeri,"[[12, [""option""]], [1, [""shift""]]]"
Ṣ,com.apple.keylayout.Azeri,"[[7, [""option""]], [1, [""shift""]]]"
Ʃ,com.apple.keylayout.Azeri,"[[47, [""option"", ""shift""]], [1, [""shift""]]]"
S̄,com.apple.keylayout.Azeri,"[[31, [""option""]], [1, [""shift""]]]"
Ť,com.apple.keylayout.Azeri,"[[9, [""option""]], [17, [""shift""]]]"
Ţ,com.apple.keylayout.Azeri,"[[8, [""option""]], [17, [""shift""]]]"
Ṱ,com.apple.keylayout.Azeri,"[[5, [""option"", ""shift""]], [17, [""shift""]]]"
Ț,com.apple.keylayout.Azeri,"[[35, [""option""]], [17, [""shift""]]]"
T̈,com.apple.keylayout.Azeri,"[[32, [""option""]], [17, [""shift""]]]"
Ṫ,com.apple.keylayout.Azeri,"[[12, [""option""]], [17, [""shift""]]]"
Ṭ,com.apple.keylayout.Azeri,"[[7, [""option""]], [17, [""shift""]]]"
Ƭ,com.apple.keylayout.Azeri,"[[47, [""option"", ""shift""]], [17, [""shift""]]]"
Ṯ,com.apple.keylayout.Azeri,"[[4, [""option""]], [17, [""shift""]]]"
Ŧ,com.apple.keylayout.Azeri,"[[37, [""option""]], [17, [""shift""]]]"
Ú,com.apple.keylayout.Azeri,"[[14, [""option""]], [32, [""shift""]]]"
Ŭ,com.apple.keylayout.Azeri,"[[11, [""option""]], [32, [""shift""]]]"
Ǔ,com.apple.keylayout.Azeri,"[[9, [""option""]], [32, [""shift""]]]"
Û,com.apple.keylayout.Azeri,"[[22, [""option""]], [32, [""shift""]]]"
Ṷ,com.apple.keylayout.Azeri,"[[5, [""option"", ""shift""]], [32, [""shift""]]]"
Ü,com.apple.keylayout.Azeri,"[[32, [""option""]], [32, [""shift""]]]"
Ụ,com.apple.keylayout.Azeri,"[[7, [""option""]], [32, [""shift""]]]"
Ű,com.apple.keylayout.Azeri,"[[38, [""option""]], [32, [""shift""]]]"
Ȕ,com.apple.keylayout.Azeri,"[[16, [""option"", ""shift""]], [32, [""shift""]]]"
Ù,com.apple.keylayout.Azeri,"[[50, [""option""]], [32, [""shift""]]]"
Ủ,com.apple.keylayout.Azeri,"[[6, [""option""]], [32, [""shift""]]]"
Ʋ,com.apple.keylayout.Azeri,"[[47, [""option"", ""shift""]], [32, [""shift""]]]"
Ư,com.apple.keylayout.Azeri,"[[34, [""option""]], [32, [""shift""]]]"
Ȗ,com.apple.keylayout.Azeri,"[[1, [""option"", ""shift""]], [32, [""shift""]]]"
Ū,com.apple.keylayout.Azeri,"[[31, [""option""]], [32, [""shift""]]]"
Ų,com.apple.keylayout.Azeri,"[[46, [""option""]], [32, [""shift""]]]"
Ů,com.apple.keylayout.Azeri,"[[40, [""option""]], [32, [""shift""]]]"
Ʊ,com.apple.keylayout.Azeri,"[[42, [""option"", ""shift""]], [32, [""shift""]]]"
Ũ,com.apple.keylayout.Azeri,"[[45, [""option""]], [32, [""shift""]]]"
Ṵ,com.apple.keylayout.Azeri,"[[3, [""option"", ""shift""]], [32, [""shift""]]]"
Ǘ,com.apple.keylayout.Azeri,"[[14, [""option""]], [9, [""shift""]]]"
Ǚ,com.apple.keylayout.Azeri,"[[9, [""option""]], [9, [""shift""]]]"
Ṿ,com.apple.keylayout.Azeri,"[[7, [""option""]], [9, [""shift""]]]"
Ǜ,com.apple.keylayout.Azeri,"[[50, [""option""]], [9, [""shift""]]]"
Ǖ,com.apple.keylayout.Azeri,"[[31, [""option""]], [9, [""shift""]]]"
Ṽ,com.apple.keylayout.Azeri,"[[45, [""option""]], [9, [""shift""]]]"
Ǯ,com.apple.keylayout.Azeri,"[[9, [""option""]], [7, [""shift""]]]"
Ẍ,com.apple.keylayout.Azeri,"[[32, [""option""]], [7, [""shift""]]]"
Ẋ,com.apple.keylayout.Azeri,"[[12, [""option""]], [7, [""shift""]]]"
Ɖ,com.apple.keylayout.Azeri,"[[47, [""option"", ""shift""]], [7, [""shift""]]]"
Ý,com.apple.keylayout.Azeri,"[[14, [""option""]], [16, [""shift""]]]"
Ŷ,com.apple.keylayout.Azeri,"[[22, [""option""]], [16, [""shift""]]]"
Ÿ,com.apple.keylayout.Azeri,"[[32, [""option""]], [16, [""shift""]]]"
Ẏ,com.apple.keylayout.Azeri,"[[12, [""option""]], [16, [""shift""]]]"
Ỵ,com.apple.keylayout.Azeri,"[[7, [""option""]], [16, [""shift""]]]"
Ỳ,com.apple.keylayout.Azeri,"[[50, [""option""]], [16, [""shift""]]]"
Ỷ,com.apple.keylayout.Azeri,"[[6, [""option""]], [16, [""shift""]]]"
Ƴ,com.apple.keylayout.Azeri,"[[47, [""option"", ""shift""]], [16, [""shift""]]]"
Ȳ,com.apple.keylayout.Azeri,"[[31, [""option""]], [16, [""shift""]]]"
Y̊,com.apple.keylayout.Azeri,"[[40, [""option""]], [16, [""shift""]]]"
Ȝ,com.apple.keylayout.Azeri,"[[42, [""option"", ""shift""]], [16, [""shift""]]]"
Ỹ,com.apple.keylayout.Azeri,"[[45, [""option""]], [16, [""shift""]]]"
Ź,com.apple.keylayout.Azeri,"[[14, [""option""]], [6, [""shift""]]]"
Ž,com.apple.keylayout.Azeri,"[[9, [""option""]], [6, [""shift""]]]"
Z̧,com.apple.keylayout.Azeri,"[[8, [""option""]], [6, [""shift""]]]"
Ẑ,com.apple.keylayout.Azeri,"[[22, [""option""]], [6, [""shift""]]]"
Ż,com.apple.keylayout.Azeri,"[[12, [""option""]], [6, [""shift""]]]"
Ẓ,com.apple.keylayout.Azeri,"[[7, [""option""]], [6, [""shift""]]]"
Ȥ,com.apple.keylayout.Azeri,"[[47, [""option"", ""shift""]], [6, [""shift""]]]"
Z̄,com.apple.keylayout.Azeri,"[[31, [""option""]], [6, [""shift""]]]"
Ẕ,com.apple.keylayout.Azeri,"[[4, [""option""]], [6, [""shift""]]]"
Ʒ,com.apple.keylayout.Azeri,"[[42, [""option"", ""shift""]], [6, [""shift""]]]"
Ƶ,com.apple.keylayout.Azeri,"[[37, [""option""]], [6, [""shift""]]]"
Ƅ,com.apple.keylayout.Azeri,"[[42, [""option"", ""shift""]], [22, [""shift""]]]"
á,com.apple.keylayout.Azeri,"[[14, [""option""]], [0, []]]"
ă,com.apple.keylayout.Azeri,"[[11, [""option""]], [0, []]]"
ǎ,com.apple.keylayout.Azeri,"[[9, [""option""]], [0, []]]"
â,com.apple.keylayout.Azeri,"[[22, [""option""]], [0, []]]"
ä,com.apple.keylayout.Azeri,"[[32, [""option""]], [0, []]]"
ȧ,com.apple.keylayout.Azeri,"[[12, [""option""]], [0, []]]"
ạ,com.apple.keylayout.Azeri,"[[7, [""option""]], [0, []]]"
ȁ,com.apple.keylayout.Azeri,"[[16, [""option"", ""shift""]], [0, []]]"
à,com.apple.keylayout.Azeri,"[[50, [""option""]], [0, []]]"
ả,com.apple.keylayout.Azeri,"[[6, [""option""]], [0, []]]"
ȃ,com.apple.keylayout.Azeri,"[[1, [""option"", ""shift""]], [0, []]]"
ā,com.apple.keylayout.Azeri,"[[31, [""option""]], [0, []]]"
ą,com.apple.keylayout.Azeri,"[[46, [""option""]], [0, []]]"
å,com.apple.keylayout.Azeri,"[[40, [""option""]], [0, []]]"
æ,com.apple.keylayout.Azeri,"[[42, [""option"", ""shift""]], [0, []]]"
ã,com.apple.keylayout.Azeri,"[[45, [""option""]], [0, []]]"
ḃ,com.apple.keylayout.Azeri,"[[12, [""option""]], [11, []]]"
ḅ,com.apple.keylayout.Azeri,"[[7, [""option""]], [11, []]]"
ɓ,com.apple.keylayout.Azeri,"[[47, [""option"", ""shift""]], [11, []]]"
ḇ,com.apple.keylayout.Azeri,"[[4, [""option""]], [11, []]]"
ƀ,com.apple.keylayout.Azeri,"[[37, [""option""]], [11, []]]"
ć,com.apple.keylayout.Azeri,"[[14, [""option""]], [8, []]]"
č,com.apple.keylayout.Azeri,"[[9, [""option""]], [8, []]]"
ç,com.apple.keylayout.Azeri,"[[8, [""option""]], [8, []]]"
ĉ,com.apple.keylayout.Azeri,"[[22, [""option""]], [8, []]]"
ċ,com.apple.keylayout.Azeri,"[[12, [""option""]], [8, []]]"
ƈ,com.apple.keylayout.Azeri,"[[47, [""option"", ""shift""]], [8, []]]"
ɔ,com.apple.keylayout.Azeri,"[[42, [""option"", ""shift""]], [8, []]]"
ď,com.apple.keylayout.Azeri,"[[9, [""option""]], [2, []]]"
ḑ,com.apple.keylayout.Azeri,"[[8, [""option""]], [2, []]]"
ḓ,com.apple.keylayout.Azeri,"[[5, [""option"", ""shift""]], [2, []]]"
ḋ,com.apple.keylayout.Azeri,"[[12, [""option""]], [2, []]]"
ḍ,com.apple.keylayout.Azeri,"[[7, [""option""]], [2, []]]"
ɗ,com.apple.keylayout.Azeri,"[[47, [""option"", ""shift""]], [2, []]]"
ḏ,com.apple.keylayout.Azeri,"[[4, [""option""]], [2, []]]"
đ,com.apple.keylayout.Azeri,"[[37, [""option""]], [2, []]]"
é,com.apple.keylayout.Azeri,"[[14, [""option""]], [14, []]]"
ĕ,com.apple.keylayout.Azeri,"[[11, [""option""]], [14, []]]"
ě,com.apple.keylayout.Azeri,"[[9, [""option""]], [14, []]]"
ȩ,com.apple.keylayout.Azeri,"[[8, [""option""]], [14, []]]"
ê,com.apple.keylayout.Azeri,"[[22, [""option""]], [14, []]]"
ḙ,com.apple.keylayout.Azeri,"[[5, [""option"", ""shift""]], [14, []]]"
ë,com.apple.keylayout.Azeri,"[[32, [""option""]], [14, []]]"
ė,com.apple.keylayout.Azeri,"[[12, [""option""]], [14, []]]"
ẹ,com.apple.keylayout.Azeri,"[[7, [""option""]], [14, []]]"
ȅ,com.apple.keylayout.Azeri,"[[16, [""option"", ""shift""]], [14, []]]"
è,com.apple.keylayout.Azeri,"[[50, [""option""]], [14, []]]"
ẻ,com.apple.keylayout.Azeri,"[[6, [""option""]], [14, []]]"
ȇ,com.apple.keylayout.Azeri,"[[1, [""option"", ""shift""]], [14, []]]"
ē,com.apple.keylayout.Azeri,"[[31, [""option""]], [14, []]]"
ę,com.apple.keylayout.Azeri,"[[46, [""option""]], [14, []]]"
e̊,com.apple.keylayout.Azeri,"[[40, [""option""]], [14, []]]"
ǝ,com.apple.keylayout.Azeri,"[[42, [""option"", ""shift""]], [14, []]]"
ẽ,com.apple.keylayout.Azeri,"[[45, [""option""]], [14, []]]"
ḛ,com.apple.keylayout.Azeri,"[[3, [""option"", ""shift""]], [14, []]]"
ḟ,com.apple.keylayout.Azeri,"[[12, [""option""]], [3, []]]"
ƒ,com.apple.keylayout.Azeri,"[[47, [""option"", ""shift""]], [3, []]]"
ǵ,com.apple.keylayout.Azeri,"[[14, [""option""]], [5, []]]"
ğ,com.apple.keylayout.Azeri,"[[11, [""option""]], [5, []]]"
ǧ,com.apple.keylayout.Azeri,"[[9, [""option""]], [5, []]]"
ģ,com.apple.keylayout.Azeri,"[[8, [""option""]], [5, []]]"
ĝ,com.apple.keylayout.Azeri,"[[22, [""option""]], [5, []]]"
ġ,com.apple.keylayout.Azeri,"[[12, [""option""]], [5, []]]"
ɠ,com.apple.keylayout.Azeri,"[[47, [""option"", ""shift""]], [5, []]]"
ḡ,com.apple.keylayout.Azeri,"[[31, [""option""]], [5, []]]"
ɣ,com.apple.keylayout.Azeri,"[[42, [""option"", ""shift""]], [5, []]]"
ǥ,com.apple.keylayout.Azeri,"[[37, [""option""]], [5, []]]"
ḫ,com.apple.keylayout.Azeri,"[[11, [""option""]], [4, []]]"
ȟ,com.apple.keylayout.Azeri,"[[9, [""option""]], [4, []]]"
ḩ,com.apple.keylayout.Azeri,"[[8, [""option""]], [4, []]]"
ĥ,com.apple.keylayout.Azeri,"[[22, [""option""]], [4, []]]"
ḧ,com.apple.keylayout.Azeri,"[[32, [""option""]], [4, []]]"
ḣ,com.apple.keylayout.Azeri,"[[12, [""option""]], [4, []]]"
ḥ,com.apple.keylayout.Azeri,"[[7, [""option""]], [4, []]]"
ɦ,com.apple.keylayout.Azeri,"[[47, [""option"", ""shift""]], [4, []]]"
ẖ,com.apple.keylayout.Azeri,"[[4, [""option""]], [4, []]]"
ƕ,com.apple.keylayout.Azeri,"[[42, [""option"", ""shift""]], [4, []]]"
ħ,com.apple.keylayout.Azeri,"[[37, [""option""]], [4, []]]"
í,com.apple.keylayout.Azeri,"[[14, [""option""]], [34, []]]"
ĭ,com.apple.keylayout.Azeri,"[[11, [""option""]], [34, []]]"
ǐ,com.apple.keylayout.Azeri,"[[9, [""option""]], [34, []]]"
î,com.apple.keylayout.Azeri,"[[22, [""option""]], [34, []]]"
ï,com.apple.keylayout.Azeri,"[[32, [""option""]], [34, []]]"
ı,com.apple.keylayout.Azeri,"[[12, [""option""]], [34, []]]"
ị,com.apple.keylayout.Azeri,"[[7, [""option""]], [34, []]]"
ȉ,com.apple.keylayout.Azeri,"[[16, [""option"", ""shift""]], [34, []]]"
ì,com.apple.keylayout.Azeri,"[[50, [""option""]], [34, []]]"
ỉ,com.apple.keylayout.Azeri,"[[6, [""option""]], [34, []]]"
ɩ,com.apple.keylayout.Azeri,"[[47, [""option"", ""shift""]], [34, []]]"
ȋ,com.apple.keylayout.Azeri,"[[1, [""option"", ""shift""]], [34, []]]"
ī,com.apple.keylayout.Azeri,"[[31, [""option""]], [34, []]]"
į,com.apple.keylayout.Azeri,"[[46, [""option""]], [34, []]]"
ɨ,com.apple.keylayout.Azeri,"[[37, [""option""]], [34, []]]"
ĩ,com.apple.keylayout.Azeri,"[[45, [""option""]], [34, []]]"
ḭ,com.apple.keylayout.Azeri,"[[3, [""option"", ""shift""]], [34, []]]"
ǰ,com.apple.keylayout.Azeri,"[[9, [""option""]], [38, []]]"
ĵ,com.apple.keylayout.Azeri,"[[22, [""option""]], [38, []]]"
ƞ,com.apple.keylayout.Azeri,"[[42, [""option"", ""shift""]], [38, []]]"
ḱ,com.apple.keylayout.Azeri,"[[14, [""option""]], [40, []]]"
ǩ,com.apple.keylayout.Azeri,"[[9, [""option""]], [40, []]]"
ķ,com.apple.keylayout.Azeri,"[[8, [""option""]], [40, []]]"
ḳ,com.apple.keylayout.Azeri,"[[7, [""option""]], [40, []]]"
ƙ,com.apple.keylayout.Azeri,"[[47, [""option"", ""shift""]], [40, []]]"
ḵ,com.apple.keylayout.Azeri,"[[4, [""option""]], [40, []]]"
ĸ,com.apple.keylayout.Azeri,"[[42, [""option"", ""shift""]], [40, []]]"
ĺ,com.apple.keylayout.Azeri,"[[14, [""option""]], [37, []]]"
ľ,com.apple.keylayout.Azeri,"[[9, [""option""]], [37, []]]"
ļ,com.apple.keylayout.Azeri,"[[8, [""option""]], [37, []]]"
ḽ,com.apple.keylayout.Azeri,"[[5, [""option"", ""shift""]], [37, []]]"
ḷ,com.apple.keylayout.Azeri,"[[7, [""option""]], [37, []]]"
ḹ,com.apple.keylayout.Azeri,"[[31, [""option""]], [37, []]]"
ḻ,com.apple.keylayout.Azeri,"[[4, [""option""]], [37, []]]"
ł,com.apple.keylayout.Azeri,"[[37, [""option""]], [37, []]]"
ḿ,com.apple.keylayout.Azeri,"[[14, [""option""]], [46, []]]"
m̂,com.apple.keylayout.Azeri,"[[22, [""option""]], [46, []]]"
ṁ,com.apple.keylayout.Azeri,"[[12, [""option""]], [46, []]]"
ṃ,com.apple.keylayout.Azeri,"[[7, [""option""]], [46, []]]"
ɯ,com.apple.keylayout.Azeri,"[[42, [""option"", ""shift""]], [46, []]]"
ń,com.apple.keylayout.Azeri,"[[14, [""option""]], [45, []]]"
ň,com.apple.keylayout.Azeri,"[[9, [""option""]], [45, []]]"
ņ,com.apple.keylayout.Azeri,"[[8, [""option""]], [45, []]]"
n̂,com.apple.keylayout.Azeri,"[[22, [""option""]], [45, []]]"
ṋ,com.apple.keylayout.Azeri,"[[5, [""option"", ""shift""]], [45, []]]"
ṅ,com.apple.keylayout.Azeri,"[[12, [""option""]], [45, []]]"
ṇ,com.apple.keylayout.Azeri,"[[7, [""option""]], [45, []]]"
ǹ,com.apple.keylayout.Azeri,"[[50, [""option""]], [45, []]]"
ɲ,com.apple.keylayout.Azeri,"[[47, [""option"", ""shift""]], [45, []]]"
ṉ,com.apple.keylayout.Azeri,"[[4, [""option""]], [45, []]]"
ŋ,com.apple.keylayout.Azeri,"[[42, [""option"", ""shift""]], [45, []]]"
ñ,com.apple.keylayout.Azeri,"[[45, [""option""]], [45, []]]"
ó,com.apple.keylayout.Azeri,"[[14, [""option""]], [31, []]]"
ŏ,com.apple.keylayout.Azeri,"[[11, [""option""]], [31, []]]"
ǒ,com.apple.keylayout.Azeri,"[[9, [""option""]], [31, []]]"
ô,com.apple.keylayout.Azeri,"[[22, [""option""]], [31, []]]"
ö,com.apple.keylayout.Azeri,"[[32, [""option""]], [31, []]]"
ȯ,com.apple.keylayout.Azeri,"[[12, [""option""]], [31, []]]"
ọ,com.apple.keylayout.Azeri,"[[7, [""option""]], [31, []]]"
ő,com.apple.keylayout.Azeri,"[[38, [""option""]], [31, []]]"
ȍ,com.apple.keylayout.Azeri,"[[16, [""option"", ""shift""]], [31, []]]"
ò,com.apple.keylayout.Azeri,"[[50, [""option""]], [31, []]]"
ỏ,com.apple.keylayout.Azeri,"[[6, [""option""]], [31, []]]"
ơ,com.apple.keylayout.Azeri,"[[34, [""option""]], [31, []]]"
ȏ,com.apple.keylayout.Azeri,"[[1, [""option"", ""shift""]], [31, []]]"
ō,com.apple.keylayout.Azeri,"[[31, [""option""]], [31, []]]"
ǫ,com.apple.keylayout.Azeri,"[[46, [""option""]], [31, []]]"
o̊,com.apple.keylayout.Azeri,"[[40, [""option""]], [31, []]]"
ɵ,com.apple.keylayout.Azeri,"[[37, [""option""]], [31, []]]"
õ,com.apple.keylayout.Azeri,"[[45, [""option""]], [31, []]]"
ṕ,com.apple.keylayout.Azeri,"[[14, [""option""]], [35, []]]"
ṗ,com.apple.keylayout.Azeri,"[[12, [""option""]], [35, []]]"
ƥ,com.apple.keylayout.Azeri,"[[47, [""option"", ""shift""]], [35, []]]"
ʠ,com.apple.keylayout.Azeri,"[[47, [""option"", ""shift""]], [12, []]]"
ƣ,com.apple.keylayout.Azeri,"[[42, [""option"", ""shift""]], [12, []]]"
ŕ,com.apple.keylayout.Azeri,"[[14, [""option""]], [15, []]]"
ř,com.apple.keylayout.Azeri,"[[9, [""option""]], [15, []]]"
ŗ,com.apple.keylayout.Azeri,"[[8, [""option""]], [15, []]]"
ṙ,com.apple.keylayout.Azeri,"[[12, [""option""]], [15, []]]"
ṛ,com.apple.keylayout.Azeri,"[[7, [""option""]], [15, []]]"
ȑ,com.apple.keylayout.Azeri,"[[16, [""option"", ""shift""]], [15, []]]"
ʈ,com.apple.keylayout.Azeri,"[[47, [""option"", ""shift""]], [15, []]]"
ȓ,com.apple.keylayout.Azeri,"[[1, [""option"", ""shift""]], [15, []]]"
ṝ,com.apple.keylayout.Azeri,"[[31, [""option""]], [15, []]]"
ṟ,com.apple.keylayout.Azeri,"[[4, [""option""]], [15, []]]"
ʀ,com.apple.keylayout.Azeri,"[[42, [""option"", ""shift""]], [15, []]]"
ś,com.apple.keylayout.Azeri,"[[14, [""option""]], [1, []]]"
š,com.apple.keylayout.Azeri,"[[9, [""option""]], [1, []]]"
ş,com.apple.keylayout.Azeri,"[[8, [""option""]], [1, []]]"
ŝ,com.apple.keylayout.Azeri,"[[22, [""option""]], [1, []]]"
ș,com.apple.keylayout.Azeri,"[[35, [""option""]], [1, []]]"
ṡ,com.apple.keylayout.Azeri,"[[12, [""option""]], [1, []]]"
ṣ,com.apple.keylayout.Azeri,"[[7, [""option""]], [1, []]]"
ʃ,com.apple.keylayout.Azeri,"[[47, [""option"", ""shift""]], [1, []]]"
s̄,com.apple.keylayout.Azeri,"[[31, [""option""]], [1, []]]"
ſ,com.apple.keylayout.Azeri,"[[42, [""option"", ""shift""]], [1, []]]"
ť,com.apple.keylayout.Azeri,"[[9, [""option""]], [17, []]]"
ţ,com.apple.keylayout.Azeri,"[[8, [""option""]], [17, []]]"
ṱ,com.apple.keylayout.Azeri,"[[5, [""option"", ""shift""]], [17, []]]"
ț,com.apple.keylayout.Azeri,"[[35, [""option""]], [17, []]]"
ẗ,com.apple.keylayout.Azeri,"[[32, [""option""]], [17, []]]"
ṫ,com.apple.keylayout.Azeri,"[[12, [""option""]], [17, []]]"
ṭ,com.apple.keylayout.Azeri,"[[7, [""option""]], [17, []]]"
ƭ,com.apple.keylayout.Azeri,"[[47, [""option"", ""shift""]], [17, []]]"
ṯ,com.apple.keylayout.Azeri,"[[4, [""option""]], [17, []]]"
ŧ,com.apple.keylayout.Azeri,"[[37, [""option""]], [17, []]]"
ú,com.apple.keylayout.Azeri,"[[14, [""option""]], [32, []]]"
ŭ,com.apple.keylayout.Azeri,"[[11, [""option""]], [32, []]]"
ǔ,com.apple.keylayout.Azeri,"[[9, [""option""]], [32, []]]"
û,com.apple.keylayout.Azeri,"[[22, [""option""]], [32, []]]"
ṷ,com.apple.keylayout.Azeri,"[[5, [""option"", ""shift""]], [32, []]]"
ü,com.apple.keylayout.Azeri,"[[32, [""option""]], [32, []]]"
ụ,com.apple.keylayout.Azeri,"[[7, [""option""]], [32, []]]"
ű,com.apple.keylayout.Azeri,"[[38, [""option""]], [32, []]]"
ȕ,com.apple.keylayout.Azeri,"[[16, [""option"", ""shift""]], [32, []]]"
ù,com.apple.keylayout.Azeri,"[[50, [""option""]], [32, []]]"
ủ,com.apple.keylayout.Azeri,"[[6, [""option""]], [32, []]]"
ʋ,com.apple.keylayout.Azeri,"[[47, [""option"", ""shift""]], [32, []]]"
ư,com.apple.keylayout.Azeri,"[[34, [""option""]], [32, []]]"
ȗ,com.apple.keylayout.Azeri,"[[1, [""option"", ""shift""]], [32, []]]"
ū,com.apple.keylayout.Azeri,"[[31, [""option""]], [32, []]]"
ų,com.apple.keylayout.Azeri,"[[46, [""option""]], [32, []]]"
ů,com.apple.keylayout.Azeri,"[[40, [""option""]], [32, []]]"
ʊ,com.apple.keylayout.Azeri,"[[42, [""option"", ""shift""]], [32, []]]"
ʉ,com.apple.keylayout.Azeri,"[[37, [""option""]], [32, []]]"
ũ,com.apple.keylayout.Azeri,"[[45, [""option""]], [32, []]]"
ṵ,com.apple.keylayout.Azeri,"[[3, [""option"", ""shift""]], [32, []]]"
ǘ,com.apple.keylayout.Azeri,"[[14, [""option""]], [9, []]]"
ǚ,com.apple.keylayout.Azeri,"[[9, [""option""]], [9, []]]"
ṿ,com.apple.keylayout.Azeri,"[[7, [""option""]], [9, []]]"
ǜ,com.apple.keylayout.Azeri,"[[50, [""option""]], [9, []]]"
ǖ,com.apple.keylayout.Azeri,"[[31, [""option""]], [9, []]]"
ʌ,com.apple.keylayout.Azeri,"[[42, [""option"", ""shift""]], [9, []]]"
ṽ,com.apple.keylayout.Azeri,"[[45, [""option""]], [9, []]]"
ǯ,com.apple.keylayout.Azeri,"[[9, [""option""]], [7, []]]"
ẍ,com.apple.keylayout.Azeri,"[[32, [""option""]], [7, []]]"
ẋ,com.apple.keylayout.Azeri,"[[12, [""option""]], [7, []]]"
ɖ,com.apple.keylayout.Azeri,"[[47, [""option"", ""shift""]], [7, []]]"
ý,com.apple.keylayout.Azeri,"[[14, [""option""]], [16, []]]"
ŷ,com.apple.keylayout.Azeri,"[[22, [""option""]], [16, []]]"
ÿ,com.apple.keylayout.Azeri,"[[32, [""option""]], [16, []]]"
ẏ,com.apple.keylayout.Azeri,"[[12, [""option""]], [16, []]]"
ỵ,com.apple.keylayout.Azeri,"[[7, [""option""]], [16, []]]"
ỳ,com.apple.keylayout.Azeri,"[[50, [""option""]], [16, []]]"
ỷ,com.apple.keylayout.Azeri,"[[6, [""option""]], [16, []]]"
ƴ,com.apple.keylayout.Azeri,"[[47, [""option"", ""shift""]], [16, []]]"
ȳ,com.apple.keylayout.Azeri,"[[31, [""option""]], [16, []]]"
ẙ,com.apple.keylayout.Azeri,"[[40, [""option""]], [16, []]]"
ȝ,com.apple.keylayout.Azeri,"[[42, [""option"", ""shift""]], [16, []]]"
ỹ,com.apple.keylayout.Azeri,"[[45, [""option""]], [16, []]]"
ź,com.apple.keylayout.Azeri,"[[14, [""option""]], [6, []]]"
ž,com.apple.keylayout.Azeri,"[[9, [""option""]], [6, []]]"
z̧,com.apple.keylayout.Azeri,"[[8, [""option""]], [6, []]]"
ẑ,com.apple.keylayout.Azeri,"[[22, [""option""]], [6, []]]"
ż,com.apple.keylayout.Azeri,"[[12, [""option""]], [6, []]]"
ẓ,com.apple.keylayout.Azeri,"[[7, [""option""]], [6, []]]"
ȥ,com.apple.keylayout.Azeri,"[[47, [""option"", ""shift""]], [6, []]]"
z̄,com.apple.keylayout.Azeri,"[[31, [""option""]], [6, []]]"
ẕ,com.apple.keylayout.Azeri,"[[4, [""option""]], [6, []]]"
ʒ,com.apple.keylayout.Azeri,"[[42, [""option"", ""shift""]], [6, []]]"
ƶ,com.apple.keylayout.Azeri,"[[37, [""option""]], [6, []]]"
Œ,com.apple.keylayout.Azeri,"[[42, [""option"", ""shift""]], [33, [""shift""]]]"
Ø,com.apple.keylayout.Azeri,"[[37, [""option""]], [33, [""shift""]]]"
œ,com.apple.keylayout.Azeri,"[[42, [""option"", ""shift""]], [33, []]]"
ø,com.apple.keylayout.Azeri,"[[37, [""option""]], [33, []]]"
´,com.apple.keylayout.NorwegianExtended,"[[24, []], [49, []]]"
˘,com.apple.keylayout.NorwegianExtended,"[[16, [""option""]], [49, []]]"
ˇ,com.apple.keylayout.NorwegianExtended,"[[15, [""option""]], [49, []]]"
¸,com.apple.keylayout.NorwegianExtended,"[[8, [""option""]], [49, []]]"
^,com.apple.keylayout.NorwegianExtended,"[[30, [""shift""]], [49, []]]"
‸,com.apple.keylayout.NorwegianExtended,"[[23, [""option""]], [49, []]]"
",",com.apple.keylayout.NorwegianExtended,"[[13, [""option""]], [49, []]]"
¨,com.apple.keylayout.NorwegianExtended,"[[30, []], [49, []]]"
˙,com.apple.keylayout.NorwegianExtended,"[[35, [""option""]], [49, []]]"
.,com.apple.keylayout.NorwegianExtended,"[[5, [""option""]], [49, []]]"
˝,com.apple.keylayout.NorwegianExtended,"[[29, [""option""]], [49, []]]"
`,com.apple.keylayout.NorwegianExtended,"[[24, [""shift""]], [49, []]]"
ˀ,com.apple.keylayout.NorwegianExtended,"[[32, [""option""]], [49, []]]"
ʔ,com.apple.keylayout.NorwegianExtended,"[[3, [""option"", ""shift""]], [49, []]]"
ʼ,com.apple.keylayout.NorwegianExtended,"[[34, [""option""]], [49, []]]"
¯,com.apple.keylayout.NorwegianExtended,"[[0, [""option""]], [49, []]]"
ˍ,com.apple.keylayout.NorwegianExtended,"[[7, [""option""]], [49, []]]"
˛,com.apple.keylayout.NorwegianExtended,"[[4, [""option""]], [49, []]]"
˚,com.apple.keylayout.NorwegianExtended,"[[33, [""option""]], [49, []]]"
№,com.apple.keylayout.NorwegianExtended,"[[1, [""option"", ""shift""]], [49, []]]"
-,com.apple.keylayout.NorwegianExtended,"[[37, [""option""]], [49, []]]"
~,com.apple.keylayout.NorwegianExtended,"[[40, [""option""]], [49, []]]"
 ̰,com.apple.keylayout.NorwegianExtended,"[[38, [""option""]], [49, []]]"
ƨ,com.apple.keylayout.NorwegianExtended,"[[1, [""option"", ""shift""]], [19, []]]"
ɛ,com.apple.keylayout.NorwegianExtended,"[[1, [""option"", ""shift""]], [20, []]]"
ƽ,com.apple.keylayout.NorwegianExtended,"[[1, [""option"", ""shift""]], [23, []]]"
ƅ,com.apple.keylayout.NorwegianExtended,"[[1, [""option"", ""shift""]], [22, []]]"
⁊,com.apple.keylayout.NorwegianExtended,"[[1, [""option"", ""shift""]], [26, []]]"
Á,com.apple.keylayout.NorwegianExtended,"[[24, []], [0, [""shift""]]]"
Ă,com.apple.keylayout.NorwegianExtended,"[[16, [""option""]], [0, [""shift""]]]"
Ǎ,com.apple.keylayout.NorwegianExtended,"[[15, [""option""]], [0, [""shift""]]]"
Â,com.apple.keylayout.NorwegianExtended,"[[30, [""shift""]], [0, [""shift""]]]"
Ä,com.apple.keylayout.NorwegianExtended,"[[30, []], [0, [""shift""]]]"
Ȧ,com.apple.keylayout.NorwegianExtended,"[[35, [""option""]], [0, [""shift""]]]"
Ạ,com.apple.keylayout.NorwegianExtended,"[[5, [""option""]], [0, [""shift""]]]"
À,com.apple.keylayout.NorwegianExtended,"[[24, [""shift""]], [0, [""shift""]]]"
Ả,com.apple.keylayout.NorwegianExtended,"[[32, [""option""]], [0, [""shift""]]]"
Ā,com.apple.keylayout.NorwegianExtended,"[[0, [""option""]], [0, [""shift""]]]"
Ą,com.apple.keylayout.NorwegianExtended,"[[4, [""option""]], [0, [""shift""]]]"
Å,com.apple.keylayout.NorwegianExtended,"[[33, [""option""]], [0, [""shift""]]]"
Ə,com.apple.keylayout.NorwegianExtended,"[[1, [""option"", ""shift""]], [0, [""shift""]]]"
Ã,com.apple.keylayout.NorwegianExtended,"[[40, [""option""]], [0, [""shift""]]]"
Ḃ,com.apple.keylayout.NorwegianExtended,"[[35, [""option""]], [11, [""shift""]]]"
Ḅ,com.apple.keylayout.NorwegianExtended,"[[5, [""option""]], [11, [""shift""]]]"
Ɓ,com.apple.keylayout.NorwegianExtended,"[[3, [""option"", ""shift""]], [11, [""shift""]]]"
Ḇ,com.apple.keylayout.NorwegianExtended,"[[7, [""option""]], [11, [""shift""]]]"
Ć,com.apple.keylayout.NorwegianExtended,"[[24, []], [8, [""shift""]]]"
Č,com.apple.keylayout.NorwegianExtended,"[[15, [""option""]], [8, [""shift""]]]"
Ç,com.apple.keylayout.NorwegianExtended,"[[8, [""option""]], [8, [""shift""]]]"
Ĉ,com.apple.keylayout.NorwegianExtended,"[[30, [""shift""]], [8, [""shift""]]]"
Ċ,com.apple.keylayout.NorwegianExtended,"[[35, [""option""]], [8, [""shift""]]]"
Ƈ,com.apple.keylayout.NorwegianExtended,"[[3, [""option"", ""shift""]], [8, [""shift""]]]"
Ɔ,com.apple.keylayout.NorwegianExtended,"[[1, [""option"", ""shift""]], [8, [""shift""]]]"
Ď,com.apple.keylayout.NorwegianExtended,"[[15, [""option""]], [2, [""shift""]]]"
Ḑ,com.apple.keylayout.NorwegianExtended,"[[8, [""option""]], [2, [""shift""]]]"
Ḓ,com.apple.keylayout.NorwegianExtended,"[[23, [""option""]], [2, [""shift""]]]"
Ḋ,com.apple.keylayout.NorwegianExtended,"[[35, [""option""]], [2, [""shift""]]]"
Ḍ,com.apple.keylayout.NorwegianExtended,"[[5, [""option""]], [2, [""shift""]]]"
Ɗ,com.apple.keylayout.NorwegianExtended,"[[3, [""option"", ""shift""]], [2, [""shift""]]]"
Ḏ,com.apple.keylayout.NorwegianExtended,"[[7, [""option""]], [2, [""shift""]]]"
Đ,com.apple.keylayout.NorwegianExtended,"[[37, [""option""]], [2, [""shift""]]]"
É,com.apple.keylayout.NorwegianExtended,"[[24, []], [14, [""shift""]]]"
Ĕ,com.apple.keylayout.NorwegianExtended,"[[16, [""option""]], [14, [""shift""]]]"
Ě,com.apple.keylayout.NorwegianExtended,"[[15, [""option""]], [14, [""shift""]]]"
Ȩ,com.apple.keylayout.NorwegianExtended,"[[8, [""option""]], [14, [""shift""]]]"
Ê,com.apple.keylayout.NorwegianExtended,"[[30, [""shift""]], [14, [""shift""]]]"
Ḙ,com.apple.keylayout.NorwegianExtended,"[[23, [""option""]], [14, [""shift""]]]"
Ë,com.apple.keylayout.NorwegianExtended,"[[30, []], [14, [""shift""]]]"
Ė,com.apple.keylayout.NorwegianExtended,"[[35, [""option""]], [14, [""shift""]]]"
Ẹ,com.apple.keylayout.NorwegianExtended,"[[5, [""option""]], [14, [""shift""]]]"
È,com.apple.keylayout.NorwegianExtended,"[[24, [""shift""]], [14, [""shift""]]]"
Ẻ,com.apple.keylayout.NorwegianExtended,"[[32, [""option""]], [14, [""shift""]]]"
Ē,com.apple.keylayout.NorwegianExtended,"[[0, [""option""]], [14, [""shift""]]]"
Ę,com.apple.keylayout.NorwegianExtended,"[[4, [""option""]], [14, [""shift""]]]"
E̊,com.apple.keylayout.NorwegianExtended,"[[33, [""option""]], [14, [""shift""]]]"
Ǝ,com.apple.keylayout.NorwegianExtended,"[[1, [""option"", ""shift""]], [14, [""shift""]]]"
Ẽ,com.apple.keylayout.NorwegianExtended,"[[40, [""option""]], [14, [""shift""]]]"
Ḛ,com.apple.keylayout.NorwegianExtended,"[[38, [""option""]], [14, [""shift""]]]"
Ḟ,com.apple.keylayout.NorwegianExtended,"[[35, [""option""]], [3, [""shift""]]]"
Ƒ,com.apple.keylayout.NorwegianExtended,"[[3, [""option"", ""shift""]], [3, [""shift""]]]"
Ǵ,com.apple.keylayout.NorwegianExtended,"[[24, []], [5, [""shift""]]]"
Ğ,com.apple.keylayout.NorwegianExtended,"[[16, [""option""]], [5, [""shift""]]]"
Ǧ,com.apple.keylayout.NorwegianExtended,"[[15, [""option""]], [5, [""shift""]]]"
Ģ,com.apple.keylayout.NorwegianExtended,"[[8, [""option""]], [5, [""shift""]]]"
Ĝ,com.apple.keylayout.NorwegianExtended,"[[30, [""shift""]], [5, [""shift""]]]"
Ġ,com.apple.keylayout.NorwegianExtended,"[[35, [""option""]], [5, [""shift""]]]"
Ɠ,com.apple.keylayout.NorwegianExtended,"[[3, [""option"", ""shift""]], [5, [""shift""]]]"
Ḡ,com.apple.keylayout.NorwegianExtended,"[[0, [""option""]], [5, [""shift""]]]"
Ɣ,com.apple.keylayout.NorwegianExtended,"[[1, [""option"", ""shift""]], [5, [""shift""]]]"
Ǥ,com.apple.keylayout.NorwegianExtended,"[[37, [""option""]], [5, [""shift""]]]"
Ḫ,com.apple.keylayout.NorwegianExtended,"[[16, [""option""]], [4, [""shift""]]]"
Ȟ,com.apple.keylayout.NorwegianExtended,"[[15, [""option""]], [4, [""shift""]]]"
Ḩ,com.apple.keylayout.NorwegianExtended,"[[8, [""option""]], [4, [""shift""]]]"
Ĥ,com.apple.keylayout.NorwegianExtended,"[[30, [""shift""]], [4, [""shift""]]]"
Ḧ,com.apple.keylayout.NorwegianExtended,"[[30, []], [4, [""shift""]]]"
Ḣ,com.apple.keylayout.NorwegianExtended,"[[35, [""option""]], [4, [""shift""]]]"
Ḥ,com.apple.keylayout.NorwegianExtended,"[[5, [""option""]], [4, [""shift""]]]"
H̱,com.apple.keylayout.NorwegianExtended,"[[7, [""option""]], [4, [""shift""]]]"
Ƕ,com.apple.keylayout.NorwegianExtended,"[[1, [""option"", ""shift""]], [4, [""shift""]]]"
Ħ,com.apple.keylayout.NorwegianExtended,"[[37, [""option""]], [4, [""shift""]]]"
Í,com.apple.keylayout.NorwegianExtended,"[[24, []], [34, [""shift""]]]"
Ĭ,com.apple.keylayout.NorwegianExtended,"[[16, [""option""]], [34, [""shift""]]]"
Ǐ,com.apple.keylayout.NorwegianExtended,"[[15, [""option""]], [34, [""shift""]]]"
Î,com.apple.keylayout.NorwegianExtended,"[[30, [""shift""]], [34, [""shift""]]]"
Ï,com.apple.keylayout.NorwegianExtended,"[[30, []], [34, [""shift""]]]"
İ,com.apple.keylayout.NorwegianExtended,"[[35, [""option""]], [34, [""shift""]]]"
Ị,com.apple.keylayout.NorwegianExtended,"[[5, [""option""]], [34, [""shift""]]]"
Ì,com.apple.keylayout.NorwegianExtended,"[[24, [""shift""]], [34, [""shift""]]]"
Ỉ,com.apple.keylayout.NorwegianExtended,"[[32, [""option""]], [34, [""shift""]]]"
Ɩ,com.apple.keylayout.NorwegianExtended,"[[3, [""option"", ""shift""]], [34, [""shift""]]]"
Ī,com.apple.keylayout.NorwegianExtended,"[[0, [""option""]], [34, [""shift""]]]"
Į,com.apple.keylayout.NorwegianExtended,"[[4, [""option""]], [34, [""shift""]]]"
Ɨ,com.apple.keylayout.NorwegianExtended,"[[37, [""option""]], [34, [""shift""]]]"
Ĩ,com.apple.keylayout.NorwegianExtended,"[[40, [""option""]], [34, [""shift""]]]"
Ḭ,com.apple.keylayout.NorwegianExtended,"[[38, [""option""]], [34, [""shift""]]]"
J̌,com.apple.keylayout.NorwegianExtended,"[[15, [""option""]], [38, [""shift""]]]"
Ĵ,com.apple.keylayout.NorwegianExtended,"[[30, [""shift""]], [38, [""shift""]]]"
Ƞ,com.apple.keylayout.NorwegianExtended,"[[1, [""option"", ""shift""]], [38, [""shift""]]]"
Ḱ,com.apple.keylayout.NorwegianExtended,"[[24, []], [40, [""shift""]]]"
Ǩ,com.apple.keylayout.NorwegianExtended,"[[15, [""option""]], [40, [""shift""]]]"
Ķ,com.apple.keylayout.NorwegianExtended,"[[8, [""option""]], [40, [""shift""]]]"
Ḳ,com.apple.keylayout.NorwegianExtended,"[[5, [""option""]], [40, [""shift""]]]"
Ƙ,com.apple.keylayout.NorwegianExtended,"[[3, [""option"", ""shift""]], [40, [""shift""]]]"
Ḵ,com.apple.keylayout.NorwegianExtended,"[[7, [""option""]], [40, [""shift""]]]"
K’,com.apple.keylayout.NorwegianExtended,"[[1, [""option"", ""shift""]], [40, [""shift""]]]"
Ĺ,com.apple.keylayout.NorwegianExtended,"[[24, []], [37, [""shift""]]]"
Ľ,com.apple.keylayout.NorwegianExtended,"[[15, [""option""]], [37, [""shift""]]]"
Ļ,com.apple.keylayout.NorwegianExtended,"[[8, [""option""]], [37, [""shift""]]]"
Ḽ,com.apple.keylayout.NorwegianExtended,"[[23, [""option""]], [37, [""shift""]]]"
Ḷ,com.apple.keylayout.NorwegianExtended,"[[5, [""option""]], [37, [""shift""]]]"
Ḹ,com.apple.keylayout.NorwegianExtended,"[[0, [""option""]], [37, [""shift""]]]"
Ḻ,com.apple.keylayout.NorwegianExtended,"[[7, [""option""]], [37, [""shift""]]]"
Ł,com.apple.keylayout.NorwegianExtended,"[[37, [""option""]], [37, [""shift""]]]"
Ḿ,com.apple.keylayout.NorwegianExtended,"[[24, []], [46, [""shift""]]]"
M̂,com.apple.keylayout.NorwegianExtended,"[[30, [""shift""]], [46, [""shift""]]]"
Ṁ,com.apple.keylayout.NorwegianExtended,"[[35, [""option""]], [46, [""shift""]]]"
Ṃ,com.apple.keylayout.NorwegianExtended,"[[5, [""option""]], [46, [""shift""]]]"
Ɯ,com.apple.keylayout.NorwegianExtended,"[[1, [""option"", ""shift""]], [46, [""shift""]]]"
Ń,com.apple.keylayout.NorwegianExtended,"[[24, []], [45, [""shift""]]]"
Ň,com.apple.keylayout.NorwegianExtended,"[[15, [""option""]], [45, [""shift""]]]"
Ņ,com.apple.keylayout.NorwegianExtended,"[[8, [""option""]], [45, [""shift""]]]"
N̂,com.apple.keylayout.NorwegianExtended,"[[30, [""shift""]], [45, [""shift""]]]"
Ṋ,com.apple.keylayout.NorwegianExtended,"[[23, [""option""]], [45, [""shift""]]]"
Ṅ,com.apple.keylayout.NorwegianExtended,"[[35, [""option""]], [45, [""shift""]]]"
Ṇ,com.apple.keylayout.NorwegianExtended,"[[5, [""option""]], [45, [""shift""]]]"
Ǹ,com.apple.keylayout.NorwegianExtended,"[[24, [""shift""]], [45, [""shift""]]]"
Ɲ,com.apple.keylayout.NorwegianExtended,"[[3, [""option"", ""shift""]], [45, [""shift""]]]"
Ṉ,com.apple.keylayout.NorwegianExtended,"[[7, [""option""]], [45, [""shift""]]]"
Ŋ,com.apple.keylayout.NorwegianExtended,"[[1, [""option"", ""shift""]], [45, [""shift""]]]"
Ñ,com.apple.keylayout.NorwegianExtended,"[[40, [""option""]], [45, [""shift""]]]"
Ó,com.apple.keylayout.NorwegianExtended,"[[24, []], [31, [""shift""]]]"
Ŏ,com.apple.keylayout.NorwegianExtended,"[[16, [""option""]], [31, [""shift""]]]"
Ǒ,com.apple.keylayout.NorwegianExtended,"[[15, [""option""]], [31, [""shift""]]]"
Ô,com.apple.keylayout.NorwegianExtended,"[[30, [""shift""]], [31, [""shift""]]]"
Ö,com.apple.keylayout.NorwegianExtended,"[[30, []], [31, [""shift""]]]"
Ȯ,com.apple.keylayout.NorwegianExtended,"[[35, [""option""]], [31, [""shift""]]]"
Ọ,com.apple.keylayout.NorwegianExtended,"[[5, [""option""]], [31, [""shift""]]]"
Ő,com.apple.keylayout.NorwegianExtended,"[[29, [""option""]], [31, [""shift""]]]"
Ò,com.apple.keylayout.NorwegianExtended,"[[24, [""shift""]], [31, [""shift""]]]"
Ỏ,com.apple.keylayout.NorwegianExtended,"[[32, [""option""]], [31, [""shift""]]]"
Ơ,com.apple.keylayout.NorwegianExtended,"[[34, [""option""]], [31, [""shift""]]]"
Ō,com.apple.keylayout.NorwegianExtended,"[[0, [""option""]], [31, [""shift""]]]"
Ǫ,com.apple.keylayout.NorwegianExtended,"[[4, [""option""]], [31, [""shift""]]]"
O̊,com.apple.keylayout.NorwegianExtended,"[[33, [""option""]], [31, [""shift""]]]"
Ɵ,com.apple.keylayout.NorwegianExtended,"[[37, [""option""]], [31, [""shift""]]]"
Õ,com.apple.keylayout.NorwegianExtended,"[[40, [""option""]], [31, [""shift""]]]"
Ṕ,com.apple.keylayout.NorwegianExtended,"[[24, []], [35, [""shift""]]]"
Ṗ,com.apple.keylayout.NorwegianExtended,"[[35, [""option""]], [35, [""shift""]]]"
Ƥ,com.apple.keylayout.NorwegianExtended,"[[3, [""option"", ""shift""]], [35, [""shift""]]]"
Ƣ,com.apple.keylayout.NorwegianExtended,"[[1, [""option"", ""shift""]], [12, [""shift""]]]"
Ŕ,com.apple.keylayout.NorwegianExtended,"[[24, []], [15, [""shift""]]]"
Ř,com.apple.keylayout.NorwegianExtended,"[[15, [""option""]], [15, [""shift""]]]"
Ŗ,com.apple.keylayout.NorwegianExtended,"[[8, [""option""]], [15, [""shift""]]]"
Ṙ,com.apple.keylayout.NorwegianExtended,"[[35, [""option""]], [15, [""shift""]]]"
Ṛ,com.apple.keylayout.NorwegianExtended,"[[5, [""option""]], [15, [""shift""]]]"
Ʈ,com.apple.keylayout.NorwegianExtended,"[[3, [""option"", ""shift""]], [15, [""shift""]]]"
Ṝ,com.apple.keylayout.NorwegianExtended,"[[0, [""option""]], [15, [""shift""]]]"
Ṟ,com.apple.keylayout.NorwegianExtended,"[[7, [""option""]], [15, [""shift""]]]"
Ʀ,com.apple.keylayout.NorwegianExtended,"[[1, [""option"", ""shift""]], [15, [""shift""]]]"
Ś,com.apple.keylayout.NorwegianExtended,"[[24, []], [1, [""shift""]]]"
Š,com.apple.keylayout.NorwegianExtended,"[[15, [""option""]], [1, [""shift""]]]"
Ş,com.apple.keylayout.NorwegianExtended,"[[8, [""option""]], [1, [""shift""]]]"
Ŝ,com.apple.keylayout.NorwegianExtended,"[[30, [""shift""]], [1, [""shift""]]]"
Ș,com.apple.keylayout.NorwegianExtended,"[[13, [""option""]], [1, [""shift""]]]"
Ṡ,com.apple.keylayout.NorwegianExtended,"[[35, [""option""]], [1, [""shift""]]]"
Ṣ,com.apple.keylayout.NorwegianExtended,"[[5, [""option""]], [1, [""shift""]]]"
Ʃ,com.apple.keylayout.NorwegianExtended,"[[3, [""option"", ""shift""]], [1, [""shift""]]]"
S̄,com.apple.keylayout.NorwegianExtended,"[[0, [""option""]], [1, [""shift""]]]"
Ť,com.apple.keylayout.NorwegianExtended,"[[15, [""option""]], [17, [""shift""]]]"
Ţ,com.apple.keylayout.NorwegianExtended,"[[8, [""option""]], [17, [""shift""]]]"
Ṱ,com.apple.keylayout.NorwegianExtended,"[[23, [""option""]], [17, [""shift""]]]"
Ț,com.apple.keylayout.NorwegianExtended,"[[13, [""option""]], [17, [""shift""]]]"
T̈,com.apple.keylayout.NorwegianExtended,"[[30, []], [17, [""shift""]]]"
Ṫ,com.apple.keylayout.NorwegianExtended,"[[35, [""option""]], [17, [""shift""]]]"
Ṭ,com.apple.keylayout.NorwegianExtended,"[[5, [""option""]], [17, [""shift""]]]"
Ƭ,com.apple.keylayout.NorwegianExtended,"[[3, [""option"", ""shift""]], [17, [""shift""]]]"
Ṯ,com.apple.keylayout.NorwegianExtended,"[[7, [""option""]], [17, [""shift""]]]"
Ŧ,com.apple.keylayout.NorwegianExtended,"[[37, [""option""]], [17, [""shift""]]]"
Ú,com.apple.keylayout.NorwegianExtended,"[[24, []], [32, [""shift""]]]"
Ŭ,com.apple.keylayout.NorwegianExtended,"[[16, [""option""]], [32, [""shift""]]]"
Ǔ,com.apple.keylayout.NorwegianExtended,"[[15, [""option""]], [32, [""shift""]]]"
Û,com.apple.keylayout.NorwegianExtended,"[[30, [""shift""]], [32, [""shift""]]]"
Ṷ,com.apple.keylayout.NorwegianExtended,"[[23, [""option""]], [32, [""shift""]]]"
Ü,com.apple.keylayout.NorwegianExtended,"[[30, []], [32, [""shift""]]]"
Ụ,com.apple.keylayout.NorwegianExtended,"[[5, [""option""]], [32, [""shift""]]]"
Ű,com.apple.keylayout.NorwegianExtended,"[[29, [""option""]], [32, [""shift""]]]"
Ù,com.apple.keylayout.NorwegianExtended,"[[24, [""shift""]], [32, [""shift""]]]"
Ủ,com.apple.keylayout.NorwegianExtended,"[[32, [""option""]], [32, [""shift""]]]"
Ʋ,com.apple.keylayout.NorwegianExtended,"[[3, [""option"", ""shift""]], [32, [""shift""]]]"
Ư,com.apple.keylayout.NorwegianExtended,"[[34, [""option""]], [32, [""shift""]]]"
Ū,com.apple.keylayout.NorwegianExtended,"[[0, [""option""]], [32, [""shift""]]]"
Ų,com.apple.keylayout.NorwegianExtended,"[[4, [""option""]], [32, [""shift""]]]"
Ů,com.apple.keylayout.NorwegianExtended,"[[33, [""option""]], [32, [""shift""]]]"
Ʊ,com.apple.keylayout.NorwegianExtended,"[[1, [""option"", ""shift""]], [32, [""shift""]]]"
Ũ,com.apple.keylayout.NorwegianExtended,"[[40, [""option""]], [32, [""shift""]]]"
Ṵ,com.apple.keylayout.NorwegianExtended,"[[38, [""option""]], [32, [""shift""]]]"
Ǘ,com.apple.keylayout.NorwegianExtended,"[[24, []], [9, [""shift""]]]"
Ǚ,com.apple.keylayout.NorwegianExtended,"[[15, [""option""]], [9, [""shift""]]]"
Ṿ,com.apple.keylayout.NorwegianExtended,"[[5, [""option""]], [9, [""shift""]]]"
Ǜ,com.apple.keylayout.NorwegianExtended,"[[24, [""shift""]], [9, [""shift""]]]"
Ǖ,com.apple.keylayout.NorwegianExtended,"[[0, [""option""]], [9, [""shift""]]]"
Ṽ,com.apple.keylayout.NorwegianExtended,"[[40, [""option""]], [9, [""shift""]]]"
Ẃ,com.apple.keylayout.NorwegianExtended,"[[24, []], [13, [""shift""]]]"
Ŵ,com.apple.keylayout.NorwegianExtended,"[[30, [""shift""]], [13, [""shift""]]]"
Ẅ,com.apple.keylayout.NorwegianExtended,"[[30, []], [13, [""shift""]]]"
Ẇ,com.apple.keylayout.NorwegianExtended,"[[35, [""option""]], [13, [""shift""]]]"
Ẉ,com.apple.keylayout.NorwegianExtended,"[[5, [""option""]], [13, [""shift""]]]"
Ẁ,com.apple.keylayout.NorwegianExtended,"[[24, [""shift""]], [13, [""shift""]]]"
W̊,com.apple.keylayout.NorwegianExtended,"[[33, [""option""]], [13, [""shift""]]]"
Ƿ,com.apple.keylayout.NorwegianExtended,"[[1, [""option"", ""shift""]], [13, [""shift""]]]"
Ǯ,com.apple.keylayout.NorwegianExtended,"[[15, [""option""]], [7, [""shift""]]]"
Ẍ,com.apple.keylayout.NorwegianExtended,"[[30, []], [7, [""shift""]]]"
Ẋ,com.apple.keylayout.NorwegianExtended,"[[35, [""option""]], [7, [""shift""]]]"
Ɖ,com.apple.keylayout.NorwegianExtended,"[[3, [""option"", ""shift""]], [7, [""shift""]]]"
Ý,com.apple.keylayout.NorwegianExtended,"[[24, []], [16, [""shift""]]]"
Ŷ,com.apple.keylayout.NorwegianExtended,"[[30, [""shift""]], [16, [""shift""]]]"
Ÿ,com.apple.keylayout.NorwegianExtended,"[[30, []], [16, [""shift""]]]"
Ẏ,com.apple.keylayout.NorwegianExtended,"[[35, [""option""]], [16, [""shift""]]]"
Ỵ,com.apple.keylayout.NorwegianExtended,"[[5, [""option""]], [16, [""shift""]]]"
Ỳ,com.apple.keylayout.NorwegianExtended,"[[24, [""shift""]], [16, [""shift""]]]"
Ỷ,com.apple.keylayout.NorwegianExtended,"[[32, [""option""]], [16, [""shift""]]]"
Ƴ,com.apple.keylayout.NorwegianExtended,"[[3, [""option"", ""shift""]], [16, [""shift""]]]"
Ȳ,com.apple.keylayout.NorwegianExtended,"[[0, [""option""]], [16, [""shift""]]]"
Y̊,com.apple.keylayout.NorwegianExtended,"[[33, [""option""]], [16, [""shift""]]]"
Ȝ,com.apple.keylayout.NorwegianExtended,"[[1, [""option"", ""shift""]], [16, [""shift""]]]"
Ỹ,com.apple.keylayout.NorwegianExtended,"[[40, [""option""]], [16, [""shift""]]]"
Ź,com.apple.keylayout.NorwegianExtended,"[[24, []], [6, [""shift""]]]"
Ž,com.apple.keylayout.NorwegianExtended,"[[15, [""option""]], [6, [""shift""]]]"
Z̧,com.apple.keylayout.NorwegianExtended,"[[8, [""option""]], [6, [""shift""]]]"
Ẑ,com.apple.keylayout.NorwegianExtended,"[[30, [""shift""]], [6, [""shift""]]]"
Ż,com.apple.keylayout.NorwegianExtended,"[[35, [""option""]], [6, [""shift""]]]"
Ẓ,com.apple.keylayout.NorwegianExtended,"[[5, [""option""]], [6, [""shift""]]]"
Ȥ,com.apple.keylayout.NorwegianExtended,"[[3, [""option"", ""shift""]], [6, [""shift""]]]"
Z̄,com.apple.keylayout.NorwegianExtended,"[[0, [""option""]], [6, [""shift""]]]"
Ẕ,com.apple.keylayout.NorwegianExtended,"[[7, [""option""]], [6, [""shift""]]]"
Ʒ,com.apple.keylayout.NorwegianExtended,"[[1, [""option"", ""shift""]], [6, [""shift""]]]"
Ƶ,com.apple.keylayout.NorwegianExtended,"[[37, [""option""]], [6, [""shift""]]]"
á,com.apple.keylayout.NorwegianExtended,"[[24, []], [0, []]]"
ă,com.apple.keylayout.NorwegianExtended,"[[16, [""option""]], [0, []]]"
ǎ,com.apple.keylayout.NorwegianExtended,"[[15, [""option""]], [0, []]]"
â,com.apple.keylayout.NorwegianExtended,"[[30, [""shift""]], [0, []]]"
ä,com.apple.keylayout.NorwegianExtended,"[[30, []], [0, []]]"
ȧ,com.apple.keylayout.NorwegianExtended,"[[35, [""option""]], [0, []]]"
ạ,com.apple.keylayout.NorwegianExtended,"[[5, [""option""]], [0, []]]"
à,com.apple.keylayout.NorwegianExtended,"[[24, [""shift""]], [0, []]]"
ả,com.apple.keylayout.NorwegianExtended,"[[32, [""option""]], [0, []]]"
ā,com.apple.keylayout.NorwegianExtended,"[[0, [""option""]], [0, []]]"
ą,com.apple.keylayout.NorwegianExtended,"[[4, [""option""]], [0, []]]"
å,com.apple.keylayout.NorwegianExtended,"[[33, [""option""]], [0, []]]"
ə,com.apple.keylayout.NorwegianExtended,"[[1, [""option"", ""shift""]], [0, []]]"
ã,com.apple.keylayout.NorwegianExtended,"[[40, [""option""]], [0, []]]"
ḃ,com.apple.keylayout.NorwegianExtended,"[[35, [""option""]], [11, []]]"
ḅ,com.apple.keylayout.NorwegianExtended,"[[5, [""option""]], [11, []]]"
ɓ,com.apple.keylayout.NorwegianExtended,"[[3, [""option"", ""shift""]], [11, []]]"
ḇ,com.apple.keylayout.NorwegianExtended,"[[7, [""option""]], [11, []]]"
ƀ,com.apple.keylayout.NorwegianExtended,"[[37, [""option""]], [11, []]]"
ć,com.apple.keylayout.NorwegianExtended,"[[24, []], [8, []]]"
č,com.apple.keylayout.NorwegianExtended,"[[15, [""option""]], [8, []]]"
ç,com.apple.keylayout.NorwegianExtended,"[[8, [""option""]], [8, []]]"
ĉ,com.apple.keylayout.NorwegianExtended,"[[30, [""shift""]], [8, []]]"
ċ,com.apple.keylayout.NorwegianExtended,"[[35, [""option""]], [8, []]]"
ƈ,com.apple.keylayout.NorwegianExtended,"[[3, [""option"", ""shift""]], [8, []]]"
ɔ,com.apple.keylayout.NorwegianExtended,"[[1, [""option"", ""shift""]], [8, []]]"
ď,com.apple.keylayout.NorwegianExtended,"[[15, [""option""]], [2, []]]"
ḑ,com.apple.keylayout.NorwegianExtended,"[[8, [""option""]], [2, []]]"
ḓ,com.apple.keylayout.NorwegianExtended,"[[23, [""option""]], [2, []]]"
ḋ,com.apple.keylayout.NorwegianExtended,"[[35, [""option""]], [2, []]]"
ḍ,com.apple.keylayout.NorwegianExtended,"[[5, [""option""]], [2, []]]"
ɗ,com.apple.keylayout.NorwegianExtended,"[[3, [""option"", ""shift""]], [2, []]]"
ḏ,com.apple.keylayout.NorwegianExtended,"[[7, [""option""]], [2, []]]"
đ,com.apple.keylayout.NorwegianExtended,"[[37, [""option""]], [2, []]]"
é,com.apple.keylayout.NorwegianExtended,"[[24, []], [14, []]]"
ĕ,com.apple.keylayout.NorwegianExtended,"[[16, [""option""]], [14, []]]"
ě,com.apple.keylayout.NorwegianExtended,"[[15, [""option""]], [14, []]]"
ȩ,com.apple.keylayout.NorwegianExtended,"[[8, [""option""]], [14, []]]"
ê,com.apple.keylayout.NorwegianExtended,"[[30, [""shift""]], [14, []]]"
ḙ,com.apple.keylayout.NorwegianExtended,"[[23, [""option""]], [14, []]]"
ë,com.apple.keylayout.NorwegianExtended,"[[30, []], [14, []]]"
ė,com.apple.keylayout.NorwegianExtended,"[[35, [""option""]], [14, []]]"
ẹ,com.apple.keylayout.NorwegianExtended,"[[5, [""option""]], [14, []]]"
è,com.apple.keylayout.NorwegianExtended,"[[24, [""shift""]], [14, []]]"
ẻ,com.apple.keylayout.NorwegianExtended,"[[32, [""option""]], [14, []]]"
ē,com.apple.keylayout.NorwegianExtended,"[[0, [""option""]], [14, []]]"
ę,com.apple.keylayout.NorwegianExtended,"[[4, [""option""]], [14, []]]"
e̊,com.apple.keylayout.NorwegianExtended,"[[33, [""option""]], [14, []]]"
ǝ,com.apple.keylayout.NorwegianExtended,"[[1, [""option"", ""shift""]], [14, []]]"
ẽ,com.apple.keylayout.NorwegianExtended,"[[40, [""option""]], [14, []]]"
ḛ,com.apple.keylayout.NorwegianExtended,"[[38, [""option""]], [14, []]]"
ḟ,com.apple.keylayout.NorwegianExtended,"[[35, [""option""]], [3, []]]"
ƒ,com.apple.keylayout.NorwegianExtended,"[[3, [""option"", ""shift""]], [3, []]]"
ǵ,com.apple.keylayout.NorwegianExtended,"[[24, []], [5, []]]"
ğ,com.apple.keylayout.NorwegianExtended,"[[16, [""option""]], [5, []]]"
ǧ,com.apple.keylayout.NorwegianExtended,"[[15, [""option""]], [5, []]]"
ģ,com.apple.keylayout.NorwegianExtended,"[[8, [""option""]], [5, []]]"
ĝ,com.apple.keylayout.NorwegianExtended,"[[30, [""shift""]], [5, []]]"
ġ,com.apple.keylayout.NorwegianExtended,"[[35, [""option""]], [5, []]]"
ɠ,com.apple.keylayout.NorwegianExtended,"[[3, [""option"", ""shift""]], [5, []]]"
ḡ,com.apple.keylayout.NorwegianExtended,"[[0, [""option""]], [5, []]]"
ɣ,com.apple.keylayout.NorwegianExtended,"[[1, [""option"", ""shift""]], [5, []]]"
ǥ,com.apple.keylayout.NorwegianExtended,"[[37, [""option""]], [5, []]]"
ḫ,com.apple.keylayout.NorwegianExtended,"[[16, [""option""]], [4, []]]"
ȟ,com.apple.keylayout.NorwegianExtended,"[[15, [""option""]], [4, []]]"
ḩ,com.apple.keylayout.NorwegianExtended,"[[8, [""option""]], [4, []]]"
ĥ,com.apple.keylayout.NorwegianExtended,"[[30, [""shift""]], [4, []]]"
ḧ,com.apple.keylayout.NorwegianExtended,"[[30, []], [4, []]]"
ḣ,com.apple.keylayout.NorwegianExtended,"[[35, [""option""]], [4, []]]"
ḥ,com.apple.keylayout.NorwegianExtended,"[[5, [""option""]], [4, []]]"
ɦ,com.apple.keylayout.NorwegianExtended,"[[3, [""option"", ""shift""]], [4, []]]"
ẖ,com.apple.keylayout.NorwegianExtended,"[[7, [""option""]], [4, []]]"
ƕ,com.apple.keylayout.NorwegianExtended,"[[1, [""option"", ""shift""]], [4, []]]"
ħ,com.apple.keylayout.NorwegianExtended,"[[37, [""option""]], [4, []]]"
í,com.apple.keylayout.NorwegianExtended,"[[24, []], [34, []]]"
ĭ,com.apple.keylayout.NorwegianExtended,"[[16, [""option""]], [34, []]]"
ǐ,com.apple.keylayout.NorwegianExtended,"[[15, [""option""]], [34, []]]"
î,com.apple.keylayout.NorwegianExtended,"[[30, [""shift""]], [34, []]]"
ï,com.apple.keylayout.NorwegianExtended,"[[30, []], [34, []]]"
ı,com.apple.keylayout.NorwegianExtended,"[[35, [""option""]], [34, []]]"
ị,com.apple.keylayout.NorwegianExtended,"[[5, [""option""]], [34, []]]"
ì,com.apple.keylayout.NorwegianExtended,"[[24, [""shift""]], [34, []]]"
ỉ,com.apple.keylayout.NorwegianExtended,"[[32, [""option""]], [34, []]]"
ɩ,com.apple.keylayout.NorwegianExtended,"[[3, [""option"", ""shift""]], [34, []]]"
ī,com.apple.keylayout.NorwegianExtended,"[[0, [""option""]], [34, []]]"
į,com.apple.keylayout.NorwegianExtended,"[[4, [""option""]], [34, []]]"
ɨ,com.apple.keylayout.NorwegianExtended,"[[37, [""option""]], [34, []]]"
ĩ,com.apple.keylayout.NorwegianExtended,"[[40, [""option""]], [34, []]]"
ḭ,com.apple.keylayout.NorwegianExtended,"[[38, [""option""]], [34, []]]"
ǰ,com.apple.keylayout.NorwegianExtended,"[[15, [""option""]], [38, []]]"
ĵ,com.apple.keylayout.NorwegianExtended,"[[30, [""shift""]], [38, []]]"
ƞ,com.apple.keylayout.NorwegianExtended,"[[1, [""option"", ""shift""]], [38, []]]"
ḱ,com.apple.keylayout.NorwegianExtended,"[[24, []], [40, []]]"
ǩ,com.apple.keylayout.NorwegianExtended,"[[15, [""option""]], [40, []]]"
ķ,com.apple.keylayout.NorwegianExtended,"[[8, [""option""]], [40, []]]"
ḳ,com.apple.keylayout.NorwegianExtended,"[[5, [""option""]], [40, []]]"
ƙ,com.apple.keylayout.NorwegianExtended,"[[3, [""option"", ""shift""]], [40, []]]"
ḵ,com.apple.keylayout.NorwegianExtended,"[[7, [""option""]], [40, []]]"
ĸ,com.apple.keylayout.NorwegianExtended,"[[1, [""option"", ""shift""]], [40, []]]"
ĺ,com.apple.keylayout.NorwegianExtended,"[[24, []], [37, []]]"
ľ,com.apple.keylayout.NorwegianExtended,"[[15, [""option""]], [37, []]]"
ļ,com.apple.keylayout.NorwegianExtended,"[[8, [""option""]], [37, []]]"
ḽ,com.apple.keylayout.NorwegianExtended,"[[23, [""option""]], [37, []]]"
ḷ,com.apple.keylayout.NorwegianExtended,"[[5, [""option""]], [37, []]]"
ḹ,com.apple.keylayout.NorwegianExtended,"[[0, [""option""]], [37, []]]"
ḻ,com.apple.keylayout.NorwegianExtended,"[[7, [""option""]], [37, []]]"
ł,com.apple.keylayout.NorwegianExtended,"[[37, [""option""]], [37, []]]"
ḿ,com.apple.keylayout.NorwegianExtended,"[[24, []], [46, []]]"
m̂,com.apple.keylayout.NorwegianExtended,"[[30, [""shift""]], [46, []]]"
ṁ,com.apple.keylayout.NorwegianExtended,"[[35, [""option""]], [46, []]]"
ṃ,com.apple.keylayout.NorwegianExtended,"[[5, [""option""]], [46, []]]"
ɯ,com.apple.keylayout.NorwegianExtended,"[[1, [""option"", ""shift""]], [46, []]]"
ń,com.apple.keylayout.NorwegianExtended,"[[24, []], [45, []]]"
ň,com.apple.keylayout.NorwegianExtended,"[[15, [""option""]], [45, []]]"
ņ,com.apple.keylayout.NorwegianExtended,"[[8, [""option""]], [45, []]]"
n̂,com.apple.keylayout.NorwegianExtended,"[[30, [""shift""]], [45, []]]"
ṋ,com.apple.keylayout.NorwegianExtended,"[[23, [""option""]], [45, []]]"
ṅ,com.apple.keylayout.NorwegianExtended,"[[35, [""option""]], [45, []]]"
ṇ,com.apple.keylayout.NorwegianExtended,"[[5, [""option""]], [45, []]]"
ǹ,com.apple.keylayout.NorwegianExtended,"[[24, [""shift""]], [45, []]]"
ɲ,com.apple.keylayout.NorwegianExtended,"[[3, [""option"", ""shift""]], [45, []]]"
ṉ,com.apple.keylayout.NorwegianExtended,"[[7, [""option""]], [45, []]]"
ŋ,com.apple.keylayout.NorwegianExtended,"[[1, [""option"", ""shift""]], [45, []]]"
ñ,com.apple.keylayout.NorwegianExtended,"[[40, [""option""]], [45, []]]"
ó,com.apple.keylayout.NorwegianExtended,"[[24, []], [31, []]]"
ŏ,com.apple.keylayout.NorwegianExtended,"[[16, [""option""]], [31, []]]"
ǒ,com.apple.keylayout.NorwegianExtended,"[[15, [""option""]], [31, []]]"
ô,com.apple.keylayout.NorwegianExtended,"[[30, [""shift""]], [31, []]]"
ö,com.apple.keylayout.NorwegianExtended,"[[30, []], [31, []]]"
ȯ,com.apple.keylayout.NorwegianExtended,"[[35, [""option""]], [31, []]]"
ọ,com.apple.keylayout.NorwegianExtended,"[[5, [""option""]], [31, []]]"
ő,com.apple.keylayout.NorwegianExtended,"[[29, [""option""]], [31, []]]"
ò,com.apple.keylayout.NorwegianExtended,"[[24, [""shift""]], [31, []]]"
ỏ,com.apple.keylayout.NorwegianExtended,"[[32, [""option""]], [31, []]]"
ơ,com.apple.keylayout.NorwegianExtended,"[[34, [""option""]], [31, []]]"
ō,com.apple.keylayout.NorwegianExtended,"[[0, [""option""]], [31, []]]"
ǫ,com.apple.keylayout.NorwegianExtended,"[[4, [""option""]], [31, []]]"
o̊,com.apple.keylayout.NorwegianExtended,"[[33, [""option""]], [31, []]]"
ɵ,com.apple.keylayout.NorwegianExtended,"[[37, [""option""]], [31, []]]"
õ,com.apple.keylayout.NorwegianExtended,"[[40, [""option""]], [31, []]]"
ṕ,com.apple.keylayout.NorwegianExtended,"[[24, []], [35, []]]"
ṗ,com.apple.keylayout.NorwegianExtended,"[[35, [""option""]], [35, []]]"
ƥ,com.apple.keylayout.NorwegianExtended,"[[3, [""option"", ""shift""]], [35, []]]"
ʠ,com.apple.keylayout.NorwegianExtended,"[[3, [""option"", ""shift""]], [12, []]]"
ƣ,com.apple.keylayout.NorwegianExtended,"[[1, [""option"", ""shift""]], [12, []]]"
ŕ,com.apple.keylayout.NorwegianExtended,"[[24, []], [15, []]]"
ř,com.apple.keylayout.NorwegianExtended,"[[15, [""option""]], [15, []]]"
ŗ,com.apple.keylayout.NorwegianExtended,"[[8, [""option""]], [15, []]]"
ṙ,com.apple.keylayout.NorwegianExtended,"[[35, [""option""]], [15, []]]"
ṛ,com.apple.keylayout.NorwegianExtended,"[[5, [""option""]], [15, []]]"
ʈ,com.apple.keylayout.NorwegianExtended,"[[3, [""option"", ""shift""]], [15, []]]"
ṝ,com.apple.keylayout.NorwegianExtended,"[[0, [""option""]], [15, []]]"
ṟ,com.apple.keylayout.NorwegianExtended,"[[7, [""option""]], [15, []]]"
ʀ,com.apple.keylayout.NorwegianExtended,"[[1, [""option"", ""shift""]], [15, []]]"
ś,com.apple.keylayout.NorwegianExtended,"[[24, []], [1, []]]"
š,com.apple.keylayout.NorwegianExtended,"[[15, [""option""]], [1, []]]"
ş,com.apple.keylayout.NorwegianExtended,"[[8, [""option""]], [1, []]]"
ŝ,com.apple.keylayout.NorwegianExtended,"[[30, [""shift""]], [1, []]]"
ș,com.apple.keylayout.NorwegianExtended,"[[13, [""option""]], [1, []]]"
ṡ,com.apple.keylayout.NorwegianExtended,"[[35, [""option""]], [1, []]]"
ṣ,com.apple.keylayout.NorwegianExtended,"[[5, [""option""]], [1, []]]"
ʃ,com.apple.keylayout.NorwegianExtended,"[[3, [""option"", ""shift""]], [1, []]]"
s̄,com.apple.keylayout.NorwegianExtended,"[[0, [""option""]], [1, []]]"
ſ,com.apple.keylayout.NorwegianExtended,"[[1, [""option"", ""shift""]], [1, []]]"
ť,com.apple.keylayout.NorwegianExtended,"[[15, [""option""]], [17, []]]"
ţ,com.apple.keylayout.NorwegianExtended,"[[8, [""option""]], [17, []]]"
ṱ,com.apple.keylayout.NorwegianExtended,"[[23, [""option""]], [17, []]]"
ț,com.apple.keylayout.NorwegianExtended,"[[13, [""option""]], [17, []]]"
ẗ,com.apple.keylayout.NorwegianExtended,"[[30, []], [17, []]]"
ṫ,com.apple.keylayout.NorwegianExtended,"[[35, [""option""]], [17, []]]"
ṭ,com.apple.keylayout.NorwegianExtended,"[[5, [""option""]], [17, []]]"
ƭ,com.apple.keylayout.NorwegianExtended,"[[3, [""option"", ""shift""]], [17, []]]"
ṯ,com.apple.keylayout.NorwegianExtended,"[[7, [""option""]], [17, []]]"
ŧ,com.apple.keylayout.NorwegianExtended,"[[37, [""option""]], [17, []]]"
ú,com.apple.keylayout.NorwegianExtended,"[[24, []], [32, []]]"
ŭ,com.apple.keylayout.NorwegianExtended,"[[16, [""option""]], [32, []]]"
ǔ,com.apple.keylayout.NorwegianExtended,"[[15, [""option""]], [32, []]]"
û,com.apple.keylayout.NorwegianExtended,"[[30, [""shift""]], [32, []]]"
ṷ,com.apple.keylayout.NorwegianExtended,"[[23, [""option""]], [32, []]]"
ü,com.apple.keylayout.NorwegianExtended,"[[30, []], [32, []]]"
ụ,com.apple.keylayout.NorwegianExtended,"[[5, [""option""]], [32, []]]"
ű,com.apple.keylayout.NorwegianExtended,"[[29, [""option""]], [32, []]]"
ù,com.apple.keylayout.NorwegianExtended,"[[24, [""shift""]], [32, []]]"
ủ,com.apple.keylayout.NorwegianExtended,"[[32, [""option""]], [32, []]]"
ʋ,com.apple.keylayout.NorwegianExtended,"[[3, [""option"", ""shift""]], [32, []]]"
ư,com.apple.keylayout.NorwegianExtended,"[[34, [""option""]], [32, []]]"
ū,com.apple.keylayout.NorwegianExtended,"[[0, [""option""]], [32, []]]"
ų,com.apple.keylayout.NorwegianExtended,"[[4, [""option""]], [32, []]]"
ů,com.apple.keylayout.NorwegianExtended,"[[33, [""option""]], [32, []]]"
ʊ,com.apple.keylayout.NorwegianExtended,"[[1, [""option"", ""shift""]], [32, []]]"
ʉ,com.apple.keylayout.NorwegianExtended,"[[37, [""option""]], [32, []]]"
ũ,com.apple.keylayout.NorwegianExtended,"[[40, [""option""]], [32, []]]"
ṵ,com.apple.keylayout.NorwegianExtended,"[[38, [""option""]], [32, []]]"
ǘ,com.apple.keylayout.NorwegianExtended,"[[24, []], [9, []]]"
ǚ,com.apple.keylayout.NorwegianExtended,"[[15, [""option""]], [9, []]]"
ṿ,com.apple.keylayout.NorwegianExtended,"[[5, [""option""]], [9, []]]"
ǜ,com.apple.keylayout.NorwegianExtended,"[[24, [""shift""]], [9, []]]"
ǖ,com.apple.keylayout.NorwegianExtended,"[[0, [""option""]], [9, []]]"
ʌ,com.apple.keylayout.NorwegianExtended,"[[1, [""option"", ""shift""]], [9, []]]"
ṽ,com.apple.keylayout.NorwegianExtended,"[[40, [""option""]], [9, []]]"
ẃ,com.apple.keylayout.NorwegianExtended,"[[24, []], [13, []]]"
ŵ,com.apple.keylayout.NorwegianExtended,"[[30, [""shift""]], [13, []]]"
ẅ,com.apple.keylayout.NorwegianExtended,"[[30, []], [13, []]]"
ẇ,com.apple.keylayout.NorwegianExtended,"[[35, [""option""]], [13, []]]"
ẉ,com.apple.keylayout.NorwegianExtended,"[[5, [""option""]], [13, []]]"
ẁ,com.apple.keylayout.NorwegianExtended,"[[24, [""shift""]], [13, []]]"
ẘ,com.apple.keylayout.NorwegianExtended,"[[33, [""option""]], [13, []]]"
ƿ,com.apple.keylayout.NorwegianExtended,"[[1, [""option"", ""shift""]], [13, []]]"
ǯ,com.apple.keylayout.NorwegianExtended,"[[15, [""option""]], [7, []]]"
ẍ,com.apple.keylayout.NorwegianExtended,"[[30, []], [7, []]]"
ẋ,com.apple.keylayout.NorwegianExtended,"[[35, [""option""]], [7, []]]"
ɖ,com.apple.keylayout.NorwegianExtended,"[[3, [""option"", ""shift""]], [7, []]]"
ý,com.apple.keylayout.NorwegianExtended,"[[24, []], [16, []]]"
ŷ,com.apple.keylayout.NorwegianExtended,"[[30, [""shift""]], [16, []]]"
ÿ,com.apple.keylayout.NorwegianExtended,"[[30, []], [16, []]]"
ẏ,com.apple.keylayout.NorwegianExtended,"[[35, [""option""]], [16, []]]"
ỵ,com.apple.keylayout.NorwegianExtended,"[[5, [""option""]], [16, []]]"
ỳ,com.apple.keylayout.NorwegianExtended,"[[24, [""shift""]], [16, []]]"
ỷ,com.apple.keylayout.NorwegianExtended,"[[32, [""option""]], [16, []]]"
ƴ,com.apple.keylayout.NorwegianExtended,"[[3, [""option"", ""shift""]], [16, []]]"
ȳ,com.apple.keylayout.NorwegianExtended,"[[0, [""option""]], [16, []]]"
ẙ,com.apple.keylayout.NorwegianExtended,"[[33, [""option""]], [16, []]]"
ȝ,com.apple.keylayout.NorwegianExtended,"[[1, [""option"", ""shift""]], [16, []]]"
ỹ,com.apple.keylayout.NorwegianExtended,"[[40, [""option""]], [16, []]]"
ź,com.apple.keylayout.NorwegianExtended,"[[24, []], [6, []]]"
ž,com.apple.keylayout.NorwegianExtended,"[[15, [""option""]], [6, []]]"
z̧,com.apple.keylayout.NorwegianExtended,"[[8, [""option""]], [6, []]]"
ẑ,com.apple.keylayout.NorwegianExtended,"[[30, [""shift""]], [6, []]]"
ż,com.apple.keylayout.NorwegianExtended,"[[35, [""option""]], [6, []]]"
ẓ,com.apple.keylayout.NorwegianExtended,"[[5, [""option""]], [6, []]]"
ȥ,com.apple.keylayout.NorwegianExtended,"[[3, [""option"", ""shift""]], [6, []]]"
z̄,com.apple.keylayout.NorwegianExtended,"[[0, [""option""]], [6, []]]"
ẕ,com.apple.keylayout.NorwegianExtended,"[[7, [""option""]], [6, []]]"
ʒ,com.apple.keylayout.NorwegianExtended,"[[1, [""option"", ""shift""]], [6, []]]"
ƶ,com.apple.keylayout.NorwegianExtended,"[[37, [""option""]], [6, []]]"
Ǻ,com.apple.keylayout.NorwegianExtended,"[[24, []], [33, [""shift""]]]"
Ǽ,com.apple.keylayout.NorwegianExtended,"[[24, []], [39, [""shift""]]]"
Ǣ,com.apple.keylayout.NorwegianExtended,"[[0, [""option""]], [39, [""shift""]]]"
Ǿ,com.apple.keylayout.NorwegianExtended,"[[24, []], [41, [""shift""]]]"
ǻ,com.apple.keylayout.NorwegianExtended,"[[24, []], [33, []]]"
ǽ,com.apple.keylayout.NorwegianExtended,"[[24, []], [39, []]]"
ǣ,com.apple.keylayout.NorwegianExtended,"[[0, [""option""]], [39, []]]"
ǿ,com.apple.keylayout.NorwegianExtended,"[[24, []], [41, []]]"
´,com.apple.keylayout.Faroese,"[[24, []], [49, []]]"
`,com.apple.keylayout.Faroese,"[[24, [""shift""]], [49, []]]"
~,com.apple.keylayout.Faroese,"[[30, [""option""]], [49, []]]"
¨,com.apple.keylayout.Faroese,"[[39, [""option""]], [49, []]]"
^,com.apple.keylayout.Faroese,"[[30, [""option"", ""shift""]], [49, []]]"
Á,com.apple.keylayout.Faroese,"[[24, []], [0, [""shift""]]]"
À,com.apple.keylayout.Faroese,"[[24, [""shift""]], [0, [""shift""]]]"
Ã,com.apple.keylayout.Faroese,"[[30, [""option""]], [0, [""shift""]]]"
Ä,com.apple.keylayout.Faroese,"[[39, [""option""]], [0, [""shift""]]]"
Â,com.apple.keylayout.Faroese,"[[30, [""option"", ""shift""]], [0, [""shift""]]]"
É,com.apple.keylayout.Faroese,"[[24, []], [14, [""shift""]]]"
È,com.apple.keylayout.Faroese,"[[24, [""shift""]], [14, [""shift""]]]"
Ë,com.apple.keylayout.Faroese,"[[39, [""option""]], [14, [""shift""]]]"
Ê,com.apple.keylayout.Faroese,"[[30, [""option"", ""shift""]], [14, [""shift""]]]"
Í,com.apple.keylayout.Faroese,"[[24, []], [34, [""shift""]]]"
Ì,com.apple.keylayout.Faroese,"[[24, [""shift""]], [34, [""shift""]]]"
Ï,com.apple.keylayout.Faroese,"[[39, [""option""]], [34, [""shift""]]]"
Î,com.apple.keylayout.Faroese,"[[30, [""option"", ""shift""]], [34, [""shift""]]]"
Ñ,com.apple.keylayout.Faroese,"[[30, [""option""]], [45, [""shift""]]]"
Ó,com.apple.keylayout.Faroese,"[[24, []], [31, [""shift""]]]"
Ò,com.apple.keylayout.Faroese,"[[24, [""shift""]], [31, [""shift""]]]"
Õ,com.apple.keylayout.Faroese,"[[30, [""option""]], [31, [""shift""]]]"
Ö,com.apple.keylayout.Faroese,"[[39, [""option""]], [31, [""shift""]]]"
Ô,com.apple.keylayout.Faroese,"[[30, [""option"", ""shift""]], [31, [""shift""]]]"
Ú,com.apple.keylayout.Faroese,"[[24, []], [32, [""shift""]]]"
Ù,com.apple.keylayout.Faroese,"[[24, [""shift""]], [32, [""shift""]]]"
Ü,com.apple.keylayout.Faroese,"[[39, [""option""]], [32, [""shift""]]]"
Û,com.apple.keylayout.Faroese,"[[30, [""option"", ""shift""]], [32, [""shift""]]]"
Ý,com.apple.keylayout.Faroese,"[[24, []], [16, [""shift""]]]"
á,com.apple.keylayout.Faroese,"[[24, []], [0, []]]"
à,com.apple.keylayout.Faroese,"[[24, [""shift""]], [0, []]]"
ã,com.apple.keylayout.Faroese,"[[30, [""option""]], [0, []]]"
ä,com.apple.keylayout.Faroese,"[[39, [""option""]], [0, []]]"
â,com.apple.keylayout.Faroese,"[[30, [""option"", ""shift""]], [0, []]]"
é,com.apple.keylayout.Faroese,"[[24, []], [14, []]]"
è,com.apple.keylayout.Faroese,"[[24, [""shift""]], [14, []]]"
ë,com.apple.keylayout.Faroese,"[[39, [""option""]], [14, []]]"
ê,com.apple.keylayout.Faroese,"[[30, [""option"", ""shift""]], [14, []]]"
í,com.apple.keylayout.Faroese,"[[24, []], [34, []]]"
ì,com.apple.keylayout.Faroese,"[[24, [""shift""]], [34, []]]"
ï,com.apple.keylayout.Faroese,"[[39, [""option""]], [34, []]]"
î,com.apple.keylayout.Faroese,"[[30, [""option"", ""shift""]], [34, []]]"
ñ,com.apple.keylayout.Faroese,"[[30, [""option""]], [45, []]]"
ó,com.apple.keylayout.Faroese,"[[24, []], [31, []]]"
ò,com.apple.keylayout.Faroese,"[[24, [""shift""]], [31, []]]"
õ,com.apple.keylayout.Faroese,"[[30, [""option""]], [31, []]]"
ö,com.apple.keylayout.Faroese,"[[39, [""option""]], [31, []]]"
ô,com.apple.keylayout.Faroese,"[[30, [""option"", ""shift""]], [31, []]]"
ú,com.apple.keylayout.Faroese,"[[24, []], [32, []]]"
ù,com.apple.keylayout.Faroese,"[[24, [""shift""]], [32, []]]"
ù,com.apple.keylayout.Faroese,"[[30, [""option""]], [32, []]]"
ü,com.apple.keylayout.Faroese,"[[39, [""option""]], [32, []]]"
û,com.apple.keylayout.Faroese,"[[30, [""option"", ""shift""]], [32, []]]"
ý,com.apple.keylayout.Faroese,"[[24, []], [16, []]]"
´,com.apple.keylayout.Romanian,"[[14, [""option""]], [49, []]]"
`,com.apple.keylayout.Romanian,"[[16, [""option""]], [49, []]]"
¨,com.apple.keylayout.Romanian,"[[32, [""option""]], [49, []]]"
ˆ,com.apple.keylayout.Romanian,"[[34, [""option""]], [49, []]]"
˜,com.apple.keylayout.Romanian,"[[45, [""option""]], [49, []]]"
Á,com.apple.keylayout.Romanian,"[[14, [""option""]], [0, [""shift""]]]"
À,com.apple.keylayout.Romanian,"[[16, [""option""]], [0, [""shift""]]]"
Ä,com.apple.keylayout.Romanian,"[[32, [""option""]], [0, [""shift""]]]"
Â,com.apple.keylayout.Romanian,"[[34, [""option""]], [0, [""shift""]]]"
Ã,com.apple.keylayout.Romanian,"[[45, [""option""]], [0, [""shift""]]]"
É,com.apple.keylayout.Romanian,"[[14, [""option""]], [14, [""shift""]]]"
È,com.apple.keylayout.Romanian,"[[16, [""option""]], [14, [""shift""]]]"
Ë,com.apple.keylayout.Romanian,"[[32, [""option""]], [14, [""shift""]]]"
Ê,com.apple.keylayout.Romanian,"[[34, [""option""]], [14, [""shift""]]]"
Í,com.apple.keylayout.Romanian,"[[14, [""option""]], [34, [""shift""]]]"
Ì,com.apple.keylayout.Romanian,"[[16, [""option""]], [34, [""shift""]]]"
Ï,com.apple.keylayout.Romanian,"[[32, [""option""]], [34, [""shift""]]]"
Î,com.apple.keylayout.Romanian,"[[34, [""option""]], [34, [""shift""]]]"
Ñ,com.apple.keylayout.Romanian,"[[45, [""option""]], [45, [""shift""]]]"
Ó,com.apple.keylayout.Romanian,"[[14, [""option""]], [31, [""shift""]]]"
Ò,com.apple.keylayout.Romanian,"[[16, [""option""]], [31, [""shift""]]]"
Ö,com.apple.keylayout.Romanian,"[[32, [""option""]], [31, [""shift""]]]"
Ô,com.apple.keylayout.Romanian,"[[34, [""option""]], [31, [""shift""]]]"
Õ,com.apple.keylayout.Romanian,"[[45, [""option""]], [31, [""shift""]]]"
Ú,com.apple.keylayout.Romanian,"[[14, [""option""]], [32, [""shift""]]]"
Ù,com.apple.keylayout.Romanian,"[[16, [""option""]], [32, [""shift""]]]"
Ü,com.apple.keylayout.Romanian,"[[32, [""option""]], [32, [""shift""]]]"
Û,com.apple.keylayout.Romanian,"[[34, [""option""]], [32, [""shift""]]]"
Ÿ,com.apple.keylayout.Romanian,"[[32, [""option""]], [16, [""shift""]]]"
á,com.apple.keylayout.Romanian,"[[14, [""option""]], [0, []]]"
a,com.apple.keylayout.Romanian,"[[16, [""option""]], [0, []]]"
ä,com.apple.keylayout.Romanian,"[[32, [""option""]], [0, []]]"
â,com.apple.keylayout.Romanian,"[[34, [""option""]], [0, []]]"
ã,com.apple.keylayout.Romanian,"[[45, [""option""]], [0, []]]"
é,com.apple.keylayout.Romanian,"[[14, [""option""]], [14, []]]"
è,com.apple.keylayout.Romanian,"[[16, [""option""]], [14, []]]"
ë,com.apple.keylayout.Romanian,"[[32, [""option""]], [14, []]]"
ê,com.apple.keylayout.Romanian,"[[34, [""option""]], [14, []]]"
í,com.apple.keylayout.Romanian,"[[14, [""option""]], [34, []]]"
ì,com.apple.keylayout.Romanian,"[[16, [""option""]], [34, []]]"
ï,com.apple.keylayout.Romanian,"[[32, [""option""]], [34, []]]"
î,com.apple.keylayout.Romanian,"[[34, [""option""]], [34, []]]"
ñ,com.apple.keylayout.Romanian,"[[45, [""option""]], [45, []]]"
ó,com.apple.keylayout.Romanian,"[[14, [""option""]], [31, []]]"
ò,com.apple.keylayout.Romanian,"[[16, [""option""]], [31, []]]"
ö,com.apple.keylayout.Romanian,"[[32, [""option""]], [31, []]]"
ô,com.apple.keylayout.Romanian,"[[34, [""option""]], [31, []]]"
õ,com.apple.keylayout.Romanian,"[[45, [""option""]], [31, []]]"
ú,com.apple.keylayout.Romanian,"[[14, [""option""]], [32, []]]"
ù,com.apple.keylayout.Romanian,"[[16, [""option""]], [32, []]]"
ü,com.apple.keylayout.Romanian,"[[32, [""option""]], [32, []]]"
û,com.apple.keylayout.Romanian,"[[34, [""option""]], [32, []]]"
ÿ,com.apple.keylayout.Romanian,"[[32, [""option""]], [16, []]]"
`,com.apple.keylayout.Maori,"[[50, []], [49, []]]"
Ā,com.apple.keylayout.Maori,"[[50, []], [0, [""shift""]]]"
Ē,com.apple.keylayout.Maori,"[[50, []], [14, [""shift""]]]"
Ī,com.apple.keylayout.Maori,"[[50, []], [34, [""shift""]]]"
Ō,com.apple.keylayout.Maori,"[[50, []], [31, [""shift""]]]"
Ū,com.apple.keylayout.Maori,"[[50, []], [32, [""shift""]]]"
`,com.apple.keylayout.Maori,"[[50, []], [50, []]]"
ā,com.apple.keylayout.Maori,"[[50, []], [0, []]]"
ē,com.apple.keylayout.Maori,"[[50, []], [14, []]]"
ī,com.apple.keylayout.Maori,"[[50, []], [34, []]]"
ō,com.apple.keylayout.Maori,"[[50, []], [31, []]]"
ū,com.apple.keylayout.Maori,"[[50, []], [32, []]]"
´,com.apple.keylayout.Brazilian-Pro,"[[14, [""option""]], [49, []]]"
¨,com.apple.keylayout.Brazilian-Pro,"[[32, [""option""]], [49, []]]"
ˆ,com.apple.keylayout.Brazilian-Pro,"[[34, [""option""]], [49, []]]"
˜,com.apple.keylayout.Brazilian-Pro,"[[45, [""option""]], [49, []]]"
`,com.apple.keylayout.Brazilian-Pro,"[[50, [""option""]], [49, []]]"
Á,com.apple.keylayout.Brazilian-Pro,"[[14, [""option""]], [0, [""shift""]]]"
Ä,com.apple.keylayout.Brazilian-Pro,"[[32, [""option""]], [0, [""shift""]]]"
Â,com.apple.keylayout.Brazilian-Pro,"[[34, [""option""]], [0, [""shift""]]]"
Ã,com.apple.keylayout.Brazilian-Pro,"[[45, [""option""]], [0, [""shift""]]]"
À,com.apple.keylayout.Brazilian-Pro,"[[50, [""option""]], [0, [""shift""]]]"
É,com.apple.keylayout.Brazilian-Pro,"[[14, [""option""]], [14, [""shift""]]]"
Ë,com.apple.keylayout.Brazilian-Pro,"[[32, [""option""]], [14, [""shift""]]]"
Ê,com.apple.keylayout.Brazilian-Pro,"[[34, [""option""]], [14, [""shift""]]]"
È,com.apple.keylayout.Brazilian-Pro,"[[50, [""option""]], [14, [""shift""]]]"
Í,com.apple.keylayout.Brazilian-Pro,"[[14, [""option""]], [34, [""shift""]]]"
Ï,com.apple.keylayout.Brazilian-Pro,"[[32, [""option""]], [34, [""shift""]]]"
Î,com.apple.keylayout.Brazilian-Pro,"[[34, [""option""]], [34, [""shift""]]]"
Ì,com.apple.keylayout.Brazilian-Pro,"[[50, [""option""]], [34, [""shift""]]]"
Ñ,com.apple.keylayout.Brazilian-Pro,"[[45, [""option""]], [45, [""shift""]]]"
Ó,com.apple.keylayout.Brazilian-Pro,"[[14, [""option""]], [31, [""shift""]]]"
Ö,com.apple.keylayout.Brazilian-Pro,"[[32, [""option""]], [31, [""shift""]]]"
Ô,com.apple.keylayout.Brazilian-Pro,"[[34, [""option""]], [31, [""shift""]]]"
Õ,com.apple.keylayout.Brazilian-Pro,"[[45, [""option""]], [31, [""shift""]]]"
Ò,com.apple.keylayout.Brazilian-Pro,"[[50, [""option""]], [31, [""shift""]]]"
Ú,com.apple.keylayout.Brazilian-Pro,"[[14, [""option""]], [32, [""shift""]]]"
Ü,com.apple.keylayout.Brazilian-Pro,"[[32, [""option""]], [32, [""shift""]]]"
Û,com.apple.keylayout.Brazilian-Pro,"[[34, [""option""]], [32, [""shift""]]]"
Ù,com.apple.keylayout.Brazilian-Pro,"[[50, [""option""]], [32, [""shift""]]]"
Ÿ,com.apple.keylayout.Brazilian-Pro,"[[32, [""option""]], [16, [""shift""]]]"
á,com.apple.keylayout.Brazilian-Pro,"[[14, [""option""]], [0, []]]"
ä,com.apple.keylayout.Brazilian-Pro,"[[32, [""option""]], [0, []]]"
â,com.apple.keylayout.Brazilian-Pro,"[[34, [""option""]], [0, []]]"
ã,com.apple.keylayout.Brazilian-Pro,"[[45, [""option""]], [0, []]]"
à,com.apple.keylayout.Brazilian-Pro,"[[50, [""option""]], [0, []]]"
é,com.apple.keylayout.Brazilian-Pro,"[[14, [""option""]], [14, []]]"
ë,com.apple.keylayout.Brazilian-Pro,"[[32, [""option""]], [14, []]]"
ê,com.apple.keylayout.Brazilian-Pro,"[[34, [""option""]], [14, []]]"
è,com.apple.keylayout.Brazilian-Pro,"[[50, [""option""]], [14, []]]"
í,com.apple.keylayout.Brazilian-Pro,"[[14, [""option""]], [34, []]]"
ï,com.apple.keylayout.Brazilian-Pro,"[[32, [""option""]], [34, []]]"
î,com.apple.keylayout.Brazilian-Pro,"[[34, [""option""]], [34, []]]"
ì,com.apple.keylayout.Brazilian-Pro,"[[50, [""option""]], [34, []]]"
ñ,com.apple.keylayout.Brazilian-Pro,"[[45, [""option""]], [45, []]]"
ó,com.apple.keylayout.Brazilian-Pro,"[[14, [""option""]], [31, []]]"
ö,com.apple.keylayout.Brazilian-Pro,"[[32, [""option""]], [31, []]]"
ô,com.apple.keylayout.Brazilian-Pro,"[[34, [""option""]], [31, []]]"
õ,com.apple.keylayout.Brazilian-Pro,"[[45, [""option""]], [31, []]]"
ò,com.apple.keylayout.Brazilian-Pro,"[[50, [""option""]], [31, []]]"
ú,com.apple.keylayout.Brazilian-Pro,"[[14, [""option""]], [32, []]]"
ü,com.apple.keylayout.Brazilian-Pro,"[[32, [""option""]], [32, []]]"
û,com.apple.keylayout.Brazilian-Pro,"[[34, [""option""]], [32, []]]"
ù,com.apple.keylayout.Brazilian-Pro,"[[50, [""option""]], [32, []]]"
ÿ,com.apple.keylayout.Brazilian-Pro,"[[32, [""option""]], [16, []]]"
Õ,com.apple.keylayout.Estonian,"[[10, [""shift""]], [31, [""shift""]]]"
Ō,com.apple.keylayout.Estonian,"[[24, [""shift""]], [31, [""shift""]]]"
Ö,com.apple.keylayout.Estonian,"[[24, [""option""]], [31, [""shift""]]]"
Ô,com.apple.keylayout.Estonian,"[[10, []], [31, [""shift""]]]"
Ó,com.apple.keylayout.Estonian,"[[24, []], [31, [""shift""]]]"
Ų,com.apple.keylayout.Estonian,"[[10, [""shift""]], [32, [""shift""]]]"
Ū,com.apple.keylayout.Estonian,"[[24, [""shift""]], [32, [""shift""]]]"
Ü,com.apple.keylayout.Estonian,"[[24, [""option""]], [32, [""shift""]]]"
Ú,com.apple.keylayout.Estonian,"[[24, []], [32, [""shift""]]]"
Ł,com.apple.keylayout.Estonian,"[[10, [""shift""]], [37, [""shift""]]]"
Ļ,com.apple.keylayout.Estonian,"[[24, [""shift""]], [37, [""shift""]]]"
Ľ,com.apple.keylayout.Estonian,"[[10, []], [37, [""shift""]]]"
Ĺ,com.apple.keylayout.Estonian,"[[24, []], [37, [""shift""]]]"
ą,com.apple.keylayout.Estonian,"[[10, [""shift""]], [0, []]]"
ā,com.apple.keylayout.Estonian,"[[24, [""shift""]], [0, []]]"
ä,com.apple.keylayout.Estonian,"[[24, [""option""]], [0, []]]"
á,com.apple.keylayout.Estonian,"[[24, []], [0, []]]"
ę,com.apple.keylayout.Estonian,"[[10, [""shift""]], [14, []]]"
ē,com.apple.keylayout.Estonian,"[[24, [""shift""]], [14, []]]"
ė,com.apple.keylayout.Estonian,"[[24, [""option""]], [14, []]]"
ě,com.apple.keylayout.Estonian,"[[10, []], [14, []]]"
é,com.apple.keylayout.Estonian,"[[24, []], [14, []]]"
į,com.apple.keylayout.Estonian,"[[10, [""shift""]], [34, []]]"
ī,com.apple.keylayout.Estonian,"[[24, [""shift""]], [34, []]]"
ů,com.apple.keylayout.Estonian,"[[24, [""option""]], [34, []]]"
í,com.apple.keylayout.Estonian,"[[24, []], [34, []]]"
õ,com.apple.keylayout.Estonian,"[[10, [""shift""]], [31, []]]"
ō,com.apple.keylayout.Estonian,"[[24, [""shift""]], [31, []]]"
ö,com.apple.keylayout.Estonian,"[[24, [""option""]], [31, []]]"
ô,com.apple.keylayout.Estonian,"[[10, []], [31, []]]"
ó,com.apple.keylayout.Estonian,"[[24, []], [31, []]]"
ų,com.apple.keylayout.Estonian,"[[10, [""shift""]], [32, []]]"
ū,com.apple.keylayout.Estonian,"[[24, [""shift""]], [32, []]]"
ü,com.apple.keylayout.Estonian,"[[24, [""option""]], [32, []]]"
ú,com.apple.keylayout.Estonian,"[[24, []], [32, []]]"
ł,com.apple.keylayout.Estonian,"[[10, [""shift""]], [37, []]]"
ļ,com.apple.keylayout.Estonian,"[[24, [""shift""]], [37, []]]"
ľ,com.apple.keylayout.Estonian,"[[10, []], [37, []]]"
ĺ,com.apple.keylayout.Estonian,"[[24, []], [37, []]]"
ģ,com.apple.keylayout.Estonian,"[[24, [""shift""]], [5, []]]"
ķ,com.apple.keylayout.Estonian,"[[24, [""shift""]], [40, []]]"
ņ,com.apple.keylayout.Estonian,"[[24, [""shift""]], [45, []]]"
ň,com.apple.keylayout.Estonian,"[[10, []], [45, []]]"
ń,com.apple.keylayout.Estonian,"[[24, []], [45, []]]"
ŗ,com.apple.keylayout.Estonian,"[[24, [""shift""]], [15, []]]"
ř,com.apple.keylayout.Estonian,"[[10, []], [15, []]]"
ŕ,com.apple.keylayout.Estonian,"[[24, []], [15, []]]"
Ģ,com.apple.keylayout.Estonian,"[[24, [""shift""]], [5, [""shift""]]]"
Ķ,com.apple.keylayout.Estonian,"[[24, [""shift""]], [40, [""shift""]]]"
Ņ,com.apple.keylayout.Estonian,"[[24, [""shift""]], [45, [""shift""]]]"
Ň,com.apple.keylayout.Estonian,"[[10, []], [45, [""shift""]]]"
Ń,com.apple.keylayout.Estonian,"[[24, []], [45, [""shift""]]]"
Ŗ,com.apple.keylayout.Estonian,"[[24, [""shift""]], [15, [""shift""]]]"
Ř,com.apple.keylayout.Estonian,"[[10, []], [15, [""shift""]]]"
Ŕ,com.apple.keylayout.Estonian,"[[24, []], [15, [""shift""]]]"
Ő,com.apple.keylayout.Estonian,"[[24, [""option""]], [41, [""shift""]]]"
Ű,com.apple.keylayout.Estonian,"[[24, [""option""]], [33, [""shift""]]]"
Ż,com.apple.keylayout.Estonian,"[[24, [""option""]], [6, [""shift""]]]"
Ž,com.apple.keylayout.Estonian,"[[10, []], [6, [""shift""]]]"
Ź,com.apple.keylayout.Estonian,"[[24, []], [6, [""shift""]]]"
ő,com.apple.keylayout.Estonian,"[[24, [""option""]], [41, []]]"
ű,com.apple.keylayout.Estonian,"[[24, [""option""]], [33, []]]"
ż,com.apple.keylayout.Estonian,"[[24, [""option""]], [6, []]]"
ž,com.apple.keylayout.Estonian,"[[10, []], [6, []]]"
ź,com.apple.keylayout.Estonian,"[[24, []], [6, []]]"
č,com.apple.keylayout.Estonian,"[[10, []], [8, []]]"
ć,com.apple.keylayout.Estonian,"[[24, []], [8, []]]"
ď,com.apple.keylayout.Estonian,"[[10, []], [2, []]]"
š,com.apple.keylayout.Estonian,"[[10, []], [1, []]]"
ś,com.apple.keylayout.Estonian,"[[24, []], [1, []]]"
ť,com.apple.keylayout.Estonian,"[[10, []], [17, []]]"
Č,com.apple.keylayout.Estonian,"[[10, []], [8, [""shift""]]]"
Ć,com.apple.keylayout.Estonian,"[[24, []], [8, [""shift""]]]"
Ď,com.apple.keylayout.Estonian,"[[10, []], [2, [""shift""]]]"
Š,com.apple.keylayout.Estonian,"[[10, []], [1, [""shift""]]]"
Ś,com.apple.keylayout.Estonian,"[[24, []], [1, [""shift""]]]"
Ť,com.apple.keylayout.Estonian,"[[10, []], [17, [""shift""]]]"
Ý,com.apple.keylayout.Estonian,"[[24, []], [16, [""shift""]]]"
ý,com.apple.keylayout.Estonian,"[[24, []], [16, []]]"
~,com.apple.keylayout.Estonian,"[[10, [""shift""]], [49, []]]"
–,com.apple.keylayout.Estonian,"[[24, [""shift""]], [49, []]]"
¨,com.apple.keylayout.Estonian,"[[24, [""option""]], [49, []]]"
ˇ,com.apple.keylayout.Estonian,"[[10, []], [49, []]]"
',com.apple.keylayout.Estonian,"[[24, []], [49, []]]"
Ą,com.apple.keylayout.Estonian,"[[10, [""shift""]], [0, [""shift""]]]"
Ā,com.apple.keylayout.Estonian,"[[24, [""shift""]], [0, [""shift""]]]"
Ä,com.apple.keylayout.Estonian,"[[24, [""option""]], [0, [""shift""]]]"
Á,com.apple.keylayout.Estonian,"[[24, []], [0, [""shift""]]]"
Ę,com.apple.keylayout.Estonian,"[[10, [""shift""]], [14, [""shift""]]]"
Ē,com.apple.keylayout.Estonian,"[[24, [""shift""]], [14, [""shift""]]]"
Ė,com.apple.keylayout.Estonian,"[[24, [""option""]], [14, [""shift""]]]"
Ě,com.apple.keylayout.Estonian,"[[10, []], [14, [""shift""]]]"
É,com.apple.keylayout.Estonian,"[[24, []], [14, [""shift""]]]"
Į,com.apple.keylayout.Estonian,"[[10, [""shift""]], [34, [""shift""]]]"
Ī,com.apple.keylayout.Estonian,"[[24, [""shift""]], [34, [""shift""]]]"
Ů,com.apple.keylayout.Estonian,"[[24, [""option""]], [34, [""shift""]]]"
Í,com.apple.keylayout.Estonian,"[[24, []], [34, [""shift""]]]"
´,com.apple.keylayout.Inuktitut-Nunavut,"[[14, [""option""]], [49, []]]"
˘,com.apple.keylayout.Inuktitut-Nunavut,"[[11, [""option""]], [49, []]]"
ˇ,com.apple.keylayout.Inuktitut-Nunavut,"[[9, [""option""]], [49, []]]"
¸,com.apple.keylayout.Inuktitut-Nunavut,"[[8, [""option""]], [49, []]]"
ˆ,com.apple.keylayout.Inuktitut-Nunavut,"[[22, [""option""]], [49, []]]"
‸,com.apple.keylayout.Inuktitut-Nunavut,"[[5, [""option"", ""shift""]], [49, []]]"
",",com.apple.keylayout.Inuktitut-Nunavut,"[[35, [""option""]], [49, []]]"
¨,com.apple.keylayout.Inuktitut-Nunavut,"[[32, [""option""]], [49, []]]"
˙,com.apple.keylayout.Inuktitut-Nunavut,"[[13, [""option""]], [49, []]]"
.,com.apple.keylayout.Inuktitut-Nunavut,"[[7, [""option""]], [49, []]]"
˝,com.apple.keylayout.Inuktitut-Nunavut,"[[38, [""option""]], [49, []]]"
 ̏,com.apple.keylayout.Inuktitut-Nunavut,"[[16, [""option"", ""shift""]], [49, []]]"
`,com.apple.keylayout.Inuktitut-Nunavut,"[[50, [""option""]], [49, []]]"
ˀ,com.apple.keylayout.Inuktitut-Nunavut,"[[6, [""option""]], [49, []]]"
ʔ,com.apple.keylayout.Inuktitut-Nunavut,"[[47, [""option"", ""shift""]], [49, []]]"
ʼ,com.apple.keylayout.Inuktitut-Nunavut,"[[34, [""option""]], [49, []]]"
 ̑,com.apple.keylayout.Inuktitut-Nunavut,"[[1, [""option"", ""shift""]], [49, []]]"
¯,com.apple.keylayout.Inuktitut-Nunavut,"[[0, [""option""]], [49, []]]"
ˍ,com.apple.keylayout.Inuktitut-Nunavut,"[[4, [""option""]], [49, []]]"
˛,com.apple.keylayout.Inuktitut-Nunavut,"[[46, [""option""]], [49, []]]"
˚,com.apple.keylayout.Inuktitut-Nunavut,"[[40, [""option""]], [49, []]]"
№,com.apple.keylayout.Inuktitut-Nunavut,"[[41, [""option"", ""shift""]], [49, []]]"
-,com.apple.keylayout.Inuktitut-Nunavut,"[[37, [""option""]], [49, []]]"
˜,com.apple.keylayout.Inuktitut-Nunavut,"[[45, [""option""]], [49, []]]"
 ̰,com.apple.keylayout.Inuktitut-Nunavut,"[[3, [""option"", ""shift""]], [49, []]]"
ʺ,com.apple.keylayout.Inuktitut-Nunavut,"[[41, [""option"", ""shift""]], [39, [""shift""]]]"
Ɛ,com.apple.keylayout.Inuktitut-Nunavut,"[[41, [""option"", ""shift""]], [20, [""shift""]]]"
Ƽ,com.apple.keylayout.Inuktitut-Nunavut,"[[41, [""option"", ""shift""]], [23, [""shift""]]]"
ʹ,com.apple.keylayout.Inuktitut-Nunavut,"[[41, [""option"", ""shift""]], [39, []]]"
Ȣ,com.apple.keylayout.Inuktitut-Nunavut,"[[41, [""option"", ""shift""]], [28, [""shift""]]]"
ƨ,com.apple.keylayout.Inuktitut-Nunavut,"[[41, [""option"", ""shift""]], [19, []]]"
ɛ,com.apple.keylayout.Inuktitut-Nunavut,"[[41, [""option"", ""shift""]], [20, []]]"
ƽ,com.apple.keylayout.Inuktitut-Nunavut,"[[41, [""option"", ""shift""]], [23, []]]"
ƅ,com.apple.keylayout.Inuktitut-Nunavut,"[[41, [""option"", ""shift""]], [22, []]]"
⁊,com.apple.keylayout.Inuktitut-Nunavut,"[[41, [""option"", ""shift""]], [26, []]]"
ȣ,com.apple.keylayout.Inuktitut-Nunavut,"[[41, [""option"", ""shift""]], [28, []]]"
Ƨ,com.apple.keylayout.Inuktitut-Nunavut,"[[41, [""option"", ""shift""]], [19, [""shift""]]]"
Á,com.apple.keylayout.Inuktitut-Nunavut,"[[14, [""option""]], [0, [""shift""]]]"
Ă,com.apple.keylayout.Inuktitut-Nunavut,"[[11, [""option""]], [0, [""shift""]]]"
Ǎ,com.apple.keylayout.Inuktitut-Nunavut,"[[9, [""option""]], [0, [""shift""]]]"
Â,com.apple.keylayout.Inuktitut-Nunavut,"[[22, [""option""]], [0, [""shift""]]]"
Ä,com.apple.keylayout.Inuktitut-Nunavut,"[[32, [""option""]], [0, [""shift""]]]"
Ȧ,com.apple.keylayout.Inuktitut-Nunavut,"[[13, [""option""]], [0, [""shift""]]]"
Ạ,com.apple.keylayout.Inuktitut-Nunavut,"[[7, [""option""]], [0, [""shift""]]]"
Ȁ,com.apple.keylayout.Inuktitut-Nunavut,"[[16, [""option"", ""shift""]], [0, [""shift""]]]"
À,com.apple.keylayout.Inuktitut-Nunavut,"[[50, [""option""]], [0, [""shift""]]]"
Ả,com.apple.keylayout.Inuktitut-Nunavut,"[[6, [""option""]], [0, [""shift""]]]"
Ȃ,com.apple.keylayout.Inuktitut-Nunavut,"[[1, [""option"", ""shift""]], [0, [""shift""]]]"
Ā,com.apple.keylayout.Inuktitut-Nunavut,"[[0, [""option""]], [0, [""shift""]]]"
Ą,com.apple.keylayout.Inuktitut-Nunavut,"[[46, [""option""]], [0, [""shift""]]]"
Å,com.apple.keylayout.Inuktitut-Nunavut,"[[40, [""option""]], [0, [""shift""]]]"
Ə,com.apple.keylayout.Inuktitut-Nunavut,"[[41, [""option"", ""shift""]], [0, [""shift""]]]"
Ã,com.apple.keylayout.Inuktitut-Nunavut,"[[45, [""option""]], [0, [""shift""]]]"
Ḃ,com.apple.keylayout.Inuktitut-Nunavut,"[[13, [""option""]], [11, [""shift""]]]"
Ḅ,com.apple.keylayout.Inuktitut-Nunavut,"[[7, [""option""]], [11, [""shift""]]]"
Ɓ,com.apple.keylayout.Inuktitut-Nunavut,"[[47, [""option"", ""shift""]], [11, [""shift""]]]"
Ḇ,com.apple.keylayout.Inuktitut-Nunavut,"[[4, [""option""]], [11, [""shift""]]]"
Ć,com.apple.keylayout.Inuktitut-Nunavut,"[[14, [""option""]], [8, [""shift""]]]"
Č,com.apple.keylayout.Inuktitut-Nunavut,"[[9, [""option""]], [8, [""shift""]]]"
Ç,com.apple.keylayout.Inuktitut-Nunavut,"[[8, [""option""]], [8, [""shift""]]]"
Ĉ,com.apple.keylayout.Inuktitut-Nunavut,"[[22, [""option""]], [8, [""shift""]]]"
Ċ,com.apple.keylayout.Inuktitut-Nunavut,"[[13, [""option""]], [8, [""shift""]]]"
Ƈ,com.apple.keylayout.Inuktitut-Nunavut,"[[47, [""option"", ""shift""]], [8, [""shift""]]]"
Ɔ,com.apple.keylayout.Inuktitut-Nunavut,"[[41, [""option"", ""shift""]], [8, [""shift""]]]"
Ď,com.apple.keylayout.Inuktitut-Nunavut,"[[9, [""option""]], [2, [""shift""]]]"
Ḑ,com.apple.keylayout.Inuktitut-Nunavut,"[[8, [""option""]], [2, [""shift""]]]"
Ḓ,com.apple.keylayout.Inuktitut-Nunavut,"[[5, [""option"", ""shift""]], [2, [""shift""]]]"
Ḋ,com.apple.keylayout.Inuktitut-Nunavut,"[[13, [""option""]], [2, [""shift""]]]"
Ḍ,com.apple.keylayout.Inuktitut-Nunavut,"[[7, [""option""]], [2, [""shift""]]]"
Ɗ,com.apple.keylayout.Inuktitut-Nunavut,"[[47, [""option"", ""shift""]], [2, [""shift""]]]"
Ḏ,com.apple.keylayout.Inuktitut-Nunavut,"[[4, [""option""]], [2, [""shift""]]]"
Đ,com.apple.keylayout.Inuktitut-Nunavut,"[[37, [""option""]], [2, [""shift""]]]"
É,com.apple.keylayout.Inuktitut-Nunavut,"[[14, [""option""]], [14, [""shift""]]]"
Ĕ,com.apple.keylayout.Inuktitut-Nunavut,"[[11, [""option""]], [14, [""shift""]]]"
Ě,com.apple.keylayout.Inuktitut-Nunavut,"[[9, [""option""]], [14, [""shift""]]]"
Ȩ,com.apple.keylayout.Inuktitut-Nunavut,"[[8, [""option""]], [14, [""shift""]]]"
Ê,com.apple.keylayout.Inuktitut-Nunavut,"[[22, [""option""]], [14, [""shift""]]]"
Ḙ,com.apple.keylayout.Inuktitut-Nunavut,"[[5, [""option"", ""shift""]], [14, [""shift""]]]"
Ë,com.apple.keylayout.Inuktitut-Nunavut,"[[32, [""option""]], [14, [""shift""]]]"
Ė,com.apple.keylayout.Inuktitut-Nunavut,"[[13, [""option""]], [14, [""shift""]]]"
Ẹ,com.apple.keylayout.Inuktitut-Nunavut,"[[7, [""option""]], [14, [""shift""]]]"
Ȅ,com.apple.keylayout.Inuktitut-Nunavut,"[[16, [""option"", ""shift""]], [14, [""shift""]]]"
È,com.apple.keylayout.Inuktitut-Nunavut,"[[50, [""option""]], [14, [""shift""]]]"
Ẻ,com.apple.keylayout.Inuktitut-Nunavut,"[[6, [""option""]], [14, [""shift""]]]"
Ȇ,com.apple.keylayout.Inuktitut-Nunavut,"[[1, [""option"", ""shift""]], [14, [""shift""]]]"
Ē,com.apple.keylayout.Inuktitut-Nunavut,"[[0, [""option""]], [14, [""shift""]]]"
Ę,com.apple.keylayout.Inuktitut-Nunavut,"[[46, [""option""]], [14, [""shift""]]]"
E̊,com.apple.keylayout.Inuktitut-Nunavut,"[[40, [""option""]], [14, [""shift""]]]"
Ǝ,com.apple.keylayout.Inuktitut-Nunavut,"[[41, [""option"", ""shift""]], [14, [""shift""]]]"
Ẽ,com.apple.keylayout.Inuktitut-Nunavut,"[[45, [""option""]], [14, [""shift""]]]"
Ḛ,com.apple.keylayout.Inuktitut-Nunavut,"[[3, [""option"", ""shift""]], [14, [""shift""]]]"
Ḟ,com.apple.keylayout.Inuktitut-Nunavut,"[[13, [""option""]], [3, [""shift""]]]"
Ƒ,com.apple.keylayout.Inuktitut-Nunavut,"[[47, [""option"", ""shift""]], [3, [""shift""]]]"
Ǵ,com.apple.keylayout.Inuktitut-Nunavut,"[[14, [""option""]], [5, [""shift""]]]"
Ğ,com.apple.keylayout.Inuktitut-Nunavut,"[[11, [""option""]], [5, [""shift""]]]"
Ǧ,com.apple.keylayout.Inuktitut-Nunavut,"[[9, [""option""]], [5, [""shift""]]]"
Ģ,com.apple.keylayout.Inuktitut-Nunavut,"[[8, [""option""]], [5, [""shift""]]]"
Ĝ,com.apple.keylayout.Inuktitut-Nunavut,"[[22, [""option""]], [5, [""shift""]]]"
Ġ,com.apple.keylayout.Inuktitut-Nunavut,"[[13, [""option""]], [5, [""shift""]]]"
Ɠ,com.apple.keylayout.Inuktitut-Nunavut,"[[47, [""option"", ""shift""]], [5, [""shift""]]]"
Ḡ,com.apple.keylayout.Inuktitut-Nunavut,"[[0, [""option""]], [5, [""shift""]]]"
Ɣ,com.apple.keylayout.Inuktitut-Nunavut,"[[41, [""option"", ""shift""]], [5, [""shift""]]]"
Ǥ,com.apple.keylayout.Inuktitut-Nunavut,"[[37, [""option""]], [5, [""shift""]]]"
Ḫ,com.apple.keylayout.Inuktitut-Nunavut,"[[11, [""option""]], [4, [""shift""]]]"
Ȟ,com.apple.keylayout.Inuktitut-Nunavut,"[[9, [""option""]], [4, [""shift""]]]"
Ḩ,com.apple.keylayout.Inuktitut-Nunavut,"[[8, [""option""]], [4, [""shift""]]]"
Ĥ,com.apple.keylayout.Inuktitut-Nunavut,"[[22, [""option""]], [4, [""shift""]]]"
Ḧ,com.apple.keylayout.Inuktitut-Nunavut,"[[32, [""option""]], [4, [""shift""]]]"
Ḣ,com.apple.keylayout.Inuktitut-Nunavut,"[[13, [""option""]], [4, [""shift""]]]"
Ḥ,com.apple.keylayout.Inuktitut-Nunavut,"[[7, [""option""]], [4, [""shift""]]]"
H̱,com.apple.keylayout.Inuktitut-Nunavut,"[[4, [""option""]], [4, [""shift""]]]"
Ƕ,com.apple.keylayout.Inuktitut-Nunavut,"[[41, [""option"", ""shift""]], [4, [""shift""]]]"
Ħ,com.apple.keylayout.Inuktitut-Nunavut,"[[37, [""option""]], [4, [""shift""]]]"
Í,com.apple.keylayout.Inuktitut-Nunavut,"[[14, [""option""]], [34, [""shift""]]]"
Ĭ,com.apple.keylayout.Inuktitut-Nunavut,"[[11, [""option""]], [34, [""shift""]]]"
Ǐ,com.apple.keylayout.Inuktitut-Nunavut,"[[9, [""option""]], [34, [""shift""]]]"
Î,com.apple.keylayout.Inuktitut-Nunavut,"[[22, [""option""]], [34, [""shift""]]]"
Ï,com.apple.keylayout.Inuktitut-Nunavut,"[[32, [""option""]], [34, [""shift""]]]"
İ,com.apple.keylayout.Inuktitut-Nunavut,"[[13, [""option""]], [34, [""shift""]]]"
Ị,com.apple.keylayout.Inuktitut-Nunavut,"[[7, [""option""]], [34, [""shift""]]]"
Ȉ,com.apple.keylayout.Inuktitut-Nunavut,"[[16, [""option"", ""shift""]], [34, [""shift""]]]"
Ì,com.apple.keylayout.Inuktitut-Nunavut,"[[50, [""option""]], [34, [""shift""]]]"
Ỉ,com.apple.keylayout.Inuktitut-Nunavut,"[[6, [""option""]], [34, [""shift""]]]"
Ɩ,com.apple.keylayout.Inuktitut-Nunavut,"[[47, [""option"", ""shift""]], [34, [""shift""]]]"
Ȋ,com.apple.keylayout.Inuktitut-Nunavut,"[[1, [""option"", ""shift""]], [34, [""shift""]]]"
Ī,com.apple.keylayout.Inuktitut-Nunavut,"[[0, [""option""]], [34, [""shift""]]]"
Į,com.apple.keylayout.Inuktitut-Nunavut,"[[46, [""option""]], [34, [""shift""]]]"
Ɨ,com.apple.keylayout.Inuktitut-Nunavut,"[[37, [""option""]], [34, [""shift""]]]"
Ĩ,com.apple.keylayout.Inuktitut-Nunavut,"[[45, [""option""]], [34, [""shift""]]]"
Ḭ,com.apple.keylayout.Inuktitut-Nunavut,"[[3, [""option"", ""shift""]], [34, [""shift""]]]"
J̌,com.apple.keylayout.Inuktitut-Nunavut,"[[9, [""option""]], [38, [""shift""]]]"
Ĵ,com.apple.keylayout.Inuktitut-Nunavut,"[[22, [""option""]], [38, [""shift""]]]"
Ƞ,com.apple.keylayout.Inuktitut-Nunavut,"[[41, [""option"", ""shift""]], [38, [""shift""]]]"
Ḱ,com.apple.keylayout.Inuktitut-Nunavut,"[[14, [""option""]], [40, [""shift""]]]"
Ǩ,com.apple.keylayout.Inuktitut-Nunavut,"[[9, [""option""]], [40, [""shift""]]]"
Ķ,com.apple.keylayout.Inuktitut-Nunavut,"[[8, [""option""]], [40, [""shift""]]]"
Ḳ,com.apple.keylayout.Inuktitut-Nunavut,"[[7, [""option""]], [40, [""shift""]]]"
Ƙ,com.apple.keylayout.Inuktitut-Nunavut,"[[47, [""option"", ""shift""]], [40, [""shift""]]]"
Ḵ,com.apple.keylayout.Inuktitut-Nunavut,"[[4, [""option""]], [40, [""shift""]]]"
K’,com.apple.keylayout.Inuktitut-Nunavut,"[[41, [""option"", ""shift""]], [40, [""shift""]]]"
Ĺ,com.apple.keylayout.Inuktitut-Nunavut,"[[14, [""option""]], [37, [""shift""]]]"
Ľ,com.apple.keylayout.Inuktitut-Nunavut,"[[9, [""option""]], [37, [""shift""]]]"
Ļ,com.apple.keylayout.Inuktitut-Nunavut,"[[8, [""option""]], [37, [""shift""]]]"
Ḽ,com.apple.keylayout.Inuktitut-Nunavut,"[[5, [""option"", ""shift""]], [37, [""shift""]]]"
Ḷ,com.apple.keylayout.Inuktitut-Nunavut,"[[7, [""option""]], [37, [""shift""]]]"
Ḹ,com.apple.keylayout.Inuktitut-Nunavut,"[[0, [""option""]], [37, [""shift""]]]"
Ḻ,com.apple.keylayout.Inuktitut-Nunavut,"[[4, [""option""]], [37, [""shift""]]]"
Ł,com.apple.keylayout.Inuktitut-Nunavut,"[[37, [""option""]], [37, [""shift""]]]"
Ḿ,com.apple.keylayout.Inuktitut-Nunavut,"[[14, [""option""]], [46, [""shift""]]]"
M̂,com.apple.keylayout.Inuktitut-Nunavut,"[[22, [""option""]], [46, [""shift""]]]"
Ṁ,com.apple.keylayout.Inuktitut-Nunavut,"[[13, [""option""]], [46, [""shift""]]]"
Ṃ,com.apple.keylayout.Inuktitut-Nunavut,"[[7, [""option""]], [46, [""shift""]]]"
Ɯ,com.apple.keylayout.Inuktitut-Nunavut,"[[41, [""option"", ""shift""]], [46, [""shift""]]]"
Ń,com.apple.keylayout.Inuktitut-Nunavut,"[[14, [""option""]], [45, [""shift""]]]"
Ň,com.apple.keylayout.Inuktitut-Nunavut,"[[9, [""option""]], [45, [""shift""]]]"
Ņ,com.apple.keylayout.Inuktitut-Nunavut,"[[8, [""option""]], [45, [""shift""]]]"
N̂,com.apple.keylayout.Inuktitut-Nunavut,"[[22, [""option""]], [45, [""shift""]]]"
Ṋ,com.apple.keylayout.Inuktitut-Nunavut,"[[5, [""option"", ""shift""]], [45, [""shift""]]]"
Ṅ,com.apple.keylayout.Inuktitut-Nunavut,"[[13, [""option""]], [45, [""shift""]]]"
Ṇ,com.apple.keylayout.Inuktitut-Nunavut,"[[7, [""option""]], [45, [""shift""]]]"
Ǹ,com.apple.keylayout.Inuktitut-Nunavut,"[[50, [""option""]], [45, [""shift""]]]"
Ɲ,com.apple.keylayout.Inuktitut-Nunavut,"[[47, [""option"", ""shift""]], [45, [""shift""]]]"
Ṉ,com.apple.keylayout.Inuktitut-Nunavut,"[[4, [""option""]], [45, [""shift""]]]"
Ŋ,com.apple.keylayout.Inuktitut-Nunavut,"[[41, [""option"", ""shift""]], [45, [""shift""]]]"
Ñ,com.apple.keylayout.Inuktitut-Nunavut,"[[45, [""option""]], [45, [""shift""]]]"
Ó,com.apple.keylayout.Inuktitut-Nunavut,"[[14, [""option""]], [31, [""shift""]]]"
Ŏ,com.apple.keylayout.Inuktitut-Nunavut,"[[11, [""option""]], [31, [""shift""]]]"
Ǒ,com.apple.keylayout.Inuktitut-Nunavut,"[[9, [""option""]], [31, [""shift""]]]"
Ô,com.apple.keylayout.Inuktitut-Nunavut,"[[22, [""option""]], [31, [""shift""]]]"
Ö,com.apple.keylayout.Inuktitut-Nunavut,"[[32, [""option""]], [31, [""shift""]]]"
Ȯ,com.apple.keylayout.Inuktitut-Nunavut,"[[13, [""option""]], [31, [""shift""]]]"
Ọ,com.apple.keylayout.Inuktitut-Nunavut,"[[7, [""option""]], [31, [""shift""]]]"
Ő,com.apple.keylayout.Inuktitut-Nunavut,"[[38, [""option""]], [31, [""shift""]]]"
Ȍ,com.apple.keylayout.Inuktitut-Nunavut,"[[16, [""option"", ""shift""]], [31, [""shift""]]]"
Ò,com.apple.keylayout.Inuktitut-Nunavut,"[[50, [""option""]], [31, [""shift""]]]"
Ỏ,com.apple.keylayout.Inuktitut-Nunavut,"[[6, [""option""]], [31, [""shift""]]]"
Ơ,com.apple.keylayout.Inuktitut-Nunavut,"[[34, [""option""]], [31, [""shift""]]]"
Ȏ,com.apple.keylayout.Inuktitut-Nunavut,"[[1, [""option"", ""shift""]], [31, [""shift""]]]"
Ō,com.apple.keylayout.Inuktitut-Nunavut,"[[0, [""option""]], [31, [""shift""]]]"
Ǫ,com.apple.keylayout.Inuktitut-Nunavut,"[[46, [""option""]], [31, [""shift""]]]"
O̊,com.apple.keylayout.Inuktitut-Nunavut,"[[40, [""option""]], [31, [""shift""]]]"
Ɵ,com.apple.keylayout.Inuktitut-Nunavut,"[[37, [""option""]], [31, [""shift""]]]"
Õ,com.apple.keylayout.Inuktitut-Nunavut,"[[45, [""option""]], [31, [""shift""]]]"
Ṕ,com.apple.keylayout.Inuktitut-Nunavut,"[[14, [""option""]], [35, [""shift""]]]"
Ṗ,com.apple.keylayout.Inuktitut-Nunavut,"[[13, [""option""]], [35, [""shift""]]]"
Ƥ,com.apple.keylayout.Inuktitut-Nunavut,"[[47, [""option"", ""shift""]], [35, [""shift""]]]"
Ƣ,com.apple.keylayout.Inuktitut-Nunavut,"[[41, [""option"", ""shift""]], [12, [""shift""]]]"
Ŕ,com.apple.keylayout.Inuktitut-Nunavut,"[[14, [""option""]], [15, [""shift""]]]"
Ř,com.apple.keylayout.Inuktitut-Nunavut,"[[9, [""option""]], [15, [""shift""]]]"
Ŗ,com.apple.keylayout.Inuktitut-Nunavut,"[[8, [""option""]], [15, [""shift""]]]"
Ṙ,com.apple.keylayout.Inuktitut-Nunavut,"[[13, [""option""]], [15, [""shift""]]]"
Ṛ,com.apple.keylayout.Inuktitut-Nunavut,"[[7, [""option""]], [15, [""shift""]]]"
Ȑ,com.apple.keylayout.Inuktitut-Nunavut,"[[16, [""option"", ""shift""]], [15, [""shift""]]]"
Ʈ,com.apple.keylayout.Inuktitut-Nunavut,"[[47, [""option"", ""shift""]], [15, [""shift""]]]"
Ȓ,com.apple.keylayout.Inuktitut-Nunavut,"[[1, [""option"", ""shift""]], [15, [""shift""]]]"
Ṝ,com.apple.keylayout.Inuktitut-Nunavut,"[[0, [""option""]], [15, [""shift""]]]"
Ṟ,com.apple.keylayout.Inuktitut-Nunavut,"[[4, [""option""]], [15, [""shift""]]]"
Ʀ,com.apple.keylayout.Inuktitut-Nunavut,"[[41, [""option"", ""shift""]], [15, [""shift""]]]"
Ś,com.apple.keylayout.Inuktitut-Nunavut,"[[14, [""option""]], [1, [""shift""]]]"
Š,com.apple.keylayout.Inuktitut-Nunavut,"[[9, [""option""]], [1, [""shift""]]]"
Ş,com.apple.keylayout.Inuktitut-Nunavut,"[[8, [""option""]], [1, [""shift""]]]"
Ŝ,com.apple.keylayout.Inuktitut-Nunavut,"[[22, [""option""]], [1, [""shift""]]]"
Ș,com.apple.keylayout.Inuktitut-Nunavut,"[[35, [""option""]], [1, [""shift""]]]"
Ṡ,com.apple.keylayout.Inuktitut-Nunavut,"[[13, [""option""]], [1, [""shift""]]]"
Ṣ,com.apple.keylayout.Inuktitut-Nunavut,"[[7, [""option""]], [1, [""shift""]]]"
Ʃ,com.apple.keylayout.Inuktitut-Nunavut,"[[47, [""option"", ""shift""]], [1, [""shift""]]]"
S̄,com.apple.keylayout.Inuktitut-Nunavut,"[[0, [""option""]], [1, [""shift""]]]"
Ť,com.apple.keylayout.Inuktitut-Nunavut,"[[9, [""option""]], [17, [""shift""]]]"
Ţ,com.apple.keylayout.Inuktitut-Nunavut,"[[8, [""option""]], [17, [""shift""]]]"
Ṱ,com.apple.keylayout.Inuktitut-Nunavut,"[[5, [""option"", ""shift""]], [17, [""shift""]]]"
Ț,com.apple.keylayout.Inuktitut-Nunavut,"[[35, [""option""]], [17, [""shift""]]]"
T̈,com.apple.keylayout.Inuktitut-Nunavut,"[[32, [""option""]], [17, [""shift""]]]"
Ṫ,com.apple.keylayout.Inuktitut-Nunavut,"[[13, [""option""]], [17, [""shift""]]]"
Ṭ,com.apple.keylayout.Inuktitut-Nunavut,"[[7, [""option""]], [17, [""shift""]]]"
Ƭ,com.apple.keylayout.Inuktitut-Nunavut,"[[47, [""option"", ""shift""]], [17, [""shift""]]]"
Ṯ,com.apple.keylayout.Inuktitut-Nunavut,"[[4, [""option""]], [17, [""shift""]]]"
Ŧ,com.apple.keylayout.Inuktitut-Nunavut,"[[37, [""option""]], [17, [""shift""]]]"
Ú,com.apple.keylayout.Inuktitut-Nunavut,"[[14, [""option""]], [32, [""shift""]]]"
Ŭ,com.apple.keylayout.Inuktitut-Nunavut,"[[11, [""option""]], [32, [""shift""]]]"
Ǔ,com.apple.keylayout.Inuktitut-Nunavut,"[[9, [""option""]], [32, [""shift""]]]"
Û,com.apple.keylayout.Inuktitut-Nunavut,"[[22, [""option""]], [32, [""shift""]]]"
Ṷ,com.apple.keylayout.Inuktitut-Nunavut,"[[5, [""option"", ""shift""]], [32, [""shift""]]]"
Ü,com.apple.keylayout.Inuktitut-Nunavut,"[[32, [""option""]], [32, [""shift""]]]"
Ụ,com.apple.keylayout.Inuktitut-Nunavut,"[[7, [""option""]], [32, [""shift""]]]"
Ű,com.apple.keylayout.Inuktitut-Nunavut,"[[38, [""option""]], [32, [""shift""]]]"
Ȕ,com.apple.keylayout.Inuktitut-Nunavut,"[[16, [""option"", ""shift""]], [32, [""shift""]]]"
Ù,com.apple.keylayout.Inuktitut-Nunavut,"[[50, [""option""]], [32, [""shift""]]]"
Ủ,com.apple.keylayout.Inuktitut-Nunavut,"[[6, [""option""]], [32, [""shift""]]]"
Ʋ,com.apple.keylayout.Inuktitut-Nunavut,"[[47, [""option"", ""shift""]], [32, [""shift""]]]"
Ư,com.apple.keylayout.Inuktitut-Nunavut,"[[34, [""option""]], [32, [""shift""]]]"
Ȗ,com.apple.keylayout.Inuktitut-Nunavut,"[[1, [""option"", ""shift""]], [32, [""shift""]]]"
Ū,com.apple.keylayout.Inuktitut-Nunavut,"[[0, [""option""]], [32, [""shift""]]]"
Ų,com.apple.keylayout.Inuktitut-Nunavut,"[[46, [""option""]], [32, [""shift""]]]"
Ů,com.apple.keylayout.Inuktitut-Nunavut,"[[40, [""option""]], [32, [""shift""]]]"
Ʊ,com.apple.keylayout.Inuktitut-Nunavut,"[[41, [""option"", ""shift""]], [32, [""shift""]]]"
Ũ,com.apple.keylayout.Inuktitut-Nunavut,"[[45, [""option""]], [32, [""shift""]]]"
Ṵ,com.apple.keylayout.Inuktitut-Nunavut,"[[3, [""option"", ""shift""]], [32, [""shift""]]]"
Ǘ,com.apple.keylayout.Inuktitut-Nunavut,"[[14, [""option""]], [9, [""shift""]]]"
Ǚ,com.apple.keylayout.Inuktitut-Nunavut,"[[9, [""option""]], [9, [""shift""]]]"
Ṿ,com.apple.keylayout.Inuktitut-Nunavut,"[[7, [""option""]], [9, [""shift""]]]"
Ǜ,com.apple.keylayout.Inuktitut-Nunavut,"[[50, [""option""]], [9, [""shift""]]]"
Ǖ,com.apple.keylayout.Inuktitut-Nunavut,"[[0, [""option""]], [9, [""shift""]]]"
Ṽ,com.apple.keylayout.Inuktitut-Nunavut,"[[45, [""option""]], [9, [""shift""]]]"
Ẃ,com.apple.keylayout.Inuktitut-Nunavut,"[[14, [""option""]], [13, [""shift""]]]"
Ŵ,com.apple.keylayout.Inuktitut-Nunavut,"[[22, [""option""]], [13, [""shift""]]]"
Ẅ,com.apple.keylayout.Inuktitut-Nunavut,"[[32, [""option""]], [13, [""shift""]]]"
Ẇ,com.apple.keylayout.Inuktitut-Nunavut,"[[13, [""option""]], [13, [""shift""]]]"
Ẉ,com.apple.keylayout.Inuktitut-Nunavut,"[[7, [""option""]], [13, [""shift""]]]"
Ẁ,com.apple.keylayout.Inuktitut-Nunavut,"[[50, [""option""]], [13, [""shift""]]]"
W̊,com.apple.keylayout.Inuktitut-Nunavut,"[[40, [""option""]], [13, [""shift""]]]"
Ƿ,com.apple.keylayout.Inuktitut-Nunavut,"[[41, [""option"", ""shift""]], [13, [""shift""]]]"
Ẍ,com.apple.keylayout.Inuktitut-Nunavut,"[[32, [""option""]], [7, [""shift""]]]"
Ẋ,com.apple.keylayout.Inuktitut-Nunavut,"[[13, [""option""]], [7, [""shift""]]]"
Ɖ,com.apple.keylayout.Inuktitut-Nunavut,"[[47, [""option"", ""shift""]], [7, [""shift""]]]"
Ý,com.apple.keylayout.Inuktitut-Nunavut,"[[14, [""option""]], [16, [""shift""]]]"
Ŷ,com.apple.keylayout.Inuktitut-Nunavut,"[[22, [""option""]], [16, [""shift""]]]"
Ÿ,com.apple.keylayout.Inuktitut-Nunavut,"[[32, [""option""]], [16, [""shift""]]]"
Ẏ,com.apple.keylayout.Inuktitut-Nunavut,"[[13, [""option""]], [16, [""shift""]]]"
Ỵ,com.apple.keylayout.Inuktitut-Nunavut,"[[7, [""option""]], [16, [""shift""]]]"
Ỳ,com.apple.keylayout.Inuktitut-Nunavut,"[[50, [""option""]], [16, [""shift""]]]"
Ỷ,com.apple.keylayout.Inuktitut-Nunavut,"[[6, [""option""]], [16, [""shift""]]]"
Ƴ,com.apple.keylayout.Inuktitut-Nunavut,"[[47, [""option"", ""shift""]], [16, [""shift""]]]"
Ȳ,com.apple.keylayout.Inuktitut-Nunavut,"[[0, [""option""]], [16, [""shift""]]]"
Y̊,com.apple.keylayout.Inuktitut-Nunavut,"[[40, [""option""]], [16, [""shift""]]]"
Ȝ,com.apple.keylayout.Inuktitut-Nunavut,"[[41, [""option"", ""shift""]], [16, [""shift""]]]"
Ỹ,com.apple.keylayout.Inuktitut-Nunavut,"[[45, [""option""]], [16, [""shift""]]]"
Ź,com.apple.keylayout.Inuktitut-Nunavut,"[[14, [""option""]], [6, [""shift""]]]"
Ž,com.apple.keylayout.Inuktitut-Nunavut,"[[9, [""option""]], [6, [""shift""]]]"
Z̧,com.apple.keylayout.Inuktitut-Nunavut,"[[8, [""option""]], [6, [""shift""]]]"
Ẑ,com.apple.keylayout.Inuktitut-Nunavut,"[[22, [""option""]], [6, [""shift""]]]"
Ż,com.apple.keylayout.Inuktitut-Nunavut,"[[13, [""option""]], [6, [""shift""]]]"
Ẓ,com.apple.keylayout.Inuktitut-Nunavut,"[[7, [""option""]], [6, [""shift""]]]"
Ȥ,com.apple.keylayout.Inuktitut-Nunavut,"[[47, [""option"", ""shift""]], [6, [""shift""]]]"
Z̄,com.apple.keylayout.Inuktitut-Nunavut,"[[0, [""option""]], [6, [""shift""]]]"
Ẕ,com.apple.keylayout.Inuktitut-Nunavut,"[[4, [""option""]], [6, [""shift""]]]"
Ʒ,com.apple.keylayout.Inuktitut-Nunavut,"[[41, [""option"", ""shift""]], [6, [""shift""]]]"
Ƶ,com.apple.keylayout.Inuktitut-Nunavut,"[[37, [""option""]], [6, [""shift""]]]"
Ƅ,com.apple.keylayout.Inuktitut-Nunavut,"[[41, [""option"", ""shift""]], [22, [""shift""]]]"
á,com.apple.keylayout.Inuktitut-Nunavut,"[[14, [""option""]], [0, []]]"
ă,com.apple.keylayout.Inuktitut-Nunavut,"[[11, [""option""]], [0, []]]"
ǎ,com.apple.keylayout.Inuktitut-Nunavut,"[[9, [""option""]], [0, []]]"
â,com.apple.keylayout.Inuktitut-Nunavut,"[[22, [""option""]], [0, []]]"
ä,com.apple.keylayout.Inuktitut-Nunavut,"[[32, [""option""]], [0, []]]"
ȧ,com.apple.keylayout.Inuktitut-Nunavut,"[[13, [""option""]], [0, []]]"
ạ,com.apple.keylayout.Inuktitut-Nunavut,"[[7, [""option""]], [0, []]]"
ȁ,com.apple.keylayout.Inuktitut-Nunavut,"[[16, [""option"", ""shift""]], [0, []]]"
à,com.apple.keylayout.Inuktitut-Nunavut,"[[50, [""option""]], [0, []]]"
ả,com.apple.keylayout.Inuktitut-Nunavut,"[[6, [""option""]], [0, []]]"
ȃ,com.apple.keylayout.Inuktitut-Nunavut,"[[1, [""option"", ""shift""]], [0, []]]"
ā,com.apple.keylayout.Inuktitut-Nunavut,"[[0, [""option""]], [0, []]]"
ą,com.apple.keylayout.Inuktitut-Nunavut,"[[46, [""option""]], [0, []]]"
å,com.apple.keylayout.Inuktitut-Nunavut,"[[40, [""option""]], [0, []]]"
ə,com.apple.keylayout.Inuktitut-Nunavut,"[[41, [""option"", ""shift""]], [0, []]]"
ã,com.apple.keylayout.Inuktitut-Nunavut,"[[45, [""option""]], [0, []]]"
ḃ,com.apple.keylayout.Inuktitut-Nunavut,"[[13, [""option""]], [11, []]]"
ḅ,com.apple.keylayout.Inuktitut-Nunavut,"[[7, [""option""]], [11, []]]"
ɓ,com.apple.keylayout.Inuktitut-Nunavut,"[[47, [""option"", ""shift""]], [11, []]]"
ḇ,com.apple.keylayout.Inuktitut-Nunavut,"[[4, [""option""]], [11, []]]"
ƀ,com.apple.keylayout.Inuktitut-Nunavut,"[[37, [""option""]], [11, []]]"
ć,com.apple.keylayout.Inuktitut-Nunavut,"[[14, [""option""]], [8, []]]"
č,com.apple.keylayout.Inuktitut-Nunavut,"[[9, [""option""]], [8, []]]"
ç,com.apple.keylayout.Inuktitut-Nunavut,"[[8, [""option""]], [8, []]]"
ĉ,com.apple.keylayout.Inuktitut-Nunavut,"[[22, [""option""]], [8, []]]"
ċ,com.apple.keylayout.Inuktitut-Nunavut,"[[13, [""option""]], [8, []]]"
ƈ,com.apple.keylayout.Inuktitut-Nunavut,"[[47, [""option"", ""shift""]], [8, []]]"
ɔ,com.apple.keylayout.Inuktitut-Nunavut,"[[41, [""option"", ""shift""]], [8, []]]"
ď,com.apple.keylayout.Inuktitut-Nunavut,"[[9, [""option""]], [2, []]]"
ḑ,com.apple.keylayout.Inuktitut-Nunavut,"[[8, [""option""]], [2, []]]"
ḓ,com.apple.keylayout.Inuktitut-Nunavut,"[[5, [""option"", ""shift""]], [2, []]]"
ḋ,com.apple.keylayout.Inuktitut-Nunavut,"[[13, [""option""]], [2, []]]"
ḍ,com.apple.keylayout.Inuktitut-Nunavut,"[[7, [""option""]], [2, []]]"
ɗ,com.apple.keylayout.Inuktitut-Nunavut,"[[47, [""option"", ""shift""]], [2, []]]"
ḏ,com.apple.keylayout.Inuktitut-Nunavut,"[[4, [""option""]], [2, []]]"
đ,com.apple.keylayout.Inuktitut-Nunavut,"[[37, [""option""]], [2, []]]"
é,com.apple.keylayout.Inuktitut-Nunavut,"[[14, [""option""]], [14, []]]"
ĕ,com.apple.keylayout.Inuktitut-Nunavut,"[[11, [""option""]], [14, []]]"
ě,com.apple.keylayout.Inuktitut-Nunavut,"[[9, [""option""]], [14, []]]"
ȩ,com.apple.keylayout.Inuktitut-Nunavut,"[[8, [""option""]], [14, []]]"
ê,com.apple.keylayout.Inuktitut-Nunavut,"[[22, [""option""]], [14, []]]"
ḙ,com.apple.keylayout.Inuktitut-Nunavut,"[[5, [""option"", ""shift""]], [14, []]]"
ë,com.apple.keylayout.Inuktitut-Nunavut,"[[32, [""option""]], [14, []]]"
ė,com.apple.keylayout.Inuktitut-Nunavut,"[[13, [""option""]], [14, []]]"
ẹ,com.apple.keylayout.Inuktitut-Nunavut,"[[7, [""option""]], [14, []]]"
ȅ,com.apple.keylayout.Inuktitut-Nunavut,"[[16, [""option"", ""shift""]], [14, []]]"
è,com.apple.keylayout.Inuktitut-Nunavut,"[[50, [""option""]], [14, []]]"
ẻ,com.apple.keylayout.Inuktitut-Nunavut,"[[6, [""option""]], [14, []]]"
ȇ,com.apple.keylayout.Inuktitut-Nunavut,"[[1, [""option"", ""shift""]], [14, []]]"
ē,com.apple.keylayout.Inuktitut-Nunavut,"[[0, [""option""]], [14, []]]"
ę,com.apple.keylayout.Inuktitut-Nunavut,"[[46, [""option""]], [14, []]]"
e̊,com.apple.keylayout.Inuktitut-Nunavut,"[[40, [""option""]], [14, []]]"
ǝ,com.apple.keylayout.Inuktitut-Nunavut,"[[41, [""option"", ""shift""]], [14, []]]"
ẽ,com.apple.keylayout.Inuktitut-Nunavut,"[[45, [""option""]], [14, []]]"
ḛ,com.apple.keylayout.Inuktitut-Nunavut,"[[3, [""option"", ""shift""]], [14, []]]"
ḟ,com.apple.keylayout.Inuktitut-Nunavut,"[[13, [""option""]], [3, []]]"
ƒ,com.apple.keylayout.Inuktitut-Nunavut,"[[47, [""option"", ""shift""]], [3, []]]"
ǵ,com.apple.keylayout.Inuktitut-Nunavut,"[[14, [""option""]], [5, []]]"
ğ,com.apple.keylayout.Inuktitut-Nunavut,"[[11, [""option""]], [5, []]]"
ǧ,com.apple.keylayout.Inuktitut-Nunavut,"[[9, [""option""]], [5, []]]"
ģ,com.apple.keylayout.Inuktitut-Nunavut,"[[8, [""option""]], [5, []]]"
ĝ,com.apple.keylayout.Inuktitut-Nunavut,"[[22, [""option""]], [5, []]]"
ġ,com.apple.keylayout.Inuktitut-Nunavut,"[[13, [""option""]], [5, []]]"
ɠ,com.apple.keylayout.Inuktitut-Nunavut,"[[47, [""option"", ""shift""]], [5, []]]"
ḡ,com.apple.keylayout.Inuktitut-Nunavut,"[[0, [""option""]], [5, []]]"
ɣ,com.apple.keylayout.Inuktitut-Nunavut,"[[41, [""option"", ""shift""]], [5, []]]"
ǥ,com.apple.keylayout.Inuktitut-Nunavut,"[[37, [""option""]], [5, []]]"
ḫ,com.apple.keylayout.Inuktitut-Nunavut,"[[11, [""option""]], [4, []]]"
ȟ,com.apple.keylayout.Inuktitut-Nunavut,"[[9, [""option""]], [4, []]]"
ḩ,com.apple.keylayout.Inuktitut-Nunavut,"[[8, [""option""]], [4, []]]"
ĥ,com.apple.keylayout.Inuktitut-Nunavut,"[[22, [""option""]], [4, []]]"
ḧ,com.apple.keylayout.Inuktitut-Nunavut,"[[32, [""option""]], [4, []]]"
ḣ,com.apple.keylayout.Inuktitut-Nunavut,"[[13, [""option""]], [4, []]]"
ḥ,com.apple.keylayout.Inuktitut-Nunavut,"[[7, [""option""]], [4, []]]"
ɦ,com.apple.keylayout.Inuktitut-Nunavut,"[[47, [""option"", ""shift""]], [4, []]]"
ẖ,com.apple.keylayout.Inuktitut-Nunavut,"[[4, [""option""]], [4, []]]"
ƕ,com.apple.keylayout.Inuktitut-Nunavut,"[[41, [""option"", ""shift""]], [4, []]]"
ħ,com.apple.keylayout.Inuktitut-Nunavut,"[[37, [""option""]], [4, []]]"
í,com.apple.keylayout.Inuktitut-Nunavut,"[[14, [""option""]], [34, []]]"
ĭ,com.apple.keylayout.Inuktitut-Nunavut,"[[11, [""option""]], [34, []]]"
ǐ,com.apple.keylayout.Inuktitut-Nunavut,"[[9, [""option""]], [34, []]]"
î,com.apple.keylayout.Inuktitut-Nunavut,"[[22, [""option""]], [34, []]]"
ï,com.apple.keylayout.Inuktitut-Nunavut,"[[32, [""option""]], [34, []]]"
ı,com.apple.keylayout.Inuktitut-Nunavut,"[[13, [""option""]], [34, []]]"
ị,com.apple.keylayout.Inuktitut-Nunavut,"[[7, [""option""]], [34, []]]"
ȉ,com.apple.keylayout.Inuktitut-Nunavut,"[[16, [""option"", ""shift""]], [34, []]]"
ì,com.apple.keylayout.Inuktitut-Nunavut,"[[50, [""option""]], [34, []]]"
ỉ,com.apple.keylayout.Inuktitut-Nunavut,"[[6, [""option""]], [34, []]]"
ɩ,com.apple.keylayout.Inuktitut-Nunavut,"[[47, [""option"", ""shift""]], [34, []]]"
ȋ,com.apple.keylayout.Inuktitut-Nunavut,"[[1, [""option"", ""shift""]], [34, []]]"
ī,com.apple.keylayout.Inuktitut-Nunavut,"[[0, [""option""]], [34, []]]"
į,com.apple.keylayout.Inuktitut-Nunavut,"[[46, [""option""]], [34, []]]"
ɨ,com.apple.keylayout.Inuktitut-Nunavut,"[[37, [""option""]], [34, []]]"
ĩ,com.apple.keylayout.Inuktitut-Nunavut,"[[45, [""option""]], [34, []]]"
ḭ,com.apple.keylayout.Inuktitut-Nunavut,"[[3, [""option"", ""shift""]], [34, []]]"
ǰ,com.apple.keylayout.Inuktitut-Nunavut,"[[9, [""option""]], [38, []]]"
ĵ,com.apple.keylayout.Inuktitut-Nunavut,"[[22, [""option""]], [38, []]]"
ƞ,com.apple.keylayout.Inuktitut-Nunavut,"[[41, [""option"", ""shift""]], [38, []]]"
ḱ,com.apple.keylayout.Inuktitut-Nunavut,"[[14, [""option""]], [40, []]]"
ǩ,com.apple.keylayout.Inuktitut-Nunavut,"[[9, [""option""]], [40, []]]"
ķ,com.apple.keylayout.Inuktitut-Nunavut,"[[8, [""option""]], [40, []]]"
ḳ,com.apple.keylayout.Inuktitut-Nunavut,"[[7, [""option""]], [40, []]]"
ƙ,com.apple.keylayout.Inuktitut-Nunavut,"[[47, [""option"", ""shift""]], [40, []]]"
ḵ,com.apple.keylayout.Inuktitut-Nunavut,"[[4, [""option""]], [40, []]]"
ĸ,com.apple.keylayout.Inuktitut-Nunavut,"[[41, [""option"", ""shift""]], [40, []]]"
ĺ,com.apple.keylayout.Inuktitut-Nunavut,"[[14, [""option""]], [37, []]]"
ľ,com.apple.keylayout.Inuktitut-Nunavut,"[[9, [""option""]], [37, []]]"
ļ,com.apple.keylayout.Inuktitut-Nunavut,"[[8, [""option""]], [37, []]]"
ḽ,com.apple.keylayout.Inuktitut-Nunavut,"[[5, [""option"", ""shift""]], [37, []]]"
ḷ,com.apple.keylayout.Inuktitut-Nunavut,"[[7, [""option""]], [37, []]]"
ḹ,com.apple.keylayout.Inuktitut-Nunavut,"[[0, [""option""]], [37, []]]"
ḻ,com.apple.keylayout.Inuktitut-Nunavut,"[[4, [""option""]], [37, []]]"
ł,com.apple.keylayout.Inuktitut-Nunavut,"[[37, [""option""]], [37, []]]"
ḿ,com.apple.keylayout.Inuktitut-Nunavut,"[[14, [""option""]], [46, []]]"
m̂,com.apple.keylayout.Inuktitut-Nunavut,"[[22, [""option""]], [46, []]]"
ṁ,com.apple.keylayout.Inuktitut-Nunavut,"[[13, [""option""]], [46, []]]"
ṃ,com.apple.keylayout.Inuktitut-Nunavut,"[[7, [""option""]], [46, []]]"
ɯ,com.apple.keylayout.Inuktitut-Nunavut,"[[41, [""option"", ""shift""]], [46, []]]"
ń,com.apple.keylayout.Inuktitut-Nunavut,"[[14, [""option""]], [45, []]]"
ň,com.apple.keylayout.Inuktitut-Nunavut,"[[9, [""option""]], [45, []]]"
ņ,com.apple.keylayout.Inuktitut-Nunavut,"[[8, [""option""]], [45, []]]"
n̂,com.apple.keylayout.Inuktitut-Nunavut,"[[22, [""option""]], [45, []]]"
ṋ,com.apple.keylayout.Inuktitut-Nunavut,"[[5, [""option"", ""shift""]], [45, []]]"
ṅ,com.apple.keylayout.Inuktitut-Nunavut,"[[13, [""option""]], [45, []]]"
ṇ,com.apple.keylayout.Inuktitut-Nunavut,"[[7, [""option""]], [45, []]]"
ǹ,com.apple.keylayout.Inuktitut-Nunavut,"[[50, [""option""]], [45, []]]"
ɲ,com.apple.keylayout.Inuktitut-Nunavut,"[[47, [""option"", ""shift""]], [45, []]]"
ṉ,com.apple.keylayout.Inuktitut-Nunavut,"[[4, [""option""]], [45, []]]"
ŋ,com.apple.keylayout.Inuktitut-Nunavut,"[[41, [""option"", ""shift""]], [45, []]]"
ñ,com.apple.keylayout.Inuktitut-Nunavut,"[[45, [""option""]], [45, []]]"
ó,com.apple.keylayout.Inuktitut-Nunavut,"[[14, [""option""]], [31, []]]"
ŏ,com.apple.keylayout.Inuktitut-Nunavut,"[[11, [""option""]], [31, []]]"
ǒ,com.apple.keylayout.Inuktitut-Nunavut,"[[9, [""option""]], [31, []]]"
ô,com.apple.keylayout.Inuktitut-Nunavut,"[[22, [""option""]], [31, []]]"
ö,com.apple.keylayout.Inuktitut-Nunavut,"[[32, [""option""]], [31, []]]"
ȯ,com.apple.keylayout.Inuktitut-Nunavut,"[[13, [""option""]], [31, []]]"
ọ,com.apple.keylayout.Inuktitut-Nunavut,"[[7, [""option""]], [31, []]]"
ő,com.apple.keylayout.Inuktitut-Nunavut,"[[38, [""option""]], [31, []]]"
ȍ,com.apple.keylayout.Inuktitut-Nunavut,"[[16, [""option"", ""shift""]], [31, []]]"
ò,com.apple.keylayout.Inuktitut-Nunavut,"[[50, [""option""]], [31, []]]"
ỏ,com.apple.keylayout.Inuktitut-Nunavut,"[[6, [""option""]], [31, []]]"
ơ,com.apple.keylayout.Inuktitut-Nunavut,"[[34, [""option""]], [31, []]]"
ȏ,com.apple.keylayout.Inuktitut-Nunavut,"[[1, [""option"", ""shift""]], [31, []]]"
ō,com.apple.keylayout.Inuktitut-Nunavut,"[[0, [""option""]], [31, []]]"
ǫ,com.apple.keylayout.Inuktitut-Nunavut,"[[46, [""option""]], [31, []]]"
o̊,com.apple.keylayout.Inuktitut-Nunavut,"[[40, [""option""]], [31, []]]"
ɵ,com.apple.keylayout.Inuktitut-Nunavut,"[[37, [""option""]], [31, []]]"
õ,com.apple.keylayout.Inuktitut-Nunavut,"[[45, [""option""]], [31, []]]"
ṕ,com.apple.keylayout.Inuktitut-Nunavut,"[[14, [""option""]], [35, []]]"
ṗ,com.apple.keylayout.Inuktitut-Nunavut,"[[13, [""option""]], [35, []]]"
ƥ,com.apple.keylayout.Inuktitut-Nunavut,"[[47, [""option"", ""shift""]], [35, []]]"
ʠ,com.apple.keylayout.Inuktitut-Nunavut,"[[47, [""option"", ""shift""]], [12, []]]"
ƣ,com.apple.keylayout.Inuktitut-Nunavut,"[[41, [""option"", ""shift""]], [12, []]]"
ŕ,com.apple.keylayout.Inuktitut-Nunavut,"[[14, [""option""]], [15, []]]"
ř,com.apple.keylayout.Inuktitut-Nunavut,"[[9, [""option""]], [15, []]]"
ŗ,com.apple.keylayout.Inuktitut-Nunavut,"[[8, [""option""]], [15, []]]"
ṙ,com.apple.keylayout.Inuktitut-Nunavut,"[[13, [""option""]], [15, []]]"
ṛ,com.apple.keylayout.Inuktitut-Nunavut,"[[7, [""option""]], [15, []]]"
ȑ,com.apple.keylayout.Inuktitut-Nunavut,"[[16, [""option"", ""shift""]], [15, []]]"
ʈ,com.apple.keylayout.Inuktitut-Nunavut,"[[47, [""option"", ""shift""]], [15, []]]"
ȓ,com.apple.keylayout.Inuktitut-Nunavut,"[[1, [""option"", ""shift""]], [15, []]]"
ṝ,com.apple.keylayout.Inuktitut-Nunavut,"[[0, [""option""]], [15, []]]"
ṟ,com.apple.keylayout.Inuktitut-Nunavut,"[[4, [""option""]], [15, []]]"
ʀ,com.apple.keylayout.Inuktitut-Nunavut,"[[41, [""option"", ""shift""]], [15, []]]"
ś,com.apple.keylayout.Inuktitut-Nunavut,"[[14, [""option""]], [1, []]]"
š,com.apple.keylayout.Inuktitut-Nunavut,"[[9, [""option""]], [1, []]]"
ş,com.apple.keylayout.Inuktitut-Nunavut,"[[8, [""option""]], [1, []]]"
ŝ,com.apple.keylayout.Inuktitut-Nunavut,"[[22, [""option""]], [1, []]]"
ș,com.apple.keylayout.Inuktitut-Nunavut,"[[35, [""option""]], [1, []]]"
ṡ,com.apple.keylayout.Inuktitut-Nunavut,"[[13, [""option""]], [1, []]]"
ṣ,com.apple.keylayout.Inuktitut-Nunavut,"[[7, [""option""]], [1, []]]"
ʃ,com.apple.keylayout.Inuktitut-Nunavut,"[[47, [""option"", ""shift""]], [1, []]]"
s̄,com.apple.keylayout.Inuktitut-Nunavut,"[[0, [""option""]], [1, []]]"
ſ,com.apple.keylayout.Inuktitut-Nunavut,"[[41, [""option"", ""shift""]], [1, []]]"
ť,com.apple.keylayout.Inuktitut-Nunavut,"[[9, [""option""]], [17, []]]"
ţ,com.apple.keylayout.Inuktitut-Nunavut,"[[8, [""option""]], [17, []]]"
ṱ,com.apple.keylayout.Inuktitut-Nunavut,"[[5, [""option"", ""shift""]], [17, []]]"
ț,com.apple.keylayout.Inuktitut-Nunavut,"[[35, [""option""]], [17, []]]"
ẗ,com.apple.keylayout.Inuktitut-Nunavut,"[[32, [""option""]], [17, []]]"
ṫ,com.apple.keylayout.Inuktitut-Nunavut,"[[13, [""option""]], [17, []]]"
ṭ,com.apple.keylayout.Inuktitut-Nunavut,"[[7, [""option""]], [17, []]]"
ƭ,com.apple.keylayout.Inuktitut-Nunavut,"[[47, [""option"", ""shift""]], [17, []]]"
ṯ,com.apple.keylayout.Inuktitut-Nunavut,"[[4, [""option""]], [17, []]]"
ŧ,com.apple.keylayout.Inuktitut-Nunavut,"[[37, [""option""]], [17, []]]"
ú,com.apple.keylayout.Inuktitut-Nunavut,"[[14, [""option""]], [32, []]]"
ŭ,com.apple.keylayout.Inuktitut-Nunavut,"[[11, [""option""]], [32, []]]"
ǔ,com.apple.keylayout.Inuktitut-Nunavut,"[[9, [""option""]], [32, []]]"
û,com.apple.keylayout.Inuktitut-Nunavut,"[[22, [""option""]], [32, []]]"
ṷ,com.apple.keylayout.Inuktitut-Nunavut,"[[5, [""option"", ""shift""]], [32, []]]"
ü,com.apple.keylayout.Inuktitut-Nunavut,"[[32, [""option""]], [32, []]]"
ụ,com.apple.keylayout.Inuktitut-Nunavut,"[[7, [""option""]], [32, []]]"
ű,com.apple.keylayout.Inuktitut-Nunavut,"[[38, [""option""]], [32, []]]"
ȕ,com.apple.keylayout.Inuktitut-Nunavut,"[[16, [""option"", ""shift""]], [32, []]]"
ù,com.apple.keylayout.Inuktitut-Nunavut,"[[50, [""option""]], [32, []]]"
ủ,com.apple.keylayout.Inuktitut-Nunavut,"[[6, [""option""]], [32, []]]"
ʋ,com.apple.keylayout.Inuktitut-Nunavut,"[[47, [""option"", ""shift""]], [32, []]]"
ư,com.apple.keylayout.Inuktitut-Nunavut,"[[34, [""option""]], [32, []]]"
ȗ,com.apple.keylayout.Inuktitut-Nunavut,"[[1, [""option"", ""shift""]], [32, []]]"
ū,com.apple.keylayout.Inuktitut-Nunavut,"[[0, [""option""]], [32, []]]"
ų,com.apple.keylayout.Inuktitut-Nunavut,"[[46, [""option""]], [32, []]]"
ů,com.apple.keylayout.Inuktitut-Nunavut,"[[40, [""option""]], [32, []]]"
ʊ,com.apple.keylayout.Inuktitut-Nunavut,"[[41, [""option"", ""shift""]], [32, []]]"
ʉ,com.apple.keylayout.Inuktitut-Nunavut,"[[37, [""option""]], [32, []]]"
ũ,com.apple.keylayout.Inuktitut-Nunavut,"[[45, [""option""]], [32, []]]"
ṵ,com.apple.keylayout.Inuktitut-Nunavut,"[[3, [""option"", ""shift""]], [32, []]]"
ǘ,com.apple.keylayout.Inuktitut-Nunavut,"[[14, [""option""]], [9, []]]"
ǚ,com.apple.keylayout.Inuktitut-Nunavut,"[[9, [""option""]], [9, []]]"
ṿ,com.apple.keylayout.Inuktitut-Nunavut,"[[7, [""option""]], [9, []]]"
ǜ,com.apple.keylayout.Inuktitut-Nunavut,"[[50, [""option""]], [9, []]]"
ǖ,com.apple.keylayout.Inuktitut-Nunavut,"[[0, [""option""]], [9, []]]"
ʌ,com.apple.keylayout.Inuktitut-Nunavut,"[[41, [""option"", ""shift""]], [9, []]]"
ṽ,com.apple.keylayout.Inuktitut-Nunavut,"[[45, [""option""]], [9, []]]"
ẃ,com.apple.keylayout.Inuktitut-Nunavut,"[[14, [""option""]], [13, []]]"
ŵ,com.apple.keylayout.Inuktitut-Nunavut,"[[22, [""option""]], [13, []]]"
ẅ,com.apple.keylayout.Inuktitut-Nunavut,"[[32, [""option""]], [13, []]]"
ẇ,com.apple.keylayout.Inuktitut-Nunavut,"[[13, [""option""]], [13, []]]"
ẉ,com.apple.keylayout.Inuktitut-Nunavut,"[[7, [""option""]], [13, []]]"
ẁ,com.apple.keylayout.Inuktitut-Nunavut,"[[50, [""option""]], [13, []]]"
ẘ,com.apple.keylayout.Inuktitut-Nunavut,"[[40, [""option""]], [13, []]]"
ƿ,com.apple.keylayout.Inuktitut-Nunavut,"[[41, [""option"", ""shift""]], [13, []]]"
ẍ,com.apple.keylayout.Inuktitut-Nunavut,"[[32, [""option""]], [7, []]]"
ẋ,com.apple.keylayout.Inuktitut-Nunavut,"[[13, [""option""]], [7, []]]"
ɖ,com.apple.keylayout.Inuktitut-Nunavut,"[[47, [""option"", ""shift""]], [7, []]]"
ý,com.apple.keylayout.Inuktitut-Nunavut,"[[14, [""option""]], [16, []]]"
ŷ,com.apple.keylayout.Inuktitut-Nunavut,"[[22, [""option""]], [16, []]]"
ÿ,com.apple.keylayout.Inuktitut-Nunavut,"[[32, [""option""]], [16, []]]"
ẏ,com.apple.keylayout.Inuktitut-Nunavut,"[[13, [""option""]], [16, []]]"
ỵ,com.apple.keylayout.Inuktitut-Nunavut,"[[7, [""option""]], [16, []]]"
ỳ,com.apple.keylayout.Inuktitut-Nunavut,"[[50, [""option""]], [16, []]]"
ỷ,com.apple.keylayout.Inuktitut-Nunavut,"[[6, [""option""]], [16, []]]"
ƴ,com.apple.keylayout.Inuktitut-Nunavut,"[[47, [""option"", ""shift""]], [16, []]]"
ȳ,com.apple.keylayout.Inuktitut-Nunavut,"[[0, [""option""]], [16, []]]"
ẙ,com.apple.keylayout.Inuktitut-Nunavut,"[[40, [""option""]], [16, []]]"
ȝ,com.apple.keylayout.Inuktitut-Nunavut,"[[41, [""option"", ""shift""]], [16, []]]"
ỹ,com.apple.keylayout.Inuktitut-Nunavut,"[[45, [""option""]], [16, []]]"
ź,com.apple.keylayout.Inuktitut-Nunavut,"[[14, [""option""]], [6, []]]"
ž,com.apple.keylayout.Inuktitut-Nunavut,"[[9, [""option""]], [6, []]]"
z̧,com.apple.keylayout.Inuktitut-Nunavut,"[[8, [""option""]], [6, []]]"
ẑ,com.apple.keylayout.Inuktitut-Nunavut,"[[22, [""option""]], [6, []]]"
ż,com.apple.keylayout.Inuktitut-Nunavut,"[[13, [""option""]], [6, []]]"
ẓ,com.apple.keylayout.Inuktitut-Nunavut,"[[7, [""option""]], [6, []]]"
ȥ,com.apple.keylayout.Inuktitut-Nunavut,"[[47, [""option"", ""shift""]], [6, []]]"
z̄,com.apple.keylayout.Inuktitut-Nunavut,"[[0, [""option""]], [6, []]]"
ẕ,com.apple.keylayout.Inuktitut-Nunavut,"[[4, [""option""]], [6, []]]"
ʒ,com.apple.keylayout.Inuktitut-Nunavut,"[[41, [""option"", ""shift""]], [6, []]]"
ƶ,com.apple.keylayout.Inuktitut-Nunavut,"[[37, [""option""]], [6, []]]"
Ǽ,com.apple.keylayout.Inuktitut-Nunavut,"[[14, [""option""]], [39, [""option"", ""shift""]]]"
Ǣ,com.apple.keylayout.Inuktitut-Nunavut,"[[0, [""option""]], [39, [""option"", ""shift""]]]"
Ǿ,com.apple.keylayout.Inuktitut-Nunavut,"[[14, [""option""]], [31, [""option"", ""shift""]]]"
ǽ,com.apple.keylayout.Inuktitut-Nunavut,"[[14, [""option""]], [39, [""option""]]]"
ǣ,com.apple.keylayout.Inuktitut-Nunavut,"[[0, [""option""]], [39, [""option""]]]"
ǿ,com.apple.keylayout.Inuktitut-Nunavut,"[[14, [""option""]], [31, [""option""]]]"
ʻ,com.apple.keylayout.Inuktitut-Nunavut,"[[41, [""option"", ""shift""]], [30, [""option""]]]"
ʼ,com.apple.keylayout.Inuktitut-Nunavut,"[[41, [""option"", ""shift""]], [30, [""option"", ""shift""]]]"
ʽ,com.apple.keylayout.Inuktitut-Nunavut,"[[41, [""option"", ""shift""]], [33, [""option""]]]"
´,com.apple.keylayout.Australian,"[[14, [""option""]], [49, []]]"
¨,com.apple.keylayout.Australian,"[[32, [""option""]], [49, []]]"
ˆ,com.apple.keylayout.Australian,"[[34, [""option""]], [49, []]]"
˜,com.apple.keylayout.Australian,"[[45, [""option""]], [49, []]]"
`,com.apple.keylayout.Australian,"[[50, [""option""]], [49, []]]"
Á,com.apple.keylayout.Australian,"[[14, [""option""]], [0, [""shift""]]]"
Ä,com.apple.keylayout.Australian,"[[32, [""option""]], [0, [""shift""]]]"
Â,com.apple.keylayout.Australian,"[[34, [""option""]], [0, [""shift""]]]"
Ã,com.apple.keylayout.Australian,"[[45, [""option""]], [0, [""shift""]]]"
À,com.apple.keylayout.Australian,"[[50, [""option""]], [0, [""shift""]]]"
É,com.apple.keylayout.Australian,"[[14, [""option""]], [14, [""shift""]]]"
Ë,com.apple.keylayout.Australian,"[[32, [""option""]], [14, [""shift""]]]"
Ê,com.apple.keylayout.Australian,"[[34, [""option""]], [14, [""shift""]]]"
È,com.apple.keylayout.Australian,"[[50, [""option""]], [14, [""shift""]]]"
Í,com.apple.keylayout.Australian,"[[14, [""option""]], [34, [""shift""]]]"
Ï,com.apple.keylayout.Australian,"[[32, [""option""]], [34, [""shift""]]]"
Î,com.apple.keylayout.Australian,"[[34, [""option""]], [34, [""shift""]]]"
Ì,com.apple.keylayout.Australian,"[[50, [""option""]], [34, [""shift""]]]"
Ñ,com.apple.keylayout.Australian,"[[45, [""option""]], [45, [""shift""]]]"
Ó,com.apple.keylayout.Australian,"[[14, [""option""]], [31, [""shift""]]]"
Ö,com.apple.keylayout.Australian,"[[32, [""option""]], [31, [""shift""]]]"
Ô,com.apple.keylayout.Australian,"[[34, [""option""]], [31, [""shift""]]]"
Õ,com.apple.keylayout.Australian,"[[45, [""option""]], [31, [""shift""]]]"
Ò,com.apple.keylayout.Australian,"[[50, [""option""]], [31, [""shift""]]]"
Ú,com.apple.keylayout.Australian,"[[14, [""option""]], [32, [""shift""]]]"
Ü,com.apple.keylayout.Australian,"[[32, [""option""]], [32, [""shift""]]]"
Û,com.apple.keylayout.Australian,"[[34, [""option""]], [32, [""shift""]]]"
Ù,com.apple.keylayout.Australian,"[[50, [""option""]], [32, [""shift""]]]"
Ÿ,com.apple.keylayout.Australian,"[[32, [""option""]], [16, [""shift""]]]"
á,com.apple.keylayout.Australian,"[[14, [""option""]], [0, []]]"
ä,com.apple.keylayout.Australian,"[[32, [""option""]], [0, []]]"
â,com.apple.keylayout.Australian,"[[34, [""option""]], [0, []]]"
ã,com.apple.keylayout.Australian,"[[45, [""option""]], [0, []]]"
à,com.apple.keylayout.Australian,"[[50, [""option""]], [0, []]]"
é,com.apple.keylayout.Australian,"[[14, [""option""]], [14, []]]"
ë,com.apple.keylayout.Australian,"[[32, [""option""]], [14, []]]"
ê,com.apple.keylayout.Australian,"[[34, [""option""]], [14, []]]"
è,com.apple.keylayout.Australian,"[[50, [""option""]], [14, []]]"
í,com.apple.keylayout.Australian,"[[14, [""option""]], [34, []]]"
ï,com.apple.keylayout.Australian,"[[32, [""option""]], [34, []]]"
î,com.apple.keylayout.Australian,"[[34, [""option""]], [34, []]]"
ì,com.apple.keylayout.Australian,"[[50, [""option""]], [34, []]]"
ñ,com.apple.keylayout.Australian,"[[45, [""option""]], [45, []]]"
ó,com.apple.keylayout.Australian,"[[14, [""option""]], [31, []]]"
ö,com.apple.keylayout.Australian,"[[32, [""option""]], [31, []]]"
ô,com.apple.keylayout.Australian,"[[34, [""option""]], [31, []]]"
õ,com.apple.keylayout.Australian,"[[45, [""option""]], [31, []]]"
ò,com.apple.keylayout.Australian,"[[50, [""option""]], [31, []]]"
ú,com.apple.keylayout.Australian,"[[14, [""option""]], [32, []]]"
ü,com.apple.keylayout.Australian,"[[32, [""option""]], [32, []]]"
û,com.apple.keylayout.Australian,"[[34, [""option""]], [32, []]]"
ù,com.apple.keylayout.Australian,"[[50, [""option""]], [32, []]]"
ÿ,com.apple.keylayout.Australian,"[[32, [""option""]], [16, []]]"
´,com.apple.keylayout.FinnishExtended,"[[24, []], [49, []]]"
˘,com.apple.keylayout.FinnishExtended,"[[16, [""option""]], [49, []]]"
ˇ,com.apple.keylayout.FinnishExtended,"[[15, [""option""]], [49, []]]"
¸,com.apple.keylayout.FinnishExtended,"[[8, [""option""]], [49, []]]"
^,com.apple.keylayout.FinnishExtended,"[[30, [""shift""]], [49, []]]"
‸,com.apple.keylayout.FinnishExtended,"[[23, [""option""]], [49, []]]"
",",com.apple.keylayout.FinnishExtended,"[[13, [""option""]], [49, []]]"
¨,com.apple.keylayout.FinnishExtended,"[[30, []], [49, []]]"
˙,com.apple.keylayout.FinnishExtended,"[[35, [""option""]], [49, []]]"
.,com.apple.keylayout.FinnishExtended,"[[5, [""option""]], [49, []]]"
˝,com.apple.keylayout.FinnishExtended,"[[29, [""option""]], [49, []]]"
`,com.apple.keylayout.FinnishExtended,"[[24, [""shift""]], [49, []]]"
ˀ,com.apple.keylayout.FinnishExtended,"[[32, [""option""]], [49, []]]"
ʔ,com.apple.keylayout.FinnishExtended,"[[3, [""option"", ""shift""]], [49, []]]"
ʼ,com.apple.keylayout.FinnishExtended,"[[34, [""option""]], [49, []]]"
¯,com.apple.keylayout.FinnishExtended,"[[0, [""option""]], [49, []]]"
ˍ,com.apple.keylayout.FinnishExtended,"[[7, [""option""]], [49, []]]"
˛,com.apple.keylayout.FinnishExtended,"[[4, [""option""]], [49, []]]"
˚,com.apple.keylayout.FinnishExtended,"[[33, [""option""]], [49, []]]"
№,com.apple.keylayout.FinnishExtended,"[[1, [""option"", ""shift""]], [49, []]]"
-,com.apple.keylayout.FinnishExtended,"[[37, [""option""]], [49, []]]"
~,com.apple.keylayout.FinnishExtended,"[[40, [""option""]], [49, []]]"
 ̰,com.apple.keylayout.FinnishExtended,"[[38, [""option""]], [49, []]]"
ƨ,com.apple.keylayout.FinnishExtended,"[[1, [""option"", ""shift""]], [19, []]]"
ɛ,com.apple.keylayout.FinnishExtended,"[[1, [""option"", ""shift""]], [20, []]]"
ƽ,com.apple.keylayout.FinnishExtended,"[[1, [""option"", ""shift""]], [23, []]]"
ƅ,com.apple.keylayout.FinnishExtended,"[[1, [""option"", ""shift""]], [22, []]]"
⁊,com.apple.keylayout.FinnishExtended,"[[1, [""option"", ""shift""]], [26, []]]"
Á,com.apple.keylayout.FinnishExtended,"[[24, []], [0, [""shift""]]]"
Ă,com.apple.keylayout.FinnishExtended,"[[16, [""option""]], [0, [""shift""]]]"
Ǎ,com.apple.keylayout.FinnishExtended,"[[15, [""option""]], [0, [""shift""]]]"
Â,com.apple.keylayout.FinnishExtended,"[[30, [""shift""]], [0, [""shift""]]]"
Ä,com.apple.keylayout.FinnishExtended,"[[30, []], [0, [""shift""]]]"
Ȧ,com.apple.keylayout.FinnishExtended,"[[35, [""option""]], [0, [""shift""]]]"
Ạ,com.apple.keylayout.FinnishExtended,"[[5, [""option""]], [0, [""shift""]]]"
À,com.apple.keylayout.FinnishExtended,"[[24, [""shift""]], [0, [""shift""]]]"
Ả,com.apple.keylayout.FinnishExtended,"[[32, [""option""]], [0, [""shift""]]]"
Ā,com.apple.keylayout.FinnishExtended,"[[0, [""option""]], [0, [""shift""]]]"
Ą,com.apple.keylayout.FinnishExtended,"[[4, [""option""]], [0, [""shift""]]]"
Å,com.apple.keylayout.FinnishExtended,"[[33, [""option""]], [0, [""shift""]]]"
Ə,com.apple.keylayout.FinnishExtended,"[[1, [""option"", ""shift""]], [0, [""shift""]]]"
Ã,com.apple.keylayout.FinnishExtended,"[[40, [""option""]], [0, [""shift""]]]"
Ḃ,com.apple.keylayout.FinnishExtended,"[[35, [""option""]], [11, [""shift""]]]"
Ḅ,com.apple.keylayout.FinnishExtended,"[[5, [""option""]], [11, [""shift""]]]"
Ɓ,com.apple.keylayout.FinnishExtended,"[[3, [""option"", ""shift""]], [11, [""shift""]]]"
Ḇ,com.apple.keylayout.FinnishExtended,"[[7, [""option""]], [11, [""shift""]]]"
Ć,com.apple.keylayout.FinnishExtended,"[[24, []], [8, [""shift""]]]"
Č,com.apple.keylayout.FinnishExtended,"[[15, [""option""]], [8, [""shift""]]]"
Ç,com.apple.keylayout.FinnishExtended,"[[8, [""option""]], [8, [""shift""]]]"
Ĉ,com.apple.keylayout.FinnishExtended,"[[30, [""shift""]], [8, [""shift""]]]"
Ċ,com.apple.keylayout.FinnishExtended,"[[35, [""option""]], [8, [""shift""]]]"
Ƈ,com.apple.keylayout.FinnishExtended,"[[3, [""option"", ""shift""]], [8, [""shift""]]]"
Ɔ,com.apple.keylayout.FinnishExtended,"[[1, [""option"", ""shift""]], [8, [""shift""]]]"
Ď,com.apple.keylayout.FinnishExtended,"[[15, [""option""]], [2, [""shift""]]]"
Ḑ,com.apple.keylayout.FinnishExtended,"[[8, [""option""]], [2, [""shift""]]]"
Ḓ,com.apple.keylayout.FinnishExtended,"[[23, [""option""]], [2, [""shift""]]]"
Ḋ,com.apple.keylayout.FinnishExtended,"[[35, [""option""]], [2, [""shift""]]]"
Ḍ,com.apple.keylayout.FinnishExtended,"[[5, [""option""]], [2, [""shift""]]]"
Ɗ,com.apple.keylayout.FinnishExtended,"[[3, [""option"", ""shift""]], [2, [""shift""]]]"
Ḏ,com.apple.keylayout.FinnishExtended,"[[7, [""option""]], [2, [""shift""]]]"
Đ,com.apple.keylayout.FinnishExtended,"[[37, [""option""]], [2, [""shift""]]]"
É,com.apple.keylayout.FinnishExtended,"[[24, []], [14, [""shift""]]]"
Ĕ,com.apple.keylayout.FinnishExtended,"[[16, [""option""]], [14, [""shift""]]]"
Ě,com.apple.keylayout.FinnishExtended,"[[15, [""option""]], [14, [""shift""]]]"
Ȩ,com.apple.keylayout.FinnishExtended,"[[8, [""option""]], [14, [""shift""]]]"
Ê,com.apple.keylayout.FinnishExtended,"[[30, [""shift""]], [14, [""shift""]]]"
Ḙ,com.apple.keylayout.FinnishExtended,"[[23, [""option""]], [14, [""shift""]]]"
Ë,com.apple.keylayout.FinnishExtended,"[[30, []], [14, [""shift""]]]"
Ė,com.apple.keylayout.FinnishExtended,"[[35, [""option""]], [14, [""shift""]]]"
Ẹ,com.apple.keylayout.FinnishExtended,"[[5, [""option""]], [14, [""shift""]]]"
È,com.apple.keylayout.FinnishExtended,"[[24, [""shift""]], [14, [""shift""]]]"
Ẻ,com.apple.keylayout.FinnishExtended,"[[32, [""option""]], [14, [""shift""]]]"
Ē,com.apple.keylayout.FinnishExtended,"[[0, [""option""]], [14, [""shift""]]]"
Ę,com.apple.keylayout.FinnishExtended,"[[4, [""option""]], [14, [""shift""]]]"
E̊,com.apple.keylayout.FinnishExtended,"[[33, [""option""]], [14, [""shift""]]]"
Ǝ,com.apple.keylayout.FinnishExtended,"[[1, [""option"", ""shift""]], [14, [""shift""]]]"
Ẽ,com.apple.keylayout.FinnishExtended,"[[40, [""option""]], [14, [""shift""]]]"
Ḛ,com.apple.keylayout.FinnishExtended,"[[38, [""option""]], [14, [""shift""]]]"
Ḟ,com.apple.keylayout.FinnishExtended,"[[35, [""option""]], [3, [""shift""]]]"
Ƒ,com.apple.keylayout.FinnishExtended,"[[3, [""option"", ""shift""]], [3, [""shift""]]]"
Ǵ,com.apple.keylayout.FinnishExtended,"[[24, []], [5, [""shift""]]]"
Ğ,com.apple.keylayout.FinnishExtended,"[[16, [""option""]], [5, [""shift""]]]"
Ǧ,com.apple.keylayout.FinnishExtended,"[[15, [""option""]], [5, [""shift""]]]"
Ģ,com.apple.keylayout.FinnishExtended,"[[8, [""option""]], [5, [""shift""]]]"
Ĝ,com.apple.keylayout.FinnishExtended,"[[30, [""shift""]], [5, [""shift""]]]"
Ġ,com.apple.keylayout.FinnishExtended,"[[35, [""option""]], [5, [""shift""]]]"
Ɠ,com.apple.keylayout.FinnishExtended,"[[3, [""option"", ""shift""]], [5, [""shift""]]]"
Ḡ,com.apple.keylayout.FinnishExtended,"[[0, [""option""]], [5, [""shift""]]]"
Ɣ,com.apple.keylayout.FinnishExtended,"[[1, [""option"", ""shift""]], [5, [""shift""]]]"
Ǥ,com.apple.keylayout.FinnishExtended,"[[37, [""option""]], [5, [""shift""]]]"
Ḫ,com.apple.keylayout.FinnishExtended,"[[16, [""option""]], [4, [""shift""]]]"
Ȟ,com.apple.keylayout.FinnishExtended,"[[15, [""option""]], [4, [""shift""]]]"
Ḩ,com.apple.keylayout.FinnishExtended,"[[8, [""option""]], [4, [""shift""]]]"
Ĥ,com.apple.keylayout.FinnishExtended,"[[30, [""shift""]], [4, [""shift""]]]"
Ḧ,com.apple.keylayout.FinnishExtended,"[[30, []], [4, [""shift""]]]"
Ḣ,com.apple.keylayout.FinnishExtended,"[[35, [""option""]], [4, [""shift""]]]"
Ḥ,com.apple.keylayout.FinnishExtended,"[[5, [""option""]], [4, [""shift""]]]"
H̱,com.apple.keylayout.FinnishExtended,"[[7, [""option""]], [4, [""shift""]]]"
Ƕ,com.apple.keylayout.FinnishExtended,"[[1, [""option"", ""shift""]], [4, [""shift""]]]"
Ħ,com.apple.keylayout.FinnishExtended,"[[37, [""option""]], [4, [""shift""]]]"
Í,com.apple.keylayout.FinnishExtended,"[[24, []], [34, [""shift""]]]"
Ĭ,com.apple.keylayout.FinnishExtended,"[[16, [""option""]], [34, [""shift""]]]"
Ǐ,com.apple.keylayout.FinnishExtended,"[[15, [""option""]], [34, [""shift""]]]"
Î,com.apple.keylayout.FinnishExtended,"[[30, [""shift""]], [34, [""shift""]]]"
Ï,com.apple.keylayout.FinnishExtended,"[[30, []], [34, [""shift""]]]"
İ,com.apple.keylayout.FinnishExtended,"[[35, [""option""]], [34, [""shift""]]]"
Ị,com.apple.keylayout.FinnishExtended,"[[5, [""option""]], [34, [""shift""]]]"
Ì,com.apple.keylayout.FinnishExtended,"[[24, [""shift""]], [34, [""shift""]]]"
Ỉ,com.apple.keylayout.FinnishExtended,"[[32, [""option""]], [34, [""shift""]]]"
Ɩ,com.apple.keylayout.FinnishExtended,"[[3, [""option"", ""shift""]], [34, [""shift""]]]"
Ī,com.apple.keylayout.FinnishExtended,"[[0, [""option""]], [34, [""shift""]]]"
Į,com.apple.keylayout.FinnishExtended,"[[4, [""option""]], [34, [""shift""]]]"
Ɨ,com.apple.keylayout.FinnishExtended,"[[37, [""option""]], [34, [""shift""]]]"
Ĩ,com.apple.keylayout.FinnishExtended,"[[40, [""option""]], [34, [""shift""]]]"
Ḭ,com.apple.keylayout.FinnishExtended,"[[38, [""option""]], [34, [""shift""]]]"
J̌,com.apple.keylayout.FinnishExtended,"[[15, [""option""]], [38, [""shift""]]]"
Ĵ,com.apple.keylayout.FinnishExtended,"[[30, [""shift""]], [38, [""shift""]]]"
Ƞ,com.apple.keylayout.FinnishExtended,"[[1, [""option"", ""shift""]], [38, [""shift""]]]"
Ḱ,com.apple.keylayout.FinnishExtended,"[[24, []], [40, [""shift""]]]"
Ǩ,com.apple.keylayout.FinnishExtended,"[[15, [""option""]], [40, [""shift""]]]"
Ķ,com.apple.keylayout.FinnishExtended,"[[8, [""option""]], [40, [""shift""]]]"
Ḳ,com.apple.keylayout.FinnishExtended,"[[5, [""option""]], [40, [""shift""]]]"
Ƙ,com.apple.keylayout.FinnishExtended,"[[3, [""option"", ""shift""]], [40, [""shift""]]]"
Ḵ,com.apple.keylayout.FinnishExtended,"[[7, [""option""]], [40, [""shift""]]]"
K’,com.apple.keylayout.FinnishExtended,"[[1, [""option"", ""shift""]], [40, [""shift""]]]"
Ĺ,com.apple.keylayout.FinnishExtended,"[[24, []], [37, [""shift""]]]"
Ľ,com.apple.keylayout.FinnishExtended,"[[15, [""option""]], [37, [""shift""]]]"
Ļ,com.apple.keylayout.FinnishExtended,"[[8, [""option""]], [37, [""shift""]]]"
Ḽ,com.apple.keylayout.FinnishExtended,"[[23, [""option""]], [37, [""shift""]]]"
Ḷ,com.apple.keylayout.FinnishExtended,"[[5, [""option""]], [37, [""shift""]]]"
Ḹ,com.apple.keylayout.FinnishExtended,"[[0, [""option""]], [37, [""shift""]]]"
Ḻ,com.apple.keylayout.FinnishExtended,"[[7, [""option""]], [37, [""shift""]]]"
Ł,com.apple.keylayout.FinnishExtended,"[[37, [""option""]], [37, [""shift""]]]"
Ḿ,com.apple.keylayout.FinnishExtended,"[[24, []], [46, [""shift""]]]"
M̂,com.apple.keylayout.FinnishExtended,"[[30, [""shift""]], [46, [""shift""]]]"
Ṁ,com.apple.keylayout.FinnishExtended,"[[35, [""option""]], [46, [""shift""]]]"
Ṃ,com.apple.keylayout.FinnishExtended,"[[5, [""option""]], [46, [""shift""]]]"
Ɯ,com.apple.keylayout.FinnishExtended,"[[1, [""option"", ""shift""]], [46, [""shift""]]]"
Ń,com.apple.keylayout.FinnishExtended,"[[24, []], [45, [""shift""]]]"
Ň,com.apple.keylayout.FinnishExtended,"[[15, [""option""]], [45, [""shift""]]]"
Ņ,com.apple.keylayout.FinnishExtended,"[[8, [""option""]], [45, [""shift""]]]"
N̂,com.apple.keylayout.FinnishExtended,"[[30, [""shift""]], [45, [""shift""]]]"
Ṋ,com.apple.keylayout.FinnishExtended,"[[23, [""option""]], [45, [""shift""]]]"
Ṅ,com.apple.keylayout.FinnishExtended,"[[35, [""option""]], [45, [""shift""]]]"
Ṇ,com.apple.keylayout.FinnishExtended,"[[5, [""option""]], [45, [""shift""]]]"
Ǹ,com.apple.keylayout.FinnishExtended,"[[24, [""shift""]], [45, [""shift""]]]"
Ɲ,com.apple.keylayout.FinnishExtended,"[[3, [""option"", ""shift""]], [45, [""shift""]]]"
Ṉ,com.apple.keylayout.FinnishExtended,"[[7, [""option""]], [45, [""shift""]]]"
Ŋ,com.apple.keylayout.FinnishExtended,"[[1, [""option"", ""shift""]], [45, [""shift""]]]"
Ñ,com.apple.keylayout.FinnishExtended,"[[40, [""option""]], [45, [""shift""]]]"
Ó,com.apple.keylayout.FinnishExtended,"[[24, []], [31, [""shift""]]]"
Ŏ,com.apple.keylayout.FinnishExtended,"[[16, [""option""]], [31, [""shift""]]]"
Ǒ,com.apple.keylayout.FinnishExtended,"[[15, [""option""]], [31, [""shift""]]]"
Ô,com.apple.keylayout.FinnishExtended,"[[30, [""shift""]], [31, [""shift""]]]"
Ö,com.apple.keylayout.FinnishExtended,"[[30, []], [31, [""shift""]]]"
Ȯ,com.apple.keylayout.FinnishExtended,"[[35, [""option""]], [31, [""shift""]]]"
Ọ,com.apple.keylayout.FinnishExtended,"[[5, [""option""]], [31, [""shift""]]]"
Ő,com.apple.keylayout.FinnishExtended,"[[29, [""option""]], [31, [""shift""]]]"
Ò,com.apple.keylayout.FinnishExtended,"[[24, [""shift""]], [31, [""shift""]]]"
Ỏ,com.apple.keylayout.FinnishExtended,"[[32, [""option""]], [31, [""shift""]]]"
Ơ,com.apple.keylayout.FinnishExtended,"[[34, [""option""]], [31, [""shift""]]]"
Ō,com.apple.keylayout.FinnishExtended,"[[0, [""option""]], [31, [""shift""]]]"
Ǫ,com.apple.keylayout.FinnishExtended,"[[4, [""option""]], [31, [""shift""]]]"
O̊,com.apple.keylayout.FinnishExtended,"[[33, [""option""]], [31, [""shift""]]]"
Ɵ,com.apple.keylayout.FinnishExtended,"[[37, [""option""]], [31, [""shift""]]]"
Õ,com.apple.keylayout.FinnishExtended,"[[40, [""option""]], [31, [""shift""]]]"
Ṕ,com.apple.keylayout.FinnishExtended,"[[24, []], [35, [""shift""]]]"
Ṗ,com.apple.keylayout.FinnishExtended,"[[35, [""option""]], [35, [""shift""]]]"
Ƥ,com.apple.keylayout.FinnishExtended,"[[3, [""option"", ""shift""]], [35, [""shift""]]]"
Ƣ,com.apple.keylayout.FinnishExtended,"[[1, [""option"", ""shift""]], [12, [""shift""]]]"
Ŕ,com.apple.keylayout.FinnishExtended,"[[24, []], [15, [""shift""]]]"
Ř,com.apple.keylayout.FinnishExtended,"[[15, [""option""]], [15, [""shift""]]]"
Ŗ,com.apple.keylayout.FinnishExtended,"[[8, [""option""]], [15, [""shift""]]]"
Ṙ,com.apple.keylayout.FinnishExtended,"[[35, [""option""]], [15, [""shift""]]]"
Ṛ,com.apple.keylayout.FinnishExtended,"[[5, [""option""]], [15, [""shift""]]]"
Ʈ,com.apple.keylayout.FinnishExtended,"[[3, [""option"", ""shift""]], [15, [""shift""]]]"
Ṝ,com.apple.keylayout.FinnishExtended,"[[0, [""option""]], [15, [""shift""]]]"
Ṟ,com.apple.keylayout.FinnishExtended,"[[7, [""option""]], [15, [""shift""]]]"
Ʀ,com.apple.keylayout.FinnishExtended,"[[1, [""option"", ""shift""]], [15, [""shift""]]]"
Ś,com.apple.keylayout.FinnishExtended,"[[24, []], [1, [""shift""]]]"
Š,com.apple.keylayout.FinnishExtended,"[[15, [""option""]], [1, [""shift""]]]"
Ş,com.apple.keylayout.FinnishExtended,"[[8, [""option""]], [1, [""shift""]]]"
Ŝ,com.apple.keylayout.FinnishExtended,"[[30, [""shift""]], [1, [""shift""]]]"
Ș,com.apple.keylayout.FinnishExtended,"[[13, [""option""]], [1, [""shift""]]]"
Ṡ,com.apple.keylayout.FinnishExtended,"[[35, [""option""]], [1, [""shift""]]]"
Ṣ,com.apple.keylayout.FinnishExtended,"[[5, [""option""]], [1, [""shift""]]]"
Ʃ,com.apple.keylayout.FinnishExtended,"[[3, [""option"", ""shift""]], [1, [""shift""]]]"
S̄,com.apple.keylayout.FinnishExtended,"[[0, [""option""]], [1, [""shift""]]]"
Ť,com.apple.keylayout.FinnishExtended,"[[15, [""option""]], [17, [""shift""]]]"
Ţ,com.apple.keylayout.FinnishExtended,"[[8, [""option""]], [17, [""shift""]]]"
Ṱ,com.apple.keylayout.FinnishExtended,"[[23, [""option""]], [17, [""shift""]]]"
Ț,com.apple.keylayout.FinnishExtended,"[[13, [""option""]], [17, [""shift""]]]"
T̈,com.apple.keylayout.FinnishExtended,"[[30, []], [17, [""shift""]]]"
Ṫ,com.apple.keylayout.FinnishExtended,"[[35, [""option""]], [17, [""shift""]]]"
Ṭ,com.apple.keylayout.FinnishExtended,"[[5, [""option""]], [17, [""shift""]]]"
Ƭ,com.apple.keylayout.FinnishExtended,"[[3, [""option"", ""shift""]], [17, [""shift""]]]"
Ṯ,com.apple.keylayout.FinnishExtended,"[[7, [""option""]], [17, [""shift""]]]"
Ŧ,com.apple.keylayout.FinnishExtended,"[[37, [""option""]], [17, [""shift""]]]"
Ú,com.apple.keylayout.FinnishExtended,"[[24, []], [32, [""shift""]]]"
Ŭ,com.apple.keylayout.FinnishExtended,"[[16, [""option""]], [32, [""shift""]]]"
Ǔ,com.apple.keylayout.FinnishExtended,"[[15, [""option""]], [32, [""shift""]]]"
Û,com.apple.keylayout.FinnishExtended,"[[30, [""shift""]], [32, [""shift""]]]"
Ṷ,com.apple.keylayout.FinnishExtended,"[[23, [""option""]], [32, [""shift""]]]"
Ü,com.apple.keylayout.FinnishExtended,"[[30, []], [32, [""shift""]]]"
Ụ,com.apple.keylayout.FinnishExtended,"[[5, [""option""]], [32, [""shift""]]]"
Ű,com.apple.keylayout.FinnishExtended,"[[29, [""option""]], [32, [""shift""]]]"
Ù,com.apple.keylayout.FinnishExtended,"[[24, [""shift""]], [32, [""shift""]]]"
Ủ,com.apple.keylayout.FinnishExtended,"[[32, [""option""]], [32, [""shift""]]]"
Ʋ,com.apple.keylayout.FinnishExtended,"[[3, [""option"", ""shift""]], [32, [""shift""]]]"
Ư,com.apple.keylayout.FinnishExtended,"[[34, [""option""]], [32, [""shift""]]]"
Ū,com.apple.keylayout.FinnishExtended,"[[0, [""option""]], [32, [""shift""]]]"
Ų,com.apple.keylayout.FinnishExtended,"[[4, [""option""]], [32, [""shift""]]]"
Ů,com.apple.keylayout.FinnishExtended,"[[33, [""option""]], [32, [""shift""]]]"
Ʊ,com.apple.keylayout.FinnishExtended,"[[1, [""option"", ""shift""]], [32, [""shift""]]]"
Ũ,com.apple.keylayout.FinnishExtended,"[[40, [""option""]], [32, [""shift""]]]"
Ṵ,com.apple.keylayout.FinnishExtended,"[[38, [""option""]], [32, [""shift""]]]"
Ǘ,com.apple.keylayout.FinnishExtended,"[[24, []], [9, [""shift""]]]"
Ǚ,com.apple.keylayout.FinnishExtended,"[[15, [""option""]], [9, [""shift""]]]"
Ṿ,com.apple.keylayout.FinnishExtended,"[[5, [""option""]], [9, [""shift""]]]"
Ǜ,com.apple.keylayout.FinnishExtended,"[[24, [""shift""]], [9, [""shift""]]]"
Ǖ,com.apple.keylayout.FinnishExtended,"[[0, [""option""]], [9, [""shift""]]]"
Ṽ,com.apple.keylayout.FinnishExtended,"[[40, [""option""]], [9, [""shift""]]]"
Ẃ,com.apple.keylayout.FinnishExtended,"[[24, []], [13, [""shift""]]]"
Ŵ,com.apple.keylayout.FinnishExtended,"[[30, [""shift""]], [13, [""shift""]]]"
Ẅ,com.apple.keylayout.FinnishExtended,"[[30, []], [13, [""shift""]]]"
Ẇ,com.apple.keylayout.FinnishExtended,"[[35, [""option""]], [13, [""shift""]]]"
Ẉ,com.apple.keylayout.FinnishExtended,"[[5, [""option""]], [13, [""shift""]]]"
Ẁ,com.apple.keylayout.FinnishExtended,"[[24, [""shift""]], [13, [""shift""]]]"
W̊,com.apple.keylayout.FinnishExtended,"[[33, [""option""]], [13, [""shift""]]]"
Ƿ,com.apple.keylayout.FinnishExtended,"[[1, [""option"", ""shift""]], [13, [""shift""]]]"
Ǯ,com.apple.keylayout.FinnishExtended,"[[15, [""option""]], [7, [""shift""]]]"
Ẍ,com.apple.keylayout.FinnishExtended,"[[30, []], [7, [""shift""]]]"
Ẋ,com.apple.keylayout.FinnishExtended,"[[35, [""option""]], [7, [""shift""]]]"
Ɖ,com.apple.keylayout.FinnishExtended,"[[3, [""option"", ""shift""]], [7, [""shift""]]]"
Ý,com.apple.keylayout.FinnishExtended,"[[24, []], [16, [""shift""]]]"
Ŷ,com.apple.keylayout.FinnishExtended,"[[30, [""shift""]], [16, [""shift""]]]"
Ÿ,com.apple.keylayout.FinnishExtended,"[[30, []], [16, [""shift""]]]"
Ẏ,com.apple.keylayout.FinnishExtended,"[[35, [""option""]], [16, [""shift""]]]"
Ỵ,com.apple.keylayout.FinnishExtended,"[[5, [""option""]], [16, [""shift""]]]"
Ỳ,com.apple.keylayout.FinnishExtended,"[[24, [""shift""]], [16, [""shift""]]]"
Ỷ,com.apple.keylayout.FinnishExtended,"[[32, [""option""]], [16, [""shift""]]]"
Ƴ,com.apple.keylayout.FinnishExtended,"[[3, [""option"", ""shift""]], [16, [""shift""]]]"
Ȳ,com.apple.keylayout.FinnishExtended,"[[0, [""option""]], [16, [""shift""]]]"
Y̊,com.apple.keylayout.FinnishExtended,"[[33, [""option""]], [16, [""shift""]]]"
Ȝ,com.apple.keylayout.FinnishExtended,"[[1, [""option"", ""shift""]], [16, [""shift""]]]"
Ỹ,com.apple.keylayout.FinnishExtended,"[[40, [""option""]], [16, [""shift""]]]"
Ź,com.apple.keylayout.FinnishExtended,"[[24, []], [6, [""shift""]]]"
Ž,com.apple.keylayout.FinnishExtended,"[[15, [""option""]], [6, [""shift""]]]"
Z̧,com.apple.keylayout.FinnishExtended,"[[8, [""option""]], [6, [""shift""]]]"
Ẑ,com.apple.keylayout.FinnishExtended,"[[30, [""shift""]], [6, [""shift""]]]"
Ż,com.apple.keylayout.FinnishExtended,"[[35, [""option""]], [6, [""shift""]]]"
Ẓ,com.apple.keylayout.FinnishExtended,"[[5, [""option""]], [6, [""shift""]]]"
Ȥ,com.apple.keylayout.FinnishExtended,"[[3, [""option"", ""shift""]], [6, [""shift""]]]"
Z̄,com.apple.keylayout.FinnishExtended,"[[0, [""option""]], [6, [""shift""]]]"
Ẕ,com.apple.keylayout.FinnishExtended,"[[7, [""option""]], [6, [""shift""]]]"
Ʒ,com.apple.keylayout.FinnishExtended,"[[1, [""option"", ""shift""]], [6, [""shift""]]]"
Ƶ,com.apple.keylayout.FinnishExtended,"[[37, [""option""]], [6, [""shift""]]]"
á,com.apple.keylayout.FinnishExtended,"[[24, []], [0, []]]"
ă,com.apple.keylayout.FinnishExtended,"[[16, [""option""]], [0, []]]"
ǎ,com.apple.keylayout.FinnishExtended,"[[15, [""option""]], [0, []]]"
â,com.apple.keylayout.FinnishExtended,"[[30, [""shift""]], [0, []]]"
ä,com.apple.keylayout.FinnishExtended,"[[30, []], [0, []]]"
ȧ,com.apple.keylayout.FinnishExtended,"[[35, [""option""]], [0, []]]"
ạ,com.apple.keylayout.FinnishExtended,"[[5, [""option""]], [0, []]]"
à,com.apple.keylayout.FinnishExtended,"[[24, [""shift""]], [0, []]]"
ả,com.apple.keylayout.FinnishExtended,"[[32, [""option""]], [0, []]]"
ā,com.apple.keylayout.FinnishExtended,"[[0, [""option""]], [0, []]]"
ą,com.apple.keylayout.FinnishExtended,"[[4, [""option""]], [0, []]]"
å,com.apple.keylayout.FinnishExtended,"[[33, [""option""]], [0, []]]"
ə,com.apple.keylayout.FinnishExtended,"[[1, [""option"", ""shift""]], [0, []]]"
ã,com.apple.keylayout.FinnishExtended,"[[40, [""option""]], [0, []]]"
ḃ,com.apple.keylayout.FinnishExtended,"[[35, [""option""]], [11, []]]"
ḅ,com.apple.keylayout.FinnishExtended,"[[5, [""option""]], [11, []]]"
ɓ,com.apple.keylayout.FinnishExtended,"[[3, [""option"", ""shift""]], [11, []]]"
ḇ,com.apple.keylayout.FinnishExtended,"[[7, [""option""]], [11, []]]"
ƀ,com.apple.keylayout.FinnishExtended,"[[37, [""option""]], [11, []]]"
ć,com.apple.keylayout.FinnishExtended,"[[24, []], [8, []]]"
č,com.apple.keylayout.FinnishExtended,"[[15, [""option""]], [8, []]]"
ç,com.apple.keylayout.FinnishExtended,"[[8, [""option""]], [8, []]]"
ĉ,com.apple.keylayout.FinnishExtended,"[[30, [""shift""]], [8, []]]"
ċ,com.apple.keylayout.FinnishExtended,"[[35, [""option""]], [8, []]]"
ƈ,com.apple.keylayout.FinnishExtended,"[[3, [""option"", ""shift""]], [8, []]]"
ɔ,com.apple.keylayout.FinnishExtended,"[[1, [""option"", ""shift""]], [8, []]]"
ď,com.apple.keylayout.FinnishExtended,"[[15, [""option""]], [2, []]]"
ḑ,com.apple.keylayout.FinnishExtended,"[[8, [""option""]], [2, []]]"
ḓ,com.apple.keylayout.FinnishExtended,"[[23, [""option""]], [2, []]]"
ḋ,com.apple.keylayout.FinnishExtended,"[[35, [""option""]], [2, []]]"
ḍ,com.apple.keylayout.FinnishExtended,"[[5, [""option""]], [2, []]]"
ɗ,com.apple.keylayout.FinnishExtended,"[[3, [""option"", ""shift""]], [2, []]]"
ḏ,com.apple.keylayout.FinnishExtended,"[[7, [""option""]], [2, []]]"
đ,com.apple.keylayout.FinnishExtended,"[[37, [""option""]], [2, []]]"
é,com.apple.keylayout.FinnishExtended,"[[24, []], [14, []]]"
ĕ,com.apple.keylayout.FinnishExtended,"[[16, [""option""]], [14, []]]"
ě,com.apple.keylayout.FinnishExtended,"[[15, [""option""]], [14, []]]"
ȩ,com.apple.keylayout.FinnishExtended,"[[8, [""option""]], [14, []]]"
ê,com.apple.keylayout.FinnishExtended,"[[30, [""shift""]], [14, []]]"
ḙ,com.apple.keylayout.FinnishExtended,"[[23, [""option""]], [14, []]]"
ë,com.apple.keylayout.FinnishExtended,"[[30, []], [14, []]]"
ė,com.apple.keylayout.FinnishExtended,"[[35, [""option""]], [14, []]]"
ẹ,com.apple.keylayout.FinnishExtended,"[[5, [""option""]], [14, []]]"
è,com.apple.keylayout.FinnishExtended,"[[24, [""shift""]], [14, []]]"
ẻ,com.apple.keylayout.FinnishExtended,"[[32, [""option""]], [14, []]]"
ē,com.apple.keylayout.FinnishExtended,"[[0, [""option""]], [14, []]]"
ę,com.apple.keylayout.FinnishExtended,"[[4, [""option""]], [14, []]]"
e̊,com.apple.keylayout.FinnishExtended,"[[33, [""option""]], [14, []]]"
ǝ,com.apple.keylayout.FinnishExtended,"[[1, [""option"", ""shift""]], [14, []]]"
ẽ,com.apple.keylayout.FinnishExtended,"[[40, [""option""]], [14, []]]"
ḛ,com.apple.keylayout.FinnishExtended,"[[38, [""option""]], [14, []]]"
ḟ,com.apple.keylayout.FinnishExtended,"[[35, [""option""]], [3, []]]"
ƒ,com.apple.keylayout.FinnishExtended,"[[3, [""option"", ""shift""]], [3, []]]"
ǵ,com.apple.keylayout.FinnishExtended,"[[24, []], [5, []]]"
ğ,com.apple.keylayout.FinnishExtended,"[[16, [""option""]], [5, []]]"
ǧ,com.apple.keylayout.FinnishExtended,"[[15, [""option""]], [5, []]]"
ģ,com.apple.keylayout.FinnishExtended,"[[8, [""option""]], [5, []]]"
ĝ,com.apple.keylayout.FinnishExtended,"[[30, [""shift""]], [5, []]]"
ġ,com.apple.keylayout.FinnishExtended,"[[35, [""option""]], [5, []]]"
ɠ,com.apple.keylayout.FinnishExtended,"[[3, [""option"", ""shift""]], [5, []]]"
ḡ,com.apple.keylayout.FinnishExtended,"[[0, [""option""]], [5, []]]"
ɣ,com.apple.keylayout.FinnishExtended,"[[1, [""option"", ""shift""]], [5, []]]"
ǥ,com.apple.keylayout.FinnishExtended,"[[37, [""option""]], [5, []]]"
ḫ,com.apple.keylayout.FinnishExtended,"[[16, [""option""]], [4, []]]"
ȟ,com.apple.keylayout.FinnishExtended,"[[15, [""option""]], [4, []]]"
ḩ,com.apple.keylayout.FinnishExtended,"[[8, [""option""]], [4, []]]"
ĥ,com.apple.keylayout.FinnishExtended,"[[30, [""shift""]], [4, []]]"
ḧ,com.apple.keylayout.FinnishExtended,"[[30, []], [4, []]]"
ḣ,com.apple.keylayout.FinnishExtended,"[[35, [""option""]], [4, []]]"
ḥ,com.apple.keylayout.FinnishExtended,"[[5, [""option""]], [4, []]]"
ɦ,com.apple.keylayout.FinnishExtended,"[[3, [""option"", ""shift""]], [4, []]]"
ẖ,com.apple.keylayout.FinnishExtended,"[[7, [""option""]], [4, []]]"
ƕ,com.apple.keylayout.FinnishExtended,"[[1, [""option"", ""shift""]], [4, []]]"
ħ,com.apple.keylayout.FinnishExtended,"[[37, [""option""]], [4, []]]"
í,com.apple.keylayout.FinnishExtended,"[[24, []], [34, []]]"
ĭ,com.apple.keylayout.FinnishExtended,"[[16, [""option""]], [34, []]]"
ǐ,com.apple.keylayout.FinnishExtended,"[[15, [""option""]], [34, []]]"
î,com.apple.keylayout.FinnishExtended,"[[30, [""shift""]], [34, []]]"
ï,com.apple.keylayout.FinnishExtended,"[[30, []], [34, []]]"
ı,com.apple.keylayout.FinnishExtended,"[[35, [""option""]], [34, []]]"
ị,com.apple.keylayout.FinnishExtended,"[[5, [""option""]], [34, []]]"
ì,com.apple.keylayout.FinnishExtended,"[[24, [""shift""]], [34, []]]"
ỉ,com.apple.keylayout.FinnishExtended,"[[32, [""option""]], [34, []]]"
ɩ,com.apple.keylayout.FinnishExtended,"[[3, [""option"", ""shift""]], [34, []]]"
ī,com.apple.keylayout.FinnishExtended,"[[0, [""option""]], [34, []]]"
į,com.apple.keylayout.FinnishExtended,"[[4, [""option""]], [34, []]]"
ɨ,com.apple.keylayout.FinnishExtended,"[[37, [""option""]], [34, []]]"
ĩ,com.apple.keylayout.FinnishExtended,"[[40, [""option""]], [34, []]]"
ḭ,com.apple.keylayout.FinnishExtended,"[[38, [""option""]], [34, []]]"
ǰ,com.apple.keylayout.FinnishExtended,"[[15, [""option""]], [38, []]]"
ĵ,com.apple.keylayout.FinnishExtended,"[[30, [""shift""]], [38, []]]"
ƞ,com.apple.keylayout.FinnishExtended,"[[1, [""option"", ""shift""]], [38, []]]"
ḱ,com.apple.keylayout.FinnishExtended,"[[24, []], [40, []]]"
ǩ,com.apple.keylayout.FinnishExtended,"[[15, [""option""]], [40, []]]"
ķ,com.apple.keylayout.FinnishExtended,"[[8, [""option""]], [40, []]]"
ḳ,com.apple.keylayout.FinnishExtended,"[[5, [""option""]], [40, []]]"
ƙ,com.apple.keylayout.FinnishExtended,"[[3, [""option"", ""shift""]], [40, []]]"
ḵ,com.apple.keylayout.FinnishExtended,"[[7, [""option""]], [40, []]]"
ĸ,com.apple.keylayout.FinnishExtended,"[[1, [""option"", ""shift""]], [40, []]]"
ĺ,com.apple.keylayout.FinnishExtended,"[[24, []], [37, []]]"
ľ,com.apple.keylayout.FinnishExtended,"[[15, [""option""]], [37, []]]"
ļ,com.apple.keylayout.FinnishExtended,"[[8, [""option""]], [37, []]]"
ḽ,com.apple.keylayout.FinnishExtended,"[[23, [""option""]], [37, []]]"
ḷ,com.apple.keylayout.FinnishExtended,"[[5, [""option""]], [37, []]]"
ḹ,com.apple.keylayout.FinnishExtended,"[[0, [""option""]], [37, []]]"
ḻ,com.apple.keylayout.FinnishExtended,"[[7, [""option""]], [37, []]]"
ł,com.apple.keylayout.FinnishExtended,"[[37, [""option""]], [37, []]]"
ḿ,com.apple.keylayout.FinnishExtended,"[[24, []], [46, []]]"
m̂,com.apple.keylayout.FinnishExtended,"[[30, [""shift""]], [46, []]]"
ṁ,com.apple.keylayout.FinnishExtended,"[[35, [""option""]], [46, []]]"
ṃ,com.apple.keylayout.FinnishExtended,"[[5, [""option""]], [46, []]]"
ɯ,com.apple.keylayout.FinnishExtended,"[[1, [""option"", ""shift""]], [46, []]]"
ń,com.apple.keylayout.FinnishExtended,"[[24, []], [45, []]]"
ň,com.apple.keylayout.FinnishExtended,"[[15, [""option""]], [45, []]]"
ņ,com.apple.keylayout.FinnishExtended,"[[8, [""option""]], [45, []]]"
n̂,com.apple.keylayout.FinnishExtended,"[[30, [""shift""]], [45, []]]"
ṋ,com.apple.keylayout.FinnishExtended,"[[23, [""option""]], [45, []]]"
ṅ,com.apple.keylayout.FinnishExtended,"[[35, [""option""]], [45, []]]"
ṇ,com.apple.keylayout.FinnishExtended,"[[5, [""option""]], [45, []]]"
ǹ,com.apple.keylayout.FinnishExtended,"[[24, [""shift""]], [45, []]]"
ɲ,com.apple.keylayout.FinnishExtended,"[[3, [""option"", ""shift""]], [45, []]]"
ṉ,com.apple.keylayout.FinnishExtended,"[[7, [""option""]], [45, []]]"
ŋ,com.apple.keylayout.FinnishExtended,"[[1, [""option"", ""shift""]], [45, []]]"
ñ,com.apple.keylayout.FinnishExtended,"[[40, [""option""]], [45, []]]"
ó,com.apple.keylayout.FinnishExtended,"[[24, []], [31, []]]"
ŏ,com.apple.keylayout.FinnishExtended,"[[16, [""option""]], [31, []]]"
ǒ,com.apple.keylayout.FinnishExtended,"[[15, [""option""]], [31, []]]"
ô,com.apple.keylayout.FinnishExtended,"[[30, [""shift""]], [31, []]]"
ö,com.apple.keylayout.FinnishExtended,"[[30, []], [31, []]]"
ȯ,com.apple.keylayout.FinnishExtended,"[[35, [""option""]], [31, []]]"
ọ,com.apple.keylayout.FinnishExtended,"[[5, [""option""]], [31, []]]"
ő,com.apple.keylayout.FinnishExtended,"[[29, [""option""]], [31, []]]"
ò,com.apple.keylayout.FinnishExtended,"[[24, [""shift""]], [31, []]]"
ỏ,com.apple.keylayout.FinnishExtended,"[[32, [""option""]], [31, []]]"
ơ,com.apple.keylayout.FinnishExtended,"[[34, [""option""]], [31, []]]"
ō,com.apple.keylayout.FinnishExtended,"[[0, [""option""]], [31, []]]"
ǫ,com.apple.keylayout.FinnishExtended,"[[4, [""option""]], [31, []]]"
o̊,com.apple.keylayout.FinnishExtended,"[[33, [""option""]], [31, []]]"
ɵ,com.apple.keylayout.FinnishExtended,"[[37, [""option""]], [31, []]]"
õ,com.apple.keylayout.FinnishExtended,"[[40, [""option""]], [31, []]]"
ṕ,com.apple.keylayout.FinnishExtended,"[[24, []], [35, []]]"
ṗ,com.apple.keylayout.FinnishExtended,"[[35, [""option""]], [35, []]]"
ƥ,com.apple.keylayout.FinnishExtended,"[[3, [""option"", ""shift""]], [35, []]]"
ʠ,com.apple.keylayout.FinnishExtended,"[[3, [""option"", ""shift""]], [12, []]]"
ƣ,com.apple.keylayout.FinnishExtended,"[[1, [""option"", ""shift""]], [12, []]]"
ŕ,com.apple.keylayout.FinnishExtended,"[[24, []], [15, []]]"
ř,com.apple.keylayout.FinnishExtended,"[[15, [""option""]], [15, []]]"
ŗ,com.apple.keylayout.FinnishExtended,"[[8, [""option""]], [15, []]]"
ṙ,com.apple.keylayout.FinnishExtended,"[[35, [""option""]], [15, []]]"
ṛ,com.apple.keylayout.FinnishExtended,"[[5, [""option""]], [15, []]]"
ʈ,com.apple.keylayout.FinnishExtended,"[[3, [""option"", ""shift""]], [15, []]]"
ṝ,com.apple.keylayout.FinnishExtended,"[[0, [""option""]], [15, []]]"
ṟ,com.apple.keylayout.FinnishExtended,"[[7, [""option""]], [15, []]]"
ʀ,com.apple.keylayout.FinnishExtended,"[[1, [""option"", ""shift""]], [15, []]]"
ś,com.apple.keylayout.FinnishExtended,"[[24, []], [1, []]]"
š,com.apple.keylayout.FinnishExtended,"[[15, [""option""]], [1, []]]"
ş,com.apple.keylayout.FinnishExtended,"[[8, [""option""]], [1, []]]"
ŝ,com.apple.keylayout.FinnishExtended,"[[30, [""shift""]], [1, []]]"
ș,com.apple.keylayout.FinnishExtended,"[[13, [""option""]], [1, []]]"
ṡ,com.apple.keylayout.FinnishExtended,"[[35, [""option""]], [1, []]]"
ṣ,com.apple.keylayout.FinnishExtended,"[[5, [""option""]], [1, []]]"
ʃ,com.apple.keylayout.FinnishExtended,"[[3, [""option"", ""shift""]], [1, []]]"
s̄,com.apple.keylayout.FinnishExtended,"[[0, [""option""]], [1, []]]"
ſ,com.apple.keylayout.FinnishExtended,"[[1, [""option"", ""shift""]], [1, []]]"
ť,com.apple.keylayout.FinnishExtended,"[[15, [""option""]], [17, []]]"
ţ,com.apple.keylayout.FinnishExtended,"[[8, [""option""]], [17, []]]"
ṱ,com.apple.keylayout.FinnishExtended,"[[23, [""option""]], [17, []]]"
ț,com.apple.keylayout.FinnishExtended,"[[13, [""option""]], [17, []]]"
ẗ,com.apple.keylayout.FinnishExtended,"[[30, []], [17, []]]"
ṫ,com.apple.keylayout.FinnishExtended,"[[35, [""option""]], [17, []]]"
ṭ,com.apple.keylayout.FinnishExtended,"[[5, [""option""]], [17, []]]"
ƭ,com.apple.keylayout.FinnishExtended,"[[3, [""option"", ""shift""]], [17, []]]"
ṯ,com.apple.keylayout.FinnishExtended,"[[7, [""option""]], [17, []]]"
ŧ,com.apple.keylayout.FinnishExtended,"[[37, [""option""]], [17, []]]"
ú,com.apple.keylayout.FinnishExtended,"[[24, []], [32, []]]"
ŭ,com.apple.keylayout.FinnishExtended,"[[16, [""option""]], [32, []]]"
ǔ,com.apple.keylayout.FinnishExtended,"[[15, [""option""]], [32, []]]"
û,com.apple.keylayout.FinnishExtended,"[[30, [""shift""]], [32, []]]"
ṷ,com.apple.keylayout.FinnishExtended,"[[23, [""option""]], [32, []]]"
ü,com.apple.keylayout.FinnishExtended,"[[30, []], [32, []]]"
ụ,com.apple.keylayout.FinnishExtended,"[[5, [""option""]], [32, []]]"
ű,com.apple.keylayout.FinnishExtended,"[[29, [""option""]], [32, []]]"
ù,com.apple.keylayout.FinnishExtended,"[[24, [""shift""]], [32, []]]"
ủ,com.apple.keylayout.FinnishExtended,"[[32, [""option""]], [32, []]]"
ʋ,com.apple.keylayout.FinnishExtended,"[[3, [""option"", ""shift""]], [32, []]]"
ư,com.apple.keylayout.FinnishExtended,"[[34, [""option""]], [32, []]]"
ū,com.apple.keylayout.FinnishExtended,"[[0, [""option""]], [32, []]]"
ų,com.apple.keylayout.FinnishExtended,"[[4, [""option""]], [32, []]]"
ů,com.apple.keylayout.FinnishExtended,"[[33, [""option""]], [32, []]]"
ʊ,com.apple.keylayout.FinnishExtended,"[[1, [""option"", ""shift""]], [32, []]]"
ʉ,com.apple.keylayout.FinnishExtended,"[[37, [""option""]], [32, []]]"
ũ,com.apple.keylayout.FinnishExtended,"[[40, [""option""]], [32, []]]"
ṵ,com.apple.keylayout.FinnishExtended,"[[38, [""option""]], [32, []]]"
ǘ,com.apple.keylayout.FinnishExtended,"[[24, []], [9, []]]"
ǚ,com.apple.keylayout.FinnishExtended,"[[15, [""option""]], [9, []]]"
ṿ,com.apple.keylayout.FinnishExtended,"[[5, [""option""]], [9, []]]"
ǜ,com.apple.keylayout.FinnishExtended,"[[24, [""shift""]], [9, []]]"
ǖ,com.apple.keylayout.FinnishExtended,"[[0, [""option""]], [9, []]]"
ʌ,com.apple.keylayout.FinnishExtended,"[[1, [""option"", ""shift""]], [9, []]]"
ṽ,com.apple.keylayout.FinnishExtended,"[[40, [""option""]], [9, []]]"
ẃ,com.apple.keylayout.FinnishExtended,"[[24, []], [13, []]]"
ŵ,com.apple.keylayout.FinnishExtended,"[[30, [""shift""]], [13, []]]"
ẅ,com.apple.keylayout.FinnishExtended,"[[30, []], [13, []]]"
ẇ,com.apple.keylayout.FinnishExtended,"[[35, [""option""]], [13, []]]"
ẉ,com.apple.keylayout.FinnishExtended,"[[5, [""option""]], [13, []]]"
ẁ,com.apple.keylayout.FinnishExtended,"[[24, [""shift""]], [13, []]]"
ẘ,com.apple.keylayout.FinnishExtended,"[[33, [""option""]], [13, []]]"
ƿ,com.apple.keylayout.FinnishExtended,"[[1, [""option"", ""shift""]], [13, []]]"
ǯ,com.apple.keylayout.FinnishExtended,"[[15, [""option""]], [7, []]]"
ẍ,com.apple.keylayout.FinnishExtended,"[[30, []], [7, []]]"
ẋ,com.apple.keylayout.FinnishExtended,"[[35, [""option""]], [7, []]]"
ɖ,com.apple.keylayout.FinnishExtended,"[[3, [""option"", ""shift""]], [7, []]]"
ý,com.apple.keylayout.FinnishExtended,"[[24, []], [16, []]]"
ŷ,com.apple.keylayout.FinnishExtended,"[[30, [""shift""]], [16, []]]"
ÿ,com.apple.keylayout.FinnishExtended,"[[30, []], [16, []]]"
ẏ,com.apple.keylayout.FinnishExtended,"[[35, [""option""]], [16, []]]"
ỵ,com.apple.keylayout.FinnishExtended,"[[5, [""option""]], [16, []]]"
ỳ,com.apple.keylayout.FinnishExtended,"[[24, [""shift""]], [16, []]]"
ỷ,com.apple.keylayout.FinnishExtended,"[[32, [""option""]], [16, []]]"
ƴ,com.apple.keylayout.FinnishExtended,"[[3, [""option"", ""shift""]], [16, []]]"
ȳ,com.apple.keylayout.FinnishExtended,"[[0, [""option""]], [16, []]]"
ẙ,com.apple.keylayout.FinnishExtended,"[[33, [""option""]], [16, []]]"
ȝ,com.apple.keylayout.FinnishExtended,"[[1, [""option"", ""shift""]], [16, []]]"
ỹ,com.apple.keylayout.FinnishExtended,"[[40, [""option""]], [16, []]]"
ź,com.apple.keylayout.FinnishExtended,"[[24, []], [6, []]]"
ž,com.apple.keylayout.FinnishExtended,"[[15, [""option""]], [6, []]]"
z̧,com.apple.keylayout.FinnishExtended,"[[8, [""option""]], [6, []]]"
ẑ,com.apple.keylayout.FinnishExtended,"[[30, [""shift""]], [6, []]]"
ż,com.apple.keylayout.FinnishExtended,"[[35, [""option""]], [6, []]]"
ẓ,com.apple.keylayout.FinnishExtended,"[[5, [""option""]], [6, []]]"
ȥ,com.apple.keylayout.FinnishExtended,"[[3, [""option"", ""shift""]], [6, []]]"
z̄,com.apple.keylayout.FinnishExtended,"[[0, [""option""]], [6, []]]"
ẕ,com.apple.keylayout.FinnishExtended,"[[7, [""option""]], [6, []]]"
ʒ,com.apple.keylayout.FinnishExtended,"[[1, [""option"", ""shift""]], [6, []]]"
ƶ,com.apple.keylayout.FinnishExtended,"[[37, [""option""]], [6, []]]"
Ǻ,com.apple.keylayout.FinnishExtended,"[[24, []], [33, [""shift""]]]"
Ǽ,com.apple.keylayout.FinnishExtended,"[[24, []], [39, [""option"", ""shift""]]]"
Ǣ,com.apple.keylayout.FinnishExtended,"[[0, [""option""]], [39, [""option"", ""shift""]]]"
Ǿ,com.apple.keylayout.FinnishExtended,"[[24, []], [41, [""option"", ""shift""]]]"
ǻ,com.apple.keylayout.FinnishExtended,"[[24, []], [33, []]]"
ǽ,com.apple.keylayout.FinnishExtended,"[[24, []], [39, [""option""]]]"
ǣ,com.apple.keylayout.FinnishExtended,"[[0, [""option""]], [39, [""option""]]]"
ǿ,com.apple.keylayout.FinnishExtended,"[[24, []], [41, [""option""]]]"
^,com.apple.keylayout.French,"[[33, []], [49, []]]"
`,com.apple.keylayout.French,"[[42, []], [49, []]]"
¨,com.apple.keylayout.French,"[[33, [""shift""]], [49, []]]"
~,com.apple.keylayout.French,"[[45, [""option""]], [49, []]]"
´,com.apple.keylayout.French,"[[18, [""option"", ""shift""]], [49, []]]"
Â,com.apple.keylayout.French,"[[33, []], [12, [""shift""]]]"
À,com.apple.keylayout.French,"[[42, []], [12, [""shift""]]]"
Ä,com.apple.keylayout.French,"[[33, [""shift""]], [12, [""shift""]]]"
Ã,com.apple.keylayout.French,"[[45, [""option""]], [12, [""shift""]]]"
Á,com.apple.keylayout.French,"[[18, [""option"", ""shift""]], [12, [""shift""]]]"
Ê,com.apple.keylayout.French,"[[33, []], [14, [""shift""]]]"
È,com.apple.keylayout.French,"[[42, []], [14, [""shift""]]]"
Ë,com.apple.keylayout.French,"[[33, [""shift""]], [14, [""shift""]]]"
É,com.apple.keylayout.French,"[[18, [""option"", ""shift""]], [14, [""shift""]]]"
Î,com.apple.keylayout.French,"[[33, []], [34, [""shift""]]]"
Ì,com.apple.keylayout.French,"[[42, []], [34, [""shift""]]]"
Ï,com.apple.keylayout.French,"[[33, [""shift""]], [34, [""shift""]]]"
Í,com.apple.keylayout.French,"[[18, [""option"", ""shift""]], [34, [""shift""]]]"
Ñ,com.apple.keylayout.French,"[[45, [""option""]], [45, [""shift""]]]"
Ô,com.apple.keylayout.French,"[[33, []], [31, [""shift""]]]"
Ò,com.apple.keylayout.French,"[[42, []], [31, [""shift""]]]"
Ö,com.apple.keylayout.French,"[[33, [""shift""]], [31, [""shift""]]]"
Õ,com.apple.keylayout.French,"[[45, [""option""]], [31, [""shift""]]]"
Ó,com.apple.keylayout.French,"[[18, [""option"", ""shift""]], [31, [""shift""]]]"
Û,com.apple.keylayout.French,"[[33, []], [32, [""shift""]]]"
Ù,com.apple.keylayout.French,"[[42, []], [32, [""shift""]]]"
Ü,com.apple.keylayout.French,"[[33, [""shift""]], [32, [""shift""]]]"
Ú,com.apple.keylayout.French,"[[18, [""option"", ""shift""]], [32, [""shift""]]]"
Ÿ,com.apple.keylayout.French,"[[33, [""shift""]], [16, [""shift""]]]"
â,com.apple.keylayout.French,"[[33, []], [12, []]]"
à,com.apple.keylayout.French,"[[42, []], [12, []]]"
ä,com.apple.keylayout.French,"[[33, [""shift""]], [12, []]]"
ã,com.apple.keylayout.French,"[[45, [""option""]], [12, []]]"
á,com.apple.keylayout.French,"[[18, [""option"", ""shift""]], [12, []]]"
ê,com.apple.keylayout.French,"[[33, []], [14, []]]"
è,com.apple.keylayout.French,"[[42, []], [14, []]]"
ë,com.apple.keylayout.French,"[[33, [""shift""]], [14, []]]"
é,com.apple.keylayout.French,"[[18, [""option"", ""shift""]], [14, []]]"
î,com.apple.keylayout.French,"[[33, []], [34, []]]"
ì,com.apple.keylayout.French,"[[42, []], [34, []]]"
ï,com.apple.keylayout.French,"[[33, [""shift""]], [34, []]]"
í,com.apple.keylayout.French,"[[18, [""option"", ""shift""]], [34, []]]"
ñ,com.apple.keylayout.French,"[[45, [""option""]], [45, []]]"
ô,com.apple.keylayout.French,"[[33, []], [31, []]]"
ò,com.apple.keylayout.French,"[[42, []], [31, []]]"
ö,com.apple.keylayout.French,"[[33, [""shift""]], [31, []]]"
õ,com.apple.keylayout.French,"[[45, [""option""]], [31, []]]"
ó,com.apple.keylayout.French,"[[18, [""option"", ""shift""]], [31, []]]"
û,com.apple.keylayout.French,"[[33, []], [32, []]]"
ù,com.apple.keylayout.French,"[[42, []], [32, []]]"
ü,com.apple.keylayout.French,"[[33, [""shift""]], [32, []]]"
ú,com.apple.keylayout.French,"[[18, [""option"", ""shift""]], [32, []]]"
ÿ,com.apple.keylayout.French,"[[33, [""shift""]], [16, []]]"
´,com.apple.keylayout.Inuktitut-QWERTY,"[[14, [""option""]], [49, []]]"
˘,com.apple.keylayout.Inuktitut-QWERTY,"[[11, [""option""]], [49, []]]"
ˇ,com.apple.keylayout.Inuktitut-QWERTY,"[[9, [""option""]], [49, []]]"
¸,com.apple.keylayout.Inuktitut-QWERTY,"[[8, [""option""]], [49, []]]"
ˆ,com.apple.keylayout.Inuktitut-QWERTY,"[[22, [""option""]], [49, []]]"
‸,com.apple.keylayout.Inuktitut-QWERTY,"[[5, [""option"", ""shift""]], [49, []]]"
",",com.apple.keylayout.Inuktitut-QWERTY,"[[35, [""option""]], [49, []]]"
¨,com.apple.keylayout.Inuktitut-QWERTY,"[[32, [""option""]], [49, []]]"
˙,com.apple.keylayout.Inuktitut-QWERTY,"[[13, [""option""]], [49, []]]"
.,com.apple.keylayout.Inuktitut-QWERTY,"[[7, [""option""]], [49, []]]"
˝,com.apple.keylayout.Inuktitut-QWERTY,"[[38, [""option""]], [49, []]]"
 ̏,com.apple.keylayout.Inuktitut-QWERTY,"[[16, [""option"", ""shift""]], [49, []]]"
`,com.apple.keylayout.Inuktitut-QWERTY,"[[50, [""option""]], [49, []]]"
ˀ,com.apple.keylayout.Inuktitut-QWERTY,"[[6, [""option""]], [49, []]]"
ʔ,com.apple.keylayout.Inuktitut-QWERTY,"[[47, [""option"", ""shift""]], [49, []]]"
ʼ,com.apple.keylayout.Inuktitut-QWERTY,"[[34, [""option""]], [49, []]]"
 ̑,com.apple.keylayout.Inuktitut-QWERTY,"[[1, [""option"", ""shift""]], [49, []]]"
¯,com.apple.keylayout.Inuktitut-QWERTY,"[[0, [""option""]], [49, []]]"
ˍ,com.apple.keylayout.Inuktitut-QWERTY,"[[4, [""option""]], [49, []]]"
˛,com.apple.keylayout.Inuktitut-QWERTY,"[[46, [""option""]], [49, []]]"
˚,com.apple.keylayout.Inuktitut-QWERTY,"[[40, [""option""]], [49, []]]"
№,com.apple.keylayout.Inuktitut-QWERTY,"[[41, [""option"", ""shift""]], [49, []]]"
-,com.apple.keylayout.Inuktitut-QWERTY,"[[37, [""option""]], [49, []]]"
˜,com.apple.keylayout.Inuktitut-QWERTY,"[[45, [""option""]], [49, []]]"
 ̰,com.apple.keylayout.Inuktitut-QWERTY,"[[3, [""option"", ""shift""]], [49, []]]"
ʺ,com.apple.keylayout.Inuktitut-QWERTY,"[[41, [""option"", ""shift""]], [39, [""shift""]]]"
Ɛ,com.apple.keylayout.Inuktitut-QWERTY,"[[41, [""option"", ""shift""]], [20, [""shift""]]]"
Ƽ,com.apple.keylayout.Inuktitut-QWERTY,"[[41, [""option"", ""shift""]], [23, [""shift""]]]"
ʹ,com.apple.keylayout.Inuktitut-QWERTY,"[[41, [""option"", ""shift""]], [39, []]]"
Ȣ,com.apple.keylayout.Inuktitut-QWERTY,"[[41, [""option"", ""shift""]], [28, [""shift""]]]"
ƨ,com.apple.keylayout.Inuktitut-QWERTY,"[[41, [""option"", ""shift""]], [19, []]]"
ɛ,com.apple.keylayout.Inuktitut-QWERTY,"[[41, [""option"", ""shift""]], [20, []]]"
ƽ,com.apple.keylayout.Inuktitut-QWERTY,"[[41, [""option"", ""shift""]], [23, []]]"
ƅ,com.apple.keylayout.Inuktitut-QWERTY,"[[41, [""option"", ""shift""]], [22, []]]"
⁊,com.apple.keylayout.Inuktitut-QWERTY,"[[41, [""option"", ""shift""]], [26, []]]"
ȣ,com.apple.keylayout.Inuktitut-QWERTY,"[[41, [""option"", ""shift""]], [28, []]]"
Ƨ,com.apple.keylayout.Inuktitut-QWERTY,"[[41, [""option"", ""shift""]], [19, [""shift""]]]"
Á,com.apple.keylayout.Inuktitut-QWERTY,"[[14, [""option""]], [0, [""shift""]]]"
Ă,com.apple.keylayout.Inuktitut-QWERTY,"[[11, [""option""]], [0, [""shift""]]]"
Ǎ,com.apple.keylayout.Inuktitut-QWERTY,"[[9, [""option""]], [0, [""shift""]]]"
Â,com.apple.keylayout.Inuktitut-QWERTY,"[[22, [""option""]], [0, [""shift""]]]"
Ä,com.apple.keylayout.Inuktitut-QWERTY,"[[32, [""option""]], [0, [""shift""]]]"
Ȧ,com.apple.keylayout.Inuktitut-QWERTY,"[[13, [""option""]], [0, [""shift""]]]"
Ạ,com.apple.keylayout.Inuktitut-QWERTY,"[[7, [""option""]], [0, [""shift""]]]"
Ȁ,com.apple.keylayout.Inuktitut-QWERTY,"[[16, [""option"", ""shift""]], [0, [""shift""]]]"
À,com.apple.keylayout.Inuktitut-QWERTY,"[[50, [""option""]], [0, [""shift""]]]"
Ả,com.apple.keylayout.Inuktitut-QWERTY,"[[6, [""option""]], [0, [""shift""]]]"
Ȃ,com.apple.keylayout.Inuktitut-QWERTY,"[[1, [""option"", ""shift""]], [0, [""shift""]]]"
Ā,com.apple.keylayout.Inuktitut-QWERTY,"[[0, [""option""]], [0, [""shift""]]]"
Ą,com.apple.keylayout.Inuktitut-QWERTY,"[[46, [""option""]], [0, [""shift""]]]"
Å,com.apple.keylayout.Inuktitut-QWERTY,"[[40, [""option""]], [0, [""shift""]]]"
Ə,com.apple.keylayout.Inuktitut-QWERTY,"[[41, [""option"", ""shift""]], [0, [""shift""]]]"
Ã,com.apple.keylayout.Inuktitut-QWERTY,"[[45, [""option""]], [0, [""shift""]]]"
Ḃ,com.apple.keylayout.Inuktitut-QWERTY,"[[13, [""option""]], [11, [""shift""]]]"
Ḅ,com.apple.keylayout.Inuktitut-QWERTY,"[[7, [""option""]], [11, [""shift""]]]"
Ɓ,com.apple.keylayout.Inuktitut-QWERTY,"[[47, [""option"", ""shift""]], [11, [""shift""]]]"
Ḇ,com.apple.keylayout.Inuktitut-QWERTY,"[[4, [""option""]], [11, [""shift""]]]"
Ć,com.apple.keylayout.Inuktitut-QWERTY,"[[14, [""option""]], [8, [""shift""]]]"
Č,com.apple.keylayout.Inuktitut-QWERTY,"[[9, [""option""]], [8, [""shift""]]]"
Ç,com.apple.keylayout.Inuktitut-QWERTY,"[[8, [""option""]], [8, [""shift""]]]"
Ĉ,com.apple.keylayout.Inuktitut-QWERTY,"[[22, [""option""]], [8, [""shift""]]]"
Ċ,com.apple.keylayout.Inuktitut-QWERTY,"[[13, [""option""]], [8, [""shift""]]]"
Ƈ,com.apple.keylayout.Inuktitut-QWERTY,"[[47, [""option"", ""shift""]], [8, [""shift""]]]"
Ɔ,com.apple.keylayout.Inuktitut-QWERTY,"[[41, [""option"", ""shift""]], [8, [""shift""]]]"
Ď,com.apple.keylayout.Inuktitut-QWERTY,"[[9, [""option""]], [2, [""shift""]]]"
Ḑ,com.apple.keylayout.Inuktitut-QWERTY,"[[8, [""option""]], [2, [""shift""]]]"
Ḓ,com.apple.keylayout.Inuktitut-QWERTY,"[[5, [""option"", ""shift""]], [2, [""shift""]]]"
Ḋ,com.apple.keylayout.Inuktitut-QWERTY,"[[13, [""option""]], [2, [""shift""]]]"
Ḍ,com.apple.keylayout.Inuktitut-QWERTY,"[[7, [""option""]], [2, [""shift""]]]"
Ɗ,com.apple.keylayout.Inuktitut-QWERTY,"[[47, [""option"", ""shift""]], [2, [""shift""]]]"
Ḏ,com.apple.keylayout.Inuktitut-QWERTY,"[[4, [""option""]], [2, [""shift""]]]"
Đ,com.apple.keylayout.Inuktitut-QWERTY,"[[37, [""option""]], [2, [""shift""]]]"
É,com.apple.keylayout.Inuktitut-QWERTY,"[[14, [""option""]], [14, [""shift""]]]"
Ĕ,com.apple.keylayout.Inuktitut-QWERTY,"[[11, [""option""]], [14, [""shift""]]]"
Ě,com.apple.keylayout.Inuktitut-QWERTY,"[[9, [""option""]], [14, [""shift""]]]"
Ȩ,com.apple.keylayout.Inuktitut-QWERTY,"[[8, [""option""]], [14, [""shift""]]]"
Ê,com.apple.keylayout.Inuktitut-QWERTY,"[[22, [""option""]], [14, [""shift""]]]"
Ḙ,com.apple.keylayout.Inuktitut-QWERTY,"[[5, [""option"", ""shift""]], [14, [""shift""]]]"
Ë,com.apple.keylayout.Inuktitut-QWERTY,"[[32, [""option""]], [14, [""shift""]]]"
Ė,com.apple.keylayout.Inuktitut-QWERTY,"[[13, [""option""]], [14, [""shift""]]]"
Ẹ,com.apple.keylayout.Inuktitut-QWERTY,"[[7, [""option""]], [14, [""shift""]]]"
Ȅ,com.apple.keylayout.Inuktitut-QWERTY,"[[16, [""option"", ""shift""]], [14, [""shift""]]]"
È,com.apple.keylayout.Inuktitut-QWERTY,"[[50, [""option""]], [14, [""shift""]]]"
Ẻ,com.apple.keylayout.Inuktitut-QWERTY,"[[6, [""option""]], [14, [""shift""]]]"
Ȇ,com.apple.keylayout.Inuktitut-QWERTY,"[[1, [""option"", ""shift""]], [14, [""shift""]]]"
Ē,com.apple.keylayout.Inuktitut-QWERTY,"[[0, [""option""]], [14, [""shift""]]]"
Ę,com.apple.keylayout.Inuktitut-QWERTY,"[[46, [""option""]], [14, [""shift""]]]"
E̊,com.apple.keylayout.Inuktitut-QWERTY,"[[40, [""option""]], [14, [""shift""]]]"
Ǝ,com.apple.keylayout.Inuktitut-QWERTY,"[[41, [""option"", ""shift""]], [14, [""shift""]]]"
Ẽ,com.apple.keylayout.Inuktitut-QWERTY,"[[45, [""option""]], [14, [""shift""]]]"
Ḛ,com.apple.keylayout.Inuktitut-QWERTY,"[[3, [""option"", ""shift""]], [14, [""shift""]]]"
Ḟ,com.apple.keylayout.Inuktitut-QWERTY,"[[13, [""option""]], [3, [""shift""]]]"
Ƒ,com.apple.keylayout.Inuktitut-QWERTY,"[[47, [""option"", ""shift""]], [3, [""shift""]]]"
Ǵ,com.apple.keylayout.Inuktitut-QWERTY,"[[14, [""option""]], [5, [""shift""]]]"
Ğ,com.apple.keylayout.Inuktitut-QWERTY,"[[11, [""option""]], [5, [""shift""]]]"
Ǧ,com.apple.keylayout.Inuktitut-QWERTY,"[[9, [""option""]], [5, [""shift""]]]"
Ģ,com.apple.keylayout.Inuktitut-QWERTY,"[[8, [""option""]], [5, [""shift""]]]"
Ĝ,com.apple.keylayout.Inuktitut-QWERTY,"[[22, [""option""]], [5, [""shift""]]]"
Ġ,com.apple.keylayout.Inuktitut-QWERTY,"[[13, [""option""]], [5, [""shift""]]]"
Ɠ,com.apple.keylayout.Inuktitut-QWERTY,"[[47, [""option"", ""shift""]], [5, [""shift""]]]"
Ḡ,com.apple.keylayout.Inuktitut-QWERTY,"[[0, [""option""]], [5, [""shift""]]]"
Ɣ,com.apple.keylayout.Inuktitut-QWERTY,"[[41, [""option"", ""shift""]], [5, [""shift""]]]"
Ǥ,com.apple.keylayout.Inuktitut-QWERTY,"[[37, [""option""]], [5, [""shift""]]]"
Ḫ,com.apple.keylayout.Inuktitut-QWERTY,"[[11, [""option""]], [4, [""shift""]]]"
Ȟ,com.apple.keylayout.Inuktitut-QWERTY,"[[9, [""option""]], [4, [""shift""]]]"
Ḩ,com.apple.keylayout.Inuktitut-QWERTY,"[[8, [""option""]], [4, [""shift""]]]"
Ĥ,com.apple.keylayout.Inuktitut-QWERTY,"[[22, [""option""]], [4, [""shift""]]]"
Ḧ,com.apple.keylayout.Inuktitut-QWERTY,"[[32, [""option""]], [4, [""shift""]]]"
Ḣ,com.apple.keylayout.Inuktitut-QWERTY,"[[13, [""option""]], [4, [""shift""]]]"
Ḥ,com.apple.keylayout.Inuktitut-QWERTY,"[[7, [""option""]], [4, [""shift""]]]"
H̱,com.apple.keylayout.Inuktitut-QWERTY,"[[4, [""option""]], [4, [""shift""]]]"
Ƕ,com.apple.keylayout.Inuktitut-QWERTY,"[[41, [""option"", ""shift""]], [4, [""shift""]]]"
Ħ,com.apple.keylayout.Inuktitut-QWERTY,"[[37, [""option""]], [4, [""shift""]]]"
Í,com.apple.keylayout.Inuktitut-QWERTY,"[[14, [""option""]], [34, [""shift""]]]"
Ĭ,com.apple.keylayout.Inuktitut-QWERTY,"[[11, [""option""]], [34, [""shift""]]]"
Ǐ,com.apple.keylayout.Inuktitut-QWERTY,"[[9, [""option""]], [34, [""shift""]]]"
Î,com.apple.keylayout.Inuktitut-QWERTY,"[[22, [""option""]], [34, [""shift""]]]"
Ï,com.apple.keylayout.Inuktitut-QWERTY,"[[32, [""option""]], [34, [""shift""]]]"
İ,com.apple.keylayout.Inuktitut-QWERTY,"[[13, [""option""]], [34, [""shift""]]]"
Ị,com.apple.keylayout.Inuktitut-QWERTY,"[[7, [""option""]], [34, [""shift""]]]"
Ȉ,com.apple.keylayout.Inuktitut-QWERTY,"[[16, [""option"", ""shift""]], [34, [""shift""]]]"
Ì,com.apple.keylayout.Inuktitut-QWERTY,"[[50, [""option""]], [34, [""shift""]]]"
Ỉ,com.apple.keylayout.Inuktitut-QWERTY,"[[6, [""option""]], [34, [""shift""]]]"
Ɩ,com.apple.keylayout.Inuktitut-QWERTY,"[[47, [""option"", ""shift""]], [34, [""shift""]]]"
Ȋ,com.apple.keylayout.Inuktitut-QWERTY,"[[1, [""option"", ""shift""]], [34, [""shift""]]]"
Ī,com.apple.keylayout.Inuktitut-QWERTY,"[[0, [""option""]], [34, [""shift""]]]"
Į,com.apple.keylayout.Inuktitut-QWERTY,"[[46, [""option""]], [34, [""shift""]]]"
Ɨ,com.apple.keylayout.Inuktitut-QWERTY,"[[37, [""option""]], [34, [""shift""]]]"
Ĩ,com.apple.keylayout.Inuktitut-QWERTY,"[[45, [""option""]], [34, [""shift""]]]"
Ḭ,com.apple.keylayout.Inuktitut-QWERTY,"[[3, [""option"", ""shift""]], [34, [""shift""]]]"
J̌,com.apple.keylayout.Inuktitut-QWERTY,"[[9, [""option""]], [38, [""shift""]]]"
Ĵ,com.apple.keylayout.Inuktitut-QWERTY,"[[22, [""option""]], [38, [""shift""]]]"
Ƞ,com.apple.keylayout.Inuktitut-QWERTY,"[[41, [""option"", ""shift""]], [38, [""shift""]]]"
Ḱ,com.apple.keylayout.Inuktitut-QWERTY,"[[14, [""option""]], [40, [""shift""]]]"
Ǩ,com.apple.keylayout.Inuktitut-QWERTY,"[[9, [""option""]], [40, [""shift""]]]"
Ķ,com.apple.keylayout.Inuktitut-QWERTY,"[[8, [""option""]], [40, [""shift""]]]"
Ḳ,com.apple.keylayout.Inuktitut-QWERTY,"[[7, [""option""]], [40, [""shift""]]]"
Ƙ,com.apple.keylayout.Inuktitut-QWERTY,"[[47, [""option"", ""shift""]], [40, [""shift""]]]"
Ḵ,com.apple.keylayout.Inuktitut-QWERTY,"[[4, [""option""]], [40, [""shift""]]]"
K’,com.apple.keylayout.Inuktitut-QWERTY,"[[41, [""option"", ""shift""]], [40, [""shift""]]]"
Ĺ,com.apple.keylayout.Inuktitut-QWERTY,"[[14, [""option""]], [37, [""shift""]]]"
Ľ,com.apple.keylayout.Inuktitut-QWERTY,"[[9, [""option""]], [37, [""shift""]]]"
Ļ,com.apple.keylayout.Inuktitut-QWERTY,"[[8, [""option""]], [37, [""shift""]]]"
Ḽ,com.apple.keylayout.Inuktitut-QWERTY,"[[5, [""option"", ""shift""]], [37, [""shift""]]]"
Ḷ,com.apple.keylayout.Inuktitut-QWERTY,"[[7, [""option""]], [37, [""shift""]]]"
Ḹ,com.apple.keylayout.Inuktitut-QWERTY,"[[0, [""option""]], [37, [""shift""]]]"
Ḻ,com.apple.keylayout.Inuktitut-QWERTY,"[[4, [""option""]], [37, [""shift""]]]"
Ł,com.apple.keylayout.Inuktitut-QWERTY,"[[37, [""option""]], [37, [""shift""]]]"
Ḿ,com.apple.keylayout.Inuktitut-QWERTY,"[[14, [""option""]], [46, [""shift""]]]"
M̂,com.apple.keylayout.Inuktitut-QWERTY,"[[22, [""option""]], [46, [""shift""]]]"
Ṁ,com.apple.keylayout.Inuktitut-QWERTY,"[[13, [""option""]], [46, [""shift""]]]"
Ṃ,com.apple.keylayout.Inuktitut-QWERTY,"[[7, [""option""]], [46, [""shift""]]]"
Ɯ,com.apple.keylayout.Inuktitut-QWERTY,"[[41, [""option"", ""shift""]], [46, [""shift""]]]"
Ń,com.apple.keylayout.Inuktitut-QWERTY,"[[14, [""option""]], [45, [""shift""]]]"
Ň,com.apple.keylayout.Inuktitut-QWERTY,"[[9, [""option""]], [45, [""shift""]]]"
Ņ,com.apple.keylayout.Inuktitut-QWERTY,"[[8, [""option""]], [45, [""shift""]]]"
N̂,com.apple.keylayout.Inuktitut-QWERTY,"[[22, [""option""]], [45, [""shift""]]]"
Ṋ,com.apple.keylayout.Inuktitut-QWERTY,"[[5, [""option"", ""shift""]], [45, [""shift""]]]"
Ṅ,com.apple.keylayout.Inuktitut-QWERTY,"[[13, [""option""]], [45, [""shift""]]]"
Ṇ,com.apple.keylayout.Inuktitut-QWERTY,"[[7, [""option""]], [45, [""shift""]]]"
Ǹ,com.apple.keylayout.Inuktitut-QWERTY,"[[50, [""option""]], [45, [""shift""]]]"
Ɲ,com.apple.keylayout.Inuktitut-QWERTY,"[[47, [""option"", ""shift""]], [45, [""shift""]]]"
Ṉ,com.apple.keylayout.Inuktitut-QWERTY,"[[4, [""option""]], [45, [""shift""]]]"
Ŋ,com.apple.keylayout.Inuktitut-QWERTY,"[[41, [""option"", ""shift""]], [45, [""shift""]]]"
Ñ,com.apple.keylayout.Inuktitut-QWERTY,"[[45, [""option""]], [45, [""shift""]]]"
Ó,com.apple.keylayout.Inuktitut-QWERTY,"[[14, [""option""]], [31, [""shift""]]]"
Ŏ,com.apple.keylayout.Inuktitut-QWERTY,"[[11, [""option""]], [31, [""shift""]]]"
Ǒ,com.apple.keylayout.Inuktitut-QWERTY,"[[9, [""option""]], [31, [""shift""]]]"
Ô,com.apple.keylayout.Inuktitut-QWERTY,"[[22, [""option""]], [31, [""shift""]]]"
Ö,com.apple.keylayout.Inuktitut-QWERTY,"[[32, [""option""]], [31, [""shift""]]]"
Ȯ,com.apple.keylayout.Inuktitut-QWERTY,"[[13, [""option""]], [31, [""shift""]]]"
Ọ,com.apple.keylayout.Inuktitut-QWERTY,"[[7, [""option""]], [31, [""shift""]]]"
Ő,com.apple.keylayout.Inuktitut-QWERTY,"[[38, [""option""]], [31, [""shift""]]]"
Ȍ,com.apple.keylayout.Inuktitut-QWERTY,"[[16, [""option"", ""shift""]], [31, [""shift""]]]"
Ò,com.apple.keylayout.Inuktitut-QWERTY,"[[50, [""option""]], [31, [""shift""]]]"
Ỏ,com.apple.keylayout.Inuktitut-QWERTY,"[[6, [""option""]], [31, [""shift""]]]"
Ơ,com.apple.keylayout.Inuktitut-QWERTY,"[[34, [""option""]], [31, [""shift""]]]"
Ȏ,com.apple.keylayout.Inuktitut-QWERTY,"[[1, [""option"", ""shift""]], [31, [""shift""]]]"
Ō,com.apple.keylayout.Inuktitut-QWERTY,"[[0, [""option""]], [31, [""shift""]]]"
Ǫ,com.apple.keylayout.Inuktitut-QWERTY,"[[46, [""option""]], [31, [""shift""]]]"
O̊,com.apple.keylayout.Inuktitut-QWERTY,"[[40, [""option""]], [31, [""shift""]]]"
Ɵ,com.apple.keylayout.Inuktitut-QWERTY,"[[37, [""option""]], [31, [""shift""]]]"
Õ,com.apple.keylayout.Inuktitut-QWERTY,"[[45, [""option""]], [31, [""shift""]]]"
Ṕ,com.apple.keylayout.Inuktitut-QWERTY,"[[14, [""option""]], [35, [""shift""]]]"
Ṗ,com.apple.keylayout.Inuktitut-QWERTY,"[[13, [""option""]], [35, [""shift""]]]"
Ƥ,com.apple.keylayout.Inuktitut-QWERTY,"[[47, [""option"", ""shift""]], [35, [""shift""]]]"
Ƣ,com.apple.keylayout.Inuktitut-QWERTY,"[[41, [""option"", ""shift""]], [12, [""shift""]]]"
Ŕ,com.apple.keylayout.Inuktitut-QWERTY,"[[14, [""option""]], [15, [""shift""]]]"
Ř,com.apple.keylayout.Inuktitut-QWERTY,"[[9, [""option""]], [15, [""shift""]]]"
Ŗ,com.apple.keylayout.Inuktitut-QWERTY,"[[8, [""option""]], [15, [""shift""]]]"
Ṙ,com.apple.keylayout.Inuktitut-QWERTY,"[[13, [""option""]], [15, [""shift""]]]"
Ṛ,com.apple.keylayout.Inuktitut-QWERTY,"[[7, [""option""]], [15, [""shift""]]]"
Ȑ,com.apple.keylayout.Inuktitut-QWERTY,"[[16, [""option"", ""shift""]], [15, [""shift""]]]"
Ʈ,com.apple.keylayout.Inuktitut-QWERTY,"[[47, [""option"", ""shift""]], [15, [""shift""]]]"
Ȓ,com.apple.keylayout.Inuktitut-QWERTY,"[[1, [""option"", ""shift""]], [15, [""shift""]]]"
Ṝ,com.apple.keylayout.Inuktitut-QWERTY,"[[0, [""option""]], [15, [""shift""]]]"
Ṟ,com.apple.keylayout.Inuktitut-QWERTY,"[[4, [""option""]], [15, [""shift""]]]"
Ʀ,com.apple.keylayout.Inuktitut-QWERTY,"[[41, [""option"", ""shift""]], [15, [""shift""]]]"
Ś,com.apple.keylayout.Inuktitut-QWERTY,"[[14, [""option""]], [1, [""shift""]]]"
Š,com.apple.keylayout.Inuktitut-QWERTY,"[[9, [""option""]], [1, [""shift""]]]"
Ş,com.apple.keylayout.Inuktitut-QWERTY,"[[8, [""option""]], [1, [""shift""]]]"
Ŝ,com.apple.keylayout.Inuktitut-QWERTY,"[[22, [""option""]], [1, [""shift""]]]"
Ș,com.apple.keylayout.Inuktitut-QWERTY,"[[35, [""option""]], [1, [""shift""]]]"
Ṡ,com.apple.keylayout.Inuktitut-QWERTY,"[[13, [""option""]], [1, [""shift""]]]"
Ṣ,com.apple.keylayout.Inuktitut-QWERTY,"[[7, [""option""]], [1, [""shift""]]]"
Ʃ,com.apple.keylayout.Inuktitut-QWERTY,"[[47, [""option"", ""shift""]], [1, [""shift""]]]"
S̄,com.apple.keylayout.Inuktitut-QWERTY,"[[0, [""option""]], [1, [""shift""]]]"
Ť,com.apple.keylayout.Inuktitut-QWERTY,"[[9, [""option""]], [17, [""shift""]]]"
Ţ,com.apple.keylayout.Inuktitut-QWERTY,"[[8, [""option""]], [17, [""shift""]]]"
Ṱ,com.apple.keylayout.Inuktitut-QWERTY,"[[5, [""option"", ""shift""]], [17, [""shift""]]]"
Ț,com.apple.keylayout.Inuktitut-QWERTY,"[[35, [""option""]], [17, [""shift""]]]"
T̈,com.apple.keylayout.Inuktitut-QWERTY,"[[32, [""option""]], [17, [""shift""]]]"
Ṫ,com.apple.keylayout.Inuktitut-QWERTY,"[[13, [""option""]], [17, [""shift""]]]"
Ṭ,com.apple.keylayout.Inuktitut-QWERTY,"[[7, [""option""]], [17, [""shift""]]]"
Ƭ,com.apple.keylayout.Inuktitut-QWERTY,"[[47, [""option"", ""shift""]], [17, [""shift""]]]"
Ṯ,com.apple.keylayout.Inuktitut-QWERTY,"[[4, [""option""]], [17, [""shift""]]]"
Ŧ,com.apple.keylayout.Inuktitut-QWERTY,"[[37, [""option""]], [17, [""shift""]]]"
Ú,com.apple.keylayout.Inuktitut-QWERTY,"[[14, [""option""]], [32, [""shift""]]]"
Ŭ,com.apple.keylayout.Inuktitut-QWERTY,"[[11, [""option""]], [32, [""shift""]]]"
Ǔ,com.apple.keylayout.Inuktitut-QWERTY,"[[9, [""option""]], [32, [""shift""]]]"
Û,com.apple.keylayout.Inuktitut-QWERTY,"[[22, [""option""]], [32, [""shift""]]]"
Ṷ,com.apple.keylayout.Inuktitut-QWERTY,"[[5, [""option"", ""shift""]], [32, [""shift""]]]"
Ü,com.apple.keylayout.Inuktitut-QWERTY,"[[32, [""option""]], [32, [""shift""]]]"
Ụ,com.apple.keylayout.Inuktitut-QWERTY,"[[7, [""option""]], [32, [""shift""]]]"
Ű,com.apple.keylayout.Inuktitut-QWERTY,"[[38, [""option""]], [32, [""shift""]]]"
Ȕ,com.apple.keylayout.Inuktitut-QWERTY,"[[16, [""option"", ""shift""]], [32, [""shift""]]]"
Ù,com.apple.keylayout.Inuktitut-QWERTY,"[[50, [""option""]], [32, [""shift""]]]"
Ủ,com.apple.keylayout.Inuktitut-QWERTY,"[[6, [""option""]], [32, [""shift""]]]"
Ʋ,com.apple.keylayout.Inuktitut-QWERTY,"[[47, [""option"", ""shift""]], [32, [""shift""]]]"
Ư,com.apple.keylayout.Inuktitut-QWERTY,"[[34, [""option""]], [32, [""shift""]]]"
Ȗ,com.apple.keylayout.Inuktitut-QWERTY,"[[1, [""option"", ""shift""]], [32, [""shift""]]]"
Ū,com.apple.keylayout.Inuktitut-QWERTY,"[[0, [""option""]], [32, [""shift""]]]"
Ų,com.apple.keylayout.Inuktitut-QWERTY,"[[46, [""option""]], [32, [""shift""]]]"
Ů,com.apple.keylayout.Inuktitut-QWERTY,"[[40, [""option""]], [32, [""shift""]]]"
Ʊ,com.apple.keylayout.Inuktitut-QWERTY,"[[41, [""option"", ""shift""]], [32, [""shift""]]]"
Ũ,com.apple.keylayout.Inuktitut-QWERTY,"[[45, [""option""]], [32, [""shift""]]]"
Ṵ,com.apple.keylayout.Inuktitut-QWERTY,"[[3, [""option"", ""shift""]], [32, [""shift""]]]"
Ǘ,com.apple.keylayout.Inuktitut-QWERTY,"[[14, [""option""]], [9, [""shift""]]]"
Ǚ,com.apple.keylayout.Inuktitut-QWERTY,"[[9, [""option""]], [9, [""shift""]]]"
Ṿ,com.apple.keylayout.Inuktitut-QWERTY,"[[7, [""option""]], [9, [""shift""]]]"
Ǜ,com.apple.keylayout.Inuktitut-QWERTY,"[[50, [""option""]], [9, [""shift""]]]"
Ǖ,com.apple.keylayout.Inuktitut-QWERTY,"[[0, [""option""]], [9, [""shift""]]]"
Ṽ,com.apple.keylayout.Inuktitut-QWERTY,"[[45, [""option""]], [9, [""shift""]]]"
Ẃ,com.apple.keylayout.Inuktitut-QWERTY,"[[14, [""option""]], [13, [""shift""]]]"
Ŵ,com.apple.keylayout.Inuktitut-QWERTY,"[[22, [""option""]], [13, [""shift""]]]"
Ẅ,com.apple.keylayout.Inuktitut-QWERTY,"[[32, [""option""]], [13, [""shift""]]]"
Ẇ,com.apple.keylayout.Inuktitut-QWERTY,"[[13, [""option""]], [13, [""shift""]]]"
Ẉ,com.apple.keylayout.Inuktitut-QWERTY,"[[7, [""option""]], [13, [""shift""]]]"
Ẁ,com.apple.keylayout.Inuktitut-QWERTY,"[[50, [""option""]], [13, [""shift""]]]"
W̊,com.apple.keylayout.Inuktitut-QWERTY,"[[40, [""option""]], [13, [""shift""]]]"
Ƿ,com.apple.keylayout.Inuktitut-QWERTY,"[[41, [""option"", ""shift""]], [13, [""shift""]]]"
Ẍ,com.apple.keylayout.Inuktitut-QWERTY,"[[32, [""option""]], [7, [""shift""]]]"
Ẋ,com.apple.keylayout.Inuktitut-QWERTY,"[[13, [""option""]], [7, [""shift""]]]"
Ɖ,com.apple.keylayout.Inuktitut-QWERTY,"[[47, [""option"", ""shift""]], [7, [""shift""]]]"
Ý,com.apple.keylayout.Inuktitut-QWERTY,"[[14, [""option""]], [16, [""shift""]]]"
Ŷ,com.apple.keylayout.Inuktitut-QWERTY,"[[22, [""option""]], [16, [""shift""]]]"
Ÿ,com.apple.keylayout.Inuktitut-QWERTY,"[[32, [""option""]], [16, [""shift""]]]"
Ẏ,com.apple.keylayout.Inuktitut-QWERTY,"[[13, [""option""]], [16, [""shift""]]]"
Ỵ,com.apple.keylayout.Inuktitut-QWERTY,"[[7, [""option""]], [16, [""shift""]]]"
Ỳ,com.apple.keylayout.Inuktitut-QWERTY,"[[50, [""option""]], [16, [""shift""]]]"
Ỷ,com.apple.keylayout.Inuktitut-QWERTY,"[[6, [""option""]], [16, [""shift""]]]"
Ƴ,com.apple.keylayout.Inuktitut-QWERTY,"[[47, [""option"", ""shift""]], [16, [""shift""]]]"
Ȳ,com.apple.keylayout.Inuktitut-QWERTY,"[[0, [""option""]], [16, [""shift""]]]"
Y̊,com.apple.keylayout.Inuktitut-QWERTY,"[[40, [""option""]], [16, [""shift""]]]"
Ȝ,com.apple.keylayout.Inuktitut-QWERTY,"[[41, [""option"", ""shift""]], [16, [""shift""]]]"
Ỹ,com.apple.keylayout.Inuktitut-QWERTY,"[[45, [""option""]], [16, [""shift""]]]"
Ź,com.apple.keylayout.Inuktitut-QWERTY,"[[14, [""option""]], [6, [""shift""]]]"
Ž,com.apple.keylayout.Inuktitut-QWERTY,"[[9, [""option""]], [6, [""shift""]]]"
Z̧,com.apple.keylayout.Inuktitut-QWERTY,"[[8, [""option""]], [6, [""shift""]]]"
Ẑ,com.apple.keylayout.Inuktitut-QWERTY,"[[22, [""option""]], [6, [""shift""]]]"
Ż,com.apple.keylayout.Inuktitut-QWERTY,"[[13, [""option""]], [6, [""shift""]]]"
Ẓ,com.apple.keylayout.Inuktitut-QWERTY,"[[7, [""option""]], [6, [""shift""]]]"
Ȥ,com.apple.keylayout.Inuktitut-QWERTY,"[[47, [""option"", ""shift""]], [6, [""shift""]]]"
Z̄,com.apple.keylayout.Inuktitut-QWERTY,"[[0, [""option""]], [6, [""shift""]]]"
Ẕ,com.apple.keylayout.Inuktitut-QWERTY,"[[4, [""option""]], [6, [""shift""]]]"
Ʒ,com.apple.keylayout.Inuktitut-QWERTY,"[[41, [""option"", ""shift""]], [6, [""shift""]]]"
Ƶ,com.apple.keylayout.Inuktitut-QWERTY,"[[37, [""option""]], [6, [""shift""]]]"
Ƅ,com.apple.keylayout.Inuktitut-QWERTY,"[[41, [""option"", ""shift""]], [22, [""shift""]]]"
á,com.apple.keylayout.Inuktitut-QWERTY,"[[14, [""option""]], [0, []]]"
ă,com.apple.keylayout.Inuktitut-QWERTY,"[[11, [""option""]], [0, []]]"
ǎ,com.apple.keylayout.Inuktitut-QWERTY,"[[9, [""option""]], [0, []]]"
â,com.apple.keylayout.Inuktitut-QWERTY,"[[22, [""option""]], [0, []]]"
ä,com.apple.keylayout.Inuktitut-QWERTY,"[[32, [""option""]], [0, []]]"
ȧ,com.apple.keylayout.Inuktitut-QWERTY,"[[13, [""option""]], [0, []]]"
ạ,com.apple.keylayout.Inuktitut-QWERTY,"[[7, [""option""]], [0, []]]"
ȁ,com.apple.keylayout.Inuktitut-QWERTY,"[[16, [""option"", ""shift""]], [0, []]]"
à,com.apple.keylayout.Inuktitut-QWERTY,"[[50, [""option""]], [0, []]]"
ả,com.apple.keylayout.Inuktitut-QWERTY,"[[6, [""option""]], [0, []]]"
ȃ,com.apple.keylayout.Inuktitut-QWERTY,"[[1, [""option"", ""shift""]], [0, []]]"
ā,com.apple.keylayout.Inuktitut-QWERTY,"[[0, [""option""]], [0, []]]"
ą,com.apple.keylayout.Inuktitut-QWERTY,"[[46, [""option""]], [0, []]]"
å,com.apple.keylayout.Inuktitut-QWERTY,"[[40, [""option""]], [0, []]]"
ə,com.apple.keylayout.Inuktitut-QWERTY,"[[41, [""option"", ""shift""]], [0, []]]"
ã,com.apple.keylayout.Inuktitut-QWERTY,"[[45, [""option""]], [0, []]]"
ḃ,com.apple.keylayout.Inuktitut-QWERTY,"[[13, [""option""]], [11, []]]"
ḅ,com.apple.keylayout.Inuktitut-QWERTY,"[[7, [""option""]], [11, []]]"
ɓ,com.apple.keylayout.Inuktitut-QWERTY,"[[47, [""option"", ""shift""]], [11, []]]"
ḇ,com.apple.keylayout.Inuktitut-QWERTY,"[[4, [""option""]], [11, []]]"
ƀ,com.apple.keylayout.Inuktitut-QWERTY,"[[37, [""option""]], [11, []]]"
ć,com.apple.keylayout.Inuktitut-QWERTY,"[[14, [""option""]], [8, []]]"
č,com.apple.keylayout.Inuktitut-QWERTY,"[[9, [""option""]], [8, []]]"
ç,com.apple.keylayout.Inuktitut-QWERTY,"[[8, [""option""]], [8, []]]"
ĉ,com.apple.keylayout.Inuktitut-QWERTY,"[[22, [""option""]], [8, []]]"
ċ,com.apple.keylayout.Inuktitut-QWERTY,"[[13, [""option""]], [8, []]]"
ƈ,com.apple.keylayout.Inuktitut-QWERTY,"[[47, [""option"", ""shift""]], [8, []]]"
ɔ,com.apple.keylayout.Inuktitut-QWERTY,"[[41, [""option"", ""shift""]], [8, []]]"
ď,com.apple.keylayout.Inuktitut-QWERTY,"[[9, [""option""]], [2, []]]"
ḑ,com.apple.keylayout.Inuktitut-QWERTY,"[[8, [""option""]], [2, []]]"
ḓ,com.apple.keylayout.Inuktitut-QWERTY,"[[5, [""option"", ""shift""]], [2, []]]"
ḋ,com.apple.keylayout.Inuktitut-QWERTY,"[[13, [""option""]], [2, []]]"
ḍ,com.apple.keylayout.Inuktitut-QWERTY,"[[7, [""option""]], [2, []]]"
ɗ,com.apple.keylayout.Inuktitut-QWERTY,"[[47, [""option"", ""shift""]], [2, []]]"
ḏ,com.apple.keylayout.Inuktitut-QWERTY,"[[4, [""option""]], [2, []]]"
đ,com.apple.keylayout.Inuktitut-QWERTY,"[[37, [""option""]], [2, []]]"
é,com.apple.keylayout.Inuktitut-QWERTY,"[[14, [""option""]], [14, []]]"
ĕ,com.apple.keylayout.Inuktitut-QWERTY,"[[11, [""option""]], [14, []]]"
ě,com.apple.keylayout.Inuktitut-QWERTY,"[[9, [""option""]], [14, []]]"
ȩ,com.apple.keylayout.Inuktitut-QWERTY,"[[8, [""option""]], [14, []]]"
ê,com.apple.keylayout.Inuktitut-QWERTY,"[[22, [""option""]], [14, []]]"
ḙ,com.apple.keylayout.Inuktitut-QWERTY,"[[5, [""option"", ""shift""]], [14, []]]"
ë,com.apple.keylayout.Inuktitut-QWERTY,"[[32, [""option""]], [14, []]]"
ė,com.apple.keylayout.Inuktitut-QWERTY,"[[13, [""option""]], [14, []]]"
ẹ,com.apple.keylayout.Inuktitut-QWERTY,"[[7, [""option""]], [14, []]]"
ȅ,com.apple.keylayout.Inuktitut-QWERTY,"[[16, [""option"", ""shift""]], [14, []]]"
è,com.apple.keylayout.Inuktitut-QWERTY,"[[50, [""option""]], [14, []]]"
ẻ,com.apple.keylayout.Inuktitut-QWERTY,"[[6, [""option""]], [14, []]]"
ȇ,com.apple.keylayout.Inuktitut-QWERTY,"[[1, [""option"", ""shift""]], [14, []]]"
ē,com.apple.keylayout.Inuktitut-QWERTY,"[[0, [""option""]], [14, []]]"
ę,com.apple.keylayout.Inuktitut-QWERTY,"[[46, [""option""]], [14, []]]"
e̊,com.apple.keylayout.Inuktitut-QWERTY,"[[40, [""option""]], [14, []]]"
ǝ,com.apple.keylayout.Inuktitut-QWERTY,"[[41, [""option"", ""shift""]], [14, []]]"
ẽ,com.apple.keylayout.Inuktitut-QWERTY,"[[45, [""option""]], [14, []]]"
ḛ,com.apple.keylayout.Inuktitut-QWERTY,"[[3, [""option"", ""shift""]], [14, []]]"
ḟ,com.apple.keylayout.Inuktitut-QWERTY,"[[13, [""option""]], [3, []]]"
ƒ,com.apple.keylayout.Inuktitut-QWERTY,"[[47, [""option"", ""shift""]], [3, []]]"
ǵ,com.apple.keylayout.Inuktitut-QWERTY,"[[14, [""option""]], [5, []]]"
ğ,com.apple.keylayout.Inuktitut-QWERTY,"[[11, [""option""]], [5, []]]"
ǧ,com.apple.keylayout.Inuktitut-QWERTY,"[[9, [""option""]], [5, []]]"
ģ,com.apple.keylayout.Inuktitut-QWERTY,"[[8, [""option""]], [5, []]]"
ĝ,com.apple.keylayout.Inuktitut-QWERTY,"[[22, [""option""]], [5, []]]"
ġ,com.apple.keylayout.Inuktitut-QWERTY,"[[13, [""option""]], [5, []]]"
ɠ,com.apple.keylayout.Inuktitut-QWERTY,"[[47, [""option"", ""shift""]], [5, []]]"
ḡ,com.apple.keylayout.Inuktitut-QWERTY,"[[0, [""option""]], [5, []]]"
ɣ,com.apple.keylayout.Inuktitut-QWERTY,"[[41, [""option"", ""shift""]], [5, []]]"
ǥ,com.apple.keylayout.Inuktitut-QWERTY,"[[37, [""option""]], [5, []]]"
ḫ,com.apple.keylayout.Inuktitut-QWERTY,"[[11, [""option""]], [4, []]]"
ȟ,com.apple.keylayout.Inuktitut-QWERTY,"[[9, [""option""]], [4, []]]"
ḩ,com.apple.keylayout.Inuktitut-QWERTY,"[[8, [""option""]], [4, []]]"
ĥ,com.apple.keylayout.Inuktitut-QWERTY,"[[22, [""option""]], [4, []]]"
ḧ,com.apple.keylayout.Inuktitut-QWERTY,"[[32, [""option""]], [4, []]]"
ḣ,com.apple.keylayout.Inuktitut-QWERTY,"[[13, [""option""]], [4, []]]"
ḥ,com.apple.keylayout.Inuktitut-QWERTY,"[[7, [""option""]], [4, []]]"
ɦ,com.apple.keylayout.Inuktitut-QWERTY,"[[47, [""option"", ""shift""]], [4, []]]"
ẖ,com.apple.keylayout.Inuktitut-QWERTY,"[[4, [""option""]], [4, []]]"
ƕ,com.apple.keylayout.Inuktitut-QWERTY,"[[41, [""option"", ""shift""]], [4, []]]"
ħ,com.apple.keylayout.Inuktitut-QWERTY,"[[37, [""option""]], [4, []]]"
í,com.apple.keylayout.Inuktitut-QWERTY,"[[14, [""option""]], [34, []]]"
ĭ,com.apple.keylayout.Inuktitut-QWERTY,"[[11, [""option""]], [34, []]]"
ǐ,com.apple.keylayout.Inuktitut-QWERTY,"[[9, [""option""]], [34, []]]"
î,com.apple.keylayout.Inuktitut-QWERTY,"[[22, [""option""]], [34, []]]"
ï,com.apple.keylayout.Inuktitut-QWERTY,"[[32, [""option""]], [34, []]]"
ı,com.apple.keylayout.Inuktitut-QWERTY,"[[13, [""option""]], [34, []]]"
ị,com.apple.keylayout.Inuktitut-QWERTY,"[[7, [""option""]], [34, []]]"
ȉ,com.apple.keylayout.Inuktitut-QWERTY,"[[16, [""option"", ""shift""]], [34, []]]"
ì,com.apple.keylayout.Inuktitut-QWERTY,"[[50, [""option""]], [34, []]]"
ỉ,com.apple.keylayout.Inuktitut-QWERTY,"[[6, [""option""]], [34, []]]"
ɩ,com.apple.keylayout.Inuktitut-QWERTY,"[[47, [""option"", ""shift""]], [34, []]]"
ȋ,com.apple.keylayout.Inuktitut-QWERTY,"[[1, [""option"", ""shift""]], [34, []]]"
ī,com.apple.keylayout.Inuktitut-QWERTY,"[[0, [""option""]], [34, []]]"
į,com.apple.keylayout.Inuktitut-QWERTY,"[[46, [""option""]], [34, []]]"
ɨ,com.apple.keylayout.Inuktitut-QWERTY,"[[37, [""option""]], [34, []]]"
ĩ,com.apple.keylayout.Inuktitut-QWERTY,"[[45, [""option""]], [34, []]]"
ḭ,com.apple.keylayout.Inuktitut-QWERTY,"[[3, [""option"", ""shift""]], [34, []]]"
ǰ,com.apple.keylayout.Inuktitut-QWERTY,"[[9, [""option""]], [38, []]]"
ĵ,com.apple.keylayout.Inuktitut-QWERTY,"[[22, [""option""]], [38, []]]"
ƞ,com.apple.keylayout.Inuktitut-QWERTY,"[[41, [""option"", ""shift""]], [38, []]]"
ḱ,com.apple.keylayout.Inuktitut-QWERTY,"[[14, [""option""]], [40, []]]"
ǩ,com.apple.keylayout.Inuktitut-QWERTY,"[[9, [""option""]], [40, []]]"
ķ,com.apple.keylayout.Inuktitut-QWERTY,"[[8, [""option""]], [40, []]]"
ḳ,com.apple.keylayout.Inuktitut-QWERTY,"[[7, [""option""]], [40, []]]"
ƙ,com.apple.keylayout.Inuktitut-QWERTY,"[[47, [""option"", ""shift""]], [40, []]]"
ḵ,com.apple.keylayout.Inuktitut-QWERTY,"[[4, [""option""]], [40, []]]"
ĸ,com.apple.keylayout.Inuktitut-QWERTY,"[[41, [""option"", ""shift""]], [40, []]]"
ĺ,com.apple.keylayout.Inuktitut-QWERTY,"[[14, [""option""]], [37, []]]"
ľ,com.apple.keylayout.Inuktitut-QWERTY,"[[9, [""option""]], [37, []]]"
ļ,com.apple.keylayout.Inuktitut-QWERTY,"[[8, [""option""]], [37, []]]"
ḽ,com.apple.keylayout.Inuktitut-QWERTY,"[[5, [""option"", ""shift""]], [37, []]]"
ḷ,com.apple.keylayout.Inuktitut-QWERTY,"[[7, [""option""]], [37, []]]"
ḹ,com.apple.keylayout.Inuktitut-QWERTY,"[[0, [""option""]], [37, []]]"
ḻ,com.apple.keylayout.Inuktitut-QWERTY,"[[4, [""option""]], [37, []]]"
ł,com.apple.keylayout.Inuktitut-QWERTY,"[[37, [""option""]], [37, []]]"
ḿ,com.apple.keylayout.Inuktitut-QWERTY,"[[14, [""option""]], [46, []]]"
m̂,com.apple.keylayout.Inuktitut-QWERTY,"[[22, [""option""]], [46, []]]"
ṁ,com.apple.keylayout.Inuktitut-QWERTY,"[[13, [""option""]], [46, []]]"
ṃ,com.apple.keylayout.Inuktitut-QWERTY,"[[7, [""option""]], [46, []]]"
ɯ,com.apple.keylayout.Inuktitut-QWERTY,"[[41, [""option"", ""shift""]], [46, []]]"
ń,com.apple.keylayout.Inuktitut-QWERTY,"[[14, [""option""]], [45, []]]"
ň,com.apple.keylayout.Inuktitut-QWERTY,"[[9, [""option""]], [45, []]]"
ņ,com.apple.keylayout.Inuktitut-QWERTY,"[[8, [""option""]], [45, []]]"
n̂,com.apple.keylayout.Inuktitut-QWERTY,"[[22, [""option""]], [45, []]]"
ṋ,com.apple.keylayout.Inuktitut-QWERTY,"[[5, [""option"", ""shift""]], [45, []]]"
ṅ,com.apple.keylayout.Inuktitut-QWERTY,"[[13, [""option""]], [45, []]]"
ṇ,com.apple.keylayout.Inuktitut-QWERTY,"[[7, [""option""]], [45, []]]"
ǹ,com.apple.keylayout.Inuktitut-QWERTY,"[[50, [""option""]], [45, []]]"
ɲ,com.apple.keylayout.Inuktitut-QWERTY,"[[47, [""option"", ""shift""]], [45, []]]"
ṉ,com.apple.keylayout.Inuktitut-QWERTY,"[[4, [""option""]], [45, []]]"
ŋ,com.apple.keylayout.Inuktitut-QWERTY,"[[41, [""option"", ""shift""]], [45, []]]"
ñ,com.apple.keylayout.Inuktitut-QWERTY,"[[45, [""option""]], [45, []]]"
ó,com.apple.keylayout.Inuktitut-QWERTY,"[[14, [""option""]], [31, []]]"
ŏ,com.apple.keylayout.Inuktitut-QWERTY,"[[11, [""option""]], [31, []]]"
ǒ,com.apple.keylayout.Inuktitut-QWERTY,"[[9, [""option""]], [31, []]]"
ô,com.apple.keylayout.Inuktitut-QWERTY,"[[22, [""option""]], [31, []]]"
ö,com.apple.keylayout.Inuktitut-QWERTY,"[[32, [""option""]], [31, []]]"
ȯ,com.apple.keylayout.Inuktitut-QWERTY,"[[13, [""option""]], [31, []]]"
ọ,com.apple.keylayout.Inuktitut-QWERTY,"[[7, [""option""]], [31, []]]"
ő,com.apple.keylayout.Inuktitut-QWERTY,"[[38, [""option""]], [31, []]]"
ȍ,com.apple.keylayout.Inuktitut-QWERTY,"[[16, [""option"", ""shift""]], [31, []]]"
ò,com.apple.keylayout.Inuktitut-QWERTY,"[[50, [""option""]], [31, []]]"
ỏ,com.apple.keylayout.Inuktitut-QWERTY,"[[6, [""option""]], [31, []]]"
ơ,com.apple.keylayout.Inuktitut-QWERTY,"[[34, [""option""]], [31, []]]"
ȏ,com.apple.keylayout.Inuktitut-QWERTY,"[[1, [""option"", ""shift""]], [31, []]]"
ō,com.apple.keylayout.Inuktitut-QWERTY,"[[0, [""option""]], [31, []]]"
ǫ,com.apple.keylayout.Inuktitut-QWERTY,"[[46, [""option""]], [31, []]]"
o̊,com.apple.keylayout.Inuktitut-QWERTY,"[[40, [""option""]], [31, []]]"
ɵ,com.apple.keylayout.Inuktitut-QWERTY,"[[37, [""option""]], [31, []]]"
õ,com.apple.keylayout.Inuktitut-QWERTY,"[[45, [""option""]], [31, []]]"
ṕ,com.apple.keylayout.Inuktitut-QWERTY,"[[14, [""option""]], [35, []]]"
ṗ,com.apple.keylayout.Inuktitut-QWERTY,"[[13, [""option""]], [35, []]]"
ƥ,com.apple.keylayout.Inuktitut-QWERTY,"[[47, [""option"", ""shift""]], [35, []]]"
ʠ,com.apple.keylayout.Inuktitut-QWERTY,"[[47, [""option"", ""shift""]], [12, []]]"
ƣ,com.apple.keylayout.Inuktitut-QWERTY,"[[41, [""option"", ""shift""]], [12, []]]"
ŕ,com.apple.keylayout.Inuktitut-QWERTY,"[[14, [""option""]], [15, []]]"
ř,com.apple.keylayout.Inuktitut-QWERTY,"[[9, [""option""]], [15, []]]"
ŗ,com.apple.keylayout.Inuktitut-QWERTY,"[[8, [""option""]], [15, []]]"
ṙ,com.apple.keylayout.Inuktitut-QWERTY,"[[13, [""option""]], [15, []]]"
ṛ,com.apple.keylayout.Inuktitut-QWERTY,"[[7, [""option""]], [15, []]]"
ȑ,com.apple.keylayout.Inuktitut-QWERTY,"[[16, [""option"", ""shift""]], [15, []]]"
ʈ,com.apple.keylayout.Inuktitut-QWERTY,"[[47, [""option"", ""shift""]], [15, []]]"
ȓ,com.apple.keylayout.Inuktitut-QWERTY,"[[1, [""option"", ""shift""]], [15, []]]"
ṝ,com.apple.keylayout.Inuktitut-QWERTY,"[[0, [""option""]], [15, []]]"
ṟ,com.apple.keylayout.Inuktitut-QWERTY,"[[4, [""option""]], [15, []]]"
ʀ,com.apple.keylayout.Inuktitut-QWERTY,"[[41, [""option"", ""shift""]], [15, []]]"
ś,com.apple.keylayout.Inuktitut-QWERTY,"[[14, [""option""]], [1, []]]"
š,com.apple.keylayout.Inuktitut-QWERTY,"[[9, [""option""]], [1, []]]"
ş,com.apple.keylayout.Inuktitut-QWERTY,"[[8, [""option""]], [1, []]]"
ŝ,com.apple.keylayout.Inuktitut-QWERTY,"[[22, [""option""]], [1, []]]"
ș,com.apple.keylayout.Inuktitut-QWERTY,"[[35, [""option""]], [1, []]]"
ṡ,com.apple.keylayout.Inuktitut-QWERTY,"[[13, [""option""]], [1, []]]"
ṣ,com.apple.keylayout.Inuktitut-QWERTY,"[[7, [""option""]], [1, []]]"
ʃ,com.apple.keylayout.Inuktitut-QWERTY,"[[47, [""option"", ""shift""]], [1, []]]"
s̄,com.apple.keylayout.Inuktitut-QWERTY,"[[0, [""option""]], [1, []]]"
ſ,com.apple.keylayout.Inuktitut-QWERTY,"[[41, [""option"", ""shift""]], [1, []]]"
ť,com.apple.keylayout.Inuktitut-QWERTY,"[[9, [""option""]], [17, []]]"
ţ,com.apple.keylayout.Inuktitut-QWERTY,"[[8, [""option""]], [17, []]]"
ṱ,com.apple.keylayout.Inuktitut-QWERTY,"[[5, [""option"", ""shift""]], [17, []]]"
ț,com.apple.keylayout.Inuktitut-QWERTY,"[[35, [""option""]], [17, []]]"
ẗ,com.apple.keylayout.Inuktitut-QWERTY,"[[32, [""option""]], [17, []]]"
ṫ,com.apple.keylayout.Inuktitut-QWERTY,"[[13, [""option""]], [17, []]]"
ṭ,com.apple.keylayout.Inuktitut-QWERTY,"[[7, [""option""]], [17, []]]"
ƭ,com.apple.keylayout.Inuktitut-QWERTY,"[[47, [""option"", ""shift""]], [17, []]]"
ṯ,com.apple.keylayout.Inuktitut-QWERTY,"[[4, [""option""]], [17, []]]"
ŧ,com.apple.keylayout.Inuktitut-QWERTY,"[[37, [""option""]], [17, []]]"
ú,com.apple.keylayout.Inuktitut-QWERTY,"[[14, [""option""]], [32, []]]"
ŭ,com.apple.keylayout.Inuktitut-QWERTY,"[[11, [""option""]], [32, []]]"
ǔ,com.apple.keylayout.Inuktitut-QWERTY,"[[9, [""option""]], [32, []]]"
û,com.apple.keylayout.Inuktitut-QWERTY,"[[22, [""option""]], [32, []]]"
ṷ,com.apple.keylayout.Inuktitut-QWERTY,"[[5, [""option"", ""shift""]], [32, []]]"
ü,com.apple.keylayout.Inuktitut-QWERTY,"[[32, [""option""]], [32, []]]"
ụ,com.apple.keylayout.Inuktitut-QWERTY,"[[7, [""option""]], [32, []]]"
ű,com.apple.keylayout.Inuktitut-QWERTY,"[[38, [""option""]], [32, []]]"
ȕ,com.apple.keylayout.Inuktitut-QWERTY,"[[16, [""option"", ""shift""]], [32, []]]"
ù,com.apple.keylayout.Inuktitut-QWERTY,"[[50, [""option""]], [32, []]]"
ủ,com.apple.keylayout.Inuktitut-QWERTY,"[[6, [""option""]], [32, []]]"
ʋ,com.apple.keylayout.Inuktitut-QWERTY,"[[47, [""option"", ""shift""]], [32, []]]"
ư,com.apple.keylayout.Inuktitut-QWERTY,"[[34, [""option""]], [32, []]]"
ȗ,com.apple.keylayout.Inuktitut-QWERTY,"[[1, [""option"", ""shift""]], [32, []]]"
ū,com.apple.keylayout.Inuktitut-QWERTY,"[[0, [""option""]], [32, []]]"
ų,com.apple.keylayout.Inuktitut-QWERTY,"[[46, [""option""]], [32, []]]"
ů,com.apple.keylayout.Inuktitut-QWERTY,"[[40, [""option""]], [32, []]]"
ʊ,com.apple.keylayout.Inuktitut-QWERTY,"[[41, [""option"", ""shift""]], [32, []]]"
ʉ,com.apple.keylayout.Inuktitut-QWERTY,"[[37, [""option""]], [32, []]]"
ũ,com.apple.keylayout.Inuktitut-QWERTY,"[[45, [""option""]], [32, []]]"
ṵ,com.apple.keylayout.Inuktitut-QWERTY,"[[3, [""option"", ""shift""]], [32, []]]"
ǘ,com.apple.keylayout.Inuktitut-QWERTY,"[[14, [""option""]], [9, []]]"
ǚ,com.apple.keylayout.Inuktitut-QWERTY,"[[9, [""option""]], [9, []]]"
ṿ,com.apple.keylayout.Inuktitut-QWERTY,"[[7, [""option""]], [9, []]]"
ǜ,com.apple.keylayout.Inuktitut-QWERTY,"[[50, [""option""]], [9, []]]"
ǖ,com.apple.keylayout.Inuktitut-QWERTY,"[[0, [""option""]], [9, []]]"
ʌ,com.apple.keylayout.Inuktitut-QWERTY,"[[41, [""option"", ""shift""]], [9, []]]"
ṽ,com.apple.keylayout.Inuktitut-QWERTY,"[[45, [""option""]], [9, []]]"
ẃ,com.apple.keylayout.Inuktitut-QWERTY,"[[14, [""option""]], [13, []]]"
ŵ,com.apple.keylayout.Inuktitut-QWERTY,"[[22, [""option""]], [13, []]]"
ẅ,com.apple.keylayout.Inuktitut-QWERTY,"[[32, [""option""]], [13, []]]"
ẇ,com.apple.keylayout.Inuktitut-QWERTY,"[[13, [""option""]], [13, []]]"
ẉ,com.apple.keylayout.Inuktitut-QWERTY,"[[7, [""option""]], [13, []]]"
ẁ,com.apple.keylayout.Inuktitut-QWERTY,"[[50, [""option""]], [13, []]]"
ẘ,com.apple.keylayout.Inuktitut-QWERTY,"[[40, [""option""]], [13, []]]"
ƿ,com.apple.keylayout.Inuktitut-QWERTY,"[[41, [""option"", ""shift""]], [13, []]]"
ẍ,com.apple.keylayout.Inuktitut-QWERTY,"[[32, [""option""]], [7, []]]"
ẋ,com.apple.keylayout.Inuktitut-QWERTY,"[[13, [""option""]], [7, []]]"
ɖ,com.apple.keylayout.Inuktitut-QWERTY,"[[47, [""option"", ""shift""]], [7, []]]"
ý,com.apple.keylayout.Inuktitut-QWERTY,"[[14, [""option""]], [16, []]]"
ŷ,com.apple.keylayout.Inuktitut-QWERTY,"[[22, [""option""]], [16, []]]"
ÿ,com.apple.keylayout.Inuktitut-QWERTY,"[[32, [""option""]], [16, []]]"
ẏ,com.apple.keylayout.Inuktitut-QWERTY,"[[13, [""option""]], [16, []]]"
ỵ,com.apple.keylayout.Inuktitut-QWERTY,"[[7, [""option""]], [16, []]]"
ỳ,com.apple.keylayout.Inuktitut-QWERTY,"[[50, [""option""]], [16, []]]"
ỷ,com.apple.keylayout.Inuktitut-QWERTY,"[[6, [""option""]], [16, []]]"
ƴ,com.apple.keylayout.Inuktitut-QWERTY,"[[47, [""option"", ""shift""]], [16, []]]"
ȳ,com.apple.keylayout.Inuktitut-QWERTY,"[[0, [""option""]], [16, []]]"
ẙ,com.apple.keylayout.Inuktitut-QWERTY,"[[40, [""option""]], [16, []]]"
ȝ,com.apple.keylayout.Inuktitut-QWERTY,"[[41, [""option"", ""shift""]], [16, []]]"
ỹ,com.apple.keylayout.Inuktitut-QWERTY,"[[45, [""option""]], [16, []]]"
ź,com.apple.keylayout.Inuktitut-QWERTY,"[[14, [""option""]], [6, []]]"
ž,com.apple.keylayout.Inuktitut-QWERTY,"[[9, [""option""]], [6, []]]"
z̧,com.apple.keylayout.Inuktitut-QWERTY,"[[8, [""option""]], [6, []]]"
ẑ,com.apple.keylayout.Inuktitut-QWERTY,"[[22, [""option""]], [6, []]]"
ż,com.apple.keylayout.Inuktitut-QWERTY,"[[13, [""option""]], [6, []]]"
ẓ,com.apple.keylayout.Inuktitut-QWERTY,"[[7, [""option""]], [6, []]]"
ȥ,com.apple.keylayout.Inuktitut-QWERTY,"[[47, [""option"", ""shift""]], [6, []]]"
z̄,com.apple.keylayout.Inuktitut-QWERTY,"[[0, [""option""]], [6, []]]"
ẕ,com.apple.keylayout.Inuktitut-QWERTY,"[[4, [""option""]], [6, []]]"
ʒ,com.apple.keylayout.Inuktitut-QWERTY,"[[41, [""option"", ""shift""]], [6, []]]"
ƶ,com.apple.keylayout.Inuktitut-QWERTY,"[[37, [""option""]], [6, []]]"
Ǽ,com.apple.keylayout.Inuktitut-QWERTY,"[[14, [""option""]], [39, [""option"", ""shift""]]]"
Ǣ,com.apple.keylayout.Inuktitut-QWERTY,"[[0, [""option""]], [39, [""option"", ""shift""]]]"
Ǿ,com.apple.keylayout.Inuktitut-QWERTY,"[[14, [""option""]], [31, [""option"", ""shift""]]]"
ǽ,com.apple.keylayout.Inuktitut-QWERTY,"[[14, [""option""]], [39, [""option""]]]"
ǣ,com.apple.keylayout.Inuktitut-QWERTY,"[[0, [""option""]], [39, [""option""]]]"
ǿ,com.apple.keylayout.Inuktitut-QWERTY,"[[14, [""option""]], [31, [""option""]]]"
ʻ,com.apple.keylayout.Inuktitut-QWERTY,"[[41, [""option"", ""shift""]], [30, [""option""]]]"
ʼ,com.apple.keylayout.Inuktitut-QWERTY,"[[41, [""option"", ""shift""]], [30, [""option"", ""shift""]]]"
ʽ,com.apple.keylayout.Inuktitut-QWERTY,"[[41, [""option"", ""shift""]], [33, [""option""]]]"
^,com.apple.keylayout.Belgian,"[[33, []], [49, []]]"
`,com.apple.keylayout.Belgian,"[[42, []], [49, []]]"
¨,com.apple.keylayout.Belgian,"[[33, [""shift""]], [49, []]]"
~,com.apple.keylayout.Belgian,"[[45, [""option""]], [49, []]]"
´,com.apple.keylayout.Belgian,"[[18, [""option"", ""shift""]], [49, []]]"
Â,com.apple.keylayout.Belgian,"[[33, []], [12, [""shift""]]]"
À,com.apple.keylayout.Belgian,"[[42, []], [12, [""shift""]]]"
Ä,com.apple.keylayout.Belgian,"[[33, [""shift""]], [12, [""shift""]]]"
Ã,com.apple.keylayout.Belgian,"[[45, [""option""]], [12, [""shift""]]]"
Á,com.apple.keylayout.Belgian,"[[18, [""option"", ""shift""]], [12, [""shift""]]]"
Ê,com.apple.keylayout.Belgian,"[[33, []], [14, [""shift""]]]"
È,com.apple.keylayout.Belgian,"[[42, []], [14, [""shift""]]]"
Ë,com.apple.keylayout.Belgian,"[[33, [""shift""]], [14, [""shift""]]]"
É,com.apple.keylayout.Belgian,"[[18, [""option"", ""shift""]], [14, [""shift""]]]"
Î,com.apple.keylayout.Belgian,"[[33, []], [34, [""shift""]]]"
Ì,com.apple.keylayout.Belgian,"[[42, []], [34, [""shift""]]]"
Ï,com.apple.keylayout.Belgian,"[[33, [""shift""]], [34, [""shift""]]]"
Í,com.apple.keylayout.Belgian,"[[18, [""option"", ""shift""]], [34, [""shift""]]]"
Ñ,com.apple.keylayout.Belgian,"[[45, [""option""]], [45, [""shift""]]]"
Ô,com.apple.keylayout.Belgian,"[[33, []], [31, [""shift""]]]"
Ò,com.apple.keylayout.Belgian,"[[42, []], [31, [""shift""]]]"
Ö,com.apple.keylayout.Belgian,"[[33, [""shift""]], [31, [""shift""]]]"
Õ,com.apple.keylayout.Belgian,"[[45, [""option""]], [31, [""shift""]]]"
Ó,com.apple.keylayout.Belgian,"[[18, [""option"", ""shift""]], [31, [""shift""]]]"
Û,com.apple.keylayout.Belgian,"[[33, []], [32, [""shift""]]]"
Ù,com.apple.keylayout.Belgian,"[[42, []], [32, [""shift""]]]"
Ü,com.apple.keylayout.Belgian,"[[33, [""shift""]], [32, [""shift""]]]"
Ú,com.apple.keylayout.Belgian,"[[18, [""option"", ""shift""]], [32, [""shift""]]]"
Ÿ,com.apple.keylayout.Belgian,"[[33, [""shift""]], [16, [""shift""]]]"
â,com.apple.keylayout.Belgian,"[[33, []], [12, []]]"
à,com.apple.keylayout.Belgian,"[[42, []], [12, []]]"
ä,com.apple.keylayout.Belgian,"[[33, [""shift""]], [12, []]]"
ã,com.apple.keylayout.Belgian,"[[45, [""option""]], [12, []]]"
á,com.apple.keylayout.Belgian,"[[18, [""option"", ""shift""]], [12, []]]"
ê,com.apple.keylayout.Belgian,"[[33, []], [14, []]]"
è,com.apple.keylayout.Belgian,"[[42, []], [14, []]]"
ë,com.apple.keylayout.Belgian,"[[33, [""shift""]], [14, []]]"
é,com.apple.keylayout.Belgian,"[[18, [""option"", ""shift""]], [14, []]]"
î,com.apple.keylayout.Belgian,"[[33, []], [34, []]]"
ì,com.apple.keylayout.Belgian,"[[42, []], [34, []]]"
ï,com.apple.keylayout.Belgian,"[[33, [""shift""]], [34, []]]"
í,com.apple.keylayout.Belgian,"[[18, [""option"", ""shift""]], [34, []]]"
ñ,com.apple.keylayout.Belgian,"[[45, [""option""]], [45, []]]"
ô,com.apple.keylayout.Belgian,"[[33, []], [31, []]]"
ò,com.apple.keylayout.Belgian,"[[42, []], [31, []]]"
ö,com.apple.keylayout.Belgian,"[[33, [""shift""]], [31, []]]"
õ,com.apple.keylayout.Belgian,"[[45, [""option""]], [31, []]]"
ó,com.apple.keylayout.Belgian,"[[18, [""option"", ""shift""]], [31, []]]"
û,com.apple.keylayout.Belgian,"[[33, []], [32, []]]"
ù,com.apple.keylayout.Belgian,"[[42, []], [32, []]]"
ü,com.apple.keylayout.Belgian,"[[33, [""shift""]], [32, []]]"
ú,com.apple.keylayout.Belgian,"[[18, [""option"", ""shift""]], [32, []]]"
ÿ,com.apple.keylayout.Belgian,"[[33, [""shift""]], [16, []]]"
`,com.apple.keylayout.Lithuanian,"[[50, []], [49, []]]"
ę,com.apple.keylayout.Lithuanian,"[[14, [""option""]], [49, []]]"
¨,com.apple.keylayout.Lithuanian,"[[32, [""option""]], [49, []]]"
Ų,com.apple.keylayout.Lithuanian,"[[34, [""option""]], [49, []]]"
ų,com.apple.keylayout.Lithuanian,"[[45, [""option""]], [49, []]]"
Á,com.apple.keylayout.Lithuanian,"[[14, [""option""]], [0, [""shift""]]]"
Ä,com.apple.keylayout.Lithuanian,"[[32, [""option""]], [0, [""shift""]]]"
Ś,com.apple.keylayout.Lithuanian,"[[34, [""option""]], [0, [""shift""]]]"
Ő,com.apple.keylayout.Lithuanian,"[[45, [""option""]], [0, [""shift""]]]"
É,com.apple.keylayout.Lithuanian,"[[14, [""option""]], [14, [""shift""]]]"
Ť,com.apple.keylayout.Lithuanian,"[[32, [""option""]], [14, [""shift""]]]"
ś,com.apple.keylayout.Lithuanian,"[[34, [""option""]], [14, [""shift""]]]"
Í,com.apple.keylayout.Lithuanian,"[[14, [""option""]], [34, [""shift""]]]"
ž,com.apple.keylayout.Lithuanian,"[[32, [""option""]], [34, [""shift""]]]"
Ž,com.apple.keylayout.Lithuanian,"[[34, [""option""]], [34, [""shift""]]]"
Ą,com.apple.keylayout.Lithuanian,"[[45, [""option""]], [45, [""shift""]]]"
Ó,com.apple.keylayout.Lithuanian,"[[14, [""option""]], [31, [""shift""]]]"
Ö,com.apple.keylayout.Lithuanian,"[[32, [""option""]], [31, [""shift""]]]"
Ô,com.apple.keylayout.Lithuanian,"[[34, [""option""]], [31, [""shift""]]]"
Õ,com.apple.keylayout.Lithuanian,"[[45, [""option""]], [31, [""shift""]]]"
Ú,com.apple.keylayout.Lithuanian,"[[14, [""option""]], [32, [""shift""]]]"
Ü,com.apple.keylayout.Lithuanian,"[[32, [""option""]], [32, [""shift""]]]"
ů,com.apple.keylayout.Lithuanian,"[[34, [""option""]], [32, [""shift""]]]"
Ŕ,com.apple.keylayout.Lithuanian,"[[32, [""option""]], [16, [""shift""]]]"
á,com.apple.keylayout.Lithuanian,"[[14, [""option""]], [0, []]]"
ä,com.apple.keylayout.Lithuanian,"[[32, [""option""]], [0, []]]"
Č,com.apple.keylayout.Lithuanian,"[[34, [""option""]], [0, []]]"
č,com.apple.keylayout.Lithuanian,"[[45, [""option""]], [0, []]]"
é,com.apple.keylayout.Lithuanian,"[[14, [""option""]], [14, []]]"
Ď,com.apple.keylayout.Lithuanian,"[[32, [""option""]], [14, []]]"
ź,com.apple.keylayout.Lithuanian,"[[34, [""option""]], [14, []]]"
í,com.apple.keylayout.Lithuanian,"[[14, [""option""]], [34, []]]"
ē,com.apple.keylayout.Lithuanian,"[[32, [""option""]], [34, []]]"
Ē,com.apple.keylayout.Lithuanian,"[[34, [""option""]], [34, []]]"
Ė,com.apple.keylayout.Lithuanian,"[[45, [""option""]], [45, []]]"
ó,com.apple.keylayout.Lithuanian,"[[14, [""option""]], [31, []]]"
ö,com.apple.keylayout.Lithuanian,"[[32, [""option""]], [31, []]]"
ô,com.apple.keylayout.Lithuanian,"[[34, [""option""]], [31, []]]"
õ,com.apple.keylayout.Lithuanian,"[[45, [""option""]], [31, []]]"
ú,com.apple.keylayout.Lithuanian,"[[14, [""option""]], [32, []]]"
ü,com.apple.keylayout.Lithuanian,"[[32, [""option""]], [32, []]]"
ě,com.apple.keylayout.Lithuanian,"[[34, [""option""]], [32, []]]"
ō,com.apple.keylayout.Lithuanian,"[[32, [""option""]], [16, []]]"
!,com.apple.keylayout.Lithuanian,"[[50, []], [18, [""shift""]]]"
1,com.apple.keylayout.Lithuanian,"[[50, []], [18, []]]"
@,com.apple.keylayout.Lithuanian,"[[50, []], [19, [""shift""]]]"
2,com.apple.keylayout.Lithuanian,"[[50, []], [19, []]]"
$,com.apple.keylayout.Lithuanian,"[[50, []], [21, [""shift""]]]"
4,com.apple.keylayout.Lithuanian,"[[50, []], [21, []]]"
#,com.apple.keylayout.Lithuanian,"[[50, []], [20, [""shift""]]]"
3,com.apple.keylayout.Lithuanian,"[[50, []], [20, []]]"
%,com.apple.keylayout.Lithuanian,"[[50, []], [23, [""shift""]]]"
5,com.apple.keylayout.Lithuanian,"[[50, []], [23, []]]"
^,com.apple.keylayout.Lithuanian,"[[50, []], [22, [""shift""]]]"
6,com.apple.keylayout.Lithuanian,"[[50, []], [22, []]]"
*,com.apple.keylayout.Lithuanian,"[[50, []], [28, [""shift""]]]"
8,com.apple.keylayout.Lithuanian,"[[50, []], [28, []]]"
+,com.apple.keylayout.Lithuanian,"[[50, []], [24, [""shift""]]]"
=,com.apple.keylayout.Lithuanian,"[[50, []], [24, []]]"
ˆ,com.apple.keylayout.Italian-Pro,"[[24, [""option""]], [49, []]]"
`,com.apple.keylayout.Italian-Pro,"[[25, [""option""]], [49, []]]"
´,com.apple.keylayout.Italian-Pro,"[[28, [""option""]], [49, []]]"
¨,com.apple.keylayout.Italian-Pro,"[[32, [""option""]], [49, []]]"
˜,com.apple.keylayout.Italian-Pro,"[[45, [""option""]], [49, []]]"
Â,com.apple.keylayout.Italian-Pro,"[[24, [""option""]], [0, [""shift""]]]"
À,com.apple.keylayout.Italian-Pro,"[[25, [""option""]], [0, [""shift""]]]"
Á,com.apple.keylayout.Italian-Pro,"[[28, [""option""]], [0, [""shift""]]]"
Ä,com.apple.keylayout.Italian-Pro,"[[32, [""option""]], [0, [""shift""]]]"
Ã,com.apple.keylayout.Italian-Pro,"[[45, [""option""]], [0, [""shift""]]]"
Ê,com.apple.keylayout.Italian-Pro,"[[24, [""option""]], [14, [""shift""]]]"
È,com.apple.keylayout.Italian-Pro,"[[25, [""option""]], [14, [""shift""]]]"
É,com.apple.keylayout.Italian-Pro,"[[28, [""option""]], [14, [""shift""]]]"
Ë,com.apple.keylayout.Italian-Pro,"[[32, [""option""]], [14, [""shift""]]]"
Î,com.apple.keylayout.Italian-Pro,"[[24, [""option""]], [34, [""shift""]]]"
Ì,com.apple.keylayout.Italian-Pro,"[[25, [""option""]], [34, [""shift""]]]"
Í,com.apple.keylayout.Italian-Pro,"[[28, [""option""]], [34, [""shift""]]]"
Ï,com.apple.keylayout.Italian-Pro,"[[32, [""option""]], [34, [""shift""]]]"
Ñ,com.apple.keylayout.Italian-Pro,"[[45, [""option""]], [45, [""shift""]]]"
Ô,com.apple.keylayout.Italian-Pro,"[[24, [""option""]], [31, [""shift""]]]"
Ò,com.apple.keylayout.Italian-Pro,"[[25, [""option""]], [31, [""shift""]]]"
Ó,com.apple.keylayout.Italian-Pro,"[[28, [""option""]], [31, [""shift""]]]"
Ö,com.apple.keylayout.Italian-Pro,"[[32, [""option""]], [31, [""shift""]]]"
Õ,com.apple.keylayout.Italian-Pro,"[[45, [""option""]], [31, [""shift""]]]"
Û,com.apple.keylayout.Italian-Pro,"[[24, [""option""]], [32, [""shift""]]]"
Ù,com.apple.keylayout.Italian-Pro,"[[25, [""option""]], [32, [""shift""]]]"
Ú,com.apple.keylayout.Italian-Pro,"[[28, [""option""]], [32, [""shift""]]]"
Ü,com.apple.keylayout.Italian-Pro,"[[32, [""option""]], [32, [""shift""]]]"
Ÿ,com.apple.keylayout.Italian-Pro,"[[32, [""option""]], [16, [""shift""]]]"
â,com.apple.keylayout.Italian-Pro,"[[24, [""option""]], [0, []]]"
à,com.apple.keylayout.Italian-Pro,"[[25, [""option""]], [0, []]]"
á,com.apple.keylayout.Italian-Pro,"[[28, [""option""]], [0, []]]"
ä,com.apple.keylayout.Italian-Pro,"[[32, [""option""]], [0, []]]"
ã,com.apple.keylayout.Italian-Pro,"[[45, [""option""]], [0, []]]"
ê,com.apple.keylayout.Italian-Pro,"[[24, [""option""]], [14, []]]"
è,com.apple.keylayout.Italian-Pro,"[[25, [""option""]], [14, []]]"
é,com.apple.keylayout.Italian-Pro,"[[28, [""option""]], [14, []]]"
ë,com.apple.keylayout.Italian-Pro,"[[32, [""option""]], [14, []]]"
î,com.apple.keylayout.Italian-Pro,"[[24, [""option""]], [34, []]]"
ì,com.apple.keylayout.Italian-Pro,"[[25, [""option""]], [34, []]]"
í,com.apple.keylayout.Italian-Pro,"[[28, [""option""]], [34, []]]"
ï,com.apple.keylayout.Italian-Pro,"[[32, [""option""]], [34, []]]"
ñ,com.apple.keylayout.Italian-Pro,"[[45, [""option""]], [45, []]]"
ô,com.apple.keylayout.Italian-Pro,"[[24, [""option""]], [31, []]]"
ò,com.apple.keylayout.Italian-Pro,"[[25, [""option""]], [31, []]]"
ó,com.apple.keylayout.Italian-Pro,"[[28, [""option""]], [31, []]]"
ö,com.apple.keylayout.Italian-Pro,"[[32, [""option""]], [31, []]]"
õ,com.apple.keylayout.Italian-Pro,"[[45, [""option""]], [31, []]]"
û,com.apple.keylayout.Italian-Pro,"[[24, [""option""]], [32, []]]"
ù,com.apple.keylayout.Italian-Pro,"[[25, [""option""]], [32, []]]"
ú,com.apple.keylayout.Italian-Pro,"[[28, [""option""]], [32, []]]"
ü,com.apple.keylayout.Italian-Pro,"[[32, [""option""]], [32, []]]"
ÿ,com.apple.keylayout.Italian-Pro,"[[32, [""option""]], [16, []]]"
`,com.apple.keylayout.Bulgarian,"[[50, []], [49, []]]"
~,com.apple.keylayout.Bulgarian,"[[50, [""option"", ""shift""]], [49, []]]"
Ў,com.apple.keylayout.Bulgarian,"[[50, []], [6, [""shift""]]]"
Џ,com.apple.keylayout.Bulgarian,"[[50, []], [1, [""shift""]]]"
ђ,com.apple.keylayout.Bulgarian,"[[50, []], [2, []]]"
ѓ,com.apple.keylayout.Bulgarian,"[[50, []], [14, []]]"
є,com.apple.keylayout.Bulgarian,"[[50, []], [15, []]]"
ї,com.apple.keylayout.Bulgarian,"[[50, []], [3, []]]"
љ,com.apple.keylayout.Bulgarian,"[[50, []], [13, []]]"
њ,com.apple.keylayout.Bulgarian,"[[50, []], [8, []]]"
ќ,com.apple.keylayout.Bulgarian,"[[50, []], [12, [""shift""]]]"
ћ,com.apple.keylayout.Bulgarian,"[[50, []], [9, []]]"
Ђ,com.apple.keylayout.Bulgarian,"[[50, []], [2, [""shift""]]]"
ў,com.apple.keylayout.Bulgarian,"[[50, []], [6, []]]"
џ,com.apple.keylayout.Bulgarian,"[[50, []], [1, []]]"
≥,com.apple.keylayout.Bulgarian,"[[50, [""option"", ""shift""]], [47, [""option"", ""shift""]]]"
≤,com.apple.keylayout.Bulgarian,"[[50, [""option"", ""shift""]], [43, [""option"", ""shift""]]]"
Ѓ,com.apple.keylayout.Bulgarian,"[[50, []], [14, [""shift""]]]"
≠,com.apple.keylayout.Bulgarian,"[[50, [""option"", ""shift""]], [22, [""shift""]]]"
Ё,com.apple.keylayout.Bulgarian,"[[50, [""option"", ""shift""]], [14, [""option"", ""shift""]]]"
Є,com.apple.keylayout.Bulgarian,"[[50, []], [15, [""shift""]]]"
∆,com.apple.keylayout.Bulgarian,"[[50, [""option"", ""shift""]], [2, [""option"", ""shift""]]]"
√,com.apple.keylayout.Bulgarian,"[[50, [""option"", ""shift""]], [24, [""shift""]]]"
Ѕ,com.apple.keylayout.Bulgarian,"[[50, [""option"", ""shift""]], [1, [""option"", ""shift""]]]"
®,com.apple.keylayout.Bulgarian,"[[50, [""option"", ""shift""]], [15, [""option"", ""shift""]]]"
©,com.apple.keylayout.Bulgarian,"[[50, [""option"", ""shift""]], [8, [""option"", ""shift""]]]"
Ј,com.apple.keylayout.Bulgarian,"[[50, [""option"", ""shift""]], [38, [""option"", ""shift""]]]"
|,com.apple.keylayout.Bulgarian,"[[50, [""option"", ""shift""]], [42, [""option"", ""shift""]]]"
Ї,com.apple.keylayout.Bulgarian,"[[50, []], [3, [""shift""]]]"
Љ,com.apple.keylayout.Bulgarian,"[[50, []], [13, [""shift""]]]"
Њ,com.apple.keylayout.Bulgarian,"[[50, []], [8, [""shift""]]]"
Ћ,com.apple.keylayout.Bulgarian,"[[50, []], [9, [""shift""]]]"
^,com.apple.keylayout.Italian,"[[33, [""shift""]], [49, []]]"
`,com.apple.keylayout.Italian,"[[25, [""option""]], [49, []]]"
´,com.apple.keylayout.Italian,"[[29, [""option""]], [49, []]]"
¨,com.apple.keylayout.Italian,"[[32, [""option""]], [49, []]]"
~,com.apple.keylayout.Italian,"[[45, [""option""]], [49, []]]"
Â,com.apple.keylayout.Italian,"[[33, [""shift""]], [0, [""shift""]]]"
À,com.apple.keylayout.Italian,"[[25, [""option""]], [0, [""shift""]]]"
Á,com.apple.keylayout.Italian,"[[29, [""option""]], [0, [""shift""]]]"
Ä,com.apple.keylayout.Italian,"[[32, [""option""]], [0, [""shift""]]]"
Ã,com.apple.keylayout.Italian,"[[45, [""option""]], [0, [""shift""]]]"
Ê,com.apple.keylayout.Italian,"[[33, [""shift""]], [14, [""shift""]]]"
È,com.apple.keylayout.Italian,"[[25, [""option""]], [14, [""shift""]]]"
É,com.apple.keylayout.Italian,"[[29, [""option""]], [14, [""shift""]]]"
Ë,com.apple.keylayout.Italian,"[[32, [""option""]], [14, [""shift""]]]"
Î,com.apple.keylayout.Italian,"[[33, [""shift""]], [34, [""shift""]]]"
Ì,com.apple.keylayout.Italian,"[[25, [""option""]], [34, [""shift""]]]"
Í,com.apple.keylayout.Italian,"[[29, [""option""]], [34, [""shift""]]]"
Ï,com.apple.keylayout.Italian,"[[32, [""option""]], [34, [""shift""]]]"
Ñ,com.apple.keylayout.Italian,"[[45, [""option""]], [45, [""shift""]]]"
Ô,com.apple.keylayout.Italian,"[[33, [""shift""]], [31, [""shift""]]]"
·,com.apple.keylayout.Italian,"[[25, [""option""]], [31, [""shift""]]]"
Ó,com.apple.keylayout.Italian,"[[29, [""option""]], [31, [""shift""]]]"
Ö,com.apple.keylayout.Italian,"[[32, [""option""]], [31, [""shift""]]]"
Õ,com.apple.keylayout.Italian,"[[45, [""option""]], [31, [""shift""]]]"
„,com.apple.keylayout.Italian,"[[33, [""shift""]], [32, [""shift""]]]"
‰,com.apple.keylayout.Italian,"[[25, [""option""]], [32, [""shift""]]]"
‚,com.apple.keylayout.Italian,"[[29, [""option""]], [32, [""shift""]]]"
Ü,com.apple.keylayout.Italian,"[[32, [""option""]], [32, [""shift""]]]"
Ÿ,com.apple.keylayout.Italian,"[[32, [""option""]], [16, [""shift""]]]"
â,com.apple.keylayout.Italian,"[[33, [""shift""]], [0, []]]"
à,com.apple.keylayout.Italian,"[[25, [""option""]], [0, []]]"
á,com.apple.keylayout.Italian,"[[29, [""option""]], [0, []]]"
ä,com.apple.keylayout.Italian,"[[32, [""option""]], [0, []]]"
ã,com.apple.keylayout.Italian,"[[45, [""option""]], [0, []]]"
ê,com.apple.keylayout.Italian,"[[33, [""shift""]], [14, []]]"
è,com.apple.keylayout.Italian,"[[25, [""option""]], [14, []]]"
é,com.apple.keylayout.Italian,"[[29, [""option""]], [14, []]]"
ë,com.apple.keylayout.Italian,"[[32, [""option""]], [14, []]]"
î,com.apple.keylayout.Italian,"[[33, [""shift""]], [34, []]]"
ì,com.apple.keylayout.Italian,"[[25, [""option""]], [34, []]]"
í,com.apple.keylayout.Italian,"[[29, [""option""]], [34, []]]"
ï,com.apple.keylayout.Italian,"[[32, [""option""]], [34, []]]"
ñ,com.apple.keylayout.Italian,"[[45, [""option""]], [45, []]]"
ô,com.apple.keylayout.Italian,"[[33, [""shift""]], [31, []]]"
ò,com.apple.keylayout.Italian,"[[25, [""option""]], [31, []]]"
ó,com.apple.keylayout.Italian,"[[29, [""option""]], [31, []]]"
ö,com.apple.keylayout.Italian,"[[32, [""option""]], [31, []]]"
õ,com.apple.keylayout.Italian,"[[45, [""option""]], [31, []]]"
û,com.apple.keylayout.Italian,"[[33, [""shift""]], [32, []]]"
ù,com.apple.keylayout.Italian,"[[25, [""option""]], [32, []]]"
ú,com.apple.keylayout.Italian,"[[29, [""option""]], [32, []]]"
ü,com.apple.keylayout.Italian,"[[32, [""option""]], [32, []]]"
ÿ,com.apple.keylayout.Italian,"[[32, [""option""]], [16, []]]"
`,com.apple.keylayout.Spanish,"[[30, []], [49, []]]"
´,com.apple.keylayout.Spanish,"[[33, []], [49, []]]"
¨,com.apple.keylayout.Spanish,"[[30, [""shift""]], [49, []]]"
^,com.apple.keylayout.Spanish,"[[34, [""option""]], [49, []]]"
~,com.apple.keylayout.Spanish,"[[41, [""option""]], [49, []]]"
À,com.apple.keylayout.Spanish,"[[30, []], [0, [""shift""]]]"
Á,com.apple.keylayout.Spanish,"[[33, []], [0, [""shift""]]]"
Ä,com.apple.keylayout.Spanish,"[[30, [""shift""]], [0, [""shift""]]]"
Â,com.apple.keylayout.Spanish,"[[34, [""option""]], [0, [""shift""]]]"
Ã,com.apple.keylayout.Spanish,"[[41, [""option""]], [0, [""shift""]]]"
È,com.apple.keylayout.Spanish,"[[30, []], [14, [""shift""]]]"
É,com.apple.keylayout.Spanish,"[[33, []], [14, [""shift""]]]"
Ë,com.apple.keylayout.Spanish,"[[30, [""shift""]], [14, [""shift""]]]"
Ê,com.apple.keylayout.Spanish,"[[34, [""option""]], [14, [""shift""]]]"
Ì,com.apple.keylayout.Spanish,"[[30, []], [34, [""shift""]]]"
Í,com.apple.keylayout.Spanish,"[[33, []], [34, [""shift""]]]"
Ï,com.apple.keylayout.Spanish,"[[30, [""shift""]], [34, [""shift""]]]"
Î,com.apple.keylayout.Spanish,"[[34, [""option""]], [34, [""shift""]]]"
Ñ,com.apple.keylayout.Spanish,"[[41, [""option""]], [45, [""shift""]]]"
Ò,com.apple.keylayout.Spanish,"[[30, []], [31, [""shift""]]]"
Ó,com.apple.keylayout.Spanish,"[[33, []], [31, [""shift""]]]"
Ö,com.apple.keylayout.Spanish,"[[30, [""shift""]], [31, [""shift""]]]"
Ô,com.apple.keylayout.Spanish,"[[34, [""option""]], [31, [""shift""]]]"
Õ,com.apple.keylayout.Spanish,"[[41, [""option""]], [31, [""shift""]]]"
Ù,com.apple.keylayout.Spanish,"[[30, []], [32, [""shift""]]]"
Ú,com.apple.keylayout.Spanish,"[[33, []], [32, [""shift""]]]"
Ü,com.apple.keylayout.Spanish,"[[30, [""shift""]], [32, [""shift""]]]"
Û,com.apple.keylayout.Spanish,"[[34, [""option""]], [32, [""shift""]]]"
Ÿ,com.apple.keylayout.Spanish,"[[30, [""shift""]], [16, [""shift""]]]"
à,com.apple.keylayout.Spanish,"[[30, []], [0, []]]"
á,com.apple.keylayout.Spanish,"[[33, []], [0, []]]"
ä,com.apple.keylayout.Spanish,"[[30, [""shift""]], [0, []]]"
â,com.apple.keylayout.Spanish,"[[34, [""option""]], [0, []]]"
ã,com.apple.keylayout.Spanish,"[[41, [""option""]], [0, []]]"
è,com.apple.keylayout.Spanish,"[[30, []], [14, []]]"
é,com.apple.keylayout.Spanish,"[[33, []], [14, []]]"
ë,com.apple.keylayout.Spanish,"[[30, [""shift""]], [14, []]]"
ê,com.apple.keylayout.Spanish,"[[34, [""option""]], [14, []]]"
ì,com.apple.keylayout.Spanish,"[[30, []], [34, []]]"
í,com.apple.keylayout.Spanish,"[[33, []], [34, []]]"
ï,com.apple.keylayout.Spanish,"[[30, [""shift""]], [34, []]]"
î,com.apple.keylayout.Spanish,"[[34, [""option""]], [34, []]]"
ñ,com.apple.keylayout.Spanish,"[[41, [""option""]], [45, []]]"
ò,com.apple.keylayout.Spanish,"[[30, []], [31, []]]"
ó,com.apple.keylayout.Spanish,"[[33, []], [31, []]]"
ö,com.apple.keylayout.Spanish,"[[30, [""shift""]], [31, []]]"
ô,com.apple.keylayout.Spanish,"[[34, [""option""]], [31, []]]"
õ,com.apple.keylayout.Spanish,"[[41, [""option""]], [31, []]]"
ù,com.apple.keylayout.Spanish,"[[30, []], [32, []]]"
ú,com.apple.keylayout.Spanish,"[[33, []], [32, []]]"
ü,com.apple.keylayout.Spanish,"[[30, [""shift""]], [32, []]]"
û,com.apple.keylayout.Spanish,"[[34, [""option""]], [32, []]]"
ÿ,com.apple.keylayout.Spanish,"[[30, [""shift""]], [16, []]]"
Ά,com.apple.keylayout.Greek,"[[41, []], [0, [""shift""]]]"
Έ,com.apple.keylayout.Greek,"[[41, []], [14, [""shift""]]]"
Ή,com.apple.keylayout.Greek,"[[41, []], [4, [""shift""]]]"
Ί,com.apple.keylayout.Greek,"[[41, []], [34, [""shift""]]]"
Ϊ,com.apple.keylayout.Greek,"[[41, [""shift""]], [34, [""shift""]]]"
Ώ,com.apple.keylayout.Greek,"[[41, []], [9, [""shift""]]]"
Ό,com.apple.keylayout.Greek,"[[41, []], [31, [""shift""]]]"
Ύ,com.apple.keylayout.Greek,"[[41, []], [16, [""shift""]]]"
Ϋ,com.apple.keylayout.Greek,"[[41, [""shift""]], [16, [""shift""]]]"
ά,com.apple.keylayout.Greek,"[[41, []], [0, []]]"
έ,com.apple.keylayout.Greek,"[[41, []], [14, []]]"
ή,com.apple.keylayout.Greek,"[[41, []], [4, []]]"
ί,com.apple.keylayout.Greek,"[[41, []], [34, []]]"
ϊ,com.apple.keylayout.Greek,"[[41, [""shift""]], [34, []]]"
ΐ,com.apple.keylayout.Greek,"[[41, [""option""]], [34, []]]"
΄,com.apple.keylayout.Greek,"[[41, []], [49, [""option""]]]"
¨,com.apple.keylayout.Greek,"[[41, [""shift""]], [49, [""option""]]]"
΅,com.apple.keylayout.Greek,"[[41, [""option""]], [49, [""option""]]]"
ώ,com.apple.keylayout.Greek,"[[41, []], [9, []]]"
ό,com.apple.keylayout.Greek,"[[41, []], [31, []]]"
΄,com.apple.keylayout.Greek,"[[41, []], [49, []]]"
¨,com.apple.keylayout.Greek,"[[41, [""shift""]], [49, []]]"
΅,com.apple.keylayout.Greek,"[[41, [""option""]], [49, []]]"
ύ,com.apple.keylayout.Greek,"[[41, []], [16, []]]"
ϋ,com.apple.keylayout.Greek,"[[41, [""shift""]], [16, []]]"
ΰ,com.apple.keylayout.Greek,"[[41, [""option""]], [16, []]]"
`,com.apple.keylayout.Spanish-ISO,"[[33, []], [49, []]]"
´,com.apple.keylayout.Spanish-ISO,"[[39, []], [49, []]]"
^,com.apple.keylayout.Spanish-ISO,"[[33, [""shift""]], [49, []]]"
¨,com.apple.keylayout.Spanish-ISO,"[[39, [""shift""]], [49, []]]"
~,com.apple.keylayout.Spanish-ISO,"[[41, [""option""]], [49, []]]"
À,com.apple.keylayout.Spanish-ISO,"[[33, []], [0, [""shift""]]]"
Á,com.apple.keylayout.Spanish-ISO,"[[39, []], [0, [""shift""]]]"
Â,com.apple.keylayout.Spanish-ISO,"[[33, [""shift""]], [0, [""shift""]]]"
Ä,com.apple.keylayout.Spanish-ISO,"[[39, [""shift""]], [0, [""shift""]]]"
Ã,com.apple.keylayout.Spanish-ISO,"[[41, [""option""]], [0, [""shift""]]]"
È,com.apple.keylayout.Spanish-ISO,"[[33, []], [14, [""shift""]]]"
É,com.apple.keylayout.Spanish-ISO,"[[39, []], [14, [""shift""]]]"
Ê,com.apple.keylayout.Spanish-ISO,"[[33, [""shift""]], [14, [""shift""]]]"
Ë,com.apple.keylayout.Spanish-ISO,"[[39, [""shift""]], [14, [""shift""]]]"
Ì,com.apple.keylayout.Spanish-ISO,"[[33, []], [34, [""shift""]]]"
Í,com.apple.keylayout.Spanish-ISO,"[[39, []], [34, [""shift""]]]"
Î,com.apple.keylayout.Spanish-ISO,"[[33, [""shift""]], [34, [""shift""]]]"
Ï,com.apple.keylayout.Spanish-ISO,"[[39, [""shift""]], [34, [""shift""]]]"
Ñ,com.apple.keylayout.Spanish-ISO,"[[41, [""option""]], [45, [""shift""]]]"
Ò,com.apple.keylayout.Spanish-ISO,"[[33, []], [31, [""shift""]]]"
Ó,com.apple.keylayout.Spanish-ISO,"[[39, []], [31, [""shift""]]]"
Ô,com.apple.keylayout.Spanish-ISO,"[[33, [""shift""]], [31, [""shift""]]]"
Ö,com.apple.keylayout.Spanish-ISO,"[[39, [""shift""]], [31, [""shift""]]]"
Õ,com.apple.keylayout.Spanish-ISO,"[[41, [""option""]], [31, [""shift""]]]"
Ù,com.apple.keylayout.Spanish-ISO,"[[33, []], [32, [""shift""]]]"
Ú,com.apple.keylayout.Spanish-ISO,"[[39, []], [32, [""shift""]]]"
Û,com.apple.keylayout.Spanish-ISO,"[[33, [""shift""]], [32, [""shift""]]]"
Ü,com.apple.keylayout.Spanish-ISO,"[[39, [""shift""]], [32, [""shift""]]]"
Ÿ,com.apple.keylayout.Spanish-ISO,"[[39, [""shift""]], [16, [""shift""]]]"
à,com.apple.keylayout.Spanish-ISO,"[[33, []], [0, []]]"
á,com.apple.keylayout.Spanish-ISO,"[[39, []], [0, []]]"
â,com.apple.keylayout.Spanish-ISO,"[[33, [""shift""]], [0, []]]"
ä,com.apple.keylayout.Spanish-ISO,"[[39, [""shift""]], [0, []]]"
ã,com.apple.keylayout.Spanish-ISO,"[[41, [""option""]], [0, []]]"
è,com.apple.keylayout.Spanish-ISO,"[[33, []], [14, []]]"
é,com.apple.keylayout.Spanish-ISO,"[[39, []], [14, []]]"
ê,com.apple.keylayout.Spanish-ISO,"[[33, [""shift""]], [14, []]]"
ë,com.apple.keylayout.Spanish-ISO,"[[39, [""shift""]], [14, []]]"
ì,com.apple.keylayout.Spanish-ISO,"[[33, []], [34, []]]"
í,com.apple.keylayout.Spanish-ISO,"[[39, []], [34, []]]"
î,com.apple.keylayout.Spanish-ISO,"[[33, [""shift""]], [34, []]]"
ï,com.apple.keylayout.Spanish-ISO,"[[39, [""shift""]], [34, []]]"
ñ,com.apple.keylayout.Spanish-ISO,"[[41, [""option""]], [45, []]]"
ò,com.apple.keylayout.Spanish-ISO,"[[33, []], [31, []]]"
ó,com.apple.keylayout.Spanish-ISO,"[[39, []], [31, []]]"
ô,com.apple.keylayout.Spanish-ISO,"[[33, [""shift""]], [31, []]]"
ö,com.apple.keylayout.Spanish-ISO,"[[39, [""shift""]], [31, []]]"
õ,com.apple.keylayout.Spanish-ISO,"[[41, [""option""]], [31, []]]"
ù,com.apple.keylayout.Spanish-ISO,"[[33, []], [32, []]]"
ú,com.apple.keylayout.Spanish-ISO,"[[39, []], [32, []]]"
û,com.apple.keylayout.Spanish-ISO,"[[33, [""shift""]], [32, []]]"
ü,com.apple.keylayout.Spanish-ISO,"[[39, [""shift""]], [32, []]]"
ÿ,com.apple.keylayout.Spanish-ISO,"[[39, [""shift""]], [16, []]]"
´,com.apple.keylayout.Finnish,"[[24, []], [49, []]]"
¨,com.apple.keylayout.Finnish,"[[30, []], [49, []]]"
`,com.apple.keylayout.Finnish,"[[24, [""shift""]], [49, []]]"
^,com.apple.keylayout.Finnish,"[[30, [""shift""]], [49, []]]"
~,com.apple.keylayout.Finnish,"[[30, [""option""]], [49, []]]"
Á,com.apple.keylayout.Finnish,"[[24, []], [0, [""shift""]]]"
Ä,com.apple.keylayout.Finnish,"[[30, []], [0, [""shift""]]]"
À,com.apple.keylayout.Finnish,"[[24, [""shift""]], [0, [""shift""]]]"
Â,com.apple.keylayout.Finnish,"[[30, [""shift""]], [0, [""shift""]]]"
Ã,com.apple.keylayout.Finnish,"[[30, [""option""]], [0, [""shift""]]]"
É,com.apple.keylayout.Finnish,"[[24, []], [14, [""shift""]]]"
Ë,com.apple.keylayout.Finnish,"[[30, []], [14, [""shift""]]]"
È,com.apple.keylayout.Finnish,"[[24, [""shift""]], [14, [""shift""]]]"
Ê,com.apple.keylayout.Finnish,"[[30, [""shift""]], [14, [""shift""]]]"
Í,com.apple.keylayout.Finnish,"[[24, []], [34, [""shift""]]]"
Ï,com.apple.keylayout.Finnish,"[[30, []], [34, [""shift""]]]"
Ì,com.apple.keylayout.Finnish,"[[24, [""shift""]], [34, [""shift""]]]"
Î,com.apple.keylayout.Finnish,"[[30, [""shift""]], [34, [""shift""]]]"
Ñ,com.apple.keylayout.Finnish,"[[30, [""option""]], [45, [""shift""]]]"
Ó,com.apple.keylayout.Finnish,"[[24, []], [31, [""shift""]]]"
Ö,com.apple.keylayout.Finnish,"[[30, []], [31, [""shift""]]]"
Ò,com.apple.keylayout.Finnish,"[[24, [""shift""]], [31, [""shift""]]]"
Ô,com.apple.keylayout.Finnish,"[[30, [""shift""]], [31, [""shift""]]]"
Õ,com.apple.keylayout.Finnish,"[[30, [""option""]], [31, [""shift""]]]"
Ú,com.apple.keylayout.Finnish,"[[24, []], [32, [""shift""]]]"
Ü,com.apple.keylayout.Finnish,"[[30, []], [32, [""shift""]]]"
Ù,com.apple.keylayout.Finnish,"[[24, [""shift""]], [32, [""shift""]]]"
Û,com.apple.keylayout.Finnish,"[[30, [""shift""]], [32, [""shift""]]]"
Ÿ,com.apple.keylayout.Finnish,"[[30, []], [16, [""shift""]]]"
á,com.apple.keylayout.Finnish,"[[24, []], [0, []]]"
ä,com.apple.keylayout.Finnish,"[[30, []], [0, []]]"
à,com.apple.keylayout.Finnish,"[[24, [""shift""]], [0, []]]"
â,com.apple.keylayout.Finnish,"[[30, [""shift""]], [0, []]]"
ã,com.apple.keylayout.Finnish,"[[30, [""option""]], [0, []]]"
é,com.apple.keylayout.Finnish,"[[24, []], [14, []]]"
ë,com.apple.keylayout.Finnish,"[[30, []], [14, []]]"
è,com.apple.keylayout.Finnish,"[[24, [""shift""]], [14, []]]"
ê,com.apple.keylayout.Finnish,"[[30, [""shift""]], [14, []]]"
í,com.apple.keylayout.Finnish,"[[24, []], [34, []]]"
ï,com.apple.keylayout.Finnish,"[[30, []], [34, []]]"
ì,com.apple.keylayout.Finnish,"[[24, [""shift""]], [34, []]]"
î,com.apple.keylayout.Finnish,"[[30, [""shift""]], [34, []]]"
ñ,com.apple.keylayout.Finnish,"[[30, [""option""]], [45, []]]"
ó,com.apple.keylayout.Finnish,"[[24, []], [31, []]]"
ö,com.apple.keylayout.Finnish,"[[30, []], [31, []]]"
ò,com.apple.keylayout.Finnish,"[[24, [""shift""]], [31, []]]"
ô,com.apple.keylayout.Finnish,"[[30, [""shift""]], [31, []]]"
õ,com.apple.keylayout.Finnish,"[[30, [""option""]], [31, []]]"
ú,com.apple.keylayout.Finnish,"[[24, []], [32, []]]"
ü,com.apple.keylayout.Finnish,"[[30, []], [32, []]]"
ù,com.apple.keylayout.Finnish,"[[24, [""shift""]], [32, []]]"
û,com.apple.keylayout.Finnish,"[[30, [""shift""]], [32, []]]"
ÿ,com.apple.keylayout.Finnish,"[[30, []], [16, []]]"
Ά,com.apple.keylayout.GreekPolytonic,"[[41, []], [0, [""shift""]]]"
Ᾰ,com.apple.keylayout.GreekPolytonic,"[[37, [""option""]], [0, [""shift""]]]"
Ὰ,com.apple.keylayout.GreekPolytonic,"[[30, []], [0, [""shift""]]]"
ᾼ,com.apple.keylayout.GreekPolytonic,"[[34, [""option""]], [0, [""shift""]]]"
Ᾱ,com.apple.keylayout.GreekPolytonic,"[[37, [""option"", ""shift""]], [0, [""shift""]]]"
Ἅ,com.apple.keylayout.GreekPolytonic,"[[39, [""shift""]], [41, []], [0, [""shift""]]]"
ᾍ,com.apple.keylayout.GreekPolytonic,"[[39, [""shift""]], [34, [""option""]], [41, []], [0, [""shift""]]]"
Ἇ,com.apple.keylayout.GreekPolytonic,"[[39, [""shift""]], [33, []], [0, [""shift""]]]"
ᾏ,com.apple.keylayout.GreekPolytonic,"[[39, [""shift""]], [34, [""option""]], [33, []], [0, [""shift""]]]"
Ἃ,com.apple.keylayout.GreekPolytonic,"[[39, [""shift""]], [30, []], [0, [""shift""]]]"
ᾋ,com.apple.keylayout.GreekPolytonic,"[[39, [""shift""]], [34, [""option""]], [30, []], [0, [""shift""]]]"
ᾉ,com.apple.keylayout.GreekPolytonic,"[[39, [""shift""]], [34, [""option""]], [0, [""shift""]]]"
Ἁ,com.apple.keylayout.GreekPolytonic,"[[39, [""shift""]], [0, [""shift""]]]"
Ἄ,com.apple.keylayout.GreekPolytonic,"[[39, []], [41, []], [0, [""shift""]]]"
ᾌ,com.apple.keylayout.GreekPolytonic,"[[39, []], [34, [""option""]], [41, []], [0, [""shift""]]]"
Ἆ,com.apple.keylayout.GreekPolytonic,"[[39, []], [33, []], [0, [""shift""]]]"
ᾎ,com.apple.keylayout.GreekPolytonic,"[[39, []], [34, [""option""]], [33, []], [0, [""shift""]]]"
Ἂ,com.apple.keylayout.GreekPolytonic,"[[39, []], [30, []], [0, [""shift""]]]"
ᾊ,com.apple.keylayout.GreekPolytonic,"[[39, []], [34, [""option""]], [30, []], [0, [""shift""]]]"
ᾈ,com.apple.keylayout.GreekPolytonic,"[[39, []], [34, [""option""]], [0, [""shift""]]]"
Ἀ,com.apple.keylayout.GreekPolytonic,"[[39, []], [0, [""shift""]]]"
Έ,com.apple.keylayout.GreekPolytonic,"[[41, []], [14, [""shift""]]]"
Ὲ,com.apple.keylayout.GreekPolytonic,"[[30, []], [14, [""shift""]]]"
Ἕ,com.apple.keylayout.GreekPolytonic,"[[39, [""shift""]], [41, []], [14, [""shift""]]]"
Ἓ,com.apple.keylayout.GreekPolytonic,"[[39, [""shift""]], [30, []], [14, [""shift""]]]"
Ἑ,com.apple.keylayout.GreekPolytonic,"[[39, [""shift""]], [14, [""shift""]]]"
Ἔ,com.apple.keylayout.GreekPolytonic,"[[39, []], [41, []], [14, [""shift""]]]"
Ἒ,com.apple.keylayout.GreekPolytonic,"[[39, []], [30, []], [14, [""shift""]]]"
Ἐ,com.apple.keylayout.GreekPolytonic,"[[39, []], [14, [""shift""]]]"
Ή,com.apple.keylayout.GreekPolytonic,"[[41, []], [4, [""shift""]]]"
Ὴ,com.apple.keylayout.GreekPolytonic,"[[30, []], [4, [""shift""]]]"
ῌ,com.apple.keylayout.GreekPolytonic,"[[34, [""option""]], [4, [""shift""]]]"
Ἥ,com.apple.keylayout.GreekPolytonic,"[[39, [""shift""]], [41, []], [4, [""shift""]]]"
ᾝ,com.apple.keylayout.GreekPolytonic,"[[39, [""shift""]], [34, [""option""]], [41, []], [4, [""shift""]]]"
Ἧ,com.apple.keylayout.GreekPolytonic,"[[39, [""shift""]], [33, []], [4, [""shift""]]]"
ᾟ,com.apple.keylayout.GreekPolytonic,"[[39, [""shift""]], [34, [""option""]], [33, []], [4, [""shift""]]]"
Ἣ,com.apple.keylayout.GreekPolytonic,"[[39, [""shift""]], [30, []], [4, [""shift""]]]"
ᾛ,com.apple.keylayout.GreekPolytonic,"[[39, [""shift""]], [34, [""option""]], [30, []], [4, [""shift""]]]"
ᾙ,com.apple.keylayout.GreekPolytonic,"[[39, [""shift""]], [34, [""option""]], [4, [""shift""]]]"
Ἡ,com.apple.keylayout.GreekPolytonic,"[[39, [""shift""]], [4, [""shift""]]]"
Ἤ,com.apple.keylayout.GreekPolytonic,"[[39, []], [41, []], [4, [""shift""]]]"
ᾜ,com.apple.keylayout.GreekPolytonic,"[[39, []], [34, [""option""]], [41, []], [4, [""shift""]]]"
Ἦ,com.apple.keylayout.GreekPolytonic,"[[39, []], [33, []], [4, [""shift""]]]"
ᾞ,com.apple.keylayout.GreekPolytonic,"[[39, []], [34, [""option""]], [33, []], [4, [""shift""]]]"
Ἢ,com.apple.keylayout.GreekPolytonic,"[[39, []], [30, []], [4, [""shift""]]]"
ᾚ,com.apple.keylayout.GreekPolytonic,"[[39, []], [34, [""option""]], [30, []], [4, [""shift""]]]"
ᾘ,com.apple.keylayout.GreekPolytonic,"[[39, []], [34, [""option""]], [4, [""shift""]]]"
Ἠ,com.apple.keylayout.GreekPolytonic,"[[39, []], [4, [""shift""]]]"
Ί,com.apple.keylayout.GreekPolytonic,"[[41, []], [34, [""shift""]]]"
Ῐ,com.apple.keylayout.GreekPolytonic,"[[37, [""option""]], [34, [""shift""]]]"
Ϊ,com.apple.keylayout.GreekPolytonic,"[[41, [""shift""]], [34, [""shift""]]]"
Ὶ,com.apple.keylayout.GreekPolytonic,"[[30, []], [34, [""shift""]]]"
Ῑ,com.apple.keylayout.GreekPolytonic,"[[37, [""option"", ""shift""]], [34, [""shift""]]]"
Ἵ,com.apple.keylayout.GreekPolytonic,"[[39, [""shift""]], [41, []], [34, [""shift""]]]"
Ἷ,com.apple.keylayout.GreekPolytonic,"[[39, [""shift""]], [33, []], [34, [""shift""]]]"
Ἳ,com.apple.keylayout.GreekPolytonic,"[[39, [""shift""]], [30, []], [34, [""shift""]]]"
Ἱ,com.apple.keylayout.GreekPolytonic,"[[39, [""shift""]], [34, [""shift""]]]"
Ἴ,com.apple.keylayout.GreekPolytonic,"[[39, []], [41, []], [34, [""shift""]]]"
Ἶ,com.apple.keylayout.GreekPolytonic,"[[39, []], [33, []], [34, [""shift""]]]"
Ἲ,com.apple.keylayout.GreekPolytonic,"[[39, []], [30, []], [34, [""shift""]]]"
Ἰ,com.apple.keylayout.GreekPolytonic,"[[39, []], [34, [""shift""]]]"
Ώ,com.apple.keylayout.GreekPolytonic,"[[41, []], [9, [""shift""]]]"
Ὼ,com.apple.keylayout.GreekPolytonic,"[[30, []], [9, [""shift""]]]"
ῼ,com.apple.keylayout.GreekPolytonic,"[[34, [""option""]], [9, [""shift""]]]"
Ὥ,com.apple.keylayout.GreekPolytonic,"[[39, [""shift""]], [41, []], [9, [""shift""]]]"
ᾭ,com.apple.keylayout.GreekPolytonic,"[[39, [""shift""]], [34, [""option""]], [41, []], [9, [""shift""]]]"
Ὧ,com.apple.keylayout.GreekPolytonic,"[[39, [""shift""]], [33, []], [9, [""shift""]]]"
ᾯ,com.apple.keylayout.GreekPolytonic,"[[39, [""shift""]], [34, [""option""]], [33, []], [9, [""shift""]]]"
Ὣ,com.apple.keylayout.GreekPolytonic,"[[39, [""shift""]], [30, []], [9, [""shift""]]]"
ᾫ,com.apple.keylayout.GreekPolytonic,"[[39, [""shift""]], [34, [""option""]], [30, []], [9, [""shift""]]]"
ᾩ,com.apple.keylayout.GreekPolytonic,"[[39, [""shift""]], [34, [""option""]], [9, [""shift""]]]"
Ὡ,com.apple.keylayout.GreekPolytonic,"[[39, [""shift""]], [9, [""shift""]]]"
Ὤ,com.apple.keylayout.GreekPolytonic,"[[39, []], [41, []], [9, [""shift""]]]"
ᾬ,com.apple.keylayout.GreekPolytonic,"[[39, []], [34, [""option""]], [41, []], [9, [""shift""]]]"
Ὦ,com.apple.keylayout.GreekPolytonic,"[[39, []], [33, []], [9, [""shift""]]]"
ᾮ,com.apple.keylayout.GreekPolytonic,"[[39, []], [34, [""option""]], [33, []], [9, [""shift""]]]"
Ὤ,com.apple.keylayout.GreekPolytonic,"[[39, []], [30, []], [9, [""shift""]]]"
ᾪ,com.apple.keylayout.GreekPolytonic,"[[39, []], [34, [""option""]], [30, []], [9, [""shift""]]]"
ᾨ,com.apple.keylayout.GreekPolytonic,"[[39, []], [34, [""option""]], [9, [""shift""]]]"
Ὠ,com.apple.keylayout.GreekPolytonic,"[[39, []], [9, [""shift""]]]"
Ό,com.apple.keylayout.GreekPolytonic,"[[41, []], [31, [""shift""]]]"
Ὸ,com.apple.keylayout.GreekPolytonic,"[[30, []], [31, [""shift""]]]"
Ὅ,com.apple.keylayout.GreekPolytonic,"[[39, [""shift""]], [41, []], [31, [""shift""]]]"
Ὃ,com.apple.keylayout.GreekPolytonic,"[[39, [""shift""]], [30, []], [31, [""shift""]]]"
Ὁ,com.apple.keylayout.GreekPolytonic,"[[39, [""shift""]], [31, [""shift""]]]"
Ὄ,com.apple.keylayout.GreekPolytonic,"[[39, []], [41, []], [31, [""shift""]]]"
Ὂ,com.apple.keylayout.GreekPolytonic,"[[39, []], [30, []], [31, [""shift""]]]"
Ὀ,com.apple.keylayout.GreekPolytonic,"[[39, []], [31, [""shift""]]]"
Ύ,com.apple.keylayout.GreekPolytonic,"[[41, []], [16, [""shift""]]]"
Ῠ,com.apple.keylayout.GreekPolytonic,"[[37, [""option""]], [16, [""shift""]]]"
Ϋ,com.apple.keylayout.GreekPolytonic,"[[41, [""shift""]], [16, [""shift""]]]"
Ὺ,com.apple.keylayout.GreekPolytonic,"[[30, []], [16, [""shift""]]]"
Ῡ,com.apple.keylayout.GreekPolytonic,"[[37, [""option"", ""shift""]], [16, [""shift""]]]"
Ὕ,com.apple.keylayout.GreekPolytonic,"[[39, [""shift""]], [41, []], [16, [""shift""]]]"
Ὗ,com.apple.keylayout.GreekPolytonic,"[[39, [""shift""]], [33, []], [16, [""shift""]]]"
Ὓ,com.apple.keylayout.GreekPolytonic,"[[39, [""shift""]], [30, []], [16, [""shift""]]]"
Ὑ,com.apple.keylayout.GreekPolytonic,"[[39, [""shift""]], [16, [""shift""]]]"
ᾴ,com.apple.keylayout.GreekPolytonic,"[[34, [""option""]], [41, []], [0, []]]"
ά,com.apple.keylayout.GreekPolytonic,"[[41, []], [0, []]]"
ᾰ,com.apple.keylayout.GreekPolytonic,"[[37, [""option""]], [0, []]]"
ᾷ,com.apple.keylayout.GreekPolytonic,"[[34, [""option""]], [33, []], [0, []]]"
ᾶ,com.apple.keylayout.GreekPolytonic,"[[33, []], [0, []]]"
ᾲ,com.apple.keylayout.GreekPolytonic,"[[34, [""option""]], [30, []], [0, []]]"
ὰ,com.apple.keylayout.GreekPolytonic,"[[30, []], [0, []]]"
ᾳ,com.apple.keylayout.GreekPolytonic,"[[34, [""option""]], [0, []]]"
ᾱ,com.apple.keylayout.GreekPolytonic,"[[37, [""option"", ""shift""]], [0, []]]"
ἅ,com.apple.keylayout.GreekPolytonic,"[[39, [""shift""]], [41, []], [0, []]]"
ᾅ,com.apple.keylayout.GreekPolytonic,"[[39, [""shift""]], [34, [""option""]], [41, []], [0, []]]"
ἇ,com.apple.keylayout.GreekPolytonic,"[[39, [""shift""]], [33, []], [0, []]]"
ᾇ,com.apple.keylayout.GreekPolytonic,"[[39, [""shift""]], [34, [""option""]], [33, []], [0, []]]"
ἃ,com.apple.keylayout.GreekPolytonic,"[[39, [""shift""]], [30, []], [0, []]]"
ᾃ,com.apple.keylayout.GreekPolytonic,"[[39, [""shift""]], [34, [""option""]], [30, []], [0, []]]"
ᾁ,com.apple.keylayout.GreekPolytonic,"[[39, [""shift""]], [34, [""option""]], [0, []]]"
ἁ,com.apple.keylayout.GreekPolytonic,"[[39, [""shift""]], [0, []]]"
ἄ,com.apple.keylayout.GreekPolytonic,"[[39, []], [41, []], [0, []]]"
ᾄ,com.apple.keylayout.GreekPolytonic,"[[39, []], [34, [""option""]], [41, []], [0, []]]"
ἆ,com.apple.keylayout.GreekPolytonic,"[[39, []], [33, []], [0, []]]"
ᾆ,com.apple.keylayout.GreekPolytonic,"[[39, []], [34, [""option""]], [33, []], [0, []]]"
ἂ,com.apple.keylayout.GreekPolytonic,"[[39, []], [30, []], [0, []]]"
ᾂ,com.apple.keylayout.GreekPolytonic,"[[39, []], [34, [""option""]], [30, []], [0, []]]"
ᾀ,com.apple.keylayout.GreekPolytonic,"[[39, []], [34, [""option""]], [0, []]]"
ἀ,com.apple.keylayout.GreekPolytonic,"[[39, []], [0, []]]"
ϓ,com.apple.keylayout.GreekPolytonic,"[[41, []], [16, [""option""]]]"
ϔ,com.apple.keylayout.GreekPolytonic,"[[41, [""shift""]], [16, [""option""]]]"
έ,com.apple.keylayout.GreekPolytonic,"[[41, []], [14, []]]"
ὲ,com.apple.keylayout.GreekPolytonic,"[[30, []], [14, []]]"
ἕ,com.apple.keylayout.GreekPolytonic,"[[39, [""shift""]], [41, []], [14, []]]"
ἓ,com.apple.keylayout.GreekPolytonic,"[[39, [""shift""]], [30, []], [14, []]]"
ἑ,com.apple.keylayout.GreekPolytonic,"[[39, [""shift""]], [14, []]]"
ἔ,com.apple.keylayout.GreekPolytonic,"[[39, []], [41, []], [14, []]]"
ἒ,com.apple.keylayout.GreekPolytonic,"[[39, []], [30, []], [14, []]]"
ἐ,com.apple.keylayout.GreekPolytonic,"[[39, []], [14, []]]"
ῄ,com.apple.keylayout.GreekPolytonic,"[[34, [""option""]], [41, []], [4, []]]"
ή,com.apple.keylayout.GreekPolytonic,"[[41, []], [4, []]]"
ῇ,com.apple.keylayout.GreekPolytonic,"[[34, [""option""]], [33, []], [4, []]]"
ῆ,com.apple.keylayout.GreekPolytonic,"[[33, []], [4, []]]"
ῂ,com.apple.keylayout.GreekPolytonic,"[[34, [""option""]], [30, []], [4, []]]"
ὴ,com.apple.keylayout.GreekPolytonic,"[[30, []], [4, []]]"
ῃ,com.apple.keylayout.GreekPolytonic,"[[34, [""option""]], [4, []]]"
ἥ,com.apple.keylayout.GreekPolytonic,"[[39, [""shift""]], [41, []], [4, []]]"
ᾕ,com.apple.keylayout.GreekPolytonic,"[[39, [""shift""]], [34, [""option""]], [41, []], [4, []]]"
ἧ,com.apple.keylayout.GreekPolytonic,"[[39, [""shift""]], [33, []], [4, []]]"
ᾗ,com.apple.keylayout.GreekPolytonic,"[[39, [""shift""]], [34, [""option""]], [33, []], [4, []]]"
ἣ,com.apple.keylayout.GreekPolytonic,"[[39, [""shift""]], [30, []], [4, []]]"
ᾓ,com.apple.keylayout.GreekPolytonic,"[[39, [""shift""]], [34, [""option""]], [30, []], [4, []]]"
ᾑ,com.apple.keylayout.GreekPolytonic,"[[39, [""shift""]], [34, [""option""]], [4, []]]"
ἡ,com.apple.keylayout.GreekPolytonic,"[[39, [""shift""]], [4, []]]"
ἤ,com.apple.keylayout.GreekPolytonic,"[[39, []], [41, []], [4, []]]"
ᾔ,com.apple.keylayout.GreekPolytonic,"[[39, []], [34, [""option""]], [41, []], [4, []]]"
ἦ,com.apple.keylayout.GreekPolytonic,"[[39, []], [33, []], [4, []]]"
ᾖ,com.apple.keylayout.GreekPolytonic,"[[39, []], [34, [""option""]], [33, []], [4, []]]"
ἢ,com.apple.keylayout.GreekPolytonic,"[[39, []], [30, []], [4, []]]"
ᾒ,com.apple.keylayout.GreekPolytonic,"[[39, []], [34, [""option""]], [30, []], [4, []]]"
ᾐ,com.apple.keylayout.GreekPolytonic,"[[39, []], [34, [""option""]], [4, []]]"
ἠ,com.apple.keylayout.GreekPolytonic,"[[39, []], [4, []]]"
ΐ,com.apple.keylayout.GreekPolytonic,"[[41, [""shift""]], [41, []], [34, []]]"
ί,com.apple.keylayout.GreekPolytonic,"[[41, []], [34, []]]"
ῐ,com.apple.keylayout.GreekPolytonic,"[[37, [""option""]], [34, []]]"
ῗ,com.apple.keylayout.GreekPolytonic,"[[41, [""shift""]], [33, []], [34, []]]"
ῖ,com.apple.keylayout.GreekPolytonic,"[[33, []], [34, []]]"
ϊ,com.apple.keylayout.GreekPolytonic,"[[41, [""shift""]], [34, []]]"
ῒ,com.apple.keylayout.GreekPolytonic,"[[30, []], [41, [""shift""]], [34, []]]"
ὶ,com.apple.keylayout.GreekPolytonic,"[[30, []], [34, []]]"
ῑ,com.apple.keylayout.GreekPolytonic,"[[37, [""option"", ""shift""]], [34, []]]"
ἵ,com.apple.keylayout.GreekPolytonic,"[[39, [""shift""]], [41, []], [34, []]]"
ἷ,com.apple.keylayout.GreekPolytonic,"[[39, [""shift""]], [33, []], [34, []]]"
ἳ,com.apple.keylayout.GreekPolytonic,"[[39, [""shift""]], [30, []], [34, []]]"
ἱ,com.apple.keylayout.GreekPolytonic,"[[39, [""shift""]], [34, []]]"
ἴ,com.apple.keylayout.GreekPolytonic,"[[39, []], [41, []], [34, []]]"
ἶ,com.apple.keylayout.GreekPolytonic,"[[39, []], [33, []], [34, []]]"
ἲ,com.apple.keylayout.GreekPolytonic,"[[39, []], [30, []], [34, []]]"
ἰ,com.apple.keylayout.GreekPolytonic,"[[39, []], [34, []]]"
΅,com.apple.keylayout.GreekPolytonic,"[[41, [""shift""]], [41, []], [49, [""option""]]]"
́,com.apple.keylayout.GreekPolytonic,"[[41, []], [49, [""option""]]]"
̆,com.apple.keylayout.GreekPolytonic,"[[37, [""option""]], [49, [""option""]]]"
῁,com.apple.keylayout.GreekPolytonic,"[[41, [""shift""]], [33, []], [49, [""option""]]]"
͂,com.apple.keylayout.GreekPolytonic,"[[33, []], [49, [""option""]]]"
̈,com.apple.keylayout.GreekPolytonic,"[[41, [""shift""]], [49, [""option""]]]"
῭,com.apple.keylayout.GreekPolytonic,"[[30, []], [41, [""shift""]], [49, [""option""]]]"
̀,com.apple.keylayout.GreekPolytonic,"[[30, []], [49, [""option""]]]"
ͅ,com.apple.keylayout.GreekPolytonic,"[[34, [""option""]], [49, [""option""]]]"
̄,com.apple.keylayout.GreekPolytonic,"[[37, [""option"", ""shift""]], [49, [""option""]]]"
῞,com.apple.keylayout.GreekPolytonic,"[[39, [""shift""]], [41, []], [49, [""option""]]]"
῟,com.apple.keylayout.GreekPolytonic,"[[39, [""shift""]], [33, []], [49, [""option""]]]"
῝,com.apple.keylayout.GreekPolytonic,"[[39, [""shift""]], [30, []], [49, [""option""]]]"
̔,com.apple.keylayout.GreekPolytonic,"[[39, [""shift""]], [49, [""option""]]]"
῎,com.apple.keylayout.GreekPolytonic,"[[39, []], [41, []], [49, [""option""]]]"
῏,com.apple.keylayout.GreekPolytonic,"[[39, []], [33, []], [49, [""option""]]]"
῍,com.apple.keylayout.GreekPolytonic,"[[39, []], [30, []], [49, [""option""]]]"
̓,com.apple.keylayout.GreekPolytonic,"[[39, []], [49, [""option""]]]"
ῴ,com.apple.keylayout.GreekPolytonic,"[[34, [""option""]], [41, []], [9, []]]"
ώ,com.apple.keylayout.GreekPolytonic,"[[41, []], [9, []]]"
ῷ,com.apple.keylayout.GreekPolytonic,"[[34, [""option""]], [33, []], [9, []]]"
ῶ,com.apple.keylayout.GreekPolytonic,"[[33, []], [9, []]]"
ῲ,com.apple.keylayout.GreekPolytonic,"[[34, [""option""]], [30, []], [9, []]]"
ὼ,com.apple.keylayout.GreekPolytonic,"[[30, []], [9, []]]"
ῳ,com.apple.keylayout.GreekPolytonic,"[[34, [""option""]], [9, []]]"
ὥ,com.apple.keylayout.GreekPolytonic,"[[39, [""shift""]], [41, []], [9, []]]"
ᾥ,com.apple.keylayout.GreekPolytonic,"[[39, [""shift""]], [34, [""option""]], [41, []], [9, []]]"
ὧ,com.apple.keylayout.GreekPolytonic,"[[39, [""shift""]], [33, []], [9, []]]"
ᾧ,com.apple.keylayout.GreekPolytonic,"[[39, [""shift""]], [34, [""option""]], [33, []], [9, []]]"
ὣ,com.apple.keylayout.GreekPolytonic,"[[39, [""shift""]], [30, []], [9, []]]"
ᾣ,com.apple.keylayout.GreekPolytonic,"[[39, [""shift""]], [34, [""option""]], [30, []], [9, []]]"
ᾡ,com.apple.keylayout.GreekPolytonic,"[[39, [""shift""]], [34, [""option""]], [9, []]]"
ὡ,com.apple.keylayout.GreekPolytonic,"[[39, [""shift""]], [9, []]]"
ὤ,com.apple.keylayout.GreekPolytonic,"[[39, []], [41, []], [9, []]]"
ᾤ,com.apple.keylayout.GreekPolytonic,"[[39, []], [34, [""option""]], [41, []], [9, []]]"
ὦ,com.apple.keylayout.GreekPolytonic,"[[39, []], [33, []], [9, []]]"
ᾦ,com.apple.keylayout.GreekPolytonic,"[[39, []], [34, [""option""]], [33, []], [9, []]]"
ὢ,com.apple.keylayout.GreekPolytonic,"[[39, []], [30, []], [9, []]]"
ᾢ,com.apple.keylayout.GreekPolytonic,"[[39, []], [34, [""option""]], [30, []], [9, []]]"
ᾠ,com.apple.keylayout.GreekPolytonic,"[[39, []], [34, [""option""]], [9, []]]"
ὠ,com.apple.keylayout.GreekPolytonic,"[[39, []], [9, []]]"
ό,com.apple.keylayout.GreekPolytonic,"[[41, []], [31, []]]"
ὸ,com.apple.keylayout.GreekPolytonic,"[[30, []], [31, []]]"
ὅ,com.apple.keylayout.GreekPolytonic,"[[39, [""shift""]], [41, []], [31, []]]"
ὃ,com.apple.keylayout.GreekPolytonic,"[[39, [""shift""]], [30, []], [31, []]]"
ὁ,com.apple.keylayout.GreekPolytonic,"[[39, [""shift""]], [31, []]]"
ὄ,com.apple.keylayout.GreekPolytonic,"[[39, []], [41, []], [31, []]]"
ὂ,com.apple.keylayout.GreekPolytonic,"[[39, []], [30, []], [31, []]]"
ὀ,com.apple.keylayout.GreekPolytonic,"[[39, []], [31, []]]"
ῥ,com.apple.keylayout.GreekPolytonic,"[[39, [""shift""]], [15, []]]"
ῤ,com.apple.keylayout.GreekPolytonic,"[[39, []], [15, []]]"
΅,com.apple.keylayout.GreekPolytonic,"[[41, [""shift""]], [41, []], [49, []]]"
´,com.apple.keylayout.GreekPolytonic,"[[41, []], [49, []]]"
˘,com.apple.keylayout.GreekPolytonic,"[[37, [""option""]], [49, []]]"
῁,com.apple.keylayout.GreekPolytonic,"[[41, [""shift""]], [33, []], [49, []]]"
῀,com.apple.keylayout.GreekPolytonic,"[[33, []], [49, []]]"
¨,com.apple.keylayout.GreekPolytonic,"[[41, [""shift""]], [49, []]]"
῭,com.apple.keylayout.GreekPolytonic,"[[30, []], [41, [""shift""]], [49, []]]"
`,com.apple.keylayout.GreekPolytonic,"[[30, []], [49, []]]"
ι,com.apple.keylayout.GreekPolytonic,"[[34, [""option""]], [49, []]]"
ˉ,com.apple.keylayout.GreekPolytonic,"[[37, [""option"", ""shift""]], [49, []]]"
῞,com.apple.keylayout.GreekPolytonic,"[[39, [""shift""]], [41, []], [49, []]]"
῟,com.apple.keylayout.GreekPolytonic,"[[39, [""shift""]], [33, []], [49, []]]"
῝,com.apple.keylayout.GreekPolytonic,"[[39, [""shift""]], [30, []], [49, []]]"
῾,com.apple.keylayout.GreekPolytonic,"[[39, [""shift""]], [49, []]]"
῎,com.apple.keylayout.GreekPolytonic,"[[39, []], [41, []], [49, []]]"
῏,com.apple.keylayout.GreekPolytonic,"[[39, []], [33, []], [49, []]]"
῍,com.apple.keylayout.GreekPolytonic,"[[39, []], [30, []], [49, []]]"
᾽,com.apple.keylayout.GreekPolytonic,"[[39, []], [49, []]]"
ΰ,com.apple.keylayout.GreekPolytonic,"[[41, [""shift""]], [41, []], [16, []]]"
ύ,com.apple.keylayout.GreekPolytonic,"[[41, []], [16, []]]"
ῠ,com.apple.keylayout.GreekPolytonic,"[[37, [""option""]], [16, []]]"
ῧ,com.apple.keylayout.GreekPolytonic,"[[41, [""shift""]], [33, []], [16, []]]"
ῦ,com.apple.keylayout.GreekPolytonic,"[[33, []], [16, []]]"
ϋ,com.apple.keylayout.GreekPolytonic,"[[41, [""shift""]], [16, []]]"
ῢ,com.apple.keylayout.GreekPolytonic,"[[30, []], [41, [""shift""]], [16, []]]"
ὺ,com.apple.keylayout.GreekPolytonic,"[[30, []], [16, []]]"
ῡ,com.apple.keylayout.GreekPolytonic,"[[37, [""option"", ""shift""]], [16, []]]"
ὕ,com.apple.keylayout.GreekPolytonic,"[[39, [""shift""]], [41, []], [16, []]]"
ὗ,com.apple.keylayout.GreekPolytonic,"[[39, [""shift""]], [33, []], [16, []]]"
ὓ,com.apple.keylayout.GreekPolytonic,"[[39, [""shift""]], [30, []], [16, []]]"
ὑ,com.apple.keylayout.GreekPolytonic,"[[39, [""shift""]], [16, []]]"
ὔ,com.apple.keylayout.GreekPolytonic,"[[39, []], [41, []], [16, []]]"
ὖ,com.apple.keylayout.GreekPolytonic,"[[39, []], [33, []], [16, []]]"
ὒ,com.apple.keylayout.GreekPolytonic,"[[39, []], [30, []], [16, []]]"
ὐ,com.apple.keylayout.GreekPolytonic,"[[39, []], [16, []]]"
^,com.apple.keylayout.SwissGerman,"[[24, []], [49, []]]"
¨,com.apple.keylayout.SwissGerman,"[[30, []], [49, []]]"
`,com.apple.keylayout.SwissGerman,"[[24, [""shift""]], [49, []]]"
´,com.apple.keylayout.SwissGerman,"[[24, [""option""]], [49, []]]"
~,com.apple.keylayout.SwissGerman,"[[45, [""option""]], [49, []]]"
Â,com.apple.keylayout.SwissGerman,"[[24, []], [0, [""shift""]]]"
Ä,com.apple.keylayout.SwissGerman,"[[30, []], [0, [""shift""]]]"
À,com.apple.keylayout.SwissGerman,"[[24, [""shift""]], [0, [""shift""]]]"
Ã,com.apple.keylayout.SwissGerman,"[[45, [""option""]], [0, [""shift""]]]"
Ê,com.apple.keylayout.SwissGerman,"[[24, []], [14, [""shift""]]]"
Ë,com.apple.keylayout.SwissGerman,"[[30, []], [14, [""shift""]]]"
È,com.apple.keylayout.SwissGerman,"[[24, [""shift""]], [14, [""shift""]]]"
É,com.apple.keylayout.SwissGerman,"[[24, [""option""]], [14, [""shift""]]]"
Î,com.apple.keylayout.SwissGerman,"[[24, []], [34, [""shift""]]]"
Ï,com.apple.keylayout.SwissGerman,"[[30, []], [34, [""shift""]]]"
Ì,com.apple.keylayout.SwissGerman,"[[24, [""shift""]], [34, [""shift""]]]"
Ñ,com.apple.keylayout.SwissGerman,"[[45, [""option""]], [45, [""shift""]]]"
Ô,com.apple.keylayout.SwissGerman,"[[24, []], [31, [""shift""]]]"
Ö,com.apple.keylayout.SwissGerman,"[[30, []], [31, [""shift""]]]"
Ò,com.apple.keylayout.SwissGerman,"[[24, [""shift""]], [31, [""shift""]]]"
Õ,com.apple.keylayout.SwissGerman,"[[45, [""option""]], [31, [""shift""]]]"
Û,com.apple.keylayout.SwissGerman,"[[24, []], [32, [""shift""]]]"
Ü,com.apple.keylayout.SwissGerman,"[[30, []], [32, [""shift""]]]"
Ù,com.apple.keylayout.SwissGerman,"[[24, [""shift""]], [32, [""shift""]]]"
Ÿ,com.apple.keylayout.SwissGerman,"[[30, []], [6, [""shift""]]]"
â,com.apple.keylayout.SwissGerman,"[[24, []], [0, []]]"
ä,com.apple.keylayout.SwissGerman,"[[30, []], [0, []]]"
à,com.apple.keylayout.SwissGerman,"[[24, [""shift""]], [0, []]]"
á,com.apple.keylayout.SwissGerman,"[[24, [""option""]], [0, []]]"
ã,com.apple.keylayout.SwissGerman,"[[45, [""option""]], [0, []]]"
ê,com.apple.keylayout.SwissGerman,"[[24, []], [14, []]]"
ë,com.apple.keylayout.SwissGerman,"[[30, []], [14, []]]"
è,com.apple.keylayout.SwissGerman,"[[24, [""shift""]], [14, []]]"
é,com.apple.keylayout.SwissGerman,"[[24, [""option""]], [14, []]]"
î,com.apple.keylayout.SwissGerman,"[[24, []], [34, []]]"
ï,com.apple.keylayout.SwissGerman,"[[30, []], [34, []]]"
ì,com.apple.keylayout.SwissGerman,"[[24, [""shift""]], [34, []]]"
í,com.apple.keylayout.SwissGerman,"[[24, [""option""]], [34, []]]"
ñ,com.apple.keylayout.SwissGerman,"[[45, [""option""]], [45, []]]"
ô,com.apple.keylayout.SwissGerman,"[[24, []], [31, []]]"
ö,com.apple.keylayout.SwissGerman,"[[30, []], [31, []]]"
ò,com.apple.keylayout.SwissGerman,"[[24, [""shift""]], [31, []]]"
ó,com.apple.keylayout.SwissGerman,"[[24, [""option""]], [31, []]]"
õ,com.apple.keylayout.SwissGerman,"[[45, [""option""]], [31, []]]"
û,com.apple.keylayout.SwissGerman,"[[24, []], [32, []]]"
ü,com.apple.keylayout.SwissGerman,"[[30, []], [32, []]]"
ù,com.apple.keylayout.SwissGerman,"[[24, [""shift""]], [32, []]]"
ú,com.apple.keylayout.SwissGerman,"[[24, [""option""]], [32, []]]"
ÿ,com.apple.keylayout.SwissGerman,"[[30, []], [6, []]]"
^,com.apple.keylayout.Austrian,"[[10, []], [49, []]]"
´,com.apple.keylayout.Austrian,"[[24, []], [49, []]]"
`,com.apple.keylayout.Austrian,"[[24, [""shift""]], [49, []]]"
¨,com.apple.keylayout.Austrian,"[[32, [""option""]], [49, []]]"
~,com.apple.keylayout.Austrian,"[[45, [""option""]], [49, []]]"
Â,com.apple.keylayout.Austrian,"[[10, []], [0, [""shift""]]]"
Á,com.apple.keylayout.Austrian,"[[24, []], [0, [""shift""]]]"
À,com.apple.keylayout.Austrian,"[[24, [""shift""]], [0, [""shift""]]]"
Ä,com.apple.keylayout.Austrian,"[[32, [""option""]], [0, [""shift""]]]"
Ã,com.apple.keylayout.Austrian,"[[45, [""option""]], [0, [""shift""]]]"
Ê,com.apple.keylayout.Austrian,"[[10, []], [14, [""shift""]]]"
É,com.apple.keylayout.Austrian,"[[24, []], [14, [""shift""]]]"
È,com.apple.keylayout.Austrian,"[[24, [""shift""]], [14, [""shift""]]]"
Ë,com.apple.keylayout.Austrian,"[[32, [""option""]], [14, [""shift""]]]"
Î,com.apple.keylayout.Austrian,"[[10, []], [34, [""shift""]]]"
Í,com.apple.keylayout.Austrian,"[[24, []], [34, [""shift""]]]"
Ì,com.apple.keylayout.Austrian,"[[24, [""shift""]], [34, [""shift""]]]"
Ï,com.apple.keylayout.Austrian,"[[32, [""option""]], [34, [""shift""]]]"
Ñ,com.apple.keylayout.Austrian,"[[45, [""option""]], [45, [""shift""]]]"
Ô,com.apple.keylayout.Austrian,"[[10, []], [31, [""shift""]]]"
Ó,com.apple.keylayout.Austrian,"[[24, []], [31, [""shift""]]]"
Ò,com.apple.keylayout.Austrian,"[[24, [""shift""]], [31, [""shift""]]]"
Ö,com.apple.keylayout.Austrian,"[[32, [""option""]], [31, [""shift""]]]"
Õ,com.apple.keylayout.Austrian,"[[45, [""option""]], [31, [""shift""]]]"
Û,com.apple.keylayout.Austrian,"[[10, []], [32, [""shift""]]]"
Ú,com.apple.keylayout.Austrian,"[[24, []], [32, [""shift""]]]"
Ù,com.apple.keylayout.Austrian,"[[24, [""shift""]], [32, [""shift""]]]"
Ü,com.apple.keylayout.Austrian,"[[32, [""option""]], [32, [""shift""]]]"
Ÿ,com.apple.keylayout.Austrian,"[[32, [""option""]], [6, [""shift""]]]"
â,com.apple.keylayout.Austrian,"[[10, []], [0, []]]"
á,com.apple.keylayout.Austrian,"[[24, []], [0, []]]"
à,com.apple.keylayout.Austrian,"[[24, [""shift""]], [0, []]]"
ä,com.apple.keylayout.Austrian,"[[32, [""option""]], [0, []]]"
ã,com.apple.keylayout.Austrian,"[[45, [""option""]], [0, []]]"
ê,com.apple.keylayout.Austrian,"[[10, []], [14, []]]"
é,com.apple.keylayout.Austrian,"[[24, []], [14, []]]"
è,com.apple.keylayout.Austrian,"[[24, [""shift""]], [14, []]]"
ë,com.apple.keylayout.Austrian,"[[32, [""option""]], [14, []]]"
î,com.apple.keylayout.Austrian,"[[10, []], [34, []]]"
í,com.apple.keylayout.Austrian,"[[24, []], [34, []]]"
ì,com.apple.keylayout.Austrian,"[[24, [""shift""]], [34, []]]"
ï,com.apple.keylayout.Austrian,"[[32, [""option""]], [34, []]]"
ñ,com.apple.keylayout.Austrian,"[[45, [""option""]], [45, []]]"
ô,com.apple.keylayout.Austrian,"[[10, []], [31, []]]"
ó,com.apple.keylayout.Austrian,"[[24, []], [31, []]]"
ò,com.apple.keylayout.Austrian,"[[24, [""shift""]], [31, []]]"
ö,com.apple.keylayout.Austrian,"[[32, [""option""]], [31, []]]"
õ,com.apple.keylayout.Austrian,"[[45, [""option""]], [31, []]]"
û,com.apple.keylayout.Austrian,"[[10, []], [32, []]]"
ú,com.apple.keylayout.Austrian,"[[24, []], [32, []]]"
ù,com.apple.keylayout.Austrian,"[[24, [""shift""]], [32, []]]"
ü,com.apple.keylayout.Austrian,"[[32, [""option""]], [32, []]]"
ÿ,com.apple.keylayout.Austrian,"[[32, [""option""]], [6, []]]"
Ó,com.apple.keylayout.US,"[[14, [""option""]], [31, [""shift""]]]"
Ò,com.apple.keylayout.US,"[[50, [""option""]], [31, [""shift""]]]"
Ô,com.apple.keylayout.US,"[[34, [""option""]], [31, [""shift""]]]"
Ö,com.apple.keylayout.US,"[[32, [""option""]], [31, [""shift""]]]"
Õ,com.apple.keylayout.US,"[[45, [""option""]], [31, [""shift""]]]"
Ú,com.apple.keylayout.US,"[[14, [""option""]], [32, [""shift""]]]"
Ù,com.apple.keylayout.US,"[[50, [""option""]], [32, [""shift""]]]"
Û,com.apple.keylayout.US,"[[34, [""option""]], [32, [""shift""]]]"
Ü,com.apple.keylayout.US,"[[32, [""option""]], [32, [""shift""]]]"
Ÿ,com.apple.keylayout.US,"[[32, [""option""]], [16, [""shift""]]]"
á,com.apple.keylayout.US,"[[14, [""option""]], [0, []]]"
à,com.apple.keylayout.US,"[[50, [""option""]], [0, []]]"
â,com.apple.keylayout.US,"[[34, [""option""]], [0, []]]"
ä,com.apple.keylayout.US,"[[32, [""option""]], [0, []]]"
ã,com.apple.keylayout.US,"[[45, [""option""]], [0, []]]"
é,com.apple.keylayout.US,"[[14, [""option""]], [14, []]]"
è,com.apple.keylayout.US,"[[50, [""option""]], [14, []]]"
ê,com.apple.keylayout.US,"[[34, [""option""]], [14, []]]"
ë,com.apple.keylayout.US,"[[32, [""option""]], [14, []]]"
í,com.apple.keylayout.US,"[[14, [""option""]], [34, []]]"
ì,com.apple.keylayout.US,"[[50, [""option""]], [34, []]]"
î,com.apple.keylayout.US,"[[34, [""option""]], [34, []]]"
ï,com.apple.keylayout.US,"[[32, [""option""]], [34, []]]"
ñ,com.apple.keylayout.US,"[[45, [""option""]], [45, []]]"
ó,com.apple.keylayout.US,"[[14, [""option""]], [31, []]]"
ò,com.apple.keylayout.US,"[[50, [""option""]], [31, []]]"
ô,com.apple.keylayout.US,"[[34, [""option""]], [31, []]]"
ö,com.apple.keylayout.US,"[[32, [""option""]], [31, []]]"
õ,com.apple.keylayout.US,"[[45, [""option""]], [31, []]]"
ú,com.apple.keylayout.US,"[[14, [""option""]], [32, []]]"
ù,com.apple.keylayout.US,"[[50, [""option""]], [32, []]]"
û,com.apple.keylayout.US,"[[34, [""option""]], [32, []]]"
ü,com.apple.keylayout.US,"[[32, [""option""]], [32, []]]"
ÿ,com.apple.keylayout.US,"[[32, [""option""]], [16, []]]"
´,com.apple.keylayout.US,"[[14, [""option""]], [49, []]]"
`,com.apple.keylayout.US,"[[50, [""option""]], [49, []]]"
ˆ,com.apple.keylayout.US,"[[34, [""option""]], [49, []]]"
¨,com.apple.keylayout.US,"[[32, [""option""]], [49, []]]"
˜,com.apple.keylayout.US,"[[45, [""option""]], [49, []]]"
Á,com.apple.keylayout.US,"[[14, [""option""]], [0, [""shift""]]]"
À,com.apple.keylayout.US,"[[50, [""option""]], [0, [""shift""]]]"
Â,com.apple.keylayout.US,"[[34, [""option""]], [0, [""shift""]]]"
Ä,com.apple.keylayout.US,"[[32, [""option""]], [0, [""shift""]]]"
Ã,com.apple.keylayout.US,"[[45, [""option""]], [0, [""shift""]]]"
É,com.apple.keylayout.US,"[[14, [""option""]], [14, [""shift""]]]"
È,com.apple.keylayout.US,"[[50, [""option""]], [14, [""shift""]]]"
Ê,com.apple.keylayout.US,"[[34, [""option""]], [14, [""shift""]]]"
Ë,com.apple.keylayout.US,"[[32, [""option""]], [14, [""shift""]]]"
Í,com.apple.keylayout.US,"[[14, [""option""]], [34, [""shift""]]]"
Ì,com.apple.keylayout.US,"[[50, [""option""]], [34, [""shift""]]]"
Î,com.apple.keylayout.US,"[[34, [""option""]], [34, [""shift""]]]"
Ï,com.apple.keylayout.US,"[[32, [""option""]], [34, [""shift""]]]"
Ñ,com.apple.keylayout.US,"[[45, [""option""]], [45, [""shift""]]]"
',com.apple.keylayout.Macedonian,"[[39, []], [49, []]]"
`,com.apple.keylayout.Macedonian,"[[50, [""option""]], [49, []]]"
~,com.apple.keylayout.Macedonian,"[[50, [""option"", ""shift""]], [49, []]]"
ђ,com.apple.keylayout.Macedonian,"[[39, []], [0, []]]"
ѓ,com.apple.keylayout.Macedonian,"[[39, []], [14, []]]"
є,com.apple.keylayout.Macedonian,"[[39, []], [34, []]]"
ї,com.apple.keylayout.Macedonian,"[[39, []], [31, []]]"
љ,com.apple.keylayout.Macedonian,"[[39, []], [32, []]]"
ћ,com.apple.keylayout.Macedonian,"[[39, []], [6, []]]"
Ђ,com.apple.keylayout.Macedonian,"[[39, []], [0, [""shift""]]]"
µ,com.apple.keylayout.Macedonian,"[[50, [""option""]], [46, [""option""]]]"
ґ,com.apple.keylayout.Macedonian,"[[50, [""option""]], [2, [""option""]]]"
ј,com.apple.keylayout.Macedonian,"[[50, [""option""]], [38, [""option""]]]"
¬,com.apple.keylayout.Macedonian,"[[50, [""option""]], [27, [""option""]]]"
ƒ,com.apple.keylayout.Macedonian,"[[50, [""option""]], [3, [""option""]]]"
ё,com.apple.keylayout.Macedonian,"[[50, [""option""]], [14, [""option""]]]"
Ѓ,com.apple.keylayout.Macedonian,"[[39, []], [14, [""shift""]]]"
«,com.apple.keylayout.Macedonian,"[[50, [""option""]], [50, []]]"
≤,com.apple.keylayout.Macedonian,"[[50, [""option"", ""shift""]], [50, []]]"
»,com.apple.keylayout.Macedonian,"[[50, [""option""]], [50, [""shift""]]]"
≥,com.apple.keylayout.Macedonian,"[[50, [""option"", ""shift""]], [50, [""shift""]]]"
≈,com.apple.keylayout.Macedonian,"[[50, [""option""]], [29, [""shift""]]]"
≠,com.apple.keylayout.Macedonian,"[[50, [""option"", ""shift""]], [29, [""shift""]]]"
÷,com.apple.keylayout.Macedonian,"[[50, [""option""]], [27, []]]"
ѕ,com.apple.keylayout.Macedonian,"[[50, [""option""]], [1, [""option""]]]"
€,com.apple.keylayout.Macedonian,"[[50, [""option""]], [31, [""option""]]]"
…,com.apple.keylayout.Macedonian,"[[50, [""option""]], [47, []]]"
і,com.apple.keylayout.Macedonian,"[[50, [""option""]], [34, [""option""]]]"
\,com.apple.keylayout.Macedonian,"[[50, [""option""]], [42, [""option""]]]"
',com.apple.keylayout.Macedonian,"[[50, [""option""]], [39, [""option""]]]"
Є,com.apple.keylayout.Macedonian,"[[39, []], [34, [""shift""]]]"
Ё,com.apple.keylayout.Macedonian,"[[50, [""option"", ""shift""]], [14, [""option"", ""shift""]]]"
∆,com.apple.keylayout.Macedonian,"[[50, [""option"", ""shift""]], [2, [""option"", ""shift""]]]"
√,com.apple.keylayout.Macedonian,"[[50, [""option"", ""shift""]], [9, [""option"", ""shift""]]]"
Ѕ,com.apple.keylayout.Macedonian,"[[50, [""option"", ""shift""]], [16, [""shift""]]]"
©,com.apple.keylayout.Macedonian,"[[50, [""option"", ""shift""]], [8, [""option"", ""shift""]]]"
|,com.apple.keylayout.Macedonian,"[[50, [""option"", ""shift""]], [42, [""option"", ""shift""]]]"
Ј,com.apple.keylayout.Macedonian,"[[50, [""option"", ""shift""]], [38, [""option"", ""shift""]]]"
Ї,com.apple.keylayout.Macedonian,"[[39, []], [31, [""shift""]]]"
Љ,com.apple.keylayout.Macedonian,"[[39, []], [32, [""shift""]]]"
',com.apple.keylayout.Latvian,"[[39, []], [49, []]]"
`,com.apple.keylayout.Latvian,"[[11, [""option""]], [49, []]]"
∑,com.apple.keylayout.Latvian,"[[13, [""option""]], [49, []]]"
¨,com.apple.keylayout.Latvian,"[[21, [""option""]], [49, []]]"
ˇ,com.apple.keylayout.Latvian,"[[22, [""option""]], [49, []]]"
~,com.apple.keylayout.Latvian,"[[39, [""option""]], [49, []]]"
Ā,com.apple.keylayout.Latvian,"[[39, []], [0, [""shift""]]]"
Á,com.apple.keylayout.Latvian,"[[11, [""option""]], [0, [""shift""]]]"
Ä,com.apple.keylayout.Latvian,"[[21, [""option""]], [0, [""shift""]]]"
Ą,com.apple.keylayout.Latvian,"[[39, [""option""]], [0, [""shift""]]]"
Č,com.apple.keylayout.Latvian,"[[39, []], [8, [""shift""]]]"
Ć,com.apple.keylayout.Latvian,"[[11, [""option""]], [8, [""shift""]]]"
Č,com.apple.keylayout.Latvian,"[[22, [""option""]], [8, [""shift""]]]"
Ď,com.apple.keylayout.Latvian,"[[22, [""option""]], [2, [""shift""]]]"
Ē,com.apple.keylayout.Latvian,"[[39, []], [14, [""shift""]]]"
É,com.apple.keylayout.Latvian,"[[11, [""option""]], [14, [""shift""]]]"
Ė,com.apple.keylayout.Latvian,"[[21, [""option""]], [14, [""shift""]]]"
Ě,com.apple.keylayout.Latvian,"[[22, [""option""]], [14, [""shift""]]]"
Ę,com.apple.keylayout.Latvian,"[[39, [""option""]], [14, [""shift""]]]"
Ģ,com.apple.keylayout.Latvian,"[[39, []], [5, [""shift""]]]"
Ī,com.apple.keylayout.Latvian,"[[39, []], [34, [""shift""]]]"
Í,com.apple.keylayout.Latvian,"[[11, [""option""]], [34, [""shift""]]]"
Į,com.apple.keylayout.Latvian,"[[39, [""option""]], [34, [""shift""]]]"
Ķ,com.apple.keylayout.Latvian,"[[39, []], [40, [""shift""]]]"
Ļ,com.apple.keylayout.Latvian,"[[39, []], [37, [""shift""]]]"
Ĺ,com.apple.keylayout.Latvian,"[[11, [""option""]], [37, [""shift""]]]"
Ľ,com.apple.keylayout.Latvian,"[[22, [""option""]], [37, [""shift""]]]"
Ł,com.apple.keylayout.Latvian,"[[39, [""option""]], [37, [""shift""]]]"
Ņ,com.apple.keylayout.Latvian,"[[39, []], [45, [""shift""]]]"
Ń,com.apple.keylayout.Latvian,"[[11, [""option""]], [45, [""shift""]]]"
Ň,com.apple.keylayout.Latvian,"[[22, [""option""]], [45, [""shift""]]]"
Ō,com.apple.keylayout.Latvian,"[[39, []], [31, [""shift""]]]"
Ó,com.apple.keylayout.Latvian,"[[11, [""option""]], [31, [""shift""]]]"
Ő,com.apple.keylayout.Latvian,"[[13, [""option""]], [31, [""shift""]]]"
Ö,com.apple.keylayout.Latvian,"[[21, [""option""]], [31, [""shift""]]]"
Ô,com.apple.keylayout.Latvian,"[[22, [""option""]], [31, [""shift""]]]"
Õ,com.apple.keylayout.Latvian,"[[39, [""option""]], [31, [""shift""]]]"
Ŗ,com.apple.keylayout.Latvian,"[[39, []], [15, [""shift""]]]"
Ŕ,com.apple.keylayout.Latvian,"[[11, [""option""]], [15, [""shift""]]]"
Ř,com.apple.keylayout.Latvian,"[[22, [""option""]], [15, [""shift""]]]"
Š,com.apple.keylayout.Latvian,"[[39, []], [1, [""shift""]]]"
Ś,com.apple.keylayout.Latvian,"[[11, [""option""]], [1, [""shift""]]]"
Š,com.apple.keylayout.Latvian,"[[22, [""option""]], [1, [""shift""]]]"
Ť,com.apple.keylayout.Latvian,"[[22, [""option""]], [17, [""shift""]]]"
Ū,com.apple.keylayout.Latvian,"[[39, []], [32, [""shift""]]]"
Ú,com.apple.keylayout.Latvian,"[[11, [""option""]], [32, [""shift""]]]"
Ű,com.apple.keylayout.Latvian,"[[13, [""option""]], [32, [""shift""]]]"
Ü,com.apple.keylayout.Latvian,"[[21, [""option""]], [32, [""shift""]]]"
Ų,com.apple.keylayout.Latvian,"[[39, [""option""]], [32, [""shift""]]]"
Ů,com.apple.keylayout.Latvian,"[[21, [""option""]], [13, [""shift""]]]"
Ý,com.apple.keylayout.Latvian,"[[11, [""option""]], [16, [""shift""]]]"
Ž,com.apple.keylayout.Latvian,"[[39, []], [6, [""shift""]]]"
Ź,com.apple.keylayout.Latvian,"[[11, [""option""]], [6, [""shift""]]]"
Ż,com.apple.keylayout.Latvian,"[[21, [""option""]], [6, [""shift""]]]"
Ž,com.apple.keylayout.Latvian,"[[22, [""option""]], [6, [""shift""]]]"
á,com.apple.keylayout.Latvian,"[[11, [""option""]], [0, []]]"
ä,com.apple.keylayout.Latvian,"[[21, [""option""]], [0, []]]"
ą,com.apple.keylayout.Latvian,"[[39, [""option""]], [0, []]]"
ć,com.apple.keylayout.Latvian,"[[11, [""option""]], [8, []]]"
č,com.apple.keylayout.Latvian,"[[22, [""option""]], [8, []]]"
ď,com.apple.keylayout.Latvian,"[[22, [""option""]], [2, []]]"
é,com.apple.keylayout.Latvian,"[[11, [""option""]], [14, []]]"
ė,com.apple.keylayout.Latvian,"[[21, [""option""]], [14, []]]"
ě,com.apple.keylayout.Latvian,"[[22, [""option""]], [14, []]]"
ę,com.apple.keylayout.Latvian,"[[39, [""option""]], [14, []]]"
í,com.apple.keylayout.Latvian,"[[11, [""option""]], [34, []]]"
į,com.apple.keylayout.Latvian,"[[39, [""option""]], [34, []]]"
ĺ,com.apple.keylayout.Latvian,"[[11, [""option""]], [37, []]]"
ľ,com.apple.keylayout.Latvian,"[[22, [""option""]], [37, []]]"
ł,com.apple.keylayout.Latvian,"[[39, [""option""]], [37, []]]"
ń,com.apple.keylayout.Latvian,"[[11, [""option""]], [45, []]]"
ň,com.apple.keylayout.Latvian,"[[22, [""option""]], [45, []]]"
ó,com.apple.keylayout.Latvian,"[[11, [""option""]], [31, []]]"
ő,com.apple.keylayout.Latvian,"[[13, [""option""]], [31, []]]"
ö,com.apple.keylayout.Latvian,"[[21, [""option""]], [31, []]]"
ô,com.apple.keylayout.Latvian,"[[22, [""option""]], [31, []]]"
õ,com.apple.keylayout.Latvian,"[[39, [""option""]], [31, []]]"
ŕ,com.apple.keylayout.Latvian,"[[11, [""option""]], [15, []]]"
ř,com.apple.keylayout.Latvian,"[[22, [""option""]], [15, []]]"
ś,com.apple.keylayout.Latvian,"[[11, [""option""]], [1, []]]"
š,com.apple.keylayout.Latvian,"[[22, [""option""]], [1, []]]"
ť,com.apple.keylayout.Latvian,"[[22, [""option""]], [17, []]]"
ú,com.apple.keylayout.Latvian,"[[11, [""option""]], [32, []]]"
ű,com.apple.keylayout.Latvian,"[[13, [""option""]], [32, []]]"
ü,com.apple.keylayout.Latvian,"[[21, [""option""]], [32, []]]"
ų,com.apple.keylayout.Latvian,"[[39, [""option""]], [32, []]]"
ů,com.apple.keylayout.Latvian,"[[21, [""option""]], [13, []]]"
ý,com.apple.keylayout.Latvian,"[[11, [""option""]], [16, []]]"
ź,com.apple.keylayout.Latvian,"[[11, [""option""]], [6, []]]"
ż,com.apple.keylayout.Latvian,"[[21, [""option""]], [6, []]]"
ž,com.apple.keylayout.Latvian,"[[22, [""option""]], [6, []]]"
´,com.apple.keylayout.USExtended,"[[14, [""option""]], [49, []]]"
˘,com.apple.keylayout.USExtended,"[[11, [""option""]], [49, []]]"
ˇ,com.apple.keylayout.USExtended,"[[9, [""option""]], [49, []]]"
¸,com.apple.keylayout.USExtended,"[[8, [""option""]], [49, []]]"
ˆ,com.apple.keylayout.USExtended,"[[22, [""option""]], [49, []]]"
‸,com.apple.keylayout.USExtended,"[[5, [""option"", ""shift""]], [49, []]]"
",",com.apple.keylayout.USExtended,"[[35, [""option""]], [49, []]]"
¨,com.apple.keylayout.USExtended,"[[32, [""option""]], [49, []]]"
˙,com.apple.keylayout.USExtended,"[[13, [""option""]], [49, []]]"
.,com.apple.keylayout.USExtended,"[[7, [""option""]], [49, []]]"
˝,com.apple.keylayout.USExtended,"[[38, [""option""]], [49, []]]"
 ̏,com.apple.keylayout.USExtended,"[[16, [""option"", ""shift""]], [49, []]]"
`,com.apple.keylayout.USExtended,"[[50, [""option""]], [49, []]]"
ˀ,com.apple.keylayout.USExtended,"[[6, [""option""]], [49, []]]"
ʔ,com.apple.keylayout.USExtended,"[[47, [""option"", ""shift""]], [49, []]]"
ʼ,com.apple.keylayout.USExtended,"[[34, [""option""]], [49, []]]"
 ̑,com.apple.keylayout.USExtended,"[[1, [""option"", ""shift""]], [49, []]]"
¯,com.apple.keylayout.USExtended,"[[0, [""option""]], [49, []]]"
ˍ,com.apple.keylayout.USExtended,"[[4, [""option""]], [49, []]]"
˛,com.apple.keylayout.USExtended,"[[46, [""option""]], [49, []]]"
˚,com.apple.keylayout.USExtended,"[[40, [""option""]], [49, []]]"
№,com.apple.keylayout.USExtended,"[[41, [""option"", ""shift""]], [49, []]]"
-,com.apple.keylayout.USExtended,"[[37, [""option""]], [49, []]]"
˜,com.apple.keylayout.USExtended,"[[45, [""option""]], [49, []]]"
 ̰,com.apple.keylayout.USExtended,"[[3, [""option"", ""shift""]], [49, []]]"
ʺ,com.apple.keylayout.USExtended,"[[41, [""option"", ""shift""]], [39, [""shift""]]]"
Ɛ,com.apple.keylayout.USExtended,"[[41, [""option"", ""shift""]], [20, [""shift""]]]"
Ƽ,com.apple.keylayout.USExtended,"[[41, [""option"", ""shift""]], [23, [""shift""]]]"
ʹ,com.apple.keylayout.USExtended,"[[41, [""option"", ""shift""]], [39, []]]"
Ȣ,com.apple.keylayout.USExtended,"[[41, [""option"", ""shift""]], [28, [""shift""]]]"
ƨ,com.apple.keylayout.USExtended,"[[41, [""option"", ""shift""]], [19, []]]"
ɛ,com.apple.keylayout.USExtended,"[[41, [""option"", ""shift""]], [20, []]]"
ƽ,com.apple.keylayout.USExtended,"[[41, [""option"", ""shift""]], [23, []]]"
ƅ,com.apple.keylayout.USExtended,"[[41, [""option"", ""shift""]], [22, []]]"
⁊,com.apple.keylayout.USExtended,"[[41, [""option"", ""shift""]], [26, []]]"
ȣ,com.apple.keylayout.USExtended,"[[41, [""option"", ""shift""]], [28, []]]"
Ƨ,com.apple.keylayout.USExtended,"[[41, [""option"", ""shift""]], [19, [""shift""]]]"
Á,com.apple.keylayout.USExtended,"[[14, [""option""]], [0, [""shift""]]]"
Ă,com.apple.keylayout.USExtended,"[[11, [""option""]], [0, [""shift""]]]"
Ǎ,com.apple.keylayout.USExtended,"[[9, [""option""]], [0, [""shift""]]]"
Â,com.apple.keylayout.USExtended,"[[22, [""option""]], [0, [""shift""]]]"
Ä,com.apple.keylayout.USExtended,"[[32, [""option""]], [0, [""shift""]]]"
Ȧ,com.apple.keylayout.USExtended,"[[13, [""option""]], [0, [""shift""]]]"
Ạ,com.apple.keylayout.USExtended,"[[7, [""option""]], [0, [""shift""]]]"
Ȁ,com.apple.keylayout.USExtended,"[[16, [""option"", ""shift""]], [0, [""shift""]]]"
À,com.apple.keylayout.USExtended,"[[50, [""option""]], [0, [""shift""]]]"
Ả,com.apple.keylayout.USExtended,"[[6, [""option""]], [0, [""shift""]]]"
Ȃ,com.apple.keylayout.USExtended,"[[1, [""option"", ""shift""]], [0, [""shift""]]]"
Ā,com.apple.keylayout.USExtended,"[[0, [""option""]], [0, [""shift""]]]"
Ą,com.apple.keylayout.USExtended,"[[46, [""option""]], [0, [""shift""]]]"
Å,com.apple.keylayout.USExtended,"[[40, [""option""]], [0, [""shift""]]]"
Ə,com.apple.keylayout.USExtended,"[[41, [""option"", ""shift""]], [0, [""shift""]]]"
Ã,com.apple.keylayout.USExtended,"[[45, [""option""]], [0, [""shift""]]]"
Ḃ,com.apple.keylayout.USExtended,"[[13, [""option""]], [11, [""shift""]]]"
Ḅ,com.apple.keylayout.USExtended,"[[7, [""option""]], [11, [""shift""]]]"
Ɓ,com.apple.keylayout.USExtended,"[[47, [""option"", ""shift""]], [11, [""shift""]]]"
Ḇ,com.apple.keylayout.USExtended,"[[4, [""option""]], [11, [""shift""]]]"
Ć,com.apple.keylayout.USExtended,"[[14, [""option""]], [8, [""shift""]]]"
Č,com.apple.keylayout.USExtended,"[[9, [""option""]], [8, [""shift""]]]"
Ç,com.apple.keylayout.USExtended,"[[8, [""option""]], [8, [""shift""]]]"
Ĉ,com.apple.keylayout.USExtended,"[[22, [""option""]], [8, [""shift""]]]"
Ċ,com.apple.keylayout.USExtended,"[[13, [""option""]], [8, [""shift""]]]"
Ƈ,com.apple.keylayout.USExtended,"[[47, [""option"", ""shift""]], [8, [""shift""]]]"
Ɔ,com.apple.keylayout.USExtended,"[[41, [""option"", ""shift""]], [8, [""shift""]]]"
Ď,com.apple.keylayout.USExtended,"[[9, [""option""]], [2, [""shift""]]]"
Ḑ,com.apple.keylayout.USExtended,"[[8, [""option""]], [2, [""shift""]]]"
Ḓ,com.apple.keylayout.USExtended,"[[5, [""option"", ""shift""]], [2, [""shift""]]]"
Ḋ,com.apple.keylayout.USExtended,"[[13, [""option""]], [2, [""shift""]]]"
Ḍ,com.apple.keylayout.USExtended,"[[7, [""option""]], [2, [""shift""]]]"
Ɗ,com.apple.keylayout.USExtended,"[[47, [""option"", ""shift""]], [2, [""shift""]]]"
Ḏ,com.apple.keylayout.USExtended,"[[4, [""option""]], [2, [""shift""]]]"
Đ,com.apple.keylayout.USExtended,"[[37, [""option""]], [2, [""shift""]]]"
É,com.apple.keylayout.USExtended,"[[14, [""option""]], [14, [""shift""]]]"
Ĕ,com.apple.keylayout.USExtended,"[[11, [""option""]], [14, [""shift""]]]"
Ě,com.apple.keylayout.USExtended,"[[9, [""option""]], [14, [""shift""]]]"
Ȩ,com.apple.keylayout.USExtended,"[[8, [""option""]], [14, [""shift""]]]"
Ê,com.apple.keylayout.USExtended,"[[22, [""option""]], [14, [""shift""]]]"
Ḙ,com.apple.keylayout.USExtended,"[[5, [""option"", ""shift""]], [14, [""shift""]]]"
Ë,com.apple.keylayout.USExtended,"[[32, [""option""]], [14, [""shift""]]]"
Ė,com.apple.keylayout.USExtended,"[[13, [""option""]], [14, [""shift""]]]"
Ẹ,com.apple.keylayout.USExtended,"[[7, [""option""]], [14, [""shift""]]]"
Ȅ,com.apple.keylayout.USExtended,"[[16, [""option"", ""shift""]], [14, [""shift""]]]"
È,com.apple.keylayout.USExtended,"[[50, [""option""]], [14, [""shift""]]]"
Ẻ,com.apple.keylayout.USExtended,"[[6, [""option""]], [14, [""shift""]]]"
Ȇ,com.apple.keylayout.USExtended,"[[1, [""option"", ""shift""]], [14, [""shift""]]]"
Ē,com.apple.keylayout.USExtended,"[[0, [""option""]], [14, [""shift""]]]"
Ę,com.apple.keylayout.USExtended,"[[46, [""option""]], [14, [""shift""]]]"
E̊,com.apple.keylayout.USExtended,"[[40, [""option""]], [14, [""shift""]]]"
Ǝ,com.apple.keylayout.USExtended,"[[41, [""option"", ""shift""]], [14, [""shift""]]]"
Ẽ,com.apple.keylayout.USExtended,"[[45, [""option""]], [14, [""shift""]]]"
Ḛ,com.apple.keylayout.USExtended,"[[3, [""option"", ""shift""]], [14, [""shift""]]]"
Ḟ,com.apple.keylayout.USExtended,"[[13, [""option""]], [3, [""shift""]]]"
Ƒ,com.apple.keylayout.USExtended,"[[47, [""option"", ""shift""]], [3, [""shift""]]]"
Ǵ,com.apple.keylayout.USExtended,"[[14, [""option""]], [5, [""shift""]]]"
Ğ,com.apple.keylayout.USExtended,"[[11, [""option""]], [5, [""shift""]]]"
Ǧ,com.apple.keylayout.USExtended,"[[9, [""option""]], [5, [""shift""]]]"
Ģ,com.apple.keylayout.USExtended,"[[8, [""option""]], [5, [""shift""]]]"
Ĝ,com.apple.keylayout.USExtended,"[[22, [""option""]], [5, [""shift""]]]"
Ġ,com.apple.keylayout.USExtended,"[[13, [""option""]], [5, [""shift""]]]"
Ɠ,com.apple.keylayout.USExtended,"[[47, [""option"", ""shift""]], [5, [""shift""]]]"
Ḡ,com.apple.keylayout.USExtended,"[[0, [""option""]], [5, [""shift""]]]"
Ɣ,com.apple.keylayout.USExtended,"[[41, [""option"", ""shift""]], [5, [""shift""]]]"
Ǥ,com.apple.keylayout.USExtended,"[[37, [""option""]], [5, [""shift""]]]"
Ḫ,com.apple.keylayout.USExtended,"[[11, [""option""]], [4, [""shift""]]]"
Ȟ,com.apple.keylayout.USExtended,"[[9, [""option""]], [4, [""shift""]]]"
Ḩ,com.apple.keylayout.USExtended,"[[8, [""option""]], [4, [""shift""]]]"
Ĥ,com.apple.keylayout.USExtended,"[[22, [""option""]], [4, [""shift""]]]"
Ḧ,com.apple.keylayout.USExtended,"[[32, [""option""]], [4, [""shift""]]]"
Ḣ,com.apple.keylayout.USExtended,"[[13, [""option""]], [4, [""shift""]]]"
Ḥ,com.apple.keylayout.USExtended,"[[7, [""option""]], [4, [""shift""]]]"
H̱,com.apple.keylayout.USExtended,"[[4, [""option""]], [4, [""shift""]]]"
Ƕ,com.apple.keylayout.USExtended,"[[41, [""option"", ""shift""]], [4, [""shift""]]]"
Ħ,com.apple.keylayout.USExtended,"[[37, [""option""]], [4, [""shift""]]]"
Í,com.apple.keylayout.USExtended,"[[14, [""option""]], [34, [""shift""]]]"
Ĭ,com.apple.keylayout.USExtended,"[[11, [""option""]], [34, [""shift""]]]"
Ǐ,com.apple.keylayout.USExtended,"[[9, [""option""]], [34, [""shift""]]]"
Î,com.apple.keylayout.USExtended,"[[22, [""option""]], [34, [""shift""]]]"
Ï,com.apple.keylayout.USExtended,"[[32, [""option""]], [34, [""shift""]]]"
İ,com.apple.keylayout.USExtended,"[[13, [""option""]], [34, [""shift""]]]"
Ị,com.apple.keylayout.USExtended,"[[7, [""option""]], [34, [""shift""]]]"
Ȉ,com.apple.keylayout.USExtended,"[[16, [""option"", ""shift""]], [34, [""shift""]]]"
Ì,com.apple.keylayout.USExtended,"[[50, [""option""]], [34, [""shift""]]]"
Ỉ,com.apple.keylayout.USExtended,"[[6, [""option""]], [34, [""shift""]]]"
Ɩ,com.apple.keylayout.USExtended,"[[47, [""option"", ""shift""]], [34, [""shift""]]]"
Ȋ,com.apple.keylayout.USExtended,"[[1, [""option"", ""shift""]], [34, [""shift""]]]"
Ī,com.apple.keylayout.USExtended,"[[0, [""option""]], [34, [""shift""]]]"
Į,com.apple.keylayout.USExtended,"[[46, [""option""]], [34, [""shift""]]]"
Ɨ,com.apple.keylayout.USExtended,"[[37, [""option""]], [34, [""shift""]]]"
Ĩ,com.apple.keylayout.USExtended,"[[45, [""option""]], [34, [""shift""]]]"
Ḭ,com.apple.keylayout.USExtended,"[[3, [""option"", ""shift""]], [34, [""shift""]]]"
J̌,com.apple.keylayout.USExtended,"[[9, [""option""]], [38, [""shift""]]]"
Ĵ,com.apple.keylayout.USExtended,"[[22, [""option""]], [38, [""shift""]]]"
Ƞ,com.apple.keylayout.USExtended,"[[41, [""option"", ""shift""]], [38, [""shift""]]]"
Ḱ,com.apple.keylayout.USExtended,"[[14, [""option""]], [40, [""shift""]]]"
Ǩ,com.apple.keylayout.USExtended,"[[9, [""option""]], [40, [""shift""]]]"
Ķ,com.apple.keylayout.USExtended,"[[8, [""option""]], [40, [""shift""]]]"
Ḳ,com.apple.keylayout.USExtended,"[[7, [""option""]], [40, [""shift""]]]"
Ƙ,com.apple.keylayout.USExtended,"[[47, [""option"", ""shift""]], [40, [""shift""]]]"
Ḵ,com.apple.keylayout.USExtended,"[[4, [""option""]], [40, [""shift""]]]"
K’,com.apple.keylayout.USExtended,"[[41, [""option"", ""shift""]], [40, [""shift""]]]"
Ĺ,com.apple.keylayout.USExtended,"[[14, [""option""]], [37, [""shift""]]]"
Ľ,com.apple.keylayout.USExtended,"[[9, [""option""]], [37, [""shift""]]]"
Ļ,com.apple.keylayout.USExtended,"[[8, [""option""]], [37, [""shift""]]]"
Ḽ,com.apple.keylayout.USExtended,"[[5, [""option"", ""shift""]], [37, [""shift""]]]"
Ḷ,com.apple.keylayout.USExtended,"[[7, [""option""]], [37, [""shift""]]]"
Ḹ,com.apple.keylayout.USExtended,"[[0, [""option""]], [37, [""shift""]]]"
Ḻ,com.apple.keylayout.USExtended,"[[4, [""option""]], [37, [""shift""]]]"
Ł,com.apple.keylayout.USExtended,"[[37, [""option""]], [37, [""shift""]]]"
Ḿ,com.apple.keylayout.USExtended,"[[14, [""option""]], [46, [""shift""]]]"
M̂,com.apple.keylayout.USExtended,"[[22, [""option""]], [46, [""shift""]]]"
Ṁ,com.apple.keylayout.USExtended,"[[13, [""option""]], [46, [""shift""]]]"
Ṃ,com.apple.keylayout.USExtended,"[[7, [""option""]], [46, [""shift""]]]"
Ɯ,com.apple.keylayout.USExtended,"[[41, [""option"", ""shift""]], [46, [""shift""]]]"
Ń,com.apple.keylayout.USExtended,"[[14, [""option""]], [45, [""shift""]]]"
Ň,com.apple.keylayout.USExtended,"[[9, [""option""]], [45, [""shift""]]]"
Ņ,com.apple.keylayout.USExtended,"[[8, [""option""]], [45, [""shift""]]]"
N̂,com.apple.keylayout.USExtended,"[[22, [""option""]], [45, [""shift""]]]"
Ṋ,com.apple.keylayout.USExtended,"[[5, [""option"", ""shift""]], [45, [""shift""]]]"
Ṅ,com.apple.keylayout.USExtended,"[[13, [""option""]], [45, [""shift""]]]"
Ṇ,com.apple.keylayout.USExtended,"[[7, [""option""]], [45, [""shift""]]]"
Ǹ,com.apple.keylayout.USExtended,"[[50, [""option""]], [45, [""shift""]]]"
Ɲ,com.apple.keylayout.USExtended,"[[47, [""option"", ""shift""]], [45, [""shift""]]]"
Ṉ,com.apple.keylayout.USExtended,"[[4, [""option""]], [45, [""shift""]]]"
Ŋ,com.apple.keylayout.USExtended,"[[41, [""option"", ""shift""]], [45, [""shift""]]]"
Ñ,com.apple.keylayout.USExtended,"[[45, [""option""]], [45, [""shift""]]]"
Ó,com.apple.keylayout.USExtended,"[[14, [""option""]], [31, [""shift""]]]"
Ŏ,com.apple.keylayout.USExtended,"[[11, [""option""]], [31, [""shift""]]]"
Ǒ,com.apple.keylayout.USExtended,"[[9, [""option""]], [31, [""shift""]]]"
Ô,com.apple.keylayout.USExtended,"[[22, [""option""]], [31, [""shift""]]]"
Ö,com.apple.keylayout.USExtended,"[[32, [""option""]], [31, [""shift""]]]"
Ȯ,com.apple.keylayout.USExtended,"[[13, [""option""]], [31, [""shift""]]]"
Ọ,com.apple.keylayout.USExtended,"[[7, [""option""]], [31, [""shift""]]]"
Ő,com.apple.keylayout.USExtended,"[[38, [""option""]], [31, [""shift""]]]"
Ȍ,com.apple.keylayout.USExtended,"[[16, [""option"", ""shift""]], [31, [""shift""]]]"
Ò,com.apple.keylayout.USExtended,"[[50, [""option""]], [31, [""shift""]]]"
Ỏ,com.apple.keylayout.USExtended,"[[6, [""option""]], [31, [""shift""]]]"
Ơ,com.apple.keylayout.USExtended,"[[34, [""option""]], [31, [""shift""]]]"
Ȏ,com.apple.keylayout.USExtended,"[[1, [""option"", ""shift""]], [31, [""shift""]]]"
Ō,com.apple.keylayout.USExtended,"[[0, [""option""]], [31, [""shift""]]]"
Ǫ,com.apple.keylayout.USExtended,"[[46, [""option""]], [31, [""shift""]]]"
O̊,com.apple.keylayout.USExtended,"[[40, [""option""]], [31, [""shift""]]]"
Ɵ,com.apple.keylayout.USExtended,"[[37, [""option""]], [31, [""shift""]]]"
Õ,com.apple.keylayout.USExtended,"[[45, [""option""]], [31, [""shift""]]]"
Ṕ,com.apple.keylayout.USExtended,"[[14, [""option""]], [35, [""shift""]]]"
Ṗ,com.apple.keylayout.USExtended,"[[13, [""option""]], [35, [""shift""]]]"
Ƥ,com.apple.keylayout.USExtended,"[[47, [""option"", ""shift""]], [35, [""shift""]]]"
Ƣ,com.apple.keylayout.USExtended,"[[41, [""option"", ""shift""]], [12, [""shift""]]]"
Ŕ,com.apple.keylayout.USExtended,"[[14, [""option""]], [15, [""shift""]]]"
Ř,com.apple.keylayout.USExtended,"[[9, [""option""]], [15, [""shift""]]]"
Ŗ,com.apple.keylayout.USExtended,"[[8, [""option""]], [15, [""shift""]]]"
Ṙ,com.apple.keylayout.USExtended,"[[13, [""option""]], [15, [""shift""]]]"
Ṛ,com.apple.keylayout.USExtended,"[[7, [""option""]], [15, [""shift""]]]"
Ȑ,com.apple.keylayout.USExtended,"[[16, [""option"", ""shift""]], [15, [""shift""]]]"
Ʈ,com.apple.keylayout.USExtended,"[[47, [""option"", ""shift""]], [15, [""shift""]]]"
Ȓ,com.apple.keylayout.USExtended,"[[1, [""option"", ""shift""]], [15, [""shift""]]]"
Ṝ,com.apple.keylayout.USExtended,"[[0, [""option""]], [15, [""shift""]]]"
Ṟ,com.apple.keylayout.USExtended,"[[4, [""option""]], [15, [""shift""]]]"
Ʀ,com.apple.keylayout.USExtended,"[[41, [""option"", ""shift""]], [15, [""shift""]]]"
Ś,com.apple.keylayout.USExtended,"[[14, [""option""]], [1, [""shift""]]]"
Š,com.apple.keylayout.USExtended,"[[9, [""option""]], [1, [""shift""]]]"
Ş,com.apple.keylayout.USExtended,"[[8, [""option""]], [1, [""shift""]]]"
Ŝ,com.apple.keylayout.USExtended,"[[22, [""option""]], [1, [""shift""]]]"
Ș,com.apple.keylayout.USExtended,"[[35, [""option""]], [1, [""shift""]]]"
Ṡ,com.apple.keylayout.USExtended,"[[13, [""option""]], [1, [""shift""]]]"
Ṣ,com.apple.keylayout.USExtended,"[[7, [""option""]], [1, [""shift""]]]"
Ʃ,com.apple.keylayout.USExtended,"[[47, [""option"", ""shift""]], [1, [""shift""]]]"
S̄,com.apple.keylayout.USExtended,"[[0, [""option""]], [1, [""shift""]]]"
Ť,com.apple.keylayout.USExtended,"[[9, [""option""]], [17, [""shift""]]]"
Ţ,com.apple.keylayout.USExtended,"[[8, [""option""]], [17, [""shift""]]]"
Ṱ,com.apple.keylayout.USExtended,"[[5, [""option"", ""shift""]], [17, [""shift""]]]"
Ț,com.apple.keylayout.USExtended,"[[35, [""option""]], [17, [""shift""]]]"
T̈,com.apple.keylayout.USExtended,"[[32, [""option""]], [17, [""shift""]]]"
Ṫ,com.apple.keylayout.USExtended,"[[13, [""option""]], [17, [""shift""]]]"
Ṭ,com.apple.keylayout.USExtended,"[[7, [""option""]], [17, [""shift""]]]"
Ƭ,com.apple.keylayout.USExtended,"[[47, [""option"", ""shift""]], [17, [""shift""]]]"
Ṯ,com.apple.keylayout.USExtended,"[[4, [""option""]], [17, [""shift""]]]"
Ŧ,com.apple.keylayout.USExtended,"[[37, [""option""]], [17, [""shift""]]]"
Ú,com.apple.keylayout.USExtended,"[[14, [""option""]], [32, [""shift""]]]"
Ŭ,com.apple.keylayout.USExtended,"[[11, [""option""]], [32, [""shift""]]]"
Ǔ,com.apple.keylayout.USExtended,"[[9, [""option""]], [32, [""shift""]]]"
Û,com.apple.keylayout.USExtended,"[[22, [""option""]], [32, [""shift""]]]"
Ṷ,com.apple.keylayout.USExtended,"[[5, [""option"", ""shift""]], [32, [""shift""]]]"
Ü,com.apple.keylayout.USExtended,"[[32, [""option""]], [32, [""shift""]]]"
Ụ,com.apple.keylayout.USExtended,"[[7, [""option""]], [32, [""shift""]]]"
Ű,com.apple.keylayout.USExtended,"[[38, [""option""]], [32, [""shift""]]]"
Ȕ,com.apple.keylayout.USExtended,"[[16, [""option"", ""shift""]], [32, [""shift""]]]"
Ù,com.apple.keylayout.USExtended,"[[50, [""option""]], [32, [""shift""]]]"
Ủ,com.apple.keylayout.USExtended,"[[6, [""option""]], [32, [""shift""]]]"
Ʋ,com.apple.keylayout.USExtended,"[[47, [""option"", ""shift""]], [32, [""shift""]]]"
Ư,com.apple.keylayout.USExtended,"[[34, [""option""]], [32, [""shift""]]]"
Ȗ,com.apple.keylayout.USExtended,"[[1, [""option"", ""shift""]], [32, [""shift""]]]"
Ū,com.apple.keylayout.USExtended,"[[0, [""option""]], [32, [""shift""]]]"
Ų,com.apple.keylayout.USExtended,"[[46, [""option""]], [32, [""shift""]]]"
Ů,com.apple.keylayout.USExtended,"[[40, [""option""]], [32, [""shift""]]]"
Ʊ,com.apple.keylayout.USExtended,"[[41, [""option"", ""shift""]], [32, [""shift""]]]"
Ũ,com.apple.keylayout.USExtended,"[[45, [""option""]], [32, [""shift""]]]"
Ṵ,com.apple.keylayout.USExtended,"[[3, [""option"", ""shift""]], [32, [""shift""]]]"
Ǘ,com.apple.keylayout.USExtended,"[[14, [""option""]], [9, [""shift""]]]"
Ǚ,com.apple.keylayout.USExtended,"[[9, [""option""]], [9, [""shift""]]]"
Ṿ,com.apple.keylayout.USExtended,"[[7, [""option""]], [9, [""shift""]]]"
Ǜ,com.apple.keylayout.USExtended,"[[50, [""option""]], [9, [""shift""]]]"
Ǖ,com.apple.keylayout.USExtended,"[[0, [""option""]], [9, [""shift""]]]"
Ṽ,com.apple.keylayout.USExtended,"[[45, [""option""]], [9, [""shift""]]]"
Ẃ,com.apple.keylayout.USExtended,"[[14, [""option""]], [13, [""shift""]]]"
Ŵ,com.apple.keylayout.USExtended,"[[22, [""option""]], [13, [""shift""]]]"
Ẅ,com.apple.keylayout.USExtended,"[[32, [""option""]], [13, [""shift""]]]"
Ẇ,com.apple.keylayout.USExtended,"[[13, [""option""]], [13, [""shift""]]]"
Ẉ,com.apple.keylayout.USExtended,"[[7, [""option""]], [13, [""shift""]]]"
Ẁ,com.apple.keylayout.USExtended,"[[50, [""option""]], [13, [""shift""]]]"
W̊,com.apple.keylayout.USExtended,"[[40, [""option""]], [13, [""shift""]]]"
Ƿ,com.apple.keylayout.USExtended,"[[41, [""option"", ""shift""]], [13, [""shift""]]]"
Ǯ,com.apple.keylayout.USExtended,"[[9, [""option""]], [7, [""shift""]]]"
Ẍ,com.apple.keylayout.USExtended,"[[32, [""option""]], [7, [""shift""]]]"
Ẋ,com.apple.keylayout.USExtended,"[[13, [""option""]], [7, [""shift""]]]"
Ɖ,com.apple.keylayout.USExtended,"[[47, [""option"", ""shift""]], [7, [""shift""]]]"
Ý,com.apple.keylayout.USExtended,"[[14, [""option""]], [16, [""shift""]]]"
Ŷ,com.apple.keylayout.USExtended,"[[22, [""option""]], [16, [""shift""]]]"
Ÿ,com.apple.keylayout.USExtended,"[[32, [""option""]], [16, [""shift""]]]"
Ẏ,com.apple.keylayout.USExtended,"[[13, [""option""]], [16, [""shift""]]]"
Ỵ,com.apple.keylayout.USExtended,"[[7, [""option""]], [16, [""shift""]]]"
Ỳ,com.apple.keylayout.USExtended,"[[50, [""option""]], [16, [""shift""]]]"
Ỷ,com.apple.keylayout.USExtended,"[[6, [""option""]], [16, [""shift""]]]"
Ƴ,com.apple.keylayout.USExtended,"[[47, [""option"", ""shift""]], [16, [""shift""]]]"
Ȳ,com.apple.keylayout.USExtended,"[[0, [""option""]], [16, [""shift""]]]"
Y̊,com.apple.keylayout.USExtended,"[[40, [""option""]], [16, [""shift""]]]"
Ȝ,com.apple.keylayout.USExtended,"[[41, [""option"", ""shift""]], [16, [""shift""]]]"
Ỹ,com.apple.keylayout.USExtended,"[[45, [""option""]], [16, [""shift""]]]"
Ź,com.apple.keylayout.USExtended,"[[14, [""option""]], [6, [""shift""]]]"
Ž,com.apple.keylayout.USExtended,"[[9, [""option""]], [6, [""shift""]]]"
Z̧,com.apple.keylayout.USExtended,"[[8, [""option""]], [6, [""shift""]]]"
Ẑ,com.apple.keylayout.USExtended,"[[22, [""option""]], [6, [""shift""]]]"
Ż,com.apple.keylayout.USExtended,"[[13, [""option""]], [6, [""shift""]]]"
Ẓ,com.apple.keylayout.USExtended,"[[7, [""option""]], [6, [""shift""]]]"
Ȥ,com.apple.keylayout.USExtended,"[[47, [""option"", ""shift""]], [6, [""shift""]]]"
Z̄,com.apple.keylayout.USExtended,"[[0, [""option""]], [6, [""shift""]]]"
Ẕ,com.apple.keylayout.USExtended,"[[4, [""option""]], [6, [""shift""]]]"
Ʒ,com.apple.keylayout.USExtended,"[[41, [""option"", ""shift""]], [6, [""shift""]]]"
Ƶ,com.apple.keylayout.USExtended,"[[37, [""option""]], [6, [""shift""]]]"
Ƅ,com.apple.keylayout.USExtended,"[[41, [""option"", ""shift""]], [22, [""shift""]]]"
á,com.apple.keylayout.USExtended,"[[14, [""option""]], [0, []]]"
ă,com.apple.keylayout.USExtended,"[[11, [""option""]], [0, []]]"
ǎ,com.apple.keylayout.USExtended,"[[9, [""option""]], [0, []]]"
â,com.apple.keylayout.USExtended,"[[22, [""option""]], [0, []]]"
ä,com.apple.keylayout.USExtended,"[[32, [""option""]], [0, []]]"
ȧ,com.apple.keylayout.USExtended,"[[13, [""option""]], [0, []]]"
ạ,com.apple.keylayout.USExtended,"[[7, [""option""]], [0, []]]"
ȁ,com.apple.keylayout.USExtended,"[[16, [""option"", ""shift""]], [0, []]]"
à,com.apple.keylayout.USExtended,"[[50, [""option""]], [0, []]]"
ả,com.apple.keylayout.USExtended,"[[6, [""option""]], [0, []]]"
ȃ,com.apple.keylayout.USExtended,"[[1, [""option"", ""shift""]], [0, []]]"
ā,com.apple.keylayout.USExtended,"[[0, [""option""]], [0, []]]"
ą,com.apple.keylayout.USExtended,"[[46, [""option""]], [0, []]]"
å,com.apple.keylayout.USExtended,"[[40, [""option""]], [0, []]]"
ə,com.apple.keylayout.USExtended,"[[41, [""option"", ""shift""]], [0, []]]"
ã,com.apple.keylayout.USExtended,"[[45, [""option""]], [0, []]]"
ḃ,com.apple.keylayout.USExtended,"[[13, [""option""]], [11, []]]"
ḅ,com.apple.keylayout.USExtended,"[[7, [""option""]], [11, []]]"
ɓ,com.apple.keylayout.USExtended,"[[47, [""option"", ""shift""]], [11, []]]"
ḇ,com.apple.keylayout.USExtended,"[[4, [""option""]], [11, []]]"
ƀ,com.apple.keylayout.USExtended,"[[37, [""option""]], [11, []]]"
ć,com.apple.keylayout.USExtended,"[[14, [""option""]], [8, []]]"
č,com.apple.keylayout.USExtended,"[[9, [""option""]], [8, []]]"
ç,com.apple.keylayout.USExtended,"[[8, [""option""]], [8, []]]"
ĉ,com.apple.keylayout.USExtended,"[[22, [""option""]], [8, []]]"
ċ,com.apple.keylayout.USExtended,"[[13, [""option""]], [8, []]]"
ƈ,com.apple.keylayout.USExtended,"[[47, [""option"", ""shift""]], [8, []]]"
ɔ,com.apple.keylayout.USExtended,"[[41, [""option"", ""shift""]], [8, []]]"
ď,com.apple.keylayout.USExtended,"[[9, [""option""]], [2, []]]"
ḑ,com.apple.keylayout.USExtended,"[[8, [""option""]], [2, []]]"
ḓ,com.apple.keylayout.USExtended,"[[5, [""option"", ""shift""]], [2, []]]"
ḋ,com.apple.keylayout.USExtended,"[[13, [""option""]], [2, []]]"
ḍ,com.apple.keylayout.USExtended,"[[7, [""option""]], [2, []]]"
ɗ,com.apple.keylayout.USExtended,"[[47, [""option"", ""shift""]], [2, []]]"
ḏ,com.apple.keylayout.USExtended,"[[4, [""option""]], [2, []]]"
đ,com.apple.keylayout.USExtended,"[[37, [""option""]], [2, []]]"
é,com.apple.keylayout.USExtended,"[[14, [""option""]], [14, []]]"
ĕ,com.apple.keylayout.USExtended,"[[11, [""option""]], [14, []]]"
ě,com.apple.keylayout.USExtended,"[[9, [""option""]], [14, []]]"
ȩ,com.apple.keylayout.USExtended,"[[8, [""option""]], [14, []]]"
ê,com.apple.keylayout.USExtended,"[[22, [""option""]], [14, []]]"
ḙ,com.apple.keylayout.USExtended,"[[5, [""option"", ""shift""]], [14, []]]"
ë,com.apple.keylayout.USExtended,"[[32, [""option""]], [14, []]]"
ė,com.apple.keylayout.USExtended,"[[13, [""option""]], [14, []]]"
ẹ,com.apple.keylayout.USExtended,"[[7, [""option""]], [14, []]]"
ȅ,com.apple.keylayout.USExtended,"[[16, [""option"", ""shift""]], [14, []]]"
è,com.apple.keylayout.USExtended,"[[50, [""option""]], [14, []]]"
ẻ,com.apple.keylayout.USExtended,"[[6, [""option""]], [14, []]]"
ȇ,com.apple.keylayout.USExtended,"[[1, [""option"", ""shift""]], [14, []]]"
ē,com.apple.keylayout.USExtended,"[[0, [""option""]], [14, []]]"
ę,com.apple.keylayout.USExtended,"[[46, [""option""]], [14, []]]"
e̊,com.apple.keylayout.USExtended,"[[40, [""option""]], [14, []]]"
ǝ,com.apple.keylayout.USExtended,"[[41, [""option"", ""shift""]], [14, []]]"
ẽ,com.apple.keylayout.USExtended,"[[45, [""option""]], [14, []]]"
ḛ,com.apple.keylayout.USExtended,"[[3, [""option"", ""shift""]], [14, []]]"
ḟ,com.apple.keylayout.USExtended,"[[13, [""option""]], [3, []]]"
ƒ,com.apple.keylayout.USExtended,"[[47, [""option"", ""shift""]], [3, []]]"
ǵ,com.apple.keylayout.USExtended,"[[14, [""option""]], [5, []]]"
ğ,com.apple.keylayout.USExtended,"[[11, [""option""]], [5, []]]"
ǧ,com.apple.keylayout.USExtended,"[[9, [""option""]], [5, []]]"
ģ,com.apple.keylayout.USExtended,"[[8, [""option""]], [5, []]]"
ĝ,com.apple.keylayout.USExtended,"[[22, [""option""]], [5, []]]"
ġ,com.apple.keylayout.USExtended,"[[13, [""option""]], [5, []]]"
ɠ,com.apple.keylayout.USExtended,"[[47, [""option"", ""shift""]], [5, []]]"
ḡ,com.apple.keylayout.USExtended,"[[0, [""option""]], [5, []]]"
ɣ,com.apple.keylayout.USExtended,"[[41, [""option"", ""shift""]], [5, []]]"
ǥ,com.apple.keylayout.USExtended,"[[37, [""option""]], [5, []]]"
ḫ,com.apple.keylayout.USExtended,"[[11, [""option""]], [4, []]]"
ȟ,com.apple.keylayout.USExtended,"[[9, [""option""]], [4, []]]"
ḩ,com.apple.keylayout.USExtended,"[[8, [""option""]], [4, []]]"
ĥ,com.apple.keylayout.USExtended,"[[22, [""option""]], [4, []]]"
ḧ,com.apple.keylayout.USExtended,"[[32, [""option""]], [4, []]]"
ḣ,com.apple.keylayout.USExtended,"[[13, [""option""]], [4, []]]"
ḥ,com.apple.keylayout.USExtended,"[[7, [""option""]], [4, []]]"
ɦ,com.apple.keylayout.USExtended,"[[47, [""option"", ""shift""]], [4, []]]"
ẖ,com.apple.keylayout.USExtended,"[[4, [""option""]], [4, []]]"
ƕ,com.apple.keylayout.USExtended,"[[41, [""option"", ""shift""]], [4, []]]"
ħ,com.apple.keylayout.USExtended,"[[37, [""option""]], [4, []]]"
í,com.apple.keylayout.USExtended,"[[14, [""option""]], [34, []]]"
ĭ,com.apple.keylayout.USExtended,"[[11, [""option""]], [34, []]]"
ǐ,com.apple.keylayout.USExtended,"[[9, [""option""]], [34, []]]"
î,com.apple.keylayout.USExtended,"[[22, [""option""]], [34, []]]"
ï,com.apple.keylayout.USExtended,"[[32, [""option""]], [34, []]]"
ı,com.apple.keylayout.USExtended,"[[13, [""option""]], [34, []]]"
ị,com.apple.keylayout.USExtended,"[[7, [""option""]], [34, []]]"
ȉ,com.apple.keylayout.USExtended,"[[16, [""option"", ""shift""]], [34, []]]"
ì,com.apple.keylayout.USExtended,"[[50, [""option""]], [34, []]]"
ỉ,com.apple.keylayout.USExtended,"[[6, [""option""]], [34, []]]"
ɩ,com.apple.keylayout.USExtended,"[[47, [""option"", ""shift""]], [34, []]]"
ȋ,com.apple.keylayout.USExtended,"[[1, [""option"", ""shift""]], [34, []]]"
ī,com.apple.keylayout.USExtended,"[[0, [""option""]], [34, []]]"
į,com.apple.keylayout.USExtended,"[[46, [""option""]], [34, []]]"
ɨ,com.apple.keylayout.USExtended,"[[37, [""option""]], [34, []]]"
ĩ,com.apple.keylayout.USExtended,"[[45, [""option""]], [34, []]]"
ḭ,com.apple.keylayout.USExtended,"[[3, [""option"", ""shift""]], [34, []]]"
ǰ,com.apple.keylayout.USExtended,"[[9, [""option""]], [38, []]]"
ĵ,com.apple.keylayout.USExtended,"[[22, [""option""]], [38, []]]"
ƞ,com.apple.keylayout.USExtended,"[[41, [""option"", ""shift""]], [38, []]]"
ḱ,com.apple.keylayout.USExtended,"[[14, [""option""]], [40, []]]"
ǩ,com.apple.keylayout.USExtended,"[[9, [""option""]], [40, []]]"
ķ,com.apple.keylayout.USExtended,"[[8, [""option""]], [40, []]]"
ḳ,com.apple.keylayout.USExtended,"[[7, [""option""]], [40, []]]"
ƙ,com.apple.keylayout.USExtended,"[[47, [""option"", ""shift""]], [40, []]]"
ḵ,com.apple.keylayout.USExtended,"[[4, [""option""]], [40, []]]"
ĸ,com.apple.keylayout.USExtended,"[[41, [""option"", ""shift""]], [40, []]]"
ĺ,com.apple.keylayout.USExtended,"[[14, [""option""]], [37, []]]"
ľ,com.apple.keylayout.USExtended,"[[9, [""option""]], [37, []]]"
ļ,com.apple.keylayout.USExtended,"[[8, [""option""]], [37, []]]"
ḽ,com.apple.keylayout.USExtended,"[[5, [""option"", ""shift""]], [37, []]]"
ḷ,com.apple.keylayout.USExtended,"[[7, [""option""]], [37, []]]"
ḹ,com.apple.keylayout.USExtended,"[[0, [""option""]], [37, []]]"
ḻ,com.apple.keylayout.USExtended,"[[4, [""option""]], [37, []]]"
ł,com.apple.keylayout.USExtended,"[[37, [""option""]], [37, []]]"
ḿ,com.apple.keylayout.USExtended,"[[14, [""option""]], [46, []]]"
m̂,com.apple.keylayout.USExtended,"[[22, [""option""]], [46, []]]"
ṁ,com.apple.keylayout.USExtended,"[[13, [""option""]], [46, []]]"
ṃ,com.apple.keylayout.USExtended,"[[7, [""option""]], [46, []]]"
ɯ,com.apple.keylayout.USExtended,"[[41, [""option"", ""shift""]], [46, []]]"
ń,com.apple.keylayout.USExtended,"[[14, [""option""]], [45, []]]"
ň,com.apple.keylayout.USExtended,"[[9, [""option""]], [45, []]]"
ņ,com.apple.keylayout.USExtended,"[[8, [""option""]], [45, []]]"
n̂,com.apple.keylayout.USExtended,"[[22, [""option""]], [45, []]]"
ṋ,com.apple.keylayout.USExtended,"[[5, [""option"", ""shift""]], [45, []]]"
ṅ,com.apple.keylayout.USExtended,"[[13, [""option""]], [45, []]]"
ṇ,com.apple.keylayout.USExtended,"[[7, [""option""]], [45, []]]"
ǹ,com.apple.keylayout.USExtended,"[[50, [""option""]], [45, []]]"
ɲ,com.apple.keylayout.USExtended,"[[47, [""option"", ""shift""]], [45, []]]"
ṉ,com.apple.keylayout.USExtended,"[[4, [""option""]], [45, []]]"
ŋ,com.apple.keylayout.USExtended,"[[41, [""option"", ""shift""]], [45, []]]"
ñ,com.apple.keylayout.USExtended,"[[45, [""option""]], [45, []]]"
ó,com.apple.keylayout.USExtended,"[[14, [""option""]], [31, []]]"
ŏ,com.apple.keylayout.USExtended,"[[11, [""option""]], [31, []]]"
ǒ,com.apple.keylayout.USExtended,"[[9, [""option""]], [31, []]]"
ô,com.apple.keylayout.USExtended,"[[22, [""option""]], [31, []]]"
ö,com.apple.keylayout.USExtended,"[[32, [""option""]], [31, []]]"
ȯ,com.apple.keylayout.USExtended,"[[13, [""option""]], [31, []]]"
ọ,com.apple.keylayout.USExtended,"[[7, [""option""]], [31, []]]"
ő,com.apple.keylayout.USExtended,"[[38, [""option""]], [31, []]]"
ȍ,com.apple.keylayout.USExtended,"[[16, [""option"", ""shift""]], [31, []]]"
ò,com.apple.keylayout.USExtended,"[[50, [""option""]], [31, []]]"
ỏ,com.apple.keylayout.USExtended,"[[6, [""option""]], [31, []]]"
ơ,com.apple.keylayout.USExtended,"[[34, [""option""]], [31, []]]"
ȏ,com.apple.keylayout.USExtended,"[[1, [""option"", ""shift""]], [31, []]]"
ō,com.apple.keylayout.USExtended,"[[0, [""option""]], [31, []]]"
ǫ,com.apple.keylayout.USExtended,"[[46, [""option""]], [31, []]]"
o̊,com.apple.keylayout.USExtended,"[[40, [""option""]], [31, []]]"
ɵ,com.apple.keylayout.USExtended,"[[37, [""option""]], [31, []]]"
õ,com.apple.keylayout.USExtended,"[[45, [""option""]], [31, []]]"
ṕ,com.apple.keylayout.USExtended,"[[14, [""option""]], [35, []]]"
ṗ,com.apple.keylayout.USExtended,"[[13, [""option""]], [35, []]]"
ƥ,com.apple.keylayout.USExtended,"[[47, [""option"", ""shift""]], [35, []]]"
ʠ,com.apple.keylayout.USExtended,"[[47, [""option"", ""shift""]], [12, []]]"
ƣ,com.apple.keylayout.USExtended,"[[41, [""option"", ""shift""]], [12, []]]"
ŕ,com.apple.keylayout.USExtended,"[[14, [""option""]], [15, []]]"
ř,com.apple.keylayout.USExtended,"[[9, [""option""]], [15, []]]"
ŗ,com.apple.keylayout.USExtended,"[[8, [""option""]], [15, []]]"
ṙ,com.apple.keylayout.USExtended,"[[13, [""option""]], [15, []]]"
ṛ,com.apple.keylayout.USExtended,"[[7, [""option""]], [15, []]]"
ȑ,com.apple.keylayout.USExtended,"[[16, [""option"", ""shift""]], [15, []]]"
ʈ,com.apple.keylayout.USExtended,"[[47, [""option"", ""shift""]], [15, []]]"
ȓ,com.apple.keylayout.USExtended,"[[1, [""option"", ""shift""]], [15, []]]"
ṝ,com.apple.keylayout.USExtended,"[[0, [""option""]], [15, []]]"
ṟ,com.apple.keylayout.USExtended,"[[4, [""option""]], [15, []]]"
ʀ,com.apple.keylayout.USExtended,"[[41, [""option"", ""shift""]], [15, []]]"
ś,com.apple.keylayout.USExtended,"[[14, [""option""]], [1, []]]"
š,com.apple.keylayout.USExtended,"[[9, [""option""]], [1, []]]"
ş,com.apple.keylayout.USExtended,"[[8, [""option""]], [1, []]]"
ŝ,com.apple.keylayout.USExtended,"[[22, [""option""]], [1, []]]"
ș,com.apple.keylayout.USExtended,"[[35, [""option""]], [1, []]]"
ṡ,com.apple.keylayout.USExtended,"[[13, [""option""]], [1, []]]"
ṣ,com.apple.keylayout.USExtended,"[[7, [""option""]], [1, []]]"
ʃ,com.apple.keylayout.USExtended,"[[47, [""option"", ""shift""]], [1, []]]"
s̄,com.apple.keylayout.USExtended,"[[0, [""option""]], [1, []]]"
ſ,com.apple.keylayout.USExtended,"[[41, [""option"", ""shift""]], [1, []]]"
ť,com.apple.keylayout.USExtended,"[[9, [""option""]], [17, []]]"
ţ,com.apple.keylayout.USExtended,"[[8, [""option""]], [17, []]]"
ṱ,com.apple.keylayout.USExtended,"[[5, [""option"", ""shift""]], [17, []]]"
ț,com.apple.keylayout.USExtended,"[[35, [""option""]], [17, []]]"
ẗ,com.apple.keylayout.USExtended,"[[32, [""option""]], [17, []]]"
ṫ,com.apple.keylayout.USExtended,"[[13, [""option""]], [17, []]]"
ṭ,com.apple.keylayout.USExtended,"[[7, [""option""]], [17, []]]"
ƭ,com.apple.keylayout.USExtended,"[[47, [""option"", ""shift""]], [17, []]]"
ṯ,com.apple.keylayout.USExtended,"[[4, [""option""]], [17, []]]"
ŧ,com.apple.keylayout.USExtended,"[[37, [""option""]], [17, []]]"
ú,com.apple.keylayout.USExtended,"[[14, [""option""]], [32, []]]"
ŭ,com.apple.keylayout.USExtended,"[[11, [""option""]], [32, []]]"
ǔ,com.apple.keylayout.USExtended,"[[9, [""option""]], [32, []]]"
û,com.apple.keylayout.USExtended,"[[22, [""option""]], [32, []]]"
ṷ,com.apple.keylayout.USExtended,"[[5, [""option"", ""shift""]], [32, []]]"
ü,com.apple.keylayout.USExtended,"[[32, [""option""]], [32, []]]"
ụ,com.apple.keylayout.USExtended,"[[7, [""option""]], [32, []]]"
ű,com.apple.keylayout.USExtended,"[[38, [""option""]], [32, []]]"
ȕ,com.apple.keylayout.USExtended,"[[16, [""option"", ""shift""]], [32, []]]"
ù,com.apple.keylayout.USExtended,"[[50, [""option""]], [32, []]]"
ủ,com.apple.keylayout.USExtended,"[[6, [""option""]], [32, []]]"
ʋ,com.apple.keylayout.USExtended,"[[47, [""option"", ""shift""]], [32, []]]"
ư,com.apple.keylayout.USExtended,"[[34, [""option""]], [32, []]]"
ȗ,com.apple.keylayout.USExtended,"[[1, [""option"", ""shift""]], [32, []]]"
ū,com.apple.keylayout.USExtended,"[[0, [""option""]], [32, []]]"
ų,com.apple.keylayout.USExtended,"[[46, [""option""]], [32, []]]"
ů,com.apple.keylayout.USExtended,"[[40, [""option""]], [32, []]]"
ʊ,com.apple.keylayout.USExtended,"[[41, [""option"", ""shift""]], [32, []]]"
ʉ,com.apple.keylayout.USExtended,"[[37, [""option""]], [32, []]]"
ũ,com.apple.keylayout.USExtended,"[[45, [""option""]], [32, []]]"
ṵ,com.apple.keylayout.USExtended,"[[3, [""option"", ""shift""]], [32, []]]"
ǘ,com.apple.keylayout.USExtended,"[[14, [""option""]], [9, []]]"
ǚ,com.apple.keylayout.USExtended,"[[9, [""option""]], [9, []]]"
ṿ,com.apple.keylayout.USExtended,"[[7, [""option""]], [9, []]]"
ǜ,com.apple.keylayout.USExtended,"[[50, [""option""]], [9, []]]"
ǖ,com.apple.keylayout.USExtended,"[[0, [""option""]], [9, []]]"
ʌ,com.apple.keylayout.USExtended,"[[41, [""option"", ""shift""]], [9, []]]"
ṽ,com.apple.keylayout.USExtended,"[[45, [""option""]], [9, []]]"
ẃ,com.apple.keylayout.USExtended,"[[14, [""option""]], [13, []]]"
ŵ,com.apple.keylayout.USExtended,"[[22, [""option""]], [13, []]]"
ẅ,com.apple.keylayout.USExtended,"[[32, [""option""]], [13, []]]"
ẇ,com.apple.keylayout.USExtended,"[[13, [""option""]], [13, []]]"
ẉ,com.apple.keylayout.USExtended,"[[7, [""option""]], [13, []]]"
ẁ,com.apple.keylayout.USExtended,"[[50, [""option""]], [13, []]]"
ẘ,com.apple.keylayout.USExtended,"[[40, [""option""]], [13, []]]"
ƿ,com.apple.keylayout.USExtended,"[[41, [""option"", ""shift""]], [13, []]]"
ǯ,com.apple.keylayout.USExtended,"[[9, [""option""]], [7, []]]"
ẍ,com.apple.keylayout.USExtended,"[[32, [""option""]], [7, []]]"
ẋ,com.apple.keylayout.USExtended,"[[13, [""option""]], [7, []]]"
ɖ,com.apple.keylayout.USExtended,"[[47, [""option"", ""shift""]], [7, []]]"
ý,com.apple.keylayout.USExtended,"[[14, [""option""]], [16, []]]"
ŷ,com.apple.keylayout.USExtended,"[[22, [""option""]], [16, []]]"
ÿ,com.apple.keylayout.USExtended,"[[32, [""option""]], [16, []]]"
ẏ,com.apple.keylayout.USExtended,"[[13, [""option""]], [16, []]]"
ỵ,com.apple.keylayout.USExtended,"[[7, [""option""]], [16, []]]"
ỳ,com.apple.keylayout.USExtended,"[[50, [""option""]], [16, []]]"
ỷ,com.apple.keylayout.USExtended,"[[6, [""option""]], [16, []]]"
ƴ,com.apple.keylayout.USExtended,"[[47, [""option"", ""shift""]], [16, []]]"
ȳ,com.apple.keylayout.USExtended,"[[0, [""option""]], [16, []]]"
ẙ,com.apple.keylayout.USExtended,"[[40, [""option""]], [16, []]]"
ȝ,com.apple.keylayout.USExtended,"[[41, [""option"", ""shift""]], [16, []]]"
ỹ,com.apple.keylayout.USExtended,"[[45, [""option""]], [16, []]]"
ź,com.apple.keylayout.USExtended,"[[14, [""option""]], [6, []]]"
ž,com.apple.keylayout.USExtended,"[[9, [""option""]], [6, []]]"
z̧,com.apple.keylayout.USExtended,"[[8, [""option""]], [6, []]]"
ẑ,com.apple.keylayout.USExtended,"[[22, [""option""]], [6, []]]"
ż,com.apple.keylayout.USExtended,"[[13, [""option""]], [6, []]]"
ẓ,com.apple.keylayout.USExtended,"[[7, [""option""]], [6, []]]"
ȥ,com.apple.keylayout.USExtended,"[[47, [""option"", ""shift""]], [6, []]]"
z̄,com.apple.keylayout.USExtended,"[[0, [""option""]], [6, []]]"
ẕ,com.apple.keylayout.USExtended,"[[4, [""option""]], [6, []]]"
ʒ,com.apple.keylayout.USExtended,"[[41, [""option"", ""shift""]], [6, []]]"
ƶ,com.apple.keylayout.USExtended,"[[37, [""option""]], [6, []]]"
Ǽ,com.apple.keylayout.USExtended,"[[14, [""option""]], [39, [""option"", ""shift""]]]"
Ǣ,com.apple.keylayout.USExtended,"[[0, [""option""]], [39, [""option"", ""shift""]]]"
Ǿ,com.apple.keylayout.USExtended,"[[14, [""option""]], [31, [""option"", ""shift""]]]"
ǽ,com.apple.keylayout.USExtended,"[[14, [""option""]], [39, [""option""]]]"
ǣ,com.apple.keylayout.USExtended,"[[0, [""option""]], [39, [""option""]]]"
ǿ,com.apple.keylayout.USExtended,"[[14, [""option""]], [31, [""option""]]]"
ʻ,com.apple.keylayout.USExtended,"[[41, [""option"", ""shift""]], [30, [""option""]]]"
ʼ,com.apple.keylayout.USExtended,"[[41, [""option"", ""shift""]], [30, [""option"", ""shift""]]]"
ʽ,com.apple.keylayout.USExtended,"[[41, [""option"", ""shift""]], [33, [""option""]]]"
´,com.apple.keylayout.Slovenian,"[[14, [""option""]], [49, []]]"
¨,com.apple.keylayout.Slovenian,"[[32, [""option""]], [49, []]]"
^,com.apple.keylayout.Slovenian,"[[34, [""option""]], [49, []]]"
~,com.apple.keylayout.Slovenian,"[[45, [""option""]], [49, []]]"
`,com.apple.keylayout.Slovenian,"[[50, [""option""]], [49, []]]"
 ̏,com.apple.keylayout.Slovenian,"[[4, [""option""]], [49, []]]"
 ̑,com.apple.keylayout.Slovenian,"[[40, [""option""]], [49, []]]"
Á,com.apple.keylayout.Slovenian,"[[14, [""option""]], [0, [""shift""]]]"
Ä,com.apple.keylayout.Slovenian,"[[32, [""option""]], [0, [""shift""]]]"
Â,com.apple.keylayout.Slovenian,"[[34, [""option""]], [0, [""shift""]]]"
Ã,com.apple.keylayout.Slovenian,"[[45, [""option""]], [0, [""shift""]]]"
À,com.apple.keylayout.Slovenian,"[[50, [""option""]], [0, [""shift""]]]"
Ȁ,com.apple.keylayout.Slovenian,"[[4, [""option""]], [0, [""shift""]]]"
Ȃ,com.apple.keylayout.Slovenian,"[[40, [""option""]], [0, [""shift""]]]"
É,com.apple.keylayout.Slovenian,"[[14, [""option""]], [14, [""shift""]]]"
Ë,com.apple.keylayout.Slovenian,"[[32, [""option""]], [14, [""shift""]]]"
Ê,com.apple.keylayout.Slovenian,"[[34, [""option""]], [14, [""shift""]]]"
È,com.apple.keylayout.Slovenian,"[[50, [""option""]], [14, [""shift""]]]"
Ȅ,com.apple.keylayout.Slovenian,"[[4, [""option""]], [14, [""shift""]]]"
Ȇ,com.apple.keylayout.Slovenian,"[[40, [""option""]], [14, [""shift""]]]"
Í,com.apple.keylayout.Slovenian,"[[14, [""option""]], [34, [""shift""]]]"
Ï,com.apple.keylayout.Slovenian,"[[32, [""option""]], [34, [""shift""]]]"
Î,com.apple.keylayout.Slovenian,"[[34, [""option""]], [34, [""shift""]]]"
Ì,com.apple.keylayout.Slovenian,"[[50, [""option""]], [34, [""shift""]]]"
Ȉ,com.apple.keylayout.Slovenian,"[[4, [""option""]], [34, [""shift""]]]"
Ȋ,com.apple.keylayout.Slovenian,"[[40, [""option""]], [34, [""shift""]]]"
Ñ,com.apple.keylayout.Slovenian,"[[45, [""option""]], [45, [""shift""]]]"
Ó,com.apple.keylayout.Slovenian,"[[14, [""option""]], [31, [""shift""]]]"
Ö,com.apple.keylayout.Slovenian,"[[32, [""option""]], [31, [""shift""]]]"
Ô,com.apple.keylayout.Slovenian,"[[34, [""option""]], [31, [""shift""]]]"
Õ,com.apple.keylayout.Slovenian,"[[45, [""option""]], [31, [""shift""]]]"
Ò,com.apple.keylayout.Slovenian,"[[50, [""option""]], [31, [""shift""]]]"
Ȍ,com.apple.keylayout.Slovenian,"[[4, [""option""]], [31, [""shift""]]]"
Ȏ,com.apple.keylayout.Slovenian,"[[40, [""option""]], [31, [""shift""]]]"
Ȑ,com.apple.keylayout.Slovenian,"[[4, [""option""]], [15, [""shift""]]]"
Ȓ,com.apple.keylayout.Slovenian,"[[40, [""option""]], [15, [""shift""]]]"
Ú,com.apple.keylayout.Slovenian,"[[14, [""option""]], [32, [""shift""]]]"
Ü,com.apple.keylayout.Slovenian,"[[32, [""option""]], [32, [""shift""]]]"
Û,com.apple.keylayout.Slovenian,"[[34, [""option""]], [32, [""shift""]]]"
Ù,com.apple.keylayout.Slovenian,"[[50, [""option""]], [32, [""shift""]]]"
Ȕ,com.apple.keylayout.Slovenian,"[[4, [""option""]], [32, [""shift""]]]"
Ȗ,com.apple.keylayout.Slovenian,"[[40, [""option""]], [32, [""shift""]]]"
á,com.apple.keylayout.Slovenian,"[[14, [""option""]], [0, []]]"
ä,com.apple.keylayout.Slovenian,"[[32, [""option""]], [0, []]]"
â,com.apple.keylayout.Slovenian,"[[34, [""option""]], [0, []]]"
ã,com.apple.keylayout.Slovenian,"[[45, [""option""]], [0, []]]"
à,com.apple.keylayout.Slovenian,"[[50, [""option""]], [0, []]]"
ȁ,com.apple.keylayout.Slovenian,"[[4, [""option""]], [0, []]]"
ȃ,com.apple.keylayout.Slovenian,"[[40, [""option""]], [0, []]]"
é,com.apple.keylayout.Slovenian,"[[14, [""option""]], [14, []]]"
ë,com.apple.keylayout.Slovenian,"[[32, [""option""]], [14, []]]"
ê,com.apple.keylayout.Slovenian,"[[34, [""option""]], [14, []]]"
è,com.apple.keylayout.Slovenian,"[[50, [""option""]], [14, []]]"
ȅ,com.apple.keylayout.Slovenian,"[[4, [""option""]], [14, []]]"
ȇ,com.apple.keylayout.Slovenian,"[[40, [""option""]], [14, []]]"
í,com.apple.keylayout.Slovenian,"[[14, [""option""]], [34, []]]"
ï,com.apple.keylayout.Slovenian,"[[32, [""option""]], [34, []]]"
î,com.apple.keylayout.Slovenian,"[[34, [""option""]], [34, []]]"
ì,com.apple.keylayout.Slovenian,"[[50, [""option""]], [34, []]]"
ȉ,com.apple.keylayout.Slovenian,"[[4, [""option""]], [34, []]]"
ȋ,com.apple.keylayout.Slovenian,"[[40, [""option""]], [34, []]]"
ñ,com.apple.keylayout.Slovenian,"[[45, [""option""]], [45, []]]"
ó,com.apple.keylayout.Slovenian,"[[14, [""option""]], [31, []]]"
ö,com.apple.keylayout.Slovenian,"[[32, [""option""]], [31, []]]"
ô,com.apple.keylayout.Slovenian,"[[34, [""option""]], [31, []]]"
õ,com.apple.keylayout.Slovenian,"[[45, [""option""]], [31, []]]"
ò,com.apple.keylayout.Slovenian,"[[50, [""option""]], [31, []]]"
ȍ,com.apple.keylayout.Slovenian,"[[4, [""option""]], [31, []]]"
ȏ,com.apple.keylayout.Slovenian,"[[40, [""option""]], [31, []]]"
ȑ,com.apple.keylayout.Slovenian,"[[4, [""option""]], [15, []]]"
ȓ,com.apple.keylayout.Slovenian,"[[40, [""option""]], [15, []]]"
ú,com.apple.keylayout.Slovenian,"[[14, [""option""]], [32, []]]"
ü,com.apple.keylayout.Slovenian,"[[32, [""option""]], [32, []]]"
û,com.apple.keylayout.Slovenian,"[[34, [""option""]], [32, []]]"
ù,com.apple.keylayout.Slovenian,"[[50, [""option""]], [32, []]]"
ȕ,com.apple.keylayout.Slovenian,"[[4, [""option""]], [32, []]]"
ȗ,com.apple.keylayout.Slovenian,"[[40, [""option""]], [32, []]]"
्‍,com.apple.keylayout.Devanagari-QWERTY,"[[3, []], [3, [""shift""]]]"
्‌,com.apple.keylayout.Devanagari-QWERTY,"[[3, []], [3, []]]"
´,com.apple.keylayout.Norwegian,"[[24, []], [49, []]]"
¨,com.apple.keylayout.Norwegian,"[[30, []], [49, []]]"
`,com.apple.keylayout.Norwegian,"[[24, [""shift""]], [49, []]]"
^,com.apple.keylayout.Norwegian,"[[30, [""shift""]], [49, []]]"
~,com.apple.keylayout.Norwegian,"[[30, [""option""]], [49, []]]"
Á,com.apple.keylayout.Norwegian,"[[24, []], [0, [""shift""]]]"
Ä,com.apple.keylayout.Norwegian,"[[30, []], [0, [""shift""]]]"
À,com.apple.keylayout.Norwegian,"[[24, [""shift""]], [0, [""shift""]]]"
Â,com.apple.keylayout.Norwegian,"[[30, [""shift""]], [0, [""shift""]]]"
Ã,com.apple.keylayout.Norwegian,"[[30, [""option""]], [0, [""shift""]]]"
É,com.apple.keylayout.Norwegian,"[[24, []], [14, [""shift""]]]"
Ë,com.apple.keylayout.Norwegian,"[[30, []], [14, [""shift""]]]"
È,com.apple.keylayout.Norwegian,"[[24, [""shift""]], [14, [""shift""]]]"
Ê,com.apple.keylayout.Norwegian,"[[30, [""shift""]], [14, [""shift""]]]"
Í,com.apple.keylayout.Norwegian,"[[24, []], [34, [""shift""]]]"
Ï,com.apple.keylayout.Norwegian,"[[30, []], [34, [""shift""]]]"
Ì,com.apple.keylayout.Norwegian,"[[24, [""shift""]], [34, [""shift""]]]"
Î,com.apple.keylayout.Norwegian,"[[30, [""shift""]], [34, [""shift""]]]"
Ñ,com.apple.keylayout.Norwegian,"[[30, [""option""]], [45, [""shift""]]]"
Ó,com.apple.keylayout.Norwegian,"[[24, []], [31, [""shift""]]]"
Ö,com.apple.keylayout.Norwegian,"[[30, []], [31, [""shift""]]]"
Ò,com.apple.keylayout.Norwegian,"[[24, [""shift""]], [31, [""shift""]]]"
Ô,com.apple.keylayout.Norwegian,"[[30, [""shift""]], [31, [""shift""]]]"
Õ,com.apple.keylayout.Norwegian,"[[30, [""option""]], [31, [""shift""]]]"
Ú,com.apple.keylayout.Norwegian,"[[24, []], [32, [""shift""]]]"
Ü,com.apple.keylayout.Norwegian,"[[30, []], [32, [""shift""]]]"
Ù,com.apple.keylayout.Norwegian,"[[24, [""shift""]], [32, [""shift""]]]"
Û,com.apple.keylayout.Norwegian,"[[30, [""shift""]], [32, [""shift""]]]"
Ÿ,com.apple.keylayout.Norwegian,"[[30, []], [16, [""shift""]]]"
á,com.apple.keylayout.Norwegian,"[[24, []], [0, []]]"
ä,com.apple.keylayout.Norwegian,"[[30, []], [0, []]]"
à,com.apple.keylayout.Norwegian,"[[24, [""shift""]], [0, []]]"
â,com.apple.keylayout.Norwegian,"[[30, [""shift""]], [0, []]]"
ã,com.apple.keylayout.Norwegian,"[[30, [""option""]], [0, []]]"
é,com.apple.keylayout.Norwegian,"[[24, []], [14, []]]"
ë,com.apple.keylayout.Norwegian,"[[30, []], [14, []]]"
è,com.apple.keylayout.Norwegian,"[[24, [""shift""]], [14, []]]"
ê,com.apple.keylayout.Norwegian,"[[30, [""shift""]], [14, []]]"
í,com.apple.keylayout.Norwegian,"[[24, []], [34, []]]"
ï,com.apple.keylayout.Norwegian,"[[30, []], [34, []]]"
ì,com.apple.keylayout.Norwegian,"[[24, [""shift""]], [34, []]]"
î,com.apple.keylayout.Norwegian,"[[30, [""shift""]], [34, []]]"
ñ,com.apple.keylayout.Norwegian,"[[30, [""option""]], [45, []]]"
ó,com.apple.keylayout.Norwegian,"[[24, []], [31, []]]"
ö,com.apple.keylayout.Norwegian,"[[30, []], [31, []]]"
ò,com.apple.keylayout.Norwegian,"[[24, [""shift""]], [31, []]]"
ô,com.apple.keylayout.Norwegian,"[[30, [""shift""]], [31, []]]"
õ,com.apple.keylayout.Norwegian,"[[30, [""option""]], [31, []]]"
ú,com.apple.keylayout.Norwegian,"[[24, []], [32, []]]"
ü,com.apple.keylayout.Norwegian,"[[30, []], [32, []]]"
ù,com.apple.keylayout.Norwegian,"[[24, [""shift""]], [32, []]]"
û,com.apple.keylayout.Norwegian,"[[30, [""shift""]], [32, []]]"
ÿ,com.apple.keylayout.Norwegian,"[[30, []], [16, []]]"
´,com.apple.keylayout.IrishExtended,"[[25, [""option""]], [49, []]]"
˘,com.apple.keylayout.IrishExtended,"[[11, [""option""]], [49, []]]"
ˇ,com.apple.keylayout.IrishExtended,"[[9, [""option""]], [49, []]]"
¸,com.apple.keylayout.IrishExtended,"[[8, [""option""]], [49, []]]"
ˆ,com.apple.keylayout.IrishExtended,"[[22, [""option""]], [49, []]]"
‸,com.apple.keylayout.IrishExtended,"[[5, [""option"", ""shift""]], [49, []]]"
",",com.apple.keylayout.IrishExtended,"[[35, [""option""]], [49, []]]"
¨,com.apple.keylayout.IrishExtended,"[[28, [""option""]], [49, []]]"
˙,com.apple.keylayout.IrishExtended,"[[13, [""option""]], [49, []]]"
.,com.apple.keylayout.IrishExtended,"[[7, [""option""]], [49, []]]"
˝,com.apple.keylayout.IrishExtended,"[[38, [""option""]], [49, []]]"
`,com.apple.keylayout.IrishExtended,"[[50, [""option""]], [49, []]]"
ˀ,com.apple.keylayout.IrishExtended,"[[6, [""option""]], [49, []]]"
ʔ,com.apple.keylayout.IrishExtended,"[[47, [""option"", ""shift""]], [49, []]]"
ʼ,com.apple.keylayout.IrishExtended,"[[16, [""option"", ""shift""]], [49, []]]"
¯,com.apple.keylayout.IrishExtended,"[[29, [""option""]], [49, []]]"
ˍ,com.apple.keylayout.IrishExtended,"[[4, [""option""]], [49, []]]"
˛,com.apple.keylayout.IrishExtended,"[[46, [""option""]], [49, []]]"
˚,com.apple.keylayout.IrishExtended,"[[40, [""option""]], [49, []]]"
№,com.apple.keylayout.IrishExtended,"[[41, [""option"", ""shift""]], [49, []]]"
-,com.apple.keylayout.IrishExtended,"[[37, [""option""]], [49, []]]"
˜,com.apple.keylayout.IrishExtended,"[[45, [""option""]], [49, []]]"
 ̰,com.apple.keylayout.IrishExtended,"[[3, [""option"", ""shift""]], [49, []]]"
ʺ,com.apple.keylayout.IrishExtended,"[[41, [""option"", ""shift""]], [39, [""shift""]]]"
Ƽ,com.apple.keylayout.IrishExtended,"[[41, [""option"", ""shift""]], [23, [""shift""]]]"
ʹ,com.apple.keylayout.IrishExtended,"[[41, [""option"", ""shift""]], [39, []]]"
Ȣ,com.apple.keylayout.IrishExtended,"[[41, [""option"", ""shift""]], [28, [""shift""]]]"
°,com.apple.keylayout.IrishExtended,"[[40, [""option""]], [29, []]]"
ƨ,com.apple.keylayout.IrishExtended,"[[41, [""option"", ""shift""]], [19, []]]"
ɛ,com.apple.keylayout.IrishExtended,"[[41, [""option"", ""shift""]], [20, []]]"
ƽ,com.apple.keylayout.IrishExtended,"[[41, [""option"", ""shift""]], [23, []]]"
ƅ,com.apple.keylayout.IrishExtended,"[[41, [""option"", ""shift""]], [22, []]]"
ȣ,com.apple.keylayout.IrishExtended,"[[41, [""option"", ""shift""]], [28, []]]"
Ƨ,com.apple.keylayout.IrishExtended,"[[41, [""option"", ""shift""]], [19, [""shift""]]]"
Á,com.apple.keylayout.IrishExtended,"[[25, [""option""]], [0, [""shift""]]]"
Ă,com.apple.keylayout.IrishExtended,"[[11, [""option""]], [0, [""shift""]]]"
Ǎ,com.apple.keylayout.IrishExtended,"[[9, [""option""]], [0, [""shift""]]]"
Â,com.apple.keylayout.IrishExtended,"[[22, [""option""]], [0, [""shift""]]]"
Ä,com.apple.keylayout.IrishExtended,"[[28, [""option""]], [0, [""shift""]]]"
Ȧ,com.apple.keylayout.IrishExtended,"[[13, [""option""]], [0, [""shift""]]]"
Ạ,com.apple.keylayout.IrishExtended,"[[7, [""option""]], [0, [""shift""]]]"
À,com.apple.keylayout.IrishExtended,"[[50, [""option""]], [0, [""shift""]]]"
Ả,com.apple.keylayout.IrishExtended,"[[6, [""option""]], [0, [""shift""]]]"
Ā,com.apple.keylayout.IrishExtended,"[[29, [""option""]], [0, [""shift""]]]"
Ą,com.apple.keylayout.IrishExtended,"[[46, [""option""]], [0, [""shift""]]]"
Å,com.apple.keylayout.IrishExtended,"[[40, [""option""]], [0, [""shift""]]]"
Ə,com.apple.keylayout.IrishExtended,"[[41, [""option"", ""shift""]], [0, [""shift""]]]"
Ã,com.apple.keylayout.IrishExtended,"[[45, [""option""]], [0, [""shift""]]]"
Ḃ,com.apple.keylayout.IrishExtended,"[[13, [""option""]], [11, [""shift""]]]"
Ḅ,com.apple.keylayout.IrishExtended,"[[7, [""option""]], [11, [""shift""]]]"
Ɓ,com.apple.keylayout.IrishExtended,"[[47, [""option"", ""shift""]], [11, [""shift""]]]"
Ḇ,com.apple.keylayout.IrishExtended,"[[4, [""option""]], [11, [""shift""]]]"
Ć,com.apple.keylayout.IrishExtended,"[[25, [""option""]], [8, [""shift""]]]"
Č,com.apple.keylayout.IrishExtended,"[[9, [""option""]], [8, [""shift""]]]"
Ç,com.apple.keylayout.IrishExtended,"[[8, [""option""]], [8, [""shift""]]]"
Ĉ,com.apple.keylayout.IrishExtended,"[[22, [""option""]], [8, [""shift""]]]"
Ċ,com.apple.keylayout.IrishExtended,"[[13, [""option""]], [8, [""shift""]]]"
Ƈ,com.apple.keylayout.IrishExtended,"[[47, [""option"", ""shift""]], [8, [""shift""]]]"
Ɔ,com.apple.keylayout.IrishExtended,"[[41, [""option"", ""shift""]], [8, [""shift""]]]"
Ď,com.apple.keylayout.IrishExtended,"[[9, [""option""]], [2, [""shift""]]]"
Ḑ,com.apple.keylayout.IrishExtended,"[[8, [""option""]], [2, [""shift""]]]"
Ḓ,com.apple.keylayout.IrishExtended,"[[5, [""option"", ""shift""]], [2, [""shift""]]]"
Ḋ,com.apple.keylayout.IrishExtended,"[[13, [""option""]], [2, [""shift""]]]"
Ḍ,com.apple.keylayout.IrishExtended,"[[7, [""option""]], [2, [""shift""]]]"
Ɗ,com.apple.keylayout.IrishExtended,"[[47, [""option"", ""shift""]], [2, [""shift""]]]"
Ḏ,com.apple.keylayout.IrishExtended,"[[4, [""option""]], [2, [""shift""]]]"
Đ,com.apple.keylayout.IrishExtended,"[[37, [""option""]], [2, [""shift""]]]"
É,com.apple.keylayout.IrishExtended,"[[25, [""option""]], [14, [""shift""]]]"
Ĕ,com.apple.keylayout.IrishExtended,"[[11, [""option""]], [14, [""shift""]]]"
Ě,com.apple.keylayout.IrishExtended,"[[9, [""option""]], [14, [""shift""]]]"
Ȩ,com.apple.keylayout.IrishExtended,"[[8, [""option""]], [14, [""shift""]]]"
Ê,com.apple.keylayout.IrishExtended,"[[22, [""option""]], [14, [""shift""]]]"
Ḙ,com.apple.keylayout.IrishExtended,"[[5, [""option"", ""shift""]], [14, [""shift""]]]"
Ë,com.apple.keylayout.IrishExtended,"[[28, [""option""]], [14, [""shift""]]]"
Ė,com.apple.keylayout.IrishExtended,"[[13, [""option""]], [14, [""shift""]]]"
Ẹ,com.apple.keylayout.IrishExtended,"[[7, [""option""]], [14, [""shift""]]]"
È,com.apple.keylayout.IrishExtended,"[[50, [""option""]], [14, [""shift""]]]"
Ẻ,com.apple.keylayout.IrishExtended,"[[6, [""option""]], [14, [""shift""]]]"
Ē,com.apple.keylayout.IrishExtended,"[[29, [""option""]], [14, [""shift""]]]"
Ę,com.apple.keylayout.IrishExtended,"[[46, [""option""]], [14, [""shift""]]]"
E̊,com.apple.keylayout.IrishExtended,"[[40, [""option""]], [14, [""shift""]]]"
Ǝ,com.apple.keylayout.IrishExtended,"[[41, [""option"", ""shift""]], [14, [""shift""]]]"
Ẽ,com.apple.keylayout.IrishExtended,"[[45, [""option""]], [14, [""shift""]]]"
Ḛ,com.apple.keylayout.IrishExtended,"[[3, [""option"", ""shift""]], [14, [""shift""]]]"
Ḟ,com.apple.keylayout.IrishExtended,"[[13, [""option""]], [3, [""shift""]]]"
Ƒ,com.apple.keylayout.IrishExtended,"[[47, [""option"", ""shift""]], [3, [""shift""]]]"
Ǵ,com.apple.keylayout.IrishExtended,"[[25, [""option""]], [5, [""shift""]]]"
Ğ,com.apple.keylayout.IrishExtended,"[[11, [""option""]], [5, [""shift""]]]"
Ǧ,com.apple.keylayout.IrishExtended,"[[9, [""option""]], [5, [""shift""]]]"
Ģ,com.apple.keylayout.IrishExtended,"[[8, [""option""]], [5, [""shift""]]]"
Ĝ,com.apple.keylayout.IrishExtended,"[[22, [""option""]], [5, [""shift""]]]"
Ġ,com.apple.keylayout.IrishExtended,"[[13, [""option""]], [5, [""shift""]]]"
Ɠ,com.apple.keylayout.IrishExtended,"[[47, [""option"", ""shift""]], [5, [""shift""]]]"
Ḡ,com.apple.keylayout.IrishExtended,"[[29, [""option""]], [5, [""shift""]]]"
Ɣ,com.apple.keylayout.IrishExtended,"[[41, [""option"", ""shift""]], [5, [""shift""]]]"
Ǥ,com.apple.keylayout.IrishExtended,"[[37, [""option""]], [5, [""shift""]]]"
Ȟ,com.apple.keylayout.IrishExtended,"[[9, [""option""]], [4, [""shift""]]]"
Ḩ,com.apple.keylayout.IrishExtended,"[[8, [""option""]], [4, [""shift""]]]"
Ĥ,com.apple.keylayout.IrishExtended,"[[22, [""option""]], [4, [""shift""]]]"
Ḧ,com.apple.keylayout.IrishExtended,"[[28, [""option""]], [4, [""shift""]]]"
Ḣ,com.apple.keylayout.IrishExtended,"[[13, [""option""]], [4, [""shift""]]]"
Ḥ,com.apple.keylayout.IrishExtended,"[[7, [""option""]], [4, [""shift""]]]"
H̱,com.apple.keylayout.IrishExtended,"[[4, [""option""]], [4, [""shift""]]]"
Ƕ,com.apple.keylayout.IrishExtended,"[[41, [""option"", ""shift""]], [4, [""shift""]]]"
Ħ,com.apple.keylayout.IrishExtended,"[[37, [""option""]], [4, [""shift""]]]"
Í,com.apple.keylayout.IrishExtended,"[[25, [""option""]], [34, [""shift""]]]"
Ĭ,com.apple.keylayout.IrishExtended,"[[11, [""option""]], [34, [""shift""]]]"
Ǐ,com.apple.keylayout.IrishExtended,"[[9, [""option""]], [34, [""shift""]]]"
Î,com.apple.keylayout.IrishExtended,"[[22, [""option""]], [34, [""shift""]]]"
Ï,com.apple.keylayout.IrishExtended,"[[28, [""option""]], [34, [""shift""]]]"
İ,com.apple.keylayout.IrishExtended,"[[13, [""option""]], [34, [""shift""]]]"
Ị,com.apple.keylayout.IrishExtended,"[[7, [""option""]], [34, [""shift""]]]"
Ì,com.apple.keylayout.IrishExtended,"[[50, [""option""]], [34, [""shift""]]]"
Ỉ,com.apple.keylayout.IrishExtended,"[[6, [""option""]], [34, [""shift""]]]"
Ɩ,com.apple.keylayout.IrishExtended,"[[47, [""option"", ""shift""]], [34, [""shift""]]]"
Ī,com.apple.keylayout.IrishExtended,"[[29, [""option""]], [34, [""shift""]]]"
Į,com.apple.keylayout.IrishExtended,"[[46, [""option""]], [34, [""shift""]]]"
Ɨ,com.apple.keylayout.IrishExtended,"[[37, [""option""]], [34, [""shift""]]]"
Ĩ,com.apple.keylayout.IrishExtended,"[[45, [""option""]], [34, [""shift""]]]"
Ḭ,com.apple.keylayout.IrishExtended,"[[3, [""option"", ""shift""]], [34, [""shift""]]]"
J̌,com.apple.keylayout.IrishExtended,"[[9, [""option""]], [38, [""shift""]]]"
Ĵ,com.apple.keylayout.IrishExtended,"[[22, [""option""]], [38, [""shift""]]]"
Ƞ,com.apple.keylayout.IrishExtended,"[[41, [""option"", ""shift""]], [38, [""shift""]]]"
Ḱ,com.apple.keylayout.IrishExtended,"[[25, [""option""]], [40, [""shift""]]]"
Ǩ,com.apple.keylayout.IrishExtended,"[[9, [""option""]], [40, [""shift""]]]"
Ķ,com.apple.keylayout.IrishExtended,"[[8, [""option""]], [40, [""shift""]]]"
Ḳ,com.apple.keylayout.IrishExtended,"[[7, [""option""]], [40, [""shift""]]]"
Ƙ,com.apple.keylayout.IrishExtended,"[[47, [""option"", ""shift""]], [40, [""shift""]]]"
Ḵ,com.apple.keylayout.IrishExtended,"[[4, [""option""]], [40, [""shift""]]]"
K’,com.apple.keylayout.IrishExtended,"[[41, [""option"", ""shift""]], [40, [""shift""]]]"
Ĺ,com.apple.keylayout.IrishExtended,"[[25, [""option""]], [37, [""shift""]]]"
Ľ,com.apple.keylayout.IrishExtended,"[[9, [""option""]], [37, [""shift""]]]"
Ļ,com.apple.keylayout.IrishExtended,"[[8, [""option""]], [37, [""shift""]]]"
Ḽ,com.apple.keylayout.IrishExtended,"[[5, [""option"", ""shift""]], [37, [""shift""]]]"
Ḷ,com.apple.keylayout.IrishExtended,"[[7, [""option""]], [37, [""shift""]]]"
Ḻ,com.apple.keylayout.IrishExtended,"[[4, [""option""]], [37, [""shift""]]]"
Ł,com.apple.keylayout.IrishExtended,"[[37, [""option""]], [37, [""shift""]]]"
Ḿ,com.apple.keylayout.IrishExtended,"[[25, [""option""]], [46, [""shift""]]]"
M̂,com.apple.keylayout.IrishExtended,"[[22, [""option""]], [46, [""shift""]]]"
Ṁ,com.apple.keylayout.IrishExtended,"[[13, [""option""]], [46, [""shift""]]]"
Ṃ,com.apple.keylayout.IrishExtended,"[[7, [""option""]], [46, [""shift""]]]"
Ɯ,com.apple.keylayout.IrishExtended,"[[41, [""option"", ""shift""]], [46, [""shift""]]]"
Ń,com.apple.keylayout.IrishExtended,"[[25, [""option""]], [45, [""shift""]]]"
Ň,com.apple.keylayout.IrishExtended,"[[9, [""option""]], [45, [""shift""]]]"
Ņ,com.apple.keylayout.IrishExtended,"[[8, [""option""]], [45, [""shift""]]]"
N̂,com.apple.keylayout.IrishExtended,"[[22, [""option""]], [45, [""shift""]]]"
Ṋ,com.apple.keylayout.IrishExtended,"[[5, [""option"", ""shift""]], [45, [""shift""]]]"
Ṅ,com.apple.keylayout.IrishExtended,"[[13, [""option""]], [45, [""shift""]]]"
Ṇ,com.apple.keylayout.IrishExtended,"[[7, [""option""]], [45, [""shift""]]]"
Ǹ,com.apple.keylayout.IrishExtended,"[[50, [""option""]], [45, [""shift""]]]"
Ɲ,com.apple.keylayout.IrishExtended,"[[47, [""option"", ""shift""]], [45, [""shift""]]]"
Ṉ,com.apple.keylayout.IrishExtended,"[[4, [""option""]], [45, [""shift""]]]"
Ŋ,com.apple.keylayout.IrishExtended,"[[41, [""option"", ""shift""]], [45, [""shift""]]]"
Ñ,com.apple.keylayout.IrishExtended,"[[45, [""option""]], [45, [""shift""]]]"
Ó,com.apple.keylayout.IrishExtended,"[[25, [""option""]], [31, [""shift""]]]"
Ŏ,com.apple.keylayout.IrishExtended,"[[11, [""option""]], [31, [""shift""]]]"
Ǒ,com.apple.keylayout.IrishExtended,"[[9, [""option""]], [31, [""shift""]]]"
Ô,com.apple.keylayout.IrishExtended,"[[22, [""option""]], [31, [""shift""]]]"
Ö,com.apple.keylayout.IrishExtended,"[[28, [""option""]], [31, [""shift""]]]"
Ȯ,com.apple.keylayout.IrishExtended,"[[13, [""option""]], [31, [""shift""]]]"
Ọ,com.apple.keylayout.IrishExtended,"[[7, [""option""]], [31, [""shift""]]]"
Ő,com.apple.keylayout.IrishExtended,"[[38, [""option""]], [31, [""shift""]]]"
Ò,com.apple.keylayout.IrishExtended,"[[50, [""option""]], [31, [""shift""]]]"
Ỏ,com.apple.keylayout.IrishExtended,"[[6, [""option""]], [31, [""shift""]]]"
Ơ,com.apple.keylayout.IrishExtended,"[[16, [""option"", ""shift""]], [31, [""shift""]]]"
Ō,com.apple.keylayout.IrishExtended,"[[29, [""option""]], [31, [""shift""]]]"
Ǫ,com.apple.keylayout.IrishExtended,"[[46, [""option""]], [31, [""shift""]]]"
Ø,com.apple.keylayout.IrishExtended,"[[40, [""option""]], [31, [""shift""]]]"
Ɵ,com.apple.keylayout.IrishExtended,"[[37, [""option""]], [31, [""shift""]]]"
Õ,com.apple.keylayout.IrishExtended,"[[45, [""option""]], [31, [""shift""]]]"
Ṕ,com.apple.keylayout.IrishExtended,"[[25, [""option""]], [35, [""shift""]]]"
Ṗ,com.apple.keylayout.IrishExtended,"[[13, [""option""]], [35, [""shift""]]]"
Ƥ,com.apple.keylayout.IrishExtended,"[[47, [""option"", ""shift""]], [35, [""shift""]]]"
Q̇,com.apple.keylayout.IrishExtended,"[[13, [""option""]], [12, [""shift""]]]"
Ƣ,com.apple.keylayout.IrishExtended,"[[41, [""option"", ""shift""]], [12, [""shift""]]]"
Ŕ,com.apple.keylayout.IrishExtended,"[[25, [""option""]], [15, [""shift""]]]"
Ř,com.apple.keylayout.IrishExtended,"[[9, [""option""]], [15, [""shift""]]]"
Ŗ,com.apple.keylayout.IrishExtended,"[[8, [""option""]], [15, [""shift""]]]"
Ṙ,com.apple.keylayout.IrishExtended,"[[13, [""option""]], [15, [""shift""]]]"
Ṛ,com.apple.keylayout.IrishExtended,"[[7, [""option""]], [15, [""shift""]]]"
Ʈ,com.apple.keylayout.IrishExtended,"[[47, [""option"", ""shift""]], [15, [""shift""]]]"
Ṟ,com.apple.keylayout.IrishExtended,"[[4, [""option""]], [15, [""shift""]]]"
Ʀ,com.apple.keylayout.IrishExtended,"[[41, [""option"", ""shift""]], [15, [""shift""]]]"
Ś,com.apple.keylayout.IrishExtended,"[[25, [""option""]], [1, [""shift""]]]"
Š,com.apple.keylayout.IrishExtended,"[[9, [""option""]], [1, [""shift""]]]"
Ş,com.apple.keylayout.IrishExtended,"[[8, [""option""]], [1, [""shift""]]]"
Ŝ,com.apple.keylayout.IrishExtended,"[[22, [""option""]], [1, [""shift""]]]"
Ș,com.apple.keylayout.IrishExtended,"[[35, [""option""]], [1, [""shift""]]]"
Ṡ,com.apple.keylayout.IrishExtended,"[[13, [""option""]], [1, [""shift""]]]"
Ṣ,com.apple.keylayout.IrishExtended,"[[7, [""option""]], [1, [""shift""]]]"
Ʃ,com.apple.keylayout.IrishExtended,"[[47, [""option"", ""shift""]], [1, [""shift""]]]"
Ť,com.apple.keylayout.IrishExtended,"[[9, [""option""]], [17, [""shift""]]]"
Ţ,com.apple.keylayout.IrishExtended,"[[8, [""option""]], [17, [""shift""]]]"
Ṱ,com.apple.keylayout.IrishExtended,"[[5, [""option"", ""shift""]], [17, [""shift""]]]"
Ț,com.apple.keylayout.IrishExtended,"[[35, [""option""]], [17, [""shift""]]]"
T̈,com.apple.keylayout.IrishExtended,"[[28, [""option""]], [17, [""shift""]]]"
Ṫ,com.apple.keylayout.IrishExtended,"[[13, [""option""]], [17, [""shift""]]]"
Ṭ,com.apple.keylayout.IrishExtended,"[[7, [""option""]], [17, [""shift""]]]"
Ƭ,com.apple.keylayout.IrishExtended,"[[47, [""option"", ""shift""]], [17, [""shift""]]]"
Ṯ,com.apple.keylayout.IrishExtended,"[[4, [""option""]], [17, [""shift""]]]"
Ŧ,com.apple.keylayout.IrishExtended,"[[37, [""option""]], [17, [""shift""]]]"
Ú,com.apple.keylayout.IrishExtended,"[[25, [""option""]], [32, [""shift""]]]"
Ŭ,com.apple.keylayout.IrishExtended,"[[11, [""option""]], [32, [""shift""]]]"
Ǔ,com.apple.keylayout.IrishExtended,"[[9, [""option""]], [32, [""shift""]]]"
Û,com.apple.keylayout.IrishExtended,"[[22, [""option""]], [32, [""shift""]]]"
Ṷ,com.apple.keylayout.IrishExtended,"[[5, [""option"", ""shift""]], [32, [""shift""]]]"
Ü,com.apple.keylayout.IrishExtended,"[[28, [""option""]], [32, [""shift""]]]"
Ụ,com.apple.keylayout.IrishExtended,"[[7, [""option""]], [32, [""shift""]]]"
Ű,com.apple.keylayout.IrishExtended,"[[38, [""option""]], [32, [""shift""]]]"
Ù,com.apple.keylayout.IrishExtended,"[[50, [""option""]], [32, [""shift""]]]"
Ủ,com.apple.keylayout.IrishExtended,"[[6, [""option""]], [32, [""shift""]]]"
Ʋ,com.apple.keylayout.IrishExtended,"[[47, [""option"", ""shift""]], [32, [""shift""]]]"
Ư,com.apple.keylayout.IrishExtended,"[[16, [""option"", ""shift""]], [32, [""shift""]]]"
Ū,com.apple.keylayout.IrishExtended,"[[29, [""option""]], [32, [""shift""]]]"
Ų,com.apple.keylayout.IrishExtended,"[[46, [""option""]], [32, [""shift""]]]"
Ů,com.apple.keylayout.IrishExtended,"[[40, [""option""]], [32, [""shift""]]]"
Ʊ,com.apple.keylayout.IrishExtended,"[[41, [""option"", ""shift""]], [32, [""shift""]]]"
Ũ,com.apple.keylayout.IrishExtended,"[[45, [""option""]], [32, [""shift""]]]"
Ṵ,com.apple.keylayout.IrishExtended,"[[3, [""option"", ""shift""]], [32, [""shift""]]]"
Ǘ,com.apple.keylayout.IrishExtended,"[[25, [""option""]], [9, [""shift""]]]"
Ǚ,com.apple.keylayout.IrishExtended,"[[9, [""option""]], [9, [""shift""]]]"
Ṿ,com.apple.keylayout.IrishExtended,"[[7, [""option""]], [9, [""shift""]]]"
Ǜ,com.apple.keylayout.IrishExtended,"[[50, [""option""]], [9, [""shift""]]]"
Ǖ,com.apple.keylayout.IrishExtended,"[[29, [""option""]], [9, [""shift""]]]"
Ṽ,com.apple.keylayout.IrishExtended,"[[45, [""option""]], [9, [""shift""]]]"
Ẃ,com.apple.keylayout.IrishExtended,"[[25, [""option""]], [13, [""shift""]]]"
Ŵ,com.apple.keylayout.IrishExtended,"[[22, [""option""]], [13, [""shift""]]]"
Ẅ,com.apple.keylayout.IrishExtended,"[[28, [""option""]], [13, [""shift""]]]"
Ẇ,com.apple.keylayout.IrishExtended,"[[13, [""option""]], [13, [""shift""]]]"
Ẉ,com.apple.keylayout.IrishExtended,"[[7, [""option""]], [13, [""shift""]]]"
Ẁ,com.apple.keylayout.IrishExtended,"[[50, [""option""]], [13, [""shift""]]]"
W̊,com.apple.keylayout.IrishExtended,"[[40, [""option""]], [13, [""shift""]]]"
Ƿ,com.apple.keylayout.IrishExtended,"[[41, [""option"", ""shift""]], [13, [""shift""]]]"
Ǯ,com.apple.keylayout.IrishExtended,"[[9, [""option""]], [7, [""shift""]]]"
Ẍ,com.apple.keylayout.IrishExtended,"[[28, [""option""]], [7, [""shift""]]]"
Ẋ,com.apple.keylayout.IrishExtended,"[[13, [""option""]], [7, [""shift""]]]"
Ɖ,com.apple.keylayout.IrishExtended,"[[47, [""option"", ""shift""]], [7, [""shift""]]]"
Ý,com.apple.keylayout.IrishExtended,"[[25, [""option""]], [16, [""shift""]]]"
Ŷ,com.apple.keylayout.IrishExtended,"[[22, [""option""]], [16, [""shift""]]]"
Ÿ,com.apple.keylayout.IrishExtended,"[[28, [""option""]], [16, [""shift""]]]"
Ẏ,com.apple.keylayout.IrishExtended,"[[13, [""option""]], [16, [""shift""]]]"
Ỵ,com.apple.keylayout.IrishExtended,"[[7, [""option""]], [16, [""shift""]]]"
Ỳ,com.apple.keylayout.IrishExtended,"[[50, [""option""]], [16, [""shift""]]]"
Ỷ,com.apple.keylayout.IrishExtended,"[[6, [""option""]], [16, [""shift""]]]"
Ƴ,com.apple.keylayout.IrishExtended,"[[47, [""option"", ""shift""]], [16, [""shift""]]]"
Ȳ,com.apple.keylayout.IrishExtended,"[[29, [""option""]], [16, [""shift""]]]"
Y̊,com.apple.keylayout.IrishExtended,"[[40, [""option""]], [16, [""shift""]]]"
Ȝ,com.apple.keylayout.IrishExtended,"[[41, [""option"", ""shift""]], [16, [""shift""]]]"
Ỹ,com.apple.keylayout.IrishExtended,"[[45, [""option""]], [16, [""shift""]]]"
Ź,com.apple.keylayout.IrishExtended,"[[25, [""option""]], [6, [""shift""]]]"
Ž,com.apple.keylayout.IrishExtended,"[[9, [""option""]], [6, [""shift""]]]"
Ẑ,com.apple.keylayout.IrishExtended,"[[22, [""option""]], [6, [""shift""]]]"
Ż,com.apple.keylayout.IrishExtended,"[[13, [""option""]], [6, [""shift""]]]"
Ẓ,com.apple.keylayout.IrishExtended,"[[7, [""option""]], [6, [""shift""]]]"
Ȥ,com.apple.keylayout.IrishExtended,"[[47, [""option"", ""shift""]], [6, [""shift""]]]"
Ẕ,com.apple.keylayout.IrishExtended,"[[4, [""option""]], [6, [""shift""]]]"
Ʒ,com.apple.keylayout.IrishExtended,"[[41, [""option"", ""shift""]], [6, [""shift""]]]"
Ƶ,com.apple.keylayout.IrishExtended,"[[37, [""option""]], [6, [""shift""]]]"
Ƅ,com.apple.keylayout.IrishExtended,"[[41, [""option"", ""shift""]], [22, [""shift""]]]"
á,com.apple.keylayout.IrishExtended,"[[25, [""option""]], [0, []]]"
ă,com.apple.keylayout.IrishExtended,"[[11, [""option""]], [0, []]]"
ǎ,com.apple.keylayout.IrishExtended,"[[9, [""option""]], [0, []]]"
â,com.apple.keylayout.IrishExtended,"[[22, [""option""]], [0, []]]"
ä,com.apple.keylayout.IrishExtended,"[[28, [""option""]], [0, []]]"
ȧ,com.apple.keylayout.IrishExtended,"[[13, [""option""]], [0, []]]"
ạ,com.apple.keylayout.IrishExtended,"[[7, [""option""]], [0, []]]"
à,com.apple.keylayout.IrishExtended,"[[50, [""option""]], [0, []]]"
ả,com.apple.keylayout.IrishExtended,"[[6, [""option""]], [0, []]]"
ā,com.apple.keylayout.IrishExtended,"[[29, [""option""]], [0, []]]"
ą,com.apple.keylayout.IrishExtended,"[[46, [""option""]], [0, []]]"
å,com.apple.keylayout.IrishExtended,"[[40, [""option""]], [0, []]]"
ə,com.apple.keylayout.IrishExtended,"[[41, [""option"", ""shift""]], [0, []]]"
ã,com.apple.keylayout.IrishExtended,"[[45, [""option""]], [0, []]]"
ḃ,com.apple.keylayout.IrishExtended,"[[13, [""option""]], [11, []]]"
ḅ,com.apple.keylayout.IrishExtended,"[[7, [""option""]], [11, []]]"
ɓ,com.apple.keylayout.IrishExtended,"[[47, [""option"", ""shift""]], [11, []]]"
ḇ,com.apple.keylayout.IrishExtended,"[[4, [""option""]], [11, []]]"
ƀ,com.apple.keylayout.IrishExtended,"[[37, [""option""]], [11, []]]"
ć,com.apple.keylayout.IrishExtended,"[[25, [""option""]], [8, []]]"
č,com.apple.keylayout.IrishExtended,"[[9, [""option""]], [8, []]]"
ç,com.apple.keylayout.IrishExtended,"[[8, [""option""]], [8, []]]"
ĉ,com.apple.keylayout.IrishExtended,"[[22, [""option""]], [8, []]]"
ċ,com.apple.keylayout.IrishExtended,"[[13, [""option""]], [8, []]]"
ƈ,com.apple.keylayout.IrishExtended,"[[47, [""option"", ""shift""]], [8, []]]"
ɔ,com.apple.keylayout.IrishExtended,"[[41, [""option"", ""shift""]], [8, []]]"
ď,com.apple.keylayout.IrishExtended,"[[9, [""option""]], [2, []]]"
ḑ,com.apple.keylayout.IrishExtended,"[[8, [""option""]], [2, []]]"
ḓ,com.apple.keylayout.IrishExtended,"[[5, [""option"", ""shift""]], [2, []]]"
ḋ,com.apple.keylayout.IrishExtended,"[[13, [""option""]], [2, []]]"
ḍ,com.apple.keylayout.IrishExtended,"[[7, [""option""]], [2, []]]"
ɗ,com.apple.keylayout.IrishExtended,"[[47, [""option"", ""shift""]], [2, []]]"
ḏ,com.apple.keylayout.IrishExtended,"[[4, [""option""]], [2, []]]"
đ,com.apple.keylayout.IrishExtended,"[[37, [""option""]], [2, []]]"
é,com.apple.keylayout.IrishExtended,"[[25, [""option""]], [14, []]]"
ĕ,com.apple.keylayout.IrishExtended,"[[11, [""option""]], [14, []]]"
ě,com.apple.keylayout.IrishExtended,"[[9, [""option""]], [14, []]]"
ȩ,com.apple.keylayout.IrishExtended,"[[8, [""option""]], [14, []]]"
ê,com.apple.keylayout.IrishExtended,"[[22, [""option""]], [14, []]]"
ḙ,com.apple.keylayout.IrishExtended,"[[5, [""option"", ""shift""]], [14, []]]"
ë,com.apple.keylayout.IrishExtended,"[[28, [""option""]], [14, []]]"
ė,com.apple.keylayout.IrishExtended,"[[13, [""option""]], [14, []]]"
ẹ,com.apple.keylayout.IrishExtended,"[[7, [""option""]], [14, []]]"
è,com.apple.keylayout.IrishExtended,"[[50, [""option""]], [14, []]]"
ẻ,com.apple.keylayout.IrishExtended,"[[6, [""option""]], [14, []]]"
ē,com.apple.keylayout.IrishExtended,"[[29, [""option""]], [14, []]]"
ę,com.apple.keylayout.IrishExtended,"[[46, [""option""]], [14, []]]"
e̊,com.apple.keylayout.IrishExtended,"[[40, [""option""]], [14, []]]"
ǝ,com.apple.keylayout.IrishExtended,"[[41, [""option"", ""shift""]], [14, []]]"
ẽ,com.apple.keylayout.IrishExtended,"[[45, [""option""]], [14, []]]"
ḛ,com.apple.keylayout.IrishExtended,"[[3, [""option"", ""shift""]], [14, []]]"
ḟ,com.apple.keylayout.IrishExtended,"[[13, [""option""]], [3, []]]"
ƒ,com.apple.keylayout.IrishExtended,"[[47, [""option"", ""shift""]], [3, []]]"
ǵ,com.apple.keylayout.IrishExtended,"[[25, [""option""]], [5, []]]"
ğ,com.apple.keylayout.IrishExtended,"[[11, [""option""]], [5, []]]"
ǧ,com.apple.keylayout.IrishExtended,"[[9, [""option""]], [5, []]]"
ģ,com.apple.keylayout.IrishExtended,"[[8, [""option""]], [5, []]]"
ĝ,com.apple.keylayout.IrishExtended,"[[22, [""option""]], [5, []]]"
ġ,com.apple.keylayout.IrishExtended,"[[13, [""option""]], [5, []]]"
ɠ,com.apple.keylayout.IrishExtended,"[[47, [""option"", ""shift""]], [5, []]]"
ḡ,com.apple.keylayout.IrishExtended,"[[29, [""option""]], [5, []]]"
ɣ,com.apple.keylayout.IrishExtended,"[[41, [""option"", ""shift""]], [5, []]]"
ǥ,com.apple.keylayout.IrishExtended,"[[37, [""option""]], [5, []]]"
ȟ,com.apple.keylayout.IrishExtended,"[[9, [""option""]], [4, []]]"
ḩ,com.apple.keylayout.IrishExtended,"[[8, [""option""]], [4, []]]"
ĥ,com.apple.keylayout.IrishExtended,"[[22, [""option""]], [4, []]]"
ḧ,com.apple.keylayout.IrishExtended,"[[28, [""option""]], [4, []]]"
ḣ,com.apple.keylayout.IrishExtended,"[[13, [""option""]], [4, []]]"
ḥ,com.apple.keylayout.IrishExtended,"[[7, [""option""]], [4, []]]"
ɦ,com.apple.keylayout.IrishExtended,"[[47, [""option"", ""shift""]], [4, []]]"
ẖ,com.apple.keylayout.IrishExtended,"[[4, [""option""]], [4, []]]"
ƕ,com.apple.keylayout.IrishExtended,"[[41, [""option"", ""shift""]], [4, []]]"
ħ,com.apple.keylayout.IrishExtended,"[[37, [""option""]], [4, []]]"
í,com.apple.keylayout.IrishExtended,"[[25, [""option""]], [34, []]]"
ĭ,com.apple.keylayout.IrishExtended,"[[11, [""option""]], [34, []]]"
ǐ,com.apple.keylayout.IrishExtended,"[[9, [""option""]], [34, []]]"
î,com.apple.keylayout.IrishExtended,"[[22, [""option""]], [34, []]]"
ï,com.apple.keylayout.IrishExtended,"[[28, [""option""]], [34, []]]"
ı,com.apple.keylayout.IrishExtended,"[[13, [""option""]], [34, []]]"
ị,com.apple.keylayout.IrishExtended,"[[7, [""option""]], [34, []]]"
ì,com.apple.keylayout.IrishExtended,"[[50, [""option""]], [34, []]]"
ỉ,com.apple.keylayout.IrishExtended,"[[6, [""option""]], [34, []]]"
ɩ,com.apple.keylayout.IrishExtended,"[[47, [""option"", ""shift""]], [34, []]]"
ī,com.apple.keylayout.IrishExtended,"[[29, [""option""]], [34, []]]"
į,com.apple.keylayout.IrishExtended,"[[46, [""option""]], [34, []]]"
ɨ,com.apple.keylayout.IrishExtended,"[[37, [""option""]], [34, []]]"
ĩ,com.apple.keylayout.IrishExtended,"[[45, [""option""]], [34, []]]"
ḭ,com.apple.keylayout.IrishExtended,"[[3, [""option"", ""shift""]], [34, []]]"
ǰ,com.apple.keylayout.IrishExtended,"[[9, [""option""]], [38, []]]"
ĵ,com.apple.keylayout.IrishExtended,"[[22, [""option""]], [38, []]]"
ƞ,com.apple.keylayout.IrishExtended,"[[41, [""option"", ""shift""]], [38, []]]"
ḱ,com.apple.keylayout.IrishExtended,"[[25, [""option""]], [40, []]]"
ǩ,com.apple.keylayout.IrishExtended,"[[9, [""option""]], [40, []]]"
ķ,com.apple.keylayout.IrishExtended,"[[8, [""option""]], [40, []]]"
ḳ,com.apple.keylayout.IrishExtended,"[[7, [""option""]], [40, []]]"
ƙ,com.apple.keylayout.IrishExtended,"[[47, [""option"", ""shift""]], [40, []]]"
ḵ,com.apple.keylayout.IrishExtended,"[[4, [""option""]], [40, []]]"
ĸ,com.apple.keylayout.IrishExtended,"[[41, [""option"", ""shift""]], [40, []]]"
ĺ,com.apple.keylayout.IrishExtended,"[[25, [""option""]], [37, []]]"
ľ,com.apple.keylayout.IrishExtended,"[[9, [""option""]], [37, []]]"
ļ,com.apple.keylayout.IrishExtended,"[[8, [""option""]], [37, []]]"
ḽ,com.apple.keylayout.IrishExtended,"[[5, [""option"", ""shift""]], [37, []]]"
ḷ,com.apple.keylayout.IrishExtended,"[[7, [""option""]], [37, []]]"
ḻ,com.apple.keylayout.IrishExtended,"[[4, [""option""]], [37, []]]"
ł,com.apple.keylayout.IrishExtended,"[[37, [""option""]], [37, []]]"
ḿ,com.apple.keylayout.IrishExtended,"[[25, [""option""]], [46, []]]"
m̂,com.apple.keylayout.IrishExtended,"[[22, [""option""]], [46, []]]"
ṁ,com.apple.keylayout.IrishExtended,"[[13, [""option""]], [46, []]]"
ṃ,com.apple.keylayout.IrishExtended,"[[7, [""option""]], [46, []]]"
ɯ,com.apple.keylayout.IrishExtended,"[[41, [""option"", ""shift""]], [46, []]]"
ń,com.apple.keylayout.IrishExtended,"[[25, [""option""]], [45, []]]"
ň,com.apple.keylayout.IrishExtended,"[[9, [""option""]], [45, []]]"
ņ,com.apple.keylayout.IrishExtended,"[[8, [""option""]], [45, []]]"
n̂,com.apple.keylayout.IrishExtended,"[[22, [""option""]], [45, []]]"
ṋ,com.apple.keylayout.IrishExtended,"[[5, [""option"", ""shift""]], [45, []]]"
ṅ,com.apple.keylayout.IrishExtended,"[[13, [""option""]], [45, []]]"
ṇ,com.apple.keylayout.IrishExtended,"[[7, [""option""]], [45, []]]"
ǹ,com.apple.keylayout.IrishExtended,"[[50, [""option""]], [45, []]]"
ɲ,com.apple.keylayout.IrishExtended,"[[47, [""option"", ""shift""]], [45, []]]"
ṉ,com.apple.keylayout.IrishExtended,"[[4, [""option""]], [45, []]]"
ŋ,com.apple.keylayout.IrishExtended,"[[41, [""option"", ""shift""]], [45, []]]"
ñ,com.apple.keylayout.IrishExtended,"[[45, [""option""]], [45, []]]"
ó,com.apple.keylayout.IrishExtended,"[[25, [""option""]], [31, []]]"
ŏ,com.apple.keylayout.IrishExtended,"[[11, [""option""]], [31, []]]"
ǒ,com.apple.keylayout.IrishExtended,"[[9, [""option""]], [31, []]]"
ô,com.apple.keylayout.IrishExtended,"[[22, [""option""]], [31, []]]"
ö,com.apple.keylayout.IrishExtended,"[[28, [""option""]], [31, []]]"
ȯ,com.apple.keylayout.IrishExtended,"[[13, [""option""]], [31, []]]"
ọ,com.apple.keylayout.IrishExtended,"[[7, [""option""]], [31, []]]"
ő,com.apple.keylayout.IrishExtended,"[[38, [""option""]], [31, []]]"
ò,com.apple.keylayout.IrishExtended,"[[50, [""option""]], [31, []]]"
ỏ,com.apple.keylayout.IrishExtended,"[[6, [""option""]], [31, []]]"
ơ,com.apple.keylayout.IrishExtended,"[[16, [""option"", ""shift""]], [31, []]]"
ō,com.apple.keylayout.IrishExtended,"[[29, [""option""]], [31, []]]"
ǫ,com.apple.keylayout.IrishExtended,"[[46, [""option""]], [31, []]]"
ø,com.apple.keylayout.IrishExtended,"[[40, [""option""]], [31, []]]"
ɵ,com.apple.keylayout.IrishExtended,"[[37, [""option""]], [31, []]]"
õ,com.apple.keylayout.IrishExtended,"[[45, [""option""]], [31, []]]"
ṕ,com.apple.keylayout.IrishExtended,"[[25, [""option""]], [35, []]]"
ṗ,com.apple.keylayout.IrishExtended,"[[13, [""option""]], [35, []]]"
ƥ,com.apple.keylayout.IrishExtended,"[[47, [""option"", ""shift""]], [35, []]]"
q̇,com.apple.keylayout.IrishExtended,"[[13, [""option""]], [12, []]]"
ʠ,com.apple.keylayout.IrishExtended,"[[47, [""option"", ""shift""]], [12, []]]"
ƣ,com.apple.keylayout.IrishExtended,"[[41, [""option"", ""shift""]], [12, []]]"
ŕ,com.apple.keylayout.IrishExtended,"[[25, [""option""]], [15, []]]"
ř,com.apple.keylayout.IrishExtended,"[[9, [""option""]], [15, []]]"
ŗ,com.apple.keylayout.IrishExtended,"[[8, [""option""]], [15, []]]"
ṙ,com.apple.keylayout.IrishExtended,"[[13, [""option""]], [15, []]]"
ṛ,com.apple.keylayout.IrishExtended,"[[7, [""option""]], [15, []]]"
ʈ,com.apple.keylayout.IrishExtended,"[[47, [""option"", ""shift""]], [15, []]]"
ṟ,com.apple.keylayout.IrishExtended,"[[4, [""option""]], [15, []]]"
ʀ,com.apple.keylayout.IrishExtended,"[[41, [""option"", ""shift""]], [15, []]]"
ś,com.apple.keylayout.IrishExtended,"[[25, [""option""]], [1, []]]"
š,com.apple.keylayout.IrishExtended,"[[9, [""option""]], [1, []]]"
ş,com.apple.keylayout.IrishExtended,"[[8, [""option""]], [1, []]]"
ŝ,com.apple.keylayout.IrishExtended,"[[22, [""option""]], [1, []]]"
ș,com.apple.keylayout.IrishExtended,"[[35, [""option""]], [1, []]]"
ṡ,com.apple.keylayout.IrishExtended,"[[13, [""option""]], [1, []]]"
ṣ,com.apple.keylayout.IrishExtended,"[[7, [""option""]], [1, []]]"
ʃ,com.apple.keylayout.IrishExtended,"[[47, [""option"", ""shift""]], [1, []]]"
ſ,com.apple.keylayout.IrishExtended,"[[41, [""option"", ""shift""]], [1, []]]"
ť,com.apple.keylayout.IrishExtended,"[[9, [""option""]], [17, []]]"
ţ,com.apple.keylayout.IrishExtended,"[[8, [""option""]], [17, []]]"
ṱ,com.apple.keylayout.IrishExtended,"[[5, [""option"", ""shift""]], [17, []]]"
ț,com.apple.keylayout.IrishExtended,"[[35, [""option""]], [17, []]]"
ẗ,com.apple.keylayout.IrishExtended,"[[28, [""option""]], [17, []]]"
ṫ,com.apple.keylayout.IrishExtended,"[[13, [""option""]], [17, []]]"
ṭ,com.apple.keylayout.IrishExtended,"[[7, [""option""]], [17, []]]"
ƭ,com.apple.keylayout.IrishExtended,"[[47, [""option"", ""shift""]], [17, []]]"
ṯ,com.apple.keylayout.IrishExtended,"[[4, [""option""]], [17, []]]"
ŧ,com.apple.keylayout.IrishExtended,"[[37, [""option""]], [17, []]]"
ú,com.apple.keylayout.IrishExtended,"[[25, [""option""]], [32, []]]"
ŭ,com.apple.keylayout.IrishExtended,"[[11, [""option""]], [32, []]]"
ǔ,com.apple.keylayout.IrishExtended,"[[9, [""option""]], [32, []]]"
û,com.apple.keylayout.IrishExtended,"[[22, [""option""]], [32, []]]"
ṷ,com.apple.keylayout.IrishExtended,"[[5, [""option"", ""shift""]], [32, []]]"
ü,com.apple.keylayout.IrishExtended,"[[28, [""option""]], [32, []]]"
ụ,com.apple.keylayout.IrishExtended,"[[7, [""option""]], [32, []]]"
ű,com.apple.keylayout.IrishExtended,"[[38, [""option""]], [32, []]]"
ù,com.apple.keylayout.IrishExtended,"[[50, [""option""]], [32, []]]"
ủ,com.apple.keylayout.IrishExtended,"[[6, [""option""]], [32, []]]"
ʋ,com.apple.keylayout.IrishExtended,"[[47, [""option"", ""shift""]], [32, []]]"
ư,com.apple.keylayout.IrishExtended,"[[16, [""option"", ""shift""]], [32, []]]"
ū,com.apple.keylayout.IrishExtended,"[[29, [""option""]], [32, []]]"
ų,com.apple.keylayout.IrishExtended,"[[46, [""option""]], [32, []]]"
ů,com.apple.keylayout.IrishExtended,"[[40, [""option""]], [32, []]]"
ʊ,com.apple.keylayout.IrishExtended,"[[41, [""option"", ""shift""]], [32, []]]"
ũ,com.apple.keylayout.IrishExtended,"[[45, [""option""]], [32, []]]"
ṵ,com.apple.keylayout.IrishExtended,"[[3, [""option"", ""shift""]], [32, []]]"
ǘ,com.apple.keylayout.IrishExtended,"[[25, [""option""]], [9, []]]"
ǚ,com.apple.keylayout.IrishExtended,"[[9, [""option""]], [9, []]]"
ṿ,com.apple.keylayout.IrishExtended,"[[7, [""option""]], [9, []]]"
ǜ,com.apple.keylayout.IrishExtended,"[[50, [""option""]], [9, []]]"
ǖ,com.apple.keylayout.IrishExtended,"[[29, [""option""]], [9, []]]"
ʌ,com.apple.keylayout.IrishExtended,"[[41, [""option"", ""shift""]], [9, []]]"
ṽ,com.apple.keylayout.IrishExtended,"[[45, [""option""]], [9, []]]"
ẃ,com.apple.keylayout.IrishExtended,"[[25, [""option""]], [13, []]]"
ŵ,com.apple.keylayout.IrishExtended,"[[22, [""option""]], [13, []]]"
ẅ,com.apple.keylayout.IrishExtended,"[[28, [""option""]], [13, []]]"
ẇ,com.apple.keylayout.IrishExtended,"[[13, [""option""]], [13, []]]"
ẉ,com.apple.keylayout.IrishExtended,"[[7, [""option""]], [13, []]]"
ẁ,com.apple.keylayout.IrishExtended,"[[50, [""option""]], [13, []]]"
ẘ,com.apple.keylayout.IrishExtended,"[[40, [""option""]], [13, []]]"
ƿ,com.apple.keylayout.IrishExtended,"[[41, [""option"", ""shift""]], [13, []]]"
ǯ,com.apple.keylayout.IrishExtended,"[[9, [""option""]], [7, []]]"
ẍ,com.apple.keylayout.IrishExtended,"[[28, [""option""]], [7, []]]"
ẋ,com.apple.keylayout.IrishExtended,"[[13, [""option""]], [7, []]]"
ɖ,com.apple.keylayout.IrishExtended,"[[47, [""option"", ""shift""]], [7, []]]"
ý,com.apple.keylayout.IrishExtended,"[[25, [""option""]], [16, []]]"
ŷ,com.apple.keylayout.IrishExtended,"[[22, [""option""]], [16, []]]"
ÿ,com.apple.keylayout.IrishExtended,"[[28, [""option""]], [16, []]]"
ẏ,com.apple.keylayout.IrishExtended,"[[13, [""option""]], [16, []]]"
ỵ,com.apple.keylayout.IrishExtended,"[[7, [""option""]], [16, []]]"
ỳ,com.apple.keylayout.IrishExtended,"[[50, [""option""]], [16, []]]"
ỷ,com.apple.keylayout.IrishExtended,"[[6, [""option""]], [16, []]]"
ƴ,com.apple.keylayout.IrishExtended,"[[47, [""option"", ""shift""]], [16, []]]"
ȳ,com.apple.keylayout.IrishExtended,"[[29, [""option""]], [16, []]]"
ẙ,com.apple.keylayout.IrishExtended,"[[40, [""option""]], [16, []]]"
ȝ,com.apple.keylayout.IrishExtended,"[[41, [""option"", ""shift""]], [16, []]]"
ỹ,com.apple.keylayout.IrishExtended,"[[45, [""option""]], [16, []]]"
ź,com.apple.keylayout.IrishExtended,"[[25, [""option""]], [6, []]]"
ž,com.apple.keylayout.IrishExtended,"[[9, [""option""]], [6, []]]"
ẑ,com.apple.keylayout.IrishExtended,"[[22, [""option""]], [6, []]]"
ż,com.apple.keylayout.IrishExtended,"[[13, [""option""]], [6, []]]"
ẓ,com.apple.keylayout.IrishExtended,"[[7, [""option""]], [6, []]]"
ȥ,com.apple.keylayout.IrishExtended,"[[47, [""option"", ""shift""]], [6, []]]"
ẕ,com.apple.keylayout.IrishExtended,"[[4, [""option""]], [6, []]]"
ʒ,com.apple.keylayout.IrishExtended,"[[41, [""option"", ""shift""]], [6, []]]"
ƶ,com.apple.keylayout.IrishExtended,"[[37, [""option""]], [6, []]]"
Ɛ,com.apple.keylayout.IrishExtended,"[[41, [""option"", ""shift""]], [20, [""shift""]]]"
Ǽ,com.apple.keylayout.IrishExtended,"[[25, [""option""]], [39, [""option"", ""shift""]]]"
Ǣ,com.apple.keylayout.IrishExtended,"[[29, [""option""]], [39, [""option"", ""shift""]]]"
ǽ,com.apple.keylayout.IrishExtended,"[[25, [""option""]], [39, [""option""]]]"
ǣ,com.apple.keylayout.IrishExtended,"[[29, [""option""]], [39, [""option""]]]"
ʻ,com.apple.keylayout.IrishExtended,"[[41, [""option"", ""shift""]], [30, [""option""]]]"
ʼ,com.apple.keylayout.IrishExtended,"[[41, [""option"", ""shift""]], [30, [""option"", ""shift""]]]"
ʽ,com.apple.keylayout.IrishExtended,"[[41, [""option"", ""shift""]], [33, [""option""]]]"
´,com.apple.keylayout.Swedish-Pro,"[[24, []], [49, []]]"
¨,com.apple.keylayout.Swedish-Pro,"[[30, []], [49, []]]"
`,com.apple.keylayout.Swedish-Pro,"[[24, [""shift""]], [49, []]]"
^,com.apple.keylayout.Swedish-Pro,"[[30, [""shift""]], [49, []]]"
~,com.apple.keylayout.Swedish-Pro,"[[30, [""option""]], [49, []]]"
Á,com.apple.keylayout.Swedish-Pro,"[[24, []], [0, [""shift""]]]"
Ä,com.apple.keylayout.Swedish-Pro,"[[30, []], [0, [""shift""]]]"
À,com.apple.keylayout.Swedish-Pro,"[[24, [""shift""]], [0, [""shift""]]]"
Â,com.apple.keylayout.Swedish-Pro,"[[30, [""shift""]], [0, [""shift""]]]"
Ã,com.apple.keylayout.Swedish-Pro,"[[30, [""option""]], [0, [""shift""]]]"
É,com.apple.keylayout.Swedish-Pro,"[[24, []], [14, [""shift""]]]"
Ë,com.apple.keylayout.Swedish-Pro,"[[30, []], [14, [""shift""]]]"
È,com.apple.keylayout.Swedish-Pro,"[[24, [""shift""]], [14, [""shift""]]]"
Ê,com.apple.keylayout.Swedish-Pro,"[[30, [""shift""]], [14, [""shift""]]]"
Í,com.apple.keylayout.Swedish-Pro,"[[24, []], [34, [""shift""]]]"
Ï,com.apple.keylayout.Swedish-Pro,"[[30, []], [34, [""shift""]]]"
Ì,com.apple.keylayout.Swedish-Pro,"[[24, [""shift""]], [34, [""shift""]]]"
Î,com.apple.keylayout.Swedish-Pro,"[[30, [""shift""]], [34, [""shift""]]]"
Ñ,com.apple.keylayout.Swedish-Pro,"[[30, [""option""]], [45, [""shift""]]]"
Ó,com.apple.keylayout.Swedish-Pro,"[[24, []], [31, [""shift""]]]"
Ö,com.apple.keylayout.Swedish-Pro,"[[30, []], [31, [""shift""]]]"
Ò,com.apple.keylayout.Swedish-Pro,"[[24, [""shift""]], [31, [""shift""]]]"
Ô,com.apple.keylayout.Swedish-Pro,"[[30, [""shift""]], [31, [""shift""]]]"
Õ,com.apple.keylayout.Swedish-Pro,"[[30, [""option""]], [31, [""shift""]]]"
Ú,com.apple.keylayout.Swedish-Pro,"[[24, []], [32, [""shift""]]]"
Ü,com.apple.keylayout.Swedish-Pro,"[[30, []], [32, [""shift""]]]"
Ù,com.apple.keylayout.Swedish-Pro,"[[24, [""shift""]], [32, [""shift""]]]"
Û,com.apple.keylayout.Swedish-Pro,"[[30, [""shift""]], [32, [""shift""]]]"
Ÿ,com.apple.keylayout.Swedish-Pro,"[[30, []], [16, [""shift""]]]"
á,com.apple.keylayout.Swedish-Pro,"[[24, []], [0, []]]"
ä,com.apple.keylayout.Swedish-Pro,"[[30, []], [0, []]]"
à,com.apple.keylayout.Swedish-Pro,"[[24, [""shift""]], [0, []]]"
â,com.apple.keylayout.Swedish-Pro,"[[30, [""shift""]], [0, []]]"
ã,com.apple.keylayout.Swedish-Pro,"[[30, [""option""]], [0, []]]"
é,com.apple.keylayout.Swedish-Pro,"[[24, []], [14, []]]"
ë,com.apple.keylayout.Swedish-Pro,"[[30, []], [14, []]]"
è,com.apple.keylayout.Swedish-Pro,"[[24, [""shift""]], [14, []]]"
ê,com.apple.keylayout.Swedish-Pro,"[[30, [""shift""]], [14, []]]"
í,com.apple.keylayout.Swedish-Pro,"[[24, []], [34, []]]"
ï,com.apple.keylayout.Swedish-Pro,"[[30, []], [34, []]]"
ì,com.apple.keylayout.Swedish-Pro,"[[24, [""shift""]], [34, []]]"
î,com.apple.keylayout.Swedish-Pro,"[[30, [""shift""]], [34, []]]"
ñ,com.apple.keylayout.Swedish-Pro,"[[30, [""option""]], [45, []]]"
ó,com.apple.keylayout.Swedish-Pro,"[[24, []], [31, []]]"
ö,com.apple.keylayout.Swedish-Pro,"[[30, []], [31, []]]"
ò,com.apple.keylayout.Swedish-Pro,"[[24, [""shift""]], [31, []]]"
ô,com.apple.keylayout.Swedish-Pro,"[[30, [""shift""]], [31, []]]"
õ,com.apple.keylayout.Swedish-Pro,"[[30, [""option""]], [31, []]]"
ú,com.apple.keylayout.Swedish-Pro,"[[24, []], [32, []]]"
ü,com.apple.keylayout.Swedish-Pro,"[[30, []], [32, []]]"
ù,com.apple.keylayout.Swedish-Pro,"[[24, [""shift""]], [32, []]]"
û,com.apple.keylayout.Swedish-Pro,"[[30, [""shift""]], [32, []]]"
ÿ,com.apple.keylayout.Swedish-Pro,"[[30, []], [16, []]]"
´,com.apple.keylayout.Inuktitut-Nutaaq,"[[14, [""option""]], [49, []]]"
˘,com.apple.keylayout.Inuktitut-Nutaaq,"[[11, [""option""]], [49, []]]"
ˇ,com.apple.keylayout.Inuktitut-Nutaaq,"[[9, [""option""]], [49, []]]"
¸,com.apple.keylayout.Inuktitut-Nutaaq,"[[8, [""option""]], [49, []]]"
ˆ,com.apple.keylayout.Inuktitut-Nutaaq,"[[22, [""option""]], [49, []]]"
‸,com.apple.keylayout.Inuktitut-Nutaaq,"[[5, [""option"", ""shift""]], [49, []]]"
",",com.apple.keylayout.Inuktitut-Nutaaq,"[[35, [""option""]], [49, []]]"
¨,com.apple.keylayout.Inuktitut-Nutaaq,"[[32, [""option""]], [49, []]]"
˙,com.apple.keylayout.Inuktitut-Nutaaq,"[[13, [""option""]], [49, []]]"
.,com.apple.keylayout.Inuktitut-Nutaaq,"[[7, [""option""]], [49, []]]"
˝,com.apple.keylayout.Inuktitut-Nutaaq,"[[38, [""option""]], [49, []]]"
 ̏,com.apple.keylayout.Inuktitut-Nutaaq,"[[16, [""option"", ""shift""]], [49, []]]"
`,com.apple.keylayout.Inuktitut-Nutaaq,"[[50, [""option""]], [49, []]]"
ˀ,com.apple.keylayout.Inuktitut-Nutaaq,"[[6, [""option""]], [49, []]]"
ʔ,com.apple.keylayout.Inuktitut-Nutaaq,"[[47, [""option"", ""shift""]], [49, []]]"
ʼ,com.apple.keylayout.Inuktitut-Nutaaq,"[[34, [""option""]], [49, []]]"
 ̑,com.apple.keylayout.Inuktitut-Nutaaq,"[[1, [""option"", ""shift""]], [49, []]]"
¯,com.apple.keylayout.Inuktitut-Nutaaq,"[[0, [""option""]], [49, []]]"
ˍ,com.apple.keylayout.Inuktitut-Nutaaq,"[[4, [""option""]], [49, []]]"
˛,com.apple.keylayout.Inuktitut-Nutaaq,"[[46, [""option""]], [49, []]]"
˚,com.apple.keylayout.Inuktitut-Nutaaq,"[[40, [""option""]], [49, []]]"
№,com.apple.keylayout.Inuktitut-Nutaaq,"[[41, [""option"", ""shift""]], [49, []]]"
-,com.apple.keylayout.Inuktitut-Nutaaq,"[[37, [""option""]], [49, []]]"
˜,com.apple.keylayout.Inuktitut-Nutaaq,"[[45, [""option""]], [49, []]]"
 ̰,com.apple.keylayout.Inuktitut-Nutaaq,"[[3, [""option"", ""shift""]], [49, []]]"
ʺ,com.apple.keylayout.Inuktitut-Nutaaq,"[[41, [""option"", ""shift""]], [39, [""shift""]]]"
Ɛ,com.apple.keylayout.Inuktitut-Nutaaq,"[[41, [""option"", ""shift""]], [20, [""shift""]]]"
Ƽ,com.apple.keylayout.Inuktitut-Nutaaq,"[[41, [""option"", ""shift""]], [23, [""shift""]]]"
ʹ,com.apple.keylayout.Inuktitut-Nutaaq,"[[41, [""option"", ""shift""]], [39, []]]"
Ȣ,com.apple.keylayout.Inuktitut-Nutaaq,"[[41, [""option"", ""shift""]], [28, [""shift""]]]"
ƨ,com.apple.keylayout.Inuktitut-Nutaaq,"[[41, [""option"", ""shift""]], [19, []]]"
ɛ,com.apple.keylayout.Inuktitut-Nutaaq,"[[41, [""option"", ""shift""]], [20, []]]"
ƽ,com.apple.keylayout.Inuktitut-Nutaaq,"[[41, [""option"", ""shift""]], [23, []]]"
ƅ,com.apple.keylayout.Inuktitut-Nutaaq,"[[41, [""option"", ""shift""]], [22, []]]"
⁊,com.apple.keylayout.Inuktitut-Nutaaq,"[[41, [""option"", ""shift""]], [26, []]]"
ȣ,com.apple.keylayout.Inuktitut-Nutaaq,"[[41, [""option"", ""shift""]], [28, []]]"
Ƨ,com.apple.keylayout.Inuktitut-Nutaaq,"[[41, [""option"", ""shift""]], [19, [""shift""]]]"
Á,com.apple.keylayout.Inuktitut-Nutaaq,"[[14, [""option""]], [0, [""shift""]]]"
Ă,com.apple.keylayout.Inuktitut-Nutaaq,"[[11, [""option""]], [0, [""shift""]]]"
Ǎ,com.apple.keylayout.Inuktitut-Nutaaq,"[[9, [""option""]], [0, [""shift""]]]"
Â,com.apple.keylayout.Inuktitut-Nutaaq,"[[22, [""option""]], [0, [""shift""]]]"
Ä,com.apple.keylayout.Inuktitut-Nutaaq,"[[32, [""option""]], [0, [""shift""]]]"
Ȧ,com.apple.keylayout.Inuktitut-Nutaaq,"[[13, [""option""]], [0, [""shift""]]]"
Ạ,com.apple.keylayout.Inuktitut-Nutaaq,"[[7, [""option""]], [0, [""shift""]]]"
Ȁ,com.apple.keylayout.Inuktitut-Nutaaq,"[[16, [""option"", ""shift""]], [0, [""shift""]]]"
À,com.apple.keylayout.Inuktitut-Nutaaq,"[[50, [""option""]], [0, [""shift""]]]"
Ả,com.apple.keylayout.Inuktitut-Nutaaq,"[[6, [""option""]], [0, [""shift""]]]"
Ȃ,com.apple.keylayout.Inuktitut-Nutaaq,"[[1, [""option"", ""shift""]], [0, [""shift""]]]"
Ā,com.apple.keylayout.Inuktitut-Nutaaq,"[[0, [""option""]], [0, [""shift""]]]"
Ą,com.apple.keylayout.Inuktitut-Nutaaq,"[[46, [""option""]], [0, [""shift""]]]"
Å,com.apple.keylayout.Inuktitut-Nutaaq,"[[40, [""option""]], [0, [""shift""]]]"
Ə,com.apple.keylayout.Inuktitut-Nutaaq,"[[41, [""option"", ""shift""]], [0, [""shift""]]]"
Ã,com.apple.keylayout.Inuktitut-Nutaaq,"[[45, [""option""]], [0, [""shift""]]]"
Ḃ,com.apple.keylayout.Inuktitut-Nutaaq,"[[13, [""option""]], [11, [""shift""]]]"
Ḅ,com.apple.keylayout.Inuktitut-Nutaaq,"[[7, [""option""]], [11, [""shift""]]]"
Ɓ,com.apple.keylayout.Inuktitut-Nutaaq,"[[47, [""option"", ""shift""]], [11, [""shift""]]]"
Ḇ,com.apple.keylayout.Inuktitut-Nutaaq,"[[4, [""option""]], [11, [""shift""]]]"
Ć,com.apple.keylayout.Inuktitut-Nutaaq,"[[14, [""option""]], [8, [""shift""]]]"
Č,com.apple.keylayout.Inuktitut-Nutaaq,"[[9, [""option""]], [8, [""shift""]]]"
Ç,com.apple.keylayout.Inuktitut-Nutaaq,"[[8, [""option""]], [8, [""shift""]]]"
Ĉ,com.apple.keylayout.Inuktitut-Nutaaq,"[[22, [""option""]], [8, [""shift""]]]"
Ċ,com.apple.keylayout.Inuktitut-Nutaaq,"[[13, [""option""]], [8, [""shift""]]]"
Ƈ,com.apple.keylayout.Inuktitut-Nutaaq,"[[47, [""option"", ""shift""]], [8, [""shift""]]]"
Ɔ,com.apple.keylayout.Inuktitut-Nutaaq,"[[41, [""option"", ""shift""]], [8, [""shift""]]]"
Ď,com.apple.keylayout.Inuktitut-Nutaaq,"[[9, [""option""]], [2, [""shift""]]]"
Ḑ,com.apple.keylayout.Inuktitut-Nutaaq,"[[8, [""option""]], [2, [""shift""]]]"
Ḓ,com.apple.keylayout.Inuktitut-Nutaaq,"[[5, [""option"", ""shift""]], [2, [""shift""]]]"
Ḋ,com.apple.keylayout.Inuktitut-Nutaaq,"[[13, [""option""]], [2, [""shift""]]]"
Ḍ,com.apple.keylayout.Inuktitut-Nutaaq,"[[7, [""option""]], [2, [""shift""]]]"
Ɗ,com.apple.keylayout.Inuktitut-Nutaaq,"[[47, [""option"", ""shift""]], [2, [""shift""]]]"
Ḏ,com.apple.keylayout.Inuktitut-Nutaaq,"[[4, [""option""]], [2, [""shift""]]]"
Đ,com.apple.keylayout.Inuktitut-Nutaaq,"[[37, [""option""]], [2, [""shift""]]]"
É,com.apple.keylayout.Inuktitut-Nutaaq,"[[14, [""option""]], [14, [""shift""]]]"
Ĕ,com.apple.keylayout.Inuktitut-Nutaaq,"[[11, [""option""]], [14, [""shift""]]]"
Ě,com.apple.keylayout.Inuktitut-Nutaaq,"[[9, [""option""]], [14, [""shift""]]]"
Ȩ,com.apple.keylayout.Inuktitut-Nutaaq,"[[8, [""option""]], [14, [""shift""]]]"
Ê,com.apple.keylayout.Inuktitut-Nutaaq,"[[22, [""option""]], [14, [""shift""]]]"
Ḙ,com.apple.keylayout.Inuktitut-Nutaaq,"[[5, [""option"", ""shift""]], [14, [""shift""]]]"
Ë,com.apple.keylayout.Inuktitut-Nutaaq,"[[32, [""option""]], [14, [""shift""]]]"
Ė,com.apple.keylayout.Inuktitut-Nutaaq,"[[13, [""option""]], [14, [""shift""]]]"
Ẹ,com.apple.keylayout.Inuktitut-Nutaaq,"[[7, [""option""]], [14, [""shift""]]]"
Ȅ,com.apple.keylayout.Inuktitut-Nutaaq,"[[16, [""option"", ""shift""]], [14, [""shift""]]]"
È,com.apple.keylayout.Inuktitut-Nutaaq,"[[50, [""option""]], [14, [""shift""]]]"
Ẻ,com.apple.keylayout.Inuktitut-Nutaaq,"[[6, [""option""]], [14, [""shift""]]]"
Ȇ,com.apple.keylayout.Inuktitut-Nutaaq,"[[1, [""option"", ""shift""]], [14, [""shift""]]]"
Ē,com.apple.keylayout.Inuktitut-Nutaaq,"[[0, [""option""]], [14, [""shift""]]]"
Ę,com.apple.keylayout.Inuktitut-Nutaaq,"[[46, [""option""]], [14, [""shift""]]]"
E̊,com.apple.keylayout.Inuktitut-Nutaaq,"[[40, [""option""]], [14, [""shift""]]]"
Ǝ,com.apple.keylayout.Inuktitut-Nutaaq,"[[41, [""option"", ""shift""]], [14, [""shift""]]]"
Ẽ,com.apple.keylayout.Inuktitut-Nutaaq,"[[45, [""option""]], [14, [""shift""]]]"
Ḛ,com.apple.keylayout.Inuktitut-Nutaaq,"[[3, [""option"", ""shift""]], [14, [""shift""]]]"
Ḟ,com.apple.keylayout.Inuktitut-Nutaaq,"[[13, [""option""]], [3, [""shift""]]]"
Ƒ,com.apple.keylayout.Inuktitut-Nutaaq,"[[47, [""option"", ""shift""]], [3, [""shift""]]]"
Ǵ,com.apple.keylayout.Inuktitut-Nutaaq,"[[14, [""option""]], [5, [""shift""]]]"
Ğ,com.apple.keylayout.Inuktitut-Nutaaq,"[[11, [""option""]], [5, [""shift""]]]"
Ǧ,com.apple.keylayout.Inuktitut-Nutaaq,"[[9, [""option""]], [5, [""shift""]]]"
Ģ,com.apple.keylayout.Inuktitut-Nutaaq,"[[8, [""option""]], [5, [""shift""]]]"
Ĝ,com.apple.keylayout.Inuktitut-Nutaaq,"[[22, [""option""]], [5, [""shift""]]]"
Ġ,com.apple.keylayout.Inuktitut-Nutaaq,"[[13, [""option""]], [5, [""shift""]]]"
Ɠ,com.apple.keylayout.Inuktitut-Nutaaq,"[[47, [""option"", ""shift""]], [5, [""shift""]]]"
Ḡ,com.apple.keylayout.Inuktitut-Nutaaq,"[[0, [""option""]], [5, [""shift""]]]"
Ɣ,com.apple.keylayout.Inuktitut-Nutaaq,"[[41, [""option"", ""shift""]], [5, [""shift""]]]"
Ǥ,com.apple.keylayout.Inuktitut-Nutaaq,"[[37, [""option""]], [5, [""shift""]]]"
Ḫ,com.apple.keylayout.Inuktitut-Nutaaq,"[[11, [""option""]], [4, [""shift""]]]"
Ȟ,com.apple.keylayout.Inuktitut-Nutaaq,"[[9, [""option""]], [4, [""shift""]]]"
Ḩ,com.apple.keylayout.Inuktitut-Nutaaq,"[[8, [""option""]], [4, [""shift""]]]"
Ĥ,com.apple.keylayout.Inuktitut-Nutaaq,"[[22, [""option""]], [4, [""shift""]]]"
Ḧ,com.apple.keylayout.Inuktitut-Nutaaq,"[[32, [""option""]], [4, [""shift""]]]"
Ḣ,com.apple.keylayout.Inuktitut-Nutaaq,"[[13, [""option""]], [4, [""shift""]]]"
Ḥ,com.apple.keylayout.Inuktitut-Nutaaq,"[[7, [""option""]], [4, [""shift""]]]"
H̱,com.apple.keylayout.Inuktitut-Nutaaq,"[[4, [""option""]], [4, [""shift""]]]"
Ƕ,com.apple.keylayout.Inuktitut-Nutaaq,"[[41, [""option"", ""shift""]], [4, [""shift""]]]"
Ħ,com.apple.keylayout.Inuktitut-Nutaaq,"[[37, [""option""]], [4, [""shift""]]]"
Í,com.apple.keylayout.Inuktitut-Nutaaq,"[[14, [""option""]], [34, [""shift""]]]"
Ĭ,com.apple.keylayout.Inuktitut-Nutaaq,"[[11, [""option""]], [34, [""shift""]]]"
Ǐ,com.apple.keylayout.Inuktitut-Nutaaq,"[[9, [""option""]], [34, [""shift""]]]"
Î,com.apple.keylayout.Inuktitut-Nutaaq,"[[22, [""option""]], [34, [""shift""]]]"
Ï,com.apple.keylayout.Inuktitut-Nutaaq,"[[32, [""option""]], [34, [""shift""]]]"
İ,com.apple.keylayout.Inuktitut-Nutaaq,"[[13, [""option""]], [34, [""shift""]]]"
Ị,com.apple.keylayout.Inuktitut-Nutaaq,"[[7, [""option""]], [34, [""shift""]]]"
Ȉ,com.apple.keylayout.Inuktitut-Nutaaq,"[[16, [""option"", ""shift""]], [34, [""shift""]]]"
Ì,com.apple.keylayout.Inuktitut-Nutaaq,"[[50, [""option""]], [34, [""shift""]]]"
Ỉ,com.apple.keylayout.Inuktitut-Nutaaq,"[[6, [""option""]], [34, [""shift""]]]"
Ɩ,com.apple.keylayout.Inuktitut-Nutaaq,"[[47, [""option"", ""shift""]], [34, [""shift""]]]"
Ȋ,com.apple.keylayout.Inuktitut-Nutaaq,"[[1, [""option"", ""shift""]], [34, [""shift""]]]"
Ī,com.apple.keylayout.Inuktitut-Nutaaq,"[[0, [""option""]], [34, [""shift""]]]"
Į,com.apple.keylayout.Inuktitut-Nutaaq,"[[46, [""option""]], [34, [""shift""]]]"
Ɨ,com.apple.keylayout.Inuktitut-Nutaaq,"[[37, [""option""]], [34, [""shift""]]]"
Ĩ,com.apple.keylayout.Inuktitut-Nutaaq,"[[45, [""option""]], [34, [""shift""]]]"
Ḭ,com.apple.keylayout.Inuktitut-Nutaaq,"[[3, [""option"", ""shift""]], [34, [""shift""]]]"
J̌,com.apple.keylayout.Inuktitut-Nutaaq,"[[9, [""option""]], [38, [""shift""]]]"
Ĵ,com.apple.keylayout.Inuktitut-Nutaaq,"[[22, [""option""]], [38, [""shift""]]]"
Ƞ,com.apple.keylayout.Inuktitut-Nutaaq,"[[41, [""option"", ""shift""]], [38, [""shift""]]]"
Ḱ,com.apple.keylayout.Inuktitut-Nutaaq,"[[14, [""option""]], [40, [""shift""]]]"
Ǩ,com.apple.keylayout.Inuktitut-Nutaaq,"[[9, [""option""]], [40, [""shift""]]]"
Ķ,com.apple.keylayout.Inuktitut-Nutaaq,"[[8, [""option""]], [40, [""shift""]]]"
Ḳ,com.apple.keylayout.Inuktitut-Nutaaq,"[[7, [""option""]], [40, [""shift""]]]"
Ƙ,com.apple.keylayout.Inuktitut-Nutaaq,"[[47, [""option"", ""shift""]], [40, [""shift""]]]"
Ḵ,com.apple.keylayout.Inuktitut-Nutaaq,"[[4, [""option""]], [40, [""shift""]]]"
K’,com.apple.keylayout.Inuktitut-Nutaaq,"[[41, [""option"", ""shift""]], [40, [""shift""]]]"
Ĺ,com.apple.keylayout.Inuktitut-Nutaaq,"[[14, [""option""]], [37, [""shift""]]]"
Ľ,com.apple.keylayout.Inuktitut-Nutaaq,"[[9, [""option""]], [37, [""shift""]]]"
Ļ,com.apple.keylayout.Inuktitut-Nutaaq,"[[8, [""option""]], [37, [""shift""]]]"
Ḽ,com.apple.keylayout.Inuktitut-Nutaaq,"[[5, [""option"", ""shift""]], [37, [""shift""]]]"
Ḷ,com.apple.keylayout.Inuktitut-Nutaaq,"[[7, [""option""]], [37, [""shift""]]]"
Ḹ,com.apple.keylayout.Inuktitut-Nutaaq,"[[0, [""option""]], [37, [""shift""]]]"
Ḻ,com.apple.keylayout.Inuktitut-Nutaaq,"[[4, [""option""]], [37, [""shift""]]]"
Ł,com.apple.keylayout.Inuktitut-Nutaaq,"[[37, [""option""]], [37, [""shift""]]]"
Ḿ,com.apple.keylayout.Inuktitut-Nutaaq,"[[14, [""option""]], [46, [""shift""]]]"
M̂,com.apple.keylayout.Inuktitut-Nutaaq,"[[22, [""option""]], [46, [""shift""]]]"
Ṁ,com.apple.keylayout.Inuktitut-Nutaaq,"[[13, [""option""]], [46, [""shift""]]]"
Ṃ,com.apple.keylayout.Inuktitut-Nutaaq,"[[7, [""option""]], [46, [""shift""]]]"
Ɯ,com.apple.keylayout.Inuktitut-Nutaaq,"[[41, [""option"", ""shift""]], [46, [""shift""]]]"
Ń,com.apple.keylayout.Inuktitut-Nutaaq,"[[14, [""option""]], [45, [""shift""]]]"
Ň,com.apple.keylayout.Inuktitut-Nutaaq,"[[9, [""option""]], [45, [""shift""]]]"
Ņ,com.apple.keylayout.Inuktitut-Nutaaq,"[[8, [""option""]], [45, [""shift""]]]"
N̂,com.apple.keylayout.Inuktitut-Nutaaq,"[[22, [""option""]], [45, [""shift""]]]"
Ṋ,com.apple.keylayout.Inuktitut-Nutaaq,"[[5, [""option"", ""shift""]], [45, [""shift""]]]"
Ṅ,com.apple.keylayout.Inuktitut-Nutaaq,"[[13, [""option""]], [45, [""shift""]]]"
Ṇ,com.apple.keylayout.Inuktitut-Nutaaq,"[[7, [""option""]], [45, [""shift""]]]"
Ǹ,com.apple.keylayout.Inuktitut-Nutaaq,"[[50, [""option""]], [45, [""shift""]]]"
Ɲ,com.apple.keylayout.Inuktitut-Nutaaq,"[[47, [""option"", ""shift""]], [45, [""shift""]]]"
Ṉ,com.apple.keylayout.Inuktitut-Nutaaq,"[[4, [""option""]], [45, [""shift""]]]"
Ŋ,com.apple.keylayout.Inuktitut-Nutaaq,"[[41, [""option"", ""shift""]], [45, [""shift""]]]"
Ñ,com.apple.keylayout.Inuktitut-Nutaaq,"[[45, [""option""]], [45, [""shift""]]]"
Ó,com.apple.keylayout.Inuktitut-Nutaaq,"[[14, [""option""]], [31, [""shift""]]]"
Ŏ,com.apple.keylayout.Inuktitut-Nutaaq,"[[11, [""option""]], [31, [""shift""]]]"
Ǒ,com.apple.keylayout.Inuktitut-Nutaaq,"[[9, [""option""]], [31, [""shift""]]]"
Ô,com.apple.keylayout.Inuktitut-Nutaaq,"[[22, [""option""]], [31, [""shift""]]]"
Ö,com.apple.keylayout.Inuktitut-Nutaaq,"[[32, [""option""]], [31, [""shift""]]]"
Ȯ,com.apple.keylayout.Inuktitut-Nutaaq,"[[13, [""option""]], [31, [""shift""]]]"
Ọ,com.apple.keylayout.Inuktitut-Nutaaq,"[[7, [""option""]], [31, [""shift""]]]"
Ő,com.apple.keylayout.Inuktitut-Nutaaq,"[[38, [""option""]], [31, [""shift""]]]"
Ȍ,com.apple.keylayout.Inuktitut-Nutaaq,"[[16, [""option"", ""shift""]], [31, [""shift""]]]"
Ò,com.apple.keylayout.Inuktitut-Nutaaq,"[[50, [""option""]], [31, [""shift""]]]"
Ỏ,com.apple.keylayout.Inuktitut-Nutaaq,"[[6, [""option""]], [31, [""shift""]]]"
Ơ,com.apple.keylayout.Inuktitut-Nutaaq,"[[34, [""option""]], [31, [""shift""]]]"
Ȏ,com.apple.keylayout.Inuktitut-Nutaaq,"[[1, [""option"", ""shift""]], [31, [""shift""]]]"
Ō,com.apple.keylayout.Inuktitut-Nutaaq,"[[0, [""option""]], [31, [""shift""]]]"
Ǫ,com.apple.keylayout.Inuktitut-Nutaaq,"[[46, [""option""]], [31, [""shift""]]]"
O̊,com.apple.keylayout.Inuktitut-Nutaaq,"[[40, [""option""]], [31, [""shift""]]]"
Ɵ,com.apple.keylayout.Inuktitut-Nutaaq,"[[37, [""option""]], [31, [""shift""]]]"
Õ,com.apple.keylayout.Inuktitut-Nutaaq,"[[45, [""option""]], [31, [""shift""]]]"
Ṕ,com.apple.keylayout.Inuktitut-Nutaaq,"[[14, [""option""]], [35, [""shift""]]]"
Ṗ,com.apple.keylayout.Inuktitut-Nutaaq,"[[13, [""option""]], [35, [""shift""]]]"
Ƥ,com.apple.keylayout.Inuktitut-Nutaaq,"[[47, [""option"", ""shift""]], [35, [""shift""]]]"
Ƣ,com.apple.keylayout.Inuktitut-Nutaaq,"[[41, [""option"", ""shift""]], [12, [""shift""]]]"
Ŕ,com.apple.keylayout.Inuktitut-Nutaaq,"[[14, [""option""]], [15, [""shift""]]]"
Ř,com.apple.keylayout.Inuktitut-Nutaaq,"[[9, [""option""]], [15, [""shift""]]]"
Ŗ,com.apple.keylayout.Inuktitut-Nutaaq,"[[8, [""option""]], [15, [""shift""]]]"
Ṙ,com.apple.keylayout.Inuktitut-Nutaaq,"[[13, [""option""]], [15, [""shift""]]]"
Ṛ,com.apple.keylayout.Inuktitut-Nutaaq,"[[7, [""option""]], [15, [""shift""]]]"
Ȑ,com.apple.keylayout.Inuktitut-Nutaaq,"[[16, [""option"", ""shift""]], [15, [""shift""]]]"
Ʈ,com.apple.keylayout.Inuktitut-Nutaaq,"[[47, [""option"", ""shift""]], [15, [""shift""]]]"
Ȓ,com.apple.keylayout.Inuktitut-Nutaaq,"[[1, [""option"", ""shift""]], [15, [""shift""]]]"
Ṝ,com.apple.keylayout.Inuktitut-Nutaaq,"[[0, [""option""]], [15, [""shift""]]]"
Ṟ,com.apple.keylayout.Inuktitut-Nutaaq,"[[4, [""option""]], [15, [""shift""]]]"
Ʀ,com.apple.keylayout.Inuktitut-Nutaaq,"[[41, [""option"", ""shift""]], [15, [""shift""]]]"
Ś,com.apple.keylayout.Inuktitut-Nutaaq,"[[14, [""option""]], [1, [""shift""]]]"
Š,com.apple.keylayout.Inuktitut-Nutaaq,"[[9, [""option""]], [1, [""shift""]]]"
Ş,com.apple.keylayout.Inuktitut-Nutaaq,"[[8, [""option""]], [1, [""shift""]]]"
Ŝ,com.apple.keylayout.Inuktitut-Nutaaq,"[[22, [""option""]], [1, [""shift""]]]"
Ș,com.apple.keylayout.Inuktitut-Nutaaq,"[[35, [""option""]], [1, [""shift""]]]"
Ṡ,com.apple.keylayout.Inuktitut-Nutaaq,"[[13, [""option""]], [1, [""shift""]]]"
Ṣ,com.apple.keylayout.Inuktitut-Nutaaq,"[[7, [""option""]], [1, [""shift""]]]"
Ʃ,com.apple.keylayout.Inuktitut-Nutaaq,"[[47, [""option"", ""shift""]], [1, [""shift""]]]"
S̄,com.apple.keylayout.Inuktitut-Nutaaq,"[[0, [""option""]], [1, [""shift""]]]"
Ť,com.apple.keylayout.Inuktitut-Nutaaq,"[[9, [""option""]], [17, [""shift""]]]"
Ţ,com.apple.keylayout.Inuktitut-Nutaaq,"[[8, [""option""]], [17, [""shift""]]]"
Ṱ,com.apple.keylayout.Inuktitut-Nutaaq,"[[5, [""option"", ""shift""]], [17, [""shift""]]]"
Ț,com.apple.keylayout.Inuktitut-Nutaaq,"[[35, [""option""]], [17, [""shift""]]]"
T̈,com.apple.keylayout.Inuktitut-Nutaaq,"[[32, [""option""]], [17, [""shift""]]]"
Ṫ,com.apple.keylayout.Inuktitut-Nutaaq,"[[13, [""option""]], [17, [""shift""]]]"
Ṭ,com.apple.keylayout.Inuktitut-Nutaaq,"[[7, [""option""]], [17, [""shift""]]]"
Ƭ,com.apple.keylayout.Inuktitut-Nutaaq,"[[47, [""option"", ""shift""]], [17, [""shift""]]]"
Ṯ,com.apple.keylayout.Inuktitut-Nutaaq,"[[4, [""option""]], [17, [""shift""]]]"
Ŧ,com.apple.keylayout.Inuktitut-Nutaaq,"[[37, [""option""]], [17, [""shift""]]]"
Ú,com.apple.keylayout.Inuktitut-Nutaaq,"[[14, [""option""]], [32, [""shift""]]]"
Ŭ,com.apple.keylayout.Inuktitut-Nutaaq,"[[11, [""option""]], [32, [""shift""]]]"
Ǔ,com.apple.keylayout.Inuktitut-Nutaaq,"[[9, [""option""]], [32, [""shift""]]]"
Û,com.apple.keylayout.Inuktitut-Nutaaq,"[[22, [""option""]], [32, [""shift""]]]"
Ṷ,com.apple.keylayout.Inuktitut-Nutaaq,"[[5, [""option"", ""shift""]], [32, [""shift""]]]"
Ü,com.apple.keylayout.Inuktitut-Nutaaq,"[[32, [""option""]], [32, [""shift""]]]"
Ụ,com.apple.keylayout.Inuktitut-Nutaaq,"[[7, [""option""]], [32, [""shift""]]]"
Ű,com.apple.keylayout.Inuktitut-Nutaaq,"[[38, [""option""]], [32, [""shift""]]]"
Ȕ,com.apple.keylayout.Inuktitut-Nutaaq,"[[16, [""option"", ""shift""]], [32, [""shift""]]]"
Ù,com.apple.keylayout.Inuktitut-Nutaaq,"[[50, [""option""]], [32, [""shift""]]]"
Ủ,com.apple.keylayout.Inuktitut-Nutaaq,"[[6, [""option""]], [32, [""shift""]]]"
Ʋ,com.apple.keylayout.Inuktitut-Nutaaq,"[[47, [""option"", ""shift""]], [32, [""shift""]]]"
Ư,com.apple.keylayout.Inuktitut-Nutaaq,"[[34, [""option""]], [32, [""shift""]]]"
Ȗ,com.apple.keylayout.Inuktitut-Nutaaq,"[[1, [""option"", ""shift""]], [32, [""shift""]]]"
Ū,com.apple.keylayout.Inuktitut-Nutaaq,"[[0, [""option""]], [32, [""shift""]]]"
Ų,com.apple.keylayout.Inuktitut-Nutaaq,"[[46, [""option""]], [32, [""shift""]]]"
Ů,com.apple.keylayout.Inuktitut-Nutaaq,"[[40, [""option""]], [32, [""shift""]]]"
Ʊ,com.apple.keylayout.Inuktitut-Nutaaq,"[[41, [""option"", ""shift""]], [32, [""shift""]]]"
Ũ,com.apple.keylayout.Inuktitut-Nutaaq,"[[45, [""option""]], [32, [""shift""]]]"
Ṵ,com.apple.keylayout.Inuktitut-Nutaaq,"[[3, [""option"", ""shift""]], [32, [""shift""]]]"
Ǘ,com.apple.keylayout.Inuktitut-Nutaaq,"[[14, [""option""]], [9, [""shift""]]]"
Ǚ,com.apple.keylayout.Inuktitut-Nutaaq,"[[9, [""option""]], [9, [""shift""]]]"
Ṿ,com.apple.keylayout.Inuktitut-Nutaaq,"[[7, [""option""]], [9, [""shift""]]]"
Ǜ,com.apple.keylayout.Inuktitut-Nutaaq,"[[50, [""option""]], [9, [""shift""]]]"
Ǖ,com.apple.keylayout.Inuktitut-Nutaaq,"[[0, [""option""]], [9, [""shift""]]]"
Ṽ,com.apple.keylayout.Inuktitut-Nutaaq,"[[45, [""option""]], [9, [""shift""]]]"
Ẃ,com.apple.keylayout.Inuktitut-Nutaaq,"[[14, [""option""]], [13, [""shift""]]]"
Ŵ,com.apple.keylayout.Inuktitut-Nutaaq,"[[22, [""option""]], [13, [""shift""]]]"
Ẅ,com.apple.keylayout.Inuktitut-Nutaaq,"[[32, [""option""]], [13, [""shift""]]]"
Ẇ,com.apple.keylayout.Inuktitut-Nutaaq,"[[13, [""option""]], [13, [""shift""]]]"
Ẉ,com.apple.keylayout.Inuktitut-Nutaaq,"[[7, [""option""]], [13, [""shift""]]]"
Ẁ,com.apple.keylayout.Inuktitut-Nutaaq,"[[50, [""option""]], [13, [""shift""]]]"
W̊,com.apple.keylayout.Inuktitut-Nutaaq,"[[40, [""option""]], [13, [""shift""]]]"
Ƿ,com.apple.keylayout.Inuktitut-Nutaaq,"[[41, [""option"", ""shift""]], [13, [""shift""]]]"
Ẍ,com.apple.keylayout.Inuktitut-Nutaaq,"[[32, [""option""]], [7, [""shift""]]]"
Ẋ,com.apple.keylayout.Inuktitut-Nutaaq,"[[13, [""option""]], [7, [""shift""]]]"
Ɖ,com.apple.keylayout.Inuktitut-Nutaaq,"[[47, [""option"", ""shift""]], [7, [""shift""]]]"
Ý,com.apple.keylayout.Inuktitut-Nutaaq,"[[14, [""option""]], [16, [""shift""]]]"
Ŷ,com.apple.keylayout.Inuktitut-Nutaaq,"[[22, [""option""]], [16, [""shift""]]]"
Ÿ,com.apple.keylayout.Inuktitut-Nutaaq,"[[32, [""option""]], [16, [""shift""]]]"
Ẏ,com.apple.keylayout.Inuktitut-Nutaaq,"[[13, [""option""]], [16, [""shift""]]]"
Ỵ,com.apple.keylayout.Inuktitut-Nutaaq,"[[7, [""option""]], [16, [""shift""]]]"
Ỳ,com.apple.keylayout.Inuktitut-Nutaaq,"[[50, [""option""]], [16, [""shift""]]]"
Ỷ,com.apple.keylayout.Inuktitut-Nutaaq,"[[6, [""option""]], [16, [""shift""]]]"
Ƴ,com.apple.keylayout.Inuktitut-Nutaaq,"[[47, [""option"", ""shift""]], [16, [""shift""]]]"
Ȳ,com.apple.keylayout.Inuktitut-Nutaaq,"[[0, [""option""]], [16, [""shift""]]]"
Y̊,com.apple.keylayout.Inuktitut-Nutaaq,"[[40, [""option""]], [16, [""shift""]]]"
Ȝ,com.apple.keylayout.Inuktitut-Nutaaq,"[[41, [""option"", ""shift""]], [16, [""shift""]]]"
Ỹ,com.apple.keylayout.Inuktitut-Nutaaq,"[[45, [""option""]], [16, [""shift""]]]"
Ź,com.apple.keylayout.Inuktitut-Nutaaq,"[[14, [""option""]], [6, [""shift""]]]"
Ž,com.apple.keylayout.Inuktitut-Nutaaq,"[[9, [""option""]], [6, [""shift""]]]"
Z̧,com.apple.keylayout.Inuktitut-Nutaaq,"[[8, [""option""]], [6, [""shift""]]]"
Ẑ,com.apple.keylayout.Inuktitut-Nutaaq,"[[22, [""option""]], [6, [""shift""]]]"
Ż,com.apple.keylayout.Inuktitut-Nutaaq,"[[13, [""option""]], [6, [""shift""]]]"
Ẓ,com.apple.keylayout.Inuktitut-Nutaaq,"[[7, [""option""]], [6, [""shift""]]]"
Ȥ,com.apple.keylayout.Inuktitut-Nutaaq,"[[47, [""option"", ""shift""]], [6, [""shift""]]]"
Z̄,com.apple.keylayout.Inuktitut-Nutaaq,"[[0, [""option""]], [6, [""shift""]]]"
Ẕ,com.apple.keylayout.Inuktitut-Nutaaq,"[[4, [""option""]], [6, [""shift""]]]"
Ʒ,com.apple.keylayout.Inuktitut-Nutaaq,"[[41, [""option"", ""shift""]], [6, [""shift""]]]"
Ƶ,com.apple.keylayout.Inuktitut-Nutaaq,"[[37, [""option""]], [6, [""shift""]]]"
Ƅ,com.apple.keylayout.Inuktitut-Nutaaq,"[[41, [""option"", ""shift""]], [22, [""shift""]]]"
á,com.apple.keylayout.Inuktitut-Nutaaq,"[[14, [""option""]], [0, []]]"
ă,com.apple.keylayout.Inuktitut-Nutaaq,"[[11, [""option""]], [0, []]]"
ǎ,com.apple.keylayout.Inuktitut-Nutaaq,"[[9, [""option""]], [0, []]]"
â,com.apple.keylayout.Inuktitut-Nutaaq,"[[22, [""option""]], [0, []]]"
ä,com.apple.keylayout.Inuktitut-Nutaaq,"[[32, [""option""]], [0, []]]"
ȧ,com.apple.keylayout.Inuktitut-Nutaaq,"[[13, [""option""]], [0, []]]"
ạ,com.apple.keylayout.Inuktitut-Nutaaq,"[[7, [""option""]], [0, []]]"
ȁ,com.apple.keylayout.Inuktitut-Nutaaq,"[[16, [""option"", ""shift""]], [0, []]]"
à,com.apple.keylayout.Inuktitut-Nutaaq,"[[50, [""option""]], [0, []]]"
ả,com.apple.keylayout.Inuktitut-Nutaaq,"[[6, [""option""]], [0, []]]"
ȃ,com.apple.keylayout.Inuktitut-Nutaaq,"[[1, [""option"", ""shift""]], [0, []]]"
ā,com.apple.keylayout.Inuktitut-Nutaaq,"[[0, [""option""]], [0, []]]"
ą,com.apple.keylayout.Inuktitut-Nutaaq,"[[46, [""option""]], [0, []]]"
å,com.apple.keylayout.Inuktitut-Nutaaq,"[[40, [""option""]], [0, []]]"
ə,com.apple.keylayout.Inuktitut-Nutaaq,"[[41, [""option"", ""shift""]], [0, []]]"
ã,com.apple.keylayout.Inuktitut-Nutaaq,"[[45, [""option""]], [0, []]]"
ḃ,com.apple.keylayout.Inuktitut-Nutaaq,"[[13, [""option""]], [11, []]]"
ḅ,com.apple.keylayout.Inuktitut-Nutaaq,"[[7, [""option""]], [11, []]]"
ɓ,com.apple.keylayout.Inuktitut-Nutaaq,"[[47, [""option"", ""shift""]], [11, []]]"
ḇ,com.apple.keylayout.Inuktitut-Nutaaq,"[[4, [""option""]], [11, []]]"
ƀ,com.apple.keylayout.Inuktitut-Nutaaq,"[[37, [""option""]], [11, []]]"
ć,com.apple.keylayout.Inuktitut-Nutaaq,"[[14, [""option""]], [8, []]]"
č,com.apple.keylayout.Inuktitut-Nutaaq,"[[9, [""option""]], [8, []]]"
ç,com.apple.keylayout.Inuktitut-Nutaaq,"[[8, [""option""]], [8, []]]"
ĉ,com.apple.keylayout.Inuktitut-Nutaaq,"[[22, [""option""]], [8, []]]"
ċ,com.apple.keylayout.Inuktitut-Nutaaq,"[[13, [""option""]], [8, []]]"
ƈ,com.apple.keylayout.Inuktitut-Nutaaq,"[[47, [""option"", ""shift""]], [8, []]]"
ɔ,com.apple.keylayout.Inuktitut-Nutaaq,"[[41, [""option"", ""shift""]], [8, []]]"
ď,com.apple.keylayout.Inuktitut-Nutaaq,"[[9, [""option""]], [2, []]]"
ḑ,com.apple.keylayout.Inuktitut-Nutaaq,"[[8, [""option""]], [2, []]]"
ḓ,com.apple.keylayout.Inuktitut-Nutaaq,"[[5, [""option"", ""shift""]], [2, []]]"
ḋ,com.apple.keylayout.Inuktitut-Nutaaq,"[[13, [""option""]], [2, []]]"
ḍ,com.apple.keylayout.Inuktitut-Nutaaq,"[[7, [""option""]], [2, []]]"
ɗ,com.apple.keylayout.Inuktitut-Nutaaq,"[[47, [""option"", ""shift""]], [2, []]]"
ḏ,com.apple.keylayout.Inuktitut-Nutaaq,"[[4, [""option""]], [2, []]]"
đ,com.apple.keylayout.Inuktitut-Nutaaq,"[[37, [""option""]], [2, []]]"
é,com.apple.keylayout.Inuktitut-Nutaaq,"[[14, [""option""]], [14, []]]"
ĕ,com.apple.keylayout.Inuktitut-Nutaaq,"[[11, [""option""]], [14, []]]"
ě,com.apple.keylayout.Inuktitut-Nutaaq,"[[9, [""option""]], [14, []]]"
ȩ,com.apple.keylayout.Inuktitut-Nutaaq,"[[8, [""option""]], [14, []]]"
ê,com.apple.keylayout.Inuktitut-Nutaaq,"[[22, [""option""]], [14, []]]"
ḙ,com.apple.keylayout.Inuktitut-Nutaaq,"[[5, [""option"", ""shift""]], [14, []]]"
ë,com.apple.keylayout.Inuktitut-Nutaaq,"[[32, [""option""]], [14, []]]"
ė,com.apple.keylayout.Inuktitut-Nutaaq,"[[13, [""option""]], [14, []]]"
ẹ,com.apple.keylayout.Inuktitut-Nutaaq,"[[7, [""option""]], [14, []]]"
ȅ,com.apple.keylayout.Inuktitut-Nutaaq,"[[16, [""option"", ""shift""]], [14, []]]"
è,com.apple.keylayout.Inuktitut-Nutaaq,"[[50, [""option""]], [14, []]]"
ẻ,com.apple.keylayout.Inuktitut-Nutaaq,"[[6, [""option""]], [14, []]]"
ȇ,com.apple.keylayout.Inuktitut-Nutaaq,"[[1, [""option"", ""shift""]], [14, []]]"
ē,com.apple.keylayout.Inuktitut-Nutaaq,"[[0, [""option""]], [14, []]]"
ę,com.apple.keylayout.Inuktitut-Nutaaq,"[[46, [""option""]], [14, []]]"
e̊,com.apple.keylayout.Inuktitut-Nutaaq,"[[40, [""option""]], [14, []]]"
ǝ,com.apple.keylayout.Inuktitut-Nutaaq,"[[41, [""option"", ""shift""]], [14, []]]"
ẽ,com.apple.keylayout.Inuktitut-Nutaaq,"[[45, [""option""]], [14, []]]"
ḛ,com.apple.keylayout.Inuktitut-Nutaaq,"[[3, [""option"", ""shift""]], [14, []]]"
ḟ,com.apple.keylayout.Inuktitut-Nutaaq,"[[13, [""option""]], [3, []]]"
ƒ,com.apple.keylayout.Inuktitut-Nutaaq,"[[47, [""option"", ""shift""]], [3, []]]"
ǵ,com.apple.keylayout.Inuktitut-Nutaaq,"[[14, [""option""]], [5, []]]"
ğ,com.apple.keylayout.Inuktitut-Nutaaq,"[[11, [""option""]], [5, []]]"
ǧ,com.apple.keylayout.Inuktitut-Nutaaq,"[[9, [""option""]], [5, []]]"
ģ,com.apple.keylayout.Inuktitut-Nutaaq,"[[8, [""option""]], [5, []]]"
ĝ,com.apple.keylayout.Inuktitut-Nutaaq,"[[22, [""option""]], [5, []]]"
ġ,com.apple.keylayout.Inuktitut-Nutaaq,"[[13, [""option""]], [5, []]]"
ɠ,com.apple.keylayout.Inuktitut-Nutaaq,"[[47, [""option"", ""shift""]], [5, []]]"
ḡ,com.apple.keylayout.Inuktitut-Nutaaq,"[[0, [""option""]], [5, []]]"
ɣ,com.apple.keylayout.Inuktitut-Nutaaq,"[[41, [""option"", ""shift""]], [5, []]]"
ǥ,com.apple.keylayout.Inuktitut-Nutaaq,"[[37, [""option""]], [5, []]]"
ḫ,com.apple.keylayout.Inuktitut-Nutaaq,"[[11, [""option""]], [4, []]]"
ȟ,com.apple.keylayout.Inuktitut-Nutaaq,"[[9, [""option""]], [4, []]]"
ḩ,com.apple.keylayout.Inuktitut-Nutaaq,"[[8, [""option""]], [4, []]]"
ĥ,com.apple.keylayout.Inuktitut-Nutaaq,"[[22, [""option""]], [4, []]]"
ḧ,com.apple.keylayout.Inuktitut-Nutaaq,"[[32, [""option""]], [4, []]]"
ḣ,com.apple.keylayout.Inuktitut-Nutaaq,"[[13, [""option""]], [4, []]]"
ḥ,com.apple.keylayout.Inuktitut-Nutaaq,"[[7, [""option""]], [4, []]]"
ɦ,com.apple.keylayout.Inuktitut-Nutaaq,"[[47, [""option"", ""shift""]], [4, []]]"
ẖ,com.apple.keylayout.Inuktitut-Nutaaq,"[[4, [""option""]], [4, []]]"
ƕ,com.apple.keylayout.Inuktitut-Nutaaq,"[[41, [""option"", ""shift""]], [4, []]]"
ħ,com.apple.keylayout.Inuktitut-Nutaaq,"[[37, [""option""]], [4, []]]"
í,com.apple.keylayout.Inuktitut-Nutaaq,"[[14, [""option""]], [34, []]]"
ĭ,com.apple.keylayout.Inuktitut-Nutaaq,"[[11, [""option""]], [34, []]]"
ǐ,com.apple.keylayout.Inuktitut-Nutaaq,"[[9, [""option""]], [34, []]]"
î,com.apple.keylayout.Inuktitut-Nutaaq,"[[22, [""option""]], [34, []]]"
ï,com.apple.keylayout.Inuktitut-Nutaaq,"[[32, [""option""]], [34, []]]"
ı,com.apple.keylayout.Inuktitut-Nutaaq,"[[13, [""option""]], [34, []]]"
ị,com.apple.keylayout.Inuktitut-Nutaaq,"[[7, [""option""]], [34, []]]"
ȉ,com.apple.keylayout.Inuktitut-Nutaaq,"[[16, [""option"", ""shift""]], [34, []]]"
ì,com.apple.keylayout.Inuktitut-Nutaaq,"[[50, [""option""]], [34, []]]"
ỉ,com.apple.keylayout.Inuktitut-Nutaaq,"[[6, [""option""]], [34, []]]"
ɩ,com.apple.keylayout.Inuktitut-Nutaaq,"[[47, [""option"", ""shift""]], [34, []]]"
ȋ,com.apple.keylayout.Inuktitut-Nutaaq,"[[1, [""option"", ""shift""]], [34, []]]"
ī,com.apple.keylayout.Inuktitut-Nutaaq,"[[0, [""option""]], [34, []]]"
į,com.apple.keylayout.Inuktitut-Nutaaq,"[[46, [""option""]], [34, []]]"
ɨ,com.apple.keylayout.Inuktitut-Nutaaq,"[[37, [""option""]], [34, []]]"
ĩ,com.apple.keylayout.Inuktitut-Nutaaq,"[[45, [""option""]], [34, []]]"
ḭ,com.apple.keylayout.Inuktitut-Nutaaq,"[[3, [""option"", ""shift""]], [34, []]]"
ǰ,com.apple.keylayout.Inuktitut-Nutaaq,"[[9, [""option""]], [38, []]]"
ĵ,com.apple.keylayout.Inuktitut-Nutaaq,"[[22, [""option""]], [38, []]]"
ƞ,com.apple.keylayout.Inuktitut-Nutaaq,"[[41, [""option"", ""shift""]], [38, []]]"
ḱ,com.apple.keylayout.Inuktitut-Nutaaq,"[[14, [""option""]], [40, []]]"
ǩ,com.apple.keylayout.Inuktitut-Nutaaq,"[[9, [""option""]], [40, []]]"
ķ,com.apple.keylayout.Inuktitut-Nutaaq,"[[8, [""option""]], [40, []]]"
ḳ,com.apple.keylayout.Inuktitut-Nutaaq,"[[7, [""option""]], [40, []]]"
ƙ,com.apple.keylayout.Inuktitut-Nutaaq,"[[47, [""option"", ""shift""]], [40, []]]"
ḵ,com.apple.keylayout.Inuktitut-Nutaaq,"[[4, [""option""]], [40, []]]"
ĸ,com.apple.keylayout.Inuktitut-Nutaaq,"[[41, [""option"", ""shift""]], [40, []]]"
ĺ,com.apple.keylayout.Inuktitut-Nutaaq,"[[14, [""option""]], [37, []]]"
ľ,com.apple.keylayout.Inuktitut-Nutaaq,"[[9, [""option""]], [37, []]]"
ļ,com.apple.keylayout.Inuktitut-Nutaaq,"[[8, [""option""]], [37, []]]"
ḽ,com.apple.keylayout.Inuktitut-Nutaaq,"[[5, [""option"", ""shift""]], [37, []]]"
ḷ,com.apple.keylayout.Inuktitut-Nutaaq,"[[7, [""option""]], [37, []]]"
ḹ,com.apple.keylayout.Inuktitut-Nutaaq,"[[0, [""option""]], [37, []]]"
ḻ,com.apple.keylayout.Inuktitut-Nutaaq,"[[4, [""option""]], [37, []]]"
ł,com.apple.keylayout.Inuktitut-Nutaaq,"[[37, [""option""]], [37, []]]"
ḿ,com.apple.keylayout.Inuktitut-Nutaaq,"[[14, [""option""]], [46, []]]"
m̂,com.apple.keylayout.Inuktitut-Nutaaq,"[[22, [""option""]], [46, []]]"
ṁ,com.apple.keylayout.Inuktitut-Nutaaq,"[[13, [""option""]], [46, []]]"
ṃ,com.apple.keylayout.Inuktitut-Nutaaq,"[[7, [""option""]], [46, []]]"
ɯ,com.apple.keylayout.Inuktitut-Nutaaq,"[[41, [""option"", ""shift""]], [46, []]]"
ń,com.apple.keylayout.Inuktitut-Nutaaq,"[[14, [""option""]], [45, []]]"
ň,com.apple.keylayout.Inuktitut-Nutaaq,"[[9, [""option""]], [45, []]]"
ņ,com.apple.keylayout.Inuktitut-Nutaaq,"[[8, [""option""]], [45, []]]"
n̂,com.apple.keylayout.Inuktitut-Nutaaq,"[[22, [""option""]], [45, []]]"
ṋ,com.apple.keylayout.Inuktitut-Nutaaq,"[[5, [""option"", ""shift""]], [45, []]]"
ṅ,com.apple.keylayout.Inuktitut-Nutaaq,"[[13, [""option""]], [45, []]]"
ṇ,com.apple.keylayout.Inuktitut-Nutaaq,"[[7, [""option""]], [45, []]]"
ǹ,com.apple.keylayout.Inuktitut-Nutaaq,"[[50, [""option""]], [45, []]]"
ɲ,com.apple.keylayout.Inuktitut-Nutaaq,"[[47, [""option"", ""shift""]], [45, []]]"
ṉ,com.apple.keylayout.Inuktitut-Nutaaq,"[[4, [""option""]], [45, []]]"
ŋ,com.apple.keylayout.Inuktitut-Nutaaq,"[[41, [""option"", ""shift""]], [45, []]]"
ñ,com.apple.keylayout.Inuktitut-Nutaaq,"[[45, [""option""]], [45, []]]"
ó,com.apple.keylayout.Inuktitut-Nutaaq,"[[14, [""option""]], [31, []]]"
ŏ,com.apple.keylayout.Inuktitut-Nutaaq,"[[11, [""option""]], [31, []]]"
ǒ,com.apple.keylayout.Inuktitut-Nutaaq,"[[9, [""option""]], [31, []]]"
ô,com.apple.keylayout.Inuktitut-Nutaaq,"[[22, [""option""]], [31, []]]"
ö,com.apple.keylayout.Inuktitut-Nutaaq,"[[32, [""option""]], [31, []]]"
ȯ,com.apple.keylayout.Inuktitut-Nutaaq,"[[13, [""option""]], [31, []]]"
ọ,com.apple.keylayout.Inuktitut-Nutaaq,"[[7, [""option""]], [31, []]]"
ő,com.apple.keylayout.Inuktitut-Nutaaq,"[[38, [""option""]], [31, []]]"
ȍ,com.apple.keylayout.Inuktitut-Nutaaq,"[[16, [""option"", ""shift""]], [31, []]]"
ò,com.apple.keylayout.Inuktitut-Nutaaq,"[[50, [""option""]], [31, []]]"
ỏ,com.apple.keylayout.Inuktitut-Nutaaq,"[[6, [""option""]], [31, []]]"
ơ,com.apple.keylayout.Inuktitut-Nutaaq,"[[34, [""option""]], [31, []]]"
ȏ,com.apple.keylayout.Inuktitut-Nutaaq,"[[1, [""option"", ""shift""]], [31, []]]"
ō,com.apple.keylayout.Inuktitut-Nutaaq,"[[0, [""option""]], [31, []]]"
ǫ,com.apple.keylayout.Inuktitut-Nutaaq,"[[46, [""option""]], [31, []]]"
o̊,com.apple.keylayout.Inuktitut-Nutaaq,"[[40, [""option""]], [31, []]]"
ɵ,com.apple.keylayout.Inuktitut-Nutaaq,"[[37, [""option""]], [31, []]]"
õ,com.apple.keylayout.Inuktitut-Nutaaq,"[[45, [""option""]], [31, []]]"
ṕ,com.apple.keylayout.Inuktitut-Nutaaq,"[[14, [""option""]], [35, []]]"
ṗ,com.apple.keylayout.Inuktitut-Nutaaq,"[[13, [""option""]], [35, []]]"
ƥ,com.apple.keylayout.Inuktitut-Nutaaq,"[[47, [""option"", ""shift""]], [35, []]]"
ʠ,com.apple.keylayout.Inuktitut-Nutaaq,"[[47, [""option"", ""shift""]], [12, []]]"
ƣ,com.apple.keylayout.Inuktitut-Nutaaq,"[[41, [""option"", ""shift""]], [12, []]]"
ŕ,com.apple.keylayout.Inuktitut-Nutaaq,"[[14, [""option""]], [15, []]]"
ř,com.apple.keylayout.Inuktitut-Nutaaq,"[[9, [""option""]], [15, []]]"
ŗ,com.apple.keylayout.Inuktitut-Nutaaq,"[[8, [""option""]], [15, []]]"
ṙ,com.apple.keylayout.Inuktitut-Nutaaq,"[[13, [""option""]], [15, []]]"
ṛ,com.apple.keylayout.Inuktitut-Nutaaq,"[[7, [""option""]], [15, []]]"
ȑ,com.apple.keylayout.Inuktitut-Nutaaq,"[[16, [""option"", ""shift""]], [15, []]]"
ʈ,com.apple.keylayout.Inuktitut-Nutaaq,"[[47, [""option"", ""shift""]], [15, []]]"
ȓ,com.apple.keylayout.Inuktitut-Nutaaq,"[[1, [""option"", ""shift""]], [15, []]]"
ṝ,com.apple.keylayout.Inuktitut-Nutaaq,"[[0, [""option""]], [15, []]]"
ṟ,com.apple.keylayout.Inuktitut-Nutaaq,"[[4, [""option""]], [15, []]]"
ʀ,com.apple.keylayout.Inuktitut-Nutaaq,"[[41, [""option"", ""shift""]], [15, []]]"
ś,com.apple.keylayout.Inuktitut-Nutaaq,"[[14, [""option""]], [1, []]]"
š,com.apple.keylayout.Inuktitut-Nutaaq,"[[9, [""option""]], [1, []]]"
ş,com.apple.keylayout.Inuktitut-Nutaaq,"[[8, [""option""]], [1, []]]"
ŝ,com.apple.keylayout.Inuktitut-Nutaaq,"[[22, [""option""]], [1, []]]"
ș,com.apple.keylayout.Inuktitut-Nutaaq,"[[35, [""option""]], [1, []]]"
ṡ,com.apple.keylayout.Inuktitut-Nutaaq,"[[13, [""option""]], [1, []]]"
ṣ,com.apple.keylayout.Inuktitut-Nutaaq,"[[7, [""option""]], [1, []]]"
ʃ,com.apple.keylayout.Inuktitut-Nutaaq,"[[47, [""option"", ""shift""]], [1, []]]"
s̄,com.apple.keylayout.Inuktitut-Nutaaq,"[[0, [""option""]], [1, []]]"
ſ,com.apple.keylayout.Inuktitut-Nutaaq,"[[41, [""option"", ""shift""]], [1, []]]"
ť,com.apple.keylayout.Inuktitut-Nutaaq,"[[9, [""option""]], [17, []]]"
ţ,com.apple.keylayout.Inuktitut-Nutaaq,"[[8, [""option""]], [17, []]]"
ṱ,com.apple.keylayout.Inuktitut-Nutaaq,"[[5, [""option"", ""shift""]], [17, []]]"
ț,com.apple.keylayout.Inuktitut-Nutaaq,"[[35, [""option""]], [17, []]]"
ẗ,com.apple.keylayout.Inuktitut-Nutaaq,"[[32, [""option""]], [17, []]]"
ṫ,com.apple.keylayout.Inuktitut-Nutaaq,"[[13, [""option""]], [17, []]]"
ṭ,com.apple.keylayout.Inuktitut-Nutaaq,"[[7, [""option""]], [17, []]]"
ƭ,com.apple.keylayout.Inuktitut-Nutaaq,"[[47, [""option"", ""shift""]], [17, []]]"
ṯ,com.apple.keylayout.Inuktitut-Nutaaq,"[[4, [""option""]], [17, []]]"
ŧ,com.apple.keylayout.Inuktitut-Nutaaq,"[[37, [""option""]], [17, []]]"
ú,com.apple.keylayout.Inuktitut-Nutaaq,"[[14, [""option""]], [32, []]]"
ŭ,com.apple.keylayout.Inuktitut-Nutaaq,"[[11, [""option""]], [32, []]]"
ǔ,com.apple.keylayout.Inuktitut-Nutaaq,"[[9, [""option""]], [32, []]]"
û,com.apple.keylayout.Inuktitut-Nutaaq,"[[22, [""option""]], [32, []]]"
ṷ,com.apple.keylayout.Inuktitut-Nutaaq,"[[5, [""option"", ""shift""]], [32, []]]"
ü,com.apple.keylayout.Inuktitut-Nutaaq,"[[32, [""option""]], [32, []]]"
ụ,com.apple.keylayout.Inuktitut-Nutaaq,"[[7, [""option""]], [32, []]]"
ű,com.apple.keylayout.Inuktitut-Nutaaq,"[[38, [""option""]], [32, []]]"
ȕ,com.apple.keylayout.Inuktitut-Nutaaq,"[[16, [""option"", ""shift""]], [32, []]]"
ù,com.apple.keylayout.Inuktitut-Nutaaq,"[[50, [""option""]], [32, []]]"
ủ,com.apple.keylayout.Inuktitut-Nutaaq,"[[6, [""option""]], [32, []]]"
ʋ,com.apple.keylayout.Inuktitut-Nutaaq,"[[47, [""option"", ""shift""]], [32, []]]"
ư,com.apple.keylayout.Inuktitut-Nutaaq,"[[34, [""option""]], [32, []]]"
ȗ,com.apple.keylayout.Inuktitut-Nutaaq,"[[1, [""option"", ""shift""]], [32, []]]"
ū,com.apple.keylayout.Inuktitut-Nutaaq,"[[0, [""option""]], [32, []]]"
ų,com.apple.keylayout.Inuktitut-Nutaaq,"[[46, [""option""]], [32, []]]"
ů,com.apple.keylayout.Inuktitut-Nutaaq,"[[40, [""option""]], [32, []]]"
ʊ,com.apple.keylayout.Inuktitut-Nutaaq,"[[41, [""option"", ""shift""]], [32, []]]"
ʉ,com.apple.keylayout.Inuktitut-Nutaaq,"[[37, [""option""]], [32, []]]"
ũ,com.apple.keylayout.Inuktitut-Nutaaq,"[[45, [""option""]], [32, []]]"
ṵ,com.apple.keylayout.Inuktitut-Nutaaq,"[[3, [""option"", ""shift""]], [32, []]]"
ǘ,com.apple.keylayout.Inuktitut-Nutaaq,"[[14, [""option""]], [9, []]]"
ǚ,com.apple.keylayout.Inuktitut-Nutaaq,"[[9, [""option""]], [9, []]]"
ṿ,com.apple.keylayout.Inuktitut-Nutaaq,"[[7, [""option""]], [9, []]]"
ǜ,com.apple.keylayout.Inuktitut-Nutaaq,"[[50, [""option""]], [9, []]]"
ǖ,com.apple.keylayout.Inuktitut-Nutaaq,"[[0, [""option""]], [9, []]]"
ʌ,com.apple.keylayout.Inuktitut-Nutaaq,"[[41, [""option"", ""shift""]], [9, []]]"
ṽ,com.apple.keylayout.Inuktitut-Nutaaq,"[[45, [""option""]], [9, []]]"
ẃ,com.apple.keylayout.Inuktitut-Nutaaq,"[[14, [""option""]], [13, []]]"
ŵ,com.apple.keylayout.Inuktitut-Nutaaq,"[[22, [""option""]], [13, []]]"
ẅ,com.apple.keylayout.Inuktitut-Nutaaq,"[[32, [""option""]], [13, []]]"
ẇ,com.apple.keylayout.Inuktitut-Nutaaq,"[[13, [""option""]], [13, []]]"
ẉ,com.apple.keylayout.Inuktitut-Nutaaq,"[[7, [""option""]], [13, []]]"
ẁ,com.apple.keylayout.Inuktitut-Nutaaq,"[[50, [""option""]], [13, []]]"
ẘ,com.apple.keylayout.Inuktitut-Nutaaq,"[[40, [""option""]], [13, []]]"
ƿ,com.apple.keylayout.Inuktitut-Nutaaq,"[[41, [""option"", ""shift""]], [13, []]]"
ẍ,com.apple.keylayout.Inuktitut-Nutaaq,"[[32, [""option""]], [7, []]]"
ẋ,com.apple.keylayout.Inuktitut-Nutaaq,"[[13, [""option""]], [7, []]]"
ɖ,com.apple.keylayout.Inuktitut-Nutaaq,"[[47, [""option"", ""shift""]], [7, []]]"
ý,com.apple.keylayout.Inuktitut-Nutaaq,"[[14, [""option""]], [16, []]]"
ŷ,com.apple.keylayout.Inuktitut-Nutaaq,"[[22, [""option""]], [16, []]]"
ÿ,com.apple.keylayout.Inuktitut-Nutaaq,"[[32, [""option""]], [16, []]]"
ẏ,com.apple.keylayout.Inuktitut-Nutaaq,"[[13, [""option""]], [16, []]]"
ỵ,com.apple.keylayout.Inuktitut-Nutaaq,"[[7, [""option""]], [16, []]]"
ỳ,com.apple.keylayout.Inuktitut-Nutaaq,"[[50, [""option""]], [16, []]]"
ỷ,com.apple.keylayout.Inuktitut-Nutaaq,"[[6, [""option""]], [16, []]]"
ƴ,com.apple.keylayout.Inuktitut-Nutaaq,"[[47, [""option"", ""shift""]], [16, []]]"
ȳ,com.apple.keylayout.Inuktitut-Nutaaq,"[[0, [""option""]], [16, []]]"
ẙ,com.apple.keylayout.Inuktitut-Nutaaq,"[[40, [""option""]], [16, []]]"
ȝ,com.apple.keylayout.Inuktitut-Nutaaq,"[[41, [""option"", ""shift""]], [16, []]]"
ỹ,com.apple.keylayout.Inuktitut-Nutaaq,"[[45, [""option""]], [16, []]]"
ź,com.apple.keylayout.Inuktitut-Nutaaq,"[[14, [""option""]], [6, []]]"
ž,com.apple.keylayout.Inuktitut-Nutaaq,"[[9, [""option""]], [6, []]]"
z̧,com.apple.keylayout.Inuktitut-Nutaaq,"[[8, [""option""]], [6, []]]"
ẑ,com.apple.keylayout.Inuktitut-Nutaaq,"[[22, [""option""]], [6, []]]"
ż,com.apple.keylayout.Inuktitut-Nutaaq,"[[13, [""option""]], [6, []]]"
ẓ,com.apple.keylayout.Inuktitut-Nutaaq,"[[7, [""option""]], [6, []]]"
ȥ,com.apple.keylayout.Inuktitut-Nutaaq,"[[47, [""option"", ""shift""]], [6, []]]"
z̄,com.apple.keylayout.Inuktitut-Nutaaq,"[[0, [""option""]], [6, []]]"
ẕ,com.apple.keylayout.Inuktitut-Nutaaq,"[[4, [""option""]], [6, []]]"
ʒ,com.apple.keylayout.Inuktitut-Nutaaq,"[[41, [""option"", ""shift""]], [6, []]]"
ƶ,com.apple.keylayout.Inuktitut-Nutaaq,"[[37, [""option""]], [6, []]]"
Ǽ,com.apple.keylayout.Inuktitut-Nutaaq,"[[14, [""option""]], [39, [""option"", ""shift""]]]"
Ǣ,com.apple.keylayout.Inuktitut-Nutaaq,"[[0, [""option""]], [39, [""option"", ""shift""]]]"
Ǿ,com.apple.keylayout.Inuktitut-Nutaaq,"[[14, [""option""]], [31, [""option"", ""shift""]]]"
ǽ,com.apple.keylayout.Inuktitut-Nutaaq,"[[14, [""option""]], [39, [""option""]]]"
ǣ,com.apple.keylayout.Inuktitut-Nutaaq,"[[0, [""option""]], [39, [""option""]]]"
ǿ,com.apple.keylayout.Inuktitut-Nutaaq,"[[14, [""option""]], [31, [""option""]]]"
ʻ,com.apple.keylayout.Inuktitut-Nutaaq,"[[41, [""option"", ""shift""]], [30, [""option""]]]"
ʼ,com.apple.keylayout.Inuktitut-Nutaaq,"[[41, [""option"", ""shift""]], [30, [""option"", ""shift""]]]"
ʽ,com.apple.keylayout.Inuktitut-Nutaaq,"[[41, [""option"", ""shift""]], [33, [""option""]]]"
^,com.apple.keylayout.Canadian-CSA,"[[33, []], [49, []]]"
¨,com.apple.keylayout.Canadian-CSA,"[[33, [""shift""]], [49, []]]"
`,com.apple.keylayout.Canadian-CSA,"[[33, [""option""]], [49, []]]"
~,com.apple.keylayout.Canadian-CSA,"[[30, [""option"", ""shift""]], [49, []]]"
´,com.apple.keylayout.Canadian-CSA,"[[41, [""option"", ""shift""]], [49, []]]"
Â,com.apple.keylayout.Canadian-CSA,"[[33, []], [0, [""shift""]]]"
Ä,com.apple.keylayout.Canadian-CSA,"[[33, [""shift""]], [0, [""shift""]]]"
À,com.apple.keylayout.Canadian-CSA,"[[33, [""option""]], [0, [""shift""]]]"
Ã,com.apple.keylayout.Canadian-CSA,"[[30, [""option"", ""shift""]], [0, [""shift""]]]"
Á,com.apple.keylayout.Canadian-CSA,"[[41, [""option"", ""shift""]], [0, [""shift""]]]"
Ê,com.apple.keylayout.Canadian-CSA,"[[33, []], [14, [""shift""]]]"
Ë,com.apple.keylayout.Canadian-CSA,"[[33, [""shift""]], [14, [""shift""]]]"
È,com.apple.keylayout.Canadian-CSA,"[[33, [""option""]], [14, [""shift""]]]"
É,com.apple.keylayout.Canadian-CSA,"[[41, [""option"", ""shift""]], [14, [""shift""]]]"
Î,com.apple.keylayout.Canadian-CSA,"[[33, []], [34, [""shift""]]]"
Ï,com.apple.keylayout.Canadian-CSA,"[[33, [""shift""]], [34, [""shift""]]]"
Ì,com.apple.keylayout.Canadian-CSA,"[[33, [""option""]], [34, [""shift""]]]"
Í,com.apple.keylayout.Canadian-CSA,"[[41, [""option"", ""shift""]], [34, [""shift""]]]"
Ñ,com.apple.keylayout.Canadian-CSA,"[[30, [""option"", ""shift""]], [45, [""shift""]]]"
Ô,com.apple.keylayout.Canadian-CSA,"[[33, []], [31, [""shift""]]]"
Ö,com.apple.keylayout.Canadian-CSA,"[[33, [""shift""]], [31, [""shift""]]]"
Ò,com.apple.keylayout.Canadian-CSA,"[[33, [""option""]], [31, [""shift""]]]"
Õ,com.apple.keylayout.Canadian-CSA,"[[30, [""option"", ""shift""]], [31, [""shift""]]]"
Ó,com.apple.keylayout.Canadian-CSA,"[[41, [""option"", ""shift""]], [31, [""shift""]]]"
Û,com.apple.keylayout.Canadian-CSA,"[[33, []], [32, [""shift""]]]"
Ü,com.apple.keylayout.Canadian-CSA,"[[33, [""shift""]], [32, [""shift""]]]"
Ù,com.apple.keylayout.Canadian-CSA,"[[33, [""option""]], [32, [""shift""]]]"
Ú,com.apple.keylayout.Canadian-CSA,"[[41, [""option"", ""shift""]], [32, [""shift""]]]"
Ÿ,com.apple.keylayout.Canadian-CSA,"[[33, [""shift""]], [16, [""shift""]]]"
â,com.apple.keylayout.Canadian-CSA,"[[33, []], [0, []]]"
ä,com.apple.keylayout.Canadian-CSA,"[[33, [""shift""]], [0, []]]"
à,com.apple.keylayout.Canadian-CSA,"[[33, [""option""]], [0, []]]"
ã,com.apple.keylayout.Canadian-CSA,"[[30, [""option"", ""shift""]], [0, []]]"
á,com.apple.keylayout.Canadian-CSA,"[[41, [""option"", ""shift""]], [0, []]]"
ê,com.apple.keylayout.Canadian-CSA,"[[33, []], [14, []]]"
ë,com.apple.keylayout.Canadian-CSA,"[[33, [""shift""]], [14, []]]"
è,com.apple.keylayout.Canadian-CSA,"[[33, [""option""]], [14, []]]"
é,com.apple.keylayout.Canadian-CSA,"[[41, [""option"", ""shift""]], [14, []]]"
î,com.apple.keylayout.Canadian-CSA,"[[33, []], [34, []]]"
ï,com.apple.keylayout.Canadian-CSA,"[[33, [""shift""]], [34, []]]"
ì,com.apple.keylayout.Canadian-CSA,"[[33, [""option""]], [34, []]]"
í,com.apple.keylayout.Canadian-CSA,"[[41, [""option"", ""shift""]], [34, []]]"
ñ,com.apple.keylayout.Canadian-CSA,"[[30, [""option"", ""shift""]], [45, []]]"
ô,com.apple.keylayout.Canadian-CSA,"[[33, []], [31, []]]"
ö,com.apple.keylayout.Canadian-CSA,"[[33, [""shift""]], [31, []]]"
ò,com.apple.keylayout.Canadian-CSA,"[[33, [""option""]], [31, []]]"
õ,com.apple.keylayout.Canadian-CSA,"[[30, [""option"", ""shift""]], [31, []]]"
ó,com.apple.keylayout.Canadian-CSA,"[[41, [""option"", ""shift""]], [31, []]]"
û,com.apple.keylayout.Canadian-CSA,"[[33, []], [32, []]]"
ü,com.apple.keylayout.Canadian-CSA,"[[33, [""shift""]], [32, []]]"
ù,com.apple.keylayout.Canadian-CSA,"[[33, [""option""]], [32, []]]"
ú,com.apple.keylayout.Canadian-CSA,"[[41, [""option"", ""shift""]], [32, []]]"
ÿ,com.apple.keylayout.Canadian-CSA,"[[33, [""shift""]], [16, []]]"
્‍,com.apple.keylayout.Gujarati,"[[2, []], [30, []]]"
્‌,com.apple.keylayout.Gujarati,"[[2, []], [2, []]]"
>,com.apple.keylayout.Serbian,"[[50, [""shift""]], [49, []]]"
`,com.apple.keylayout.Serbian,"[[50, [""option""]], [49, []]]"
~,com.apple.keylayout.Serbian,"[[50, [""option"", ""shift""]], [49, []]]"
',com.apple.keylayout.Serbian,"[[50, [""option""]], [39, [""option""]]]"
±,com.apple.keylayout.Serbian,"[[50, [""option"", ""shift""]], [24, []]]"
…,com.apple.keylayout.Serbian,"[[50, [""option""]], [47, []]]"
÷,com.apple.keylayout.Serbian,"[[50, [""option""]], [26, [""shift""]]]"
≤,com.apple.keylayout.Serbian,"[[50, [""option"", ""shift""]], [50, []]]"
≈,com.apple.keylayout.Serbian,"[[50, [""option""]], [29, [""shift""]]]"
≠,com.apple.keylayout.Serbian,"[[50, [""option"", ""shift""]], [29, [""shift""]]]"
©,com.apple.keylayout.Serbian,"[[50, [""option"", ""shift""]], [8, [""option"", ""shift""]]]"
∆,com.apple.keylayout.Serbian,"[[50, [""option"", ""shift""]], [2, [""option"", ""shift""]]]"
Ё,com.apple.keylayout.Serbian,"[[50, [""option"", ""shift""]], [14, [""option"", ""shift""]]]"
Ї,com.apple.keylayout.Serbian,"[[50, [""option"", ""shift""]], [34, [""option"", ""shift""]]]"
Ќ,com.apple.keylayout.Serbian,"[[50, [""option"", ""shift""]], [40, [""option"", ""shift""]]]"
№,com.apple.keylayout.Serbian,"[[50, [""option"", ""shift""]], [45, [""option"", ""shift""]]]"
Є,com.apple.keylayout.Serbian,"[[50, [""option"", ""shift""]], [31, [""option"", ""shift""]]]"
®,com.apple.keylayout.Serbian,"[[50, [""option"", ""shift""]], [15, [""option"", ""shift""]]]"
√,com.apple.keylayout.Serbian,"[[50, [""option"", ""shift""]], [9, [""option"", ""shift""]]]"
Ў,com.apple.keylayout.Serbian,"[[50, [""option"", ""shift""]], [16, [""option"", ""shift""]]]"
ё,com.apple.keylayout.Serbian,"[[50, [""option""]], [14, [""option""]]]"
ƒ,com.apple.keylayout.Serbian,"[[50, [""option""]], [3, [""option""]]]"
ї,com.apple.keylayout.Serbian,"[[50, [""option""]], [34, [""option""]]]"
ј,com.apple.keylayout.Serbian,"[[50, [""option""]], [38, [""option""]]]"
ќ,com.apple.keylayout.Serbian,"[[50, [""option""]], [40, [""option""]]]"
µ,com.apple.keylayout.Serbian,"[[50, [""option""]], [46, [""option""]]]"
є,com.apple.keylayout.Serbian,"[[50, [""option""]], [31, [""option""]]]"
ґ,com.apple.keylayout.Serbian,"[[50, [""option""]], [15, [""option""]]]"
ў,com.apple.keylayout.Serbian,"[[50, [""option""]], [16, [""option""]]]"
Ь,com.apple.keylayout.Serbian,"[[50, [""shift""]], [38, [""shift""]]]"
Я,com.apple.keylayout.Serbian,"[[50, [""shift""]], [0, [""shift""]]]"
Ѓ,com.apple.keylayout.Serbian,"[[50, [""shift""]], [5, [""shift""]]]"
э,com.apple.keylayout.Serbian,"[[50, [""shift""]], [14, [""shift""]]]"
Й,com.apple.keylayout.Serbian,"[[50, [""shift""]], [34, [""shift""]]]"
Ы,com.apple.keylayout.Serbian,"[[50, [""shift""]], [31, [""shift""]]]"
ю,com.apple.keylayout.Serbian,"[[50, [""shift""]], [32, [""shift""]]]"
Ъ,com.apple.keylayout.Serbian,"[[50, [""shift""]], [4, [""shift""]]]"
Щ,com.apple.keylayout.Serbian,"[[50, [""shift""]], [33, [""shift""]]]"
¬,com.apple.keylayout.Serbian,"[[50, [""option""]], [27, [""option""]]]"
\,com.apple.keylayout.Serbian,"[[50, [""option""]], [42, [""option""]]]"
|,com.apple.keylayout.Serbian,"[[50, [""option"", ""shift""]], [27, []]]"
´,com.apple.keylayout.Danish,"[[24, []], [49, []]]"
¨,com.apple.keylayout.Danish,"[[30, []], [49, []]]"
`,com.apple.keylayout.Danish,"[[24, [""shift""]], [49, []]]"
^,com.apple.keylayout.Danish,"[[30, [""shift""]], [49, []]]"
~,com.apple.keylayout.Danish,"[[30, [""option""]], [49, []]]"
Á,com.apple.keylayout.Danish,"[[24, []], [0, [""shift""]]]"
Ä,com.apple.keylayout.Danish,"[[30, []], [0, [""shift""]]]"
À,com.apple.keylayout.Danish,"[[24, [""shift""]], [0, [""shift""]]]"
Â,com.apple.keylayout.Danish,"[[30, [""shift""]], [0, [""shift""]]]"
Ã,com.apple.keylayout.Danish,"[[30, [""option""]], [0, [""shift""]]]"
É,com.apple.keylayout.Danish,"[[24, []], [14, [""shift""]]]"
Ë,com.apple.keylayout.Danish,"[[30, []], [14, [""shift""]]]"
È,com.apple.keylayout.Danish,"[[24, [""shift""]], [14, [""shift""]]]"
Ê,com.apple.keylayout.Danish,"[[30, [""shift""]], [14, [""shift""]]]"
Í,com.apple.keylayout.Danish,"[[24, []], [34, [""shift""]]]"
Ï,com.apple.keylayout.Danish,"[[30, []], [34, [""shift""]]]"
Ì,com.apple.keylayout.Danish,"[[24, [""shift""]], [34, [""shift""]]]"
Î,com.apple.keylayout.Danish,"[[30, [""shift""]], [34, [""shift""]]]"
Ñ,com.apple.keylayout.Danish,"[[30, [""option""]], [45, [""shift""]]]"
Ó,com.apple.keylayout.Danish,"[[24, []], [31, [""shift""]]]"
Ö,com.apple.keylayout.Danish,"[[30, []], [31, [""shift""]]]"
Ò,com.apple.keylayout.Danish,"[[24, [""shift""]], [31, [""shift""]]]"
Ô,com.apple.keylayout.Danish,"[[30, [""shift""]], [31, [""shift""]]]"
Õ,com.apple.keylayout.Danish,"[[30, [""option""]], [31, [""shift""]]]"
Ú,com.apple.keylayout.Danish,"[[24, []], [32, [""shift""]]]"
Ü,com.apple.keylayout.Danish,"[[30, []], [32, [""shift""]]]"
Ù,com.apple.keylayout.Danish,"[[24, [""shift""]], [32, [""shift""]]]"
Û,com.apple.keylayout.Danish,"[[30, [""shift""]], [32, [""shift""]]]"
Ÿ,com.apple.keylayout.Danish,"[[30, []], [16, [""shift""]]]"
á,com.apple.keylayout.Danish,"[[24, []], [0, []]]"
ä,com.apple.keylayout.Danish,"[[30, []], [0, []]]"
à,com.apple.keylayout.Danish,"[[24, [""shift""]], [0, []]]"
â,com.apple.keylayout.Danish,"[[30, [""shift""]], [0, []]]"
ã,com.apple.keylayout.Danish,"[[30, [""option""]], [0, []]]"
é,com.apple.keylayout.Danish,"[[24, []], [14, []]]"
ë,com.apple.keylayout.Danish,"[[30, []], [14, []]]"
è,com.apple.keylayout.Danish,"[[24, [""shift""]], [14, []]]"
ê,com.apple.keylayout.Danish,"[[30, [""shift""]], [14, []]]"
í,com.apple.keylayout.Danish,"[[24, []], [34, []]]"
ï,com.apple.keylayout.Danish,"[[30, []], [34, []]]"
ì,com.apple.keylayout.Danish,"[[24, [""shift""]], [34, []]]"
î,com.apple.keylayout.Danish,"[[30, [""shift""]], [34, []]]"
ñ,com.apple.keylayout.Danish,"[[30, [""option""]], [45, []]]"
ó,com.apple.keylayout.Danish,"[[24, []], [31, []]]"
ö,com.apple.keylayout.Danish,"[[30, []], [31, []]]"
ò,com.apple.keylayout.Danish,"[[24, [""shift""]], [31, []]]"
ô,com.apple.keylayout.Danish,"[[30, [""shift""]], [31, []]]"
õ,com.apple.keylayout.Danish,"[[30, [""option""]], [31, []]]"
ú,com.apple.keylayout.Danish,"[[24, []], [32, []]]"
ü,com.apple.keylayout.Danish,"[[30, []], [32, []]]"
ù,com.apple.keylayout.Danish,"[[24, [""shift""]], [32, []]]"
û,com.apple.keylayout.Danish,"[[30, [""shift""]], [32, []]]"
ÿ,com.apple.keylayout.Danish,"[[30, []], [16, []]]"
á,com.apple.keylayout.Czech-QWERTY,"[[24, []], [0, []]]"
ä,com.apple.keylayout.Czech-QWERTY,"[[42, []], [0, []]]"
ā,com.apple.keylayout.Czech-QWERTY,"[[24, [""option"", ""shift""]], [0, []]]"
Ć,com.apple.keylayout.Czech-QWERTY,"[[24, []], [8, [""shift""]]]"
Č,com.apple.keylayout.Czech-QWERTY,"[[24, [""shift""]], [8, [""shift""]]]"
ć,com.apple.keylayout.Czech-QWERTY,"[[24, []], [8, []]]"
č,com.apple.keylayout.Czech-QWERTY,"[[24, [""shift""]], [8, []]]"
É,com.apple.keylayout.Czech-QWERTY,"[[24, []], [14, [""shift""]]]"
Ě,com.apple.keylayout.Czech-QWERTY,"[[24, [""shift""]], [14, [""shift""]]]"
Ē,com.apple.keylayout.Czech-QWERTY,"[[24, [""option"", ""shift""]], [14, [""shift""]]]"
é,com.apple.keylayout.Czech-QWERTY,"[[24, []], [14, []]]"
ě,com.apple.keylayout.Czech-QWERTY,"[[24, [""shift""]], [14, []]]"
ē,com.apple.keylayout.Czech-QWERTY,"[[24, [""option"", ""shift""]], [14, []]]"
Ģ,com.apple.keylayout.Czech-QWERTY,"[[24, []], [5, [""shift""]]]"
Ģ,com.apple.keylayout.Czech-QWERTY,"[[27, [""option"", ""shift""]], [5, [""shift""]]]"
ģ,com.apple.keylayout.Czech-QWERTY,"[[24, []], [5, []]]"
ģ,com.apple.keylayout.Czech-QWERTY,"[[27, [""option"", ""shift""]], [5, []]]"
Í,com.apple.keylayout.Czech-QWERTY,"[[24, []], [34, [""shift""]]]"
Ī,com.apple.keylayout.Czech-QWERTY,"[[24, [""option"", ""shift""]], [34, [""shift""]]]"
Į,com.apple.keylayout.Czech-QWERTY,"[[27, [""option"", ""shift""]], [34, [""shift""]]]"
í,com.apple.keylayout.Czech-QWERTY,"[[24, []], [34, []]]"
ī,com.apple.keylayout.Czech-QWERTY,"[[24, [""option"", ""shift""]], [34, []]]"
į,com.apple.keylayout.Czech-QWERTY,"[[27, [""option"", ""shift""]], [34, []]]"
Ĺ,com.apple.keylayout.Czech-QWERTY,"[[24, []], [37, [""shift""]]]"
Ľ,com.apple.keylayout.Czech-QWERTY,"[[24, [""shift""]], [37, [""shift""]]]"
Ļ,com.apple.keylayout.Czech-QWERTY,"[[27, [""option"", ""shift""]], [37, [""shift""]]]"
ĺ,com.apple.keylayout.Czech-QWERTY,"[[24, []], [37, []]]"
ľ,com.apple.keylayout.Czech-QWERTY,"[[24, [""shift""]], [37, []]]"
ļ,com.apple.keylayout.Czech-QWERTY,"[[27, [""option"", ""shift""]], [37, []]]"
Ń,com.apple.keylayout.Czech-QWERTY,"[[24, []], [45, [""shift""]]]"
Ň,com.apple.keylayout.Czech-QWERTY,"[[24, [""shift""]], [45, [""shift""]]]"
Ņ,com.apple.keylayout.Czech-QWERTY,"[[27, [""option"", ""shift""]], [45, [""shift""]]]"
ń,com.apple.keylayout.Czech-QWERTY,"[[24, []], [45, []]]"
ň,com.apple.keylayout.Czech-QWERTY,"[[24, [""shift""]], [45, []]]"
ņ,com.apple.keylayout.Czech-QWERTY,"[[27, [""option"", ""shift""]], [45, []]]"
Ó,com.apple.keylayout.Czech-QWERTY,"[[24, []], [31, [""shift""]]]"
Ö,com.apple.keylayout.Czech-QWERTY,"[[42, []], [31, [""shift""]]]"
Ô,com.apple.keylayout.Czech-QWERTY,"[[24, [""shift""]], [31, [""shift""]]]"
Ô,com.apple.keylayout.Czech-QWERTY,"[[24, [""option""]], [31, [""shift""]]]"
Ō,com.apple.keylayout.Czech-QWERTY,"[[24, [""option"", ""shift""]], [31, [""shift""]]]"
Õ,com.apple.keylayout.Czech-QWERTY,"[[39, [""option"", ""shift""]], [31, [""shift""]]]"
Ő,com.apple.keylayout.Czech-QWERTY,"[[42, [""option"", ""shift""]], [31, [""shift""]]]"
ó,com.apple.keylayout.Czech-QWERTY,"[[24, []], [31, []]]"
ö,com.apple.keylayout.Czech-QWERTY,"[[42, []], [31, []]]"
ô,com.apple.keylayout.Czech-QWERTY,"[[24, [""shift""]], [31, []]]"
ô,com.apple.keylayout.Czech-QWERTY,"[[24, [""option""]], [31, []]]"
ō,com.apple.keylayout.Czech-QWERTY,"[[24, [""option"", ""shift""]], [31, []]]"
õ,com.apple.keylayout.Czech-QWERTY,"[[39, [""option"", ""shift""]], [31, []]]"
ő,com.apple.keylayout.Czech-QWERTY,"[[42, [""option"", ""shift""]], [31, []]]"
Ŕ,com.apple.keylayout.Czech-QWERTY,"[[24, []], [15, [""shift""]]]"
Ř,com.apple.keylayout.Czech-QWERTY,"[[24, [""shift""]], [15, [""shift""]]]"
Ŗ,com.apple.keylayout.Czech-QWERTY,"[[27, [""option"", ""shift""]], [15, [""shift""]]]"
ŕ,com.apple.keylayout.Czech-QWERTY,"[[24, []], [15, []]]"
ř,com.apple.keylayout.Czech-QWERTY,"[[24, [""shift""]], [15, []]]"
ŗ,com.apple.keylayout.Czech-QWERTY,"[[27, [""option"", ""shift""]], [15, []]]"
Ś,com.apple.keylayout.Czech-QWERTY,"[[24, []], [1, [""shift""]]]"
Š,com.apple.keylayout.Czech-QWERTY,"[[24, [""shift""]], [1, [""shift""]]]"
ś,com.apple.keylayout.Czech-QWERTY,"[[24, []], [1, []]]"
š,com.apple.keylayout.Czech-QWERTY,"[[24, [""shift""]], [1, []]]"
Ú,com.apple.keylayout.Czech-QWERTY,"[[24, []], [32, [""shift""]]]"
Ü,com.apple.keylayout.Czech-QWERTY,"[[42, []], [32, [""shift""]]]"
Ů,com.apple.keylayout.Czech-QWERTY,"[[24, [""shift""]], [32, [""shift""]]]"
Ů,com.apple.keylayout.Czech-QWERTY,"[[27, [""option""]], [32, [""shift""]]]"
Ū,com.apple.keylayout.Czech-QWERTY,"[[24, [""option"", ""shift""]], [32, [""shift""]]]"
Ų,com.apple.keylayout.Czech-QWERTY,"[[27, [""option"", ""shift""]], [32, [""shift""]]]"
Ű,com.apple.keylayout.Czech-QWERTY,"[[42, [""option"", ""shift""]], [32, [""shift""]]]"
ú,com.apple.keylayout.Czech-QWERTY,"[[24, []], [32, []]]"
ü,com.apple.keylayout.Czech-QWERTY,"[[42, []], [32, []]]"
ů,com.apple.keylayout.Czech-QWERTY,"[[24, [""shift""]], [32, []]]"
ů,com.apple.keylayout.Czech-QWERTY,"[[27, [""option""]], [32, []]]"
ū,com.apple.keylayout.Czech-QWERTY,"[[24, [""option"", ""shift""]], [32, []]]"
ų,com.apple.keylayout.Czech-QWERTY,"[[27, [""option"", ""shift""]], [32, []]]"
ű,com.apple.keylayout.Czech-QWERTY,"[[42, [""option"", ""shift""]], [32, []]]"
Ý,com.apple.keylayout.Czech-QWERTY,"[[24, []], [16, [""shift""]]]"
ý,com.apple.keylayout.Czech-QWERTY,"[[24, []], [16, []]]"
Ź,com.apple.keylayout.Czech-QWERTY,"[[24, []], [6, [""shift""]]]"
Ž,com.apple.keylayout.Czech-QWERTY,"[[24, [""shift""]], [6, [""shift""]]]"
ź,com.apple.keylayout.Czech-QWERTY,"[[24, []], [6, []]]"
ž,com.apple.keylayout.Czech-QWERTY,"[[24, [""shift""]], [6, []]]"
',com.apple.keylayout.Czech-QWERTY,"[[24, []], [49, []]]"
¨,com.apple.keylayout.Czech-QWERTY,"[[42, []], [49, []]]"
ˇ,com.apple.keylayout.Czech-QWERTY,"[[24, [""shift""]], [49, []]]"
^,com.apple.keylayout.Czech-QWERTY,"[[24, [""option""]], [49, []]]"
°,com.apple.keylayout.Czech-QWERTY,"[[27, [""option""]], [49, []]]"
-,com.apple.keylayout.Czech-QWERTY,"[[24, [""option"", ""shift""]], [49, []]]"
",",com.apple.keylayout.Czech-QWERTY,"[[27, [""option"", ""shift""]], [49, []]]"
~,com.apple.keylayout.Czech-QWERTY,"[[39, [""option"", ""shift""]], [49, []]]"
"""",com.apple.keylayout.Czech-QWERTY,"[[42, [""option"", ""shift""]], [49, []]]"
Ď,com.apple.keylayout.Czech-QWERTY,"[[24, [""shift""]], [2, [""shift""]]]"
ď,com.apple.keylayout.Czech-QWERTY,"[[24, [""shift""]], [2, []]]"
Ť,com.apple.keylayout.Czech-QWERTY,"[[24, [""shift""]], [17, [""shift""]]]"
ť,com.apple.keylayout.Czech-QWERTY,"[[24, [""shift""]], [17, []]]"
Ķ,com.apple.keylayout.Czech-QWERTY,"[[27, [""option"", ""shift""]], [40, [""shift""]]]"
ķ,com.apple.keylayout.Czech-QWERTY,"[[27, [""option"", ""shift""]], [40, []]]"
Á,com.apple.keylayout.Czech-QWERTY,"[[24, []], [0, [""shift""]]]"
Ä,com.apple.keylayout.Czech-QWERTY,"[[42, []], [0, [""shift""]]]"
Ā,com.apple.keylayout.Czech-QWERTY,"[[24, [""option"", ""shift""]], [0, [""shift""]]]"
´,com.apple.keylayout.Dutch,"[[14, [""option""]], [49, []]]"
¨,com.apple.keylayout.Dutch,"[[32, [""option""]], [49, []]]"
^,com.apple.keylayout.Dutch,"[[34, [""option""]], [49, []]]"
~,com.apple.keylayout.Dutch,"[[45, [""option""]], [49, []]]"
`,com.apple.keylayout.Dutch,"[[50, [""option""]], [49, []]]"
Á,com.apple.keylayout.Dutch,"[[14, [""option""]], [0, [""shift""]]]"
Ä,com.apple.keylayout.Dutch,"[[32, [""option""]], [0, [""shift""]]]"
Â,com.apple.keylayout.Dutch,"[[34, [""option""]], [0, [""shift""]]]"
Ã,com.apple.keylayout.Dutch,"[[45, [""option""]], [0, [""shift""]]]"
À,com.apple.keylayout.Dutch,"[[50, [""option""]], [0, [""shift""]]]"
É,com.apple.keylayout.Dutch,"[[14, [""option""]], [14, [""shift""]]]"
Ë,com.apple.keylayout.Dutch,"[[32, [""option""]], [14, [""shift""]]]"
Ê,com.apple.keylayout.Dutch,"[[34, [""option""]], [14, [""shift""]]]"
È,com.apple.keylayout.Dutch,"[[50, [""option""]], [14, [""shift""]]]"
Í,com.apple.keylayout.Dutch,"[[14, [""option""]], [34, [""shift""]]]"
Ï,com.apple.keylayout.Dutch,"[[32, [""option""]], [34, [""shift""]]]"
Î,com.apple.keylayout.Dutch,"[[34, [""option""]], [34, [""shift""]]]"
Ì,com.apple.keylayout.Dutch,"[[50, [""option""]], [34, [""shift""]]]"
Ñ,com.apple.keylayout.Dutch,"[[45, [""option""]], [45, [""shift""]]]"
Ó,com.apple.keylayout.Dutch,"[[14, [""option""]], [31, [""shift""]]]"
Ö,com.apple.keylayout.Dutch,"[[32, [""option""]], [31, [""shift""]]]"
Ô,com.apple.keylayout.Dutch,"[[34, [""option""]], [31, [""shift""]]]"
Õ,com.apple.keylayout.Dutch,"[[45, [""option""]], [31, [""shift""]]]"
Ò,com.apple.keylayout.Dutch,"[[50, [""option""]], [31, [""shift""]]]"
Ú,com.apple.keylayout.Dutch,"[[14, [""option""]], [32, [""shift""]]]"
Ü,com.apple.keylayout.Dutch,"[[32, [""option""]], [32, [""shift""]]]"
Û,com.apple.keylayout.Dutch,"[[34, [""option""]], [32, [""shift""]]]"
Ù,com.apple.keylayout.Dutch,"[[50, [""option""]], [32, [""shift""]]]"
Ÿ,com.apple.keylayout.Dutch,"[[32, [""option""]], [16, [""shift""]]]"
á,com.apple.keylayout.Dutch,"[[14, [""option""]], [0, []]]"
ä,com.apple.keylayout.Dutch,"[[32, [""option""]], [0, []]]"
â,com.apple.keylayout.Dutch,"[[34, [""option""]], [0, []]]"
ã,com.apple.keylayout.Dutch,"[[45, [""option""]], [0, []]]"
à,com.apple.keylayout.Dutch,"[[50, [""option""]], [0, []]]"
é,com.apple.keylayout.Dutch,"[[14, [""option""]], [14, []]]"
ë,com.apple.keylayout.Dutch,"[[32, [""option""]], [14, []]]"
ê,com.apple.keylayout.Dutch,"[[34, [""option""]], [14, []]]"
è,com.apple.keylayout.Dutch,"[[50, [""option""]], [14, []]]"
í,com.apple.keylayout.Dutch,"[[14, [""option""]], [34, []]]"
ï,com.apple.keylayout.Dutch,"[[32, [""option""]], [34, []]]"
î,com.apple.keylayout.Dutch,"[[34, [""option""]], [34, []]]"
ì,com.apple.keylayout.Dutch,"[[50, [""option""]], [34, []]]"
ñ,com.apple.keylayout.Dutch,"[[45, [""option""]], [45, []]]"
ó,com.apple.keylayout.Dutch,"[[14, [""option""]], [31, []]]"
ö,com.apple.keylayout.Dutch,"[[32, [""option""]], [31, []]]"
ô,com.apple.keylayout.Dutch,"[[34, [""option""]], [31, []]]"
õ,com.apple.keylayout.Dutch,"[[45, [""option""]], [31, []]]"
ò,com.apple.keylayout.Dutch,"[[50, [""option""]], [31, []]]"
ú,com.apple.keylayout.Dutch,"[[14, [""option""]], [32, []]]"
ü,com.apple.keylayout.Dutch,"[[32, [""option""]], [32, []]]"
û,com.apple.keylayout.Dutch,"[[34, [""option""]], [32, []]]"
ù,com.apple.keylayout.Dutch,"[[50, [""option""]], [32, []]]"
ÿ,com.apple.keylayout.Dutch,"[[32, [""option""]], [16, []]]"
्‍,com.apple.keylayout.Devanagari,"[[2, []], [30, []]]"
्‌,com.apple.keylayout.Devanagari,"[[2, []], [2, []]]"
´,com.apple.keylayout.NorthernSami,"[[24, []], [49, []]]"
˘,com.apple.keylayout.NorthernSami,"[[38, [""option""]], [49, []]]"
ˇ,com.apple.keylayout.NorthernSami,"[[15, [""option""]], [49, []]]"
¸,com.apple.keylayout.NorthernSami,"[[8, [""option""]], [49, []]]"
^,com.apple.keylayout.NorthernSami,"[[23, [""option""]], [49, []]]"
¨,com.apple.keylayout.NorthernSami,"[[30, [""option""]], [49, []]]"
˙,com.apple.keylayout.NorthernSami,"[[35, [""option""]], [49, []]]"
.,com.apple.keylayout.NorthernSami,"[[5, [""option""]], [49, []]]"
˝,com.apple.keylayout.NorthernSami,"[[29, [""option""]], [49, []]]"
`,com.apple.keylayout.NorthernSami,"[[24, [""shift""]], [49, []]]"
ˀ,com.apple.keylayout.NorthernSami,"[[32, [""option""]], [49, []]]"
ʔ,com.apple.keylayout.NorthernSami,"[[3, [""option"", ""shift""]], [49, []]]"
ʼ,com.apple.keylayout.NorthernSami,"[[34, [""option""]], [49, []]]"
¯,com.apple.keylayout.NorthernSami,"[[0, [""option""]], [49, []]]"
˛,com.apple.keylayout.NorthernSami,"[[4, [""option""]], [49, []]]"
˚,com.apple.keylayout.NorthernSami,"[[33, [""option""]], [49, []]]"
№,com.apple.keylayout.NorthernSami,"[[1, [""option"", ""shift""]], [49, []]]"
-,com.apple.keylayout.NorthernSami,"[[37, [""option""]], [49, []]]"
~,com.apple.keylayout.NorthernSami,"[[40, [""option""]], [49, []]]"
ƒ,com.apple.keylayout.NorthernSami,"[[3, [""option""]], [49, []]]"
≤,com.apple.keylayout.NorthernSami,"[[3, [""option""]], [28, [""shift""]]]"
≥,com.apple.keylayout.NorthernSami,"[[3, [""option""]], [25, [""shift""]]]"
°,com.apple.keylayout.NorthernSami,"[[3, [""option""]], [29, []]]"
ƨ,com.apple.keylayout.NorthernSami,"[[1, [""option"", ""shift""]], [19, []]]"
ɛ,com.apple.keylayout.NorthernSami,"[[1, [""option"", ""shift""]], [20, []]]"
ƽ,com.apple.keylayout.NorthernSami,"[[1, [""option"", ""shift""]], [23, []]]"
ƅ,com.apple.keylayout.NorthernSami,"[[1, [""option"", ""shift""]], [22, []]]"
⁊,com.apple.keylayout.NorthernSami,"[[1, [""option"", ""shift""]], [26, []]]"
Á,com.apple.keylayout.NorthernSami,"[[24, []], [0, [""shift""]]]"
Ă,com.apple.keylayout.NorthernSami,"[[38, [""option""]], [0, [""shift""]]]"
Ǎ,com.apple.keylayout.NorthernSami,"[[15, [""option""]], [0, [""shift""]]]"
Â,com.apple.keylayout.NorthernSami,"[[23, [""option""]], [0, [""shift""]]]"
Ä,com.apple.keylayout.NorthernSami,"[[30, [""option""]], [0, [""shift""]]]"
Ȧ,com.apple.keylayout.NorthernSami,"[[35, [""option""]], [0, [""shift""]]]"
Ạ,com.apple.keylayout.NorthernSami,"[[5, [""option""]], [0, [""shift""]]]"
À,com.apple.keylayout.NorthernSami,"[[24, [""shift""]], [0, [""shift""]]]"
Ả,com.apple.keylayout.NorthernSami,"[[32, [""option""]], [0, [""shift""]]]"
Ā,com.apple.keylayout.NorthernSami,"[[0, [""option""]], [0, [""shift""]]]"
Ą,com.apple.keylayout.NorthernSami,"[[4, [""option""]], [0, [""shift""]]]"
Å,com.apple.keylayout.NorthernSami,"[[33, [""option""]], [0, [""shift""]]]"
Ə,com.apple.keylayout.NorthernSami,"[[1, [""option"", ""shift""]], [0, [""shift""]]]"
Ã,com.apple.keylayout.NorthernSami,"[[40, [""option""]], [0, [""shift""]]]"
Ḃ,com.apple.keylayout.NorthernSami,"[[35, [""option""]], [11, [""shift""]]]"
Ḅ,com.apple.keylayout.NorthernSami,"[[5, [""option""]], [11, [""shift""]]]"
Ɓ,com.apple.keylayout.NorthernSami,"[[3, [""option"", ""shift""]], [11, [""shift""]]]"
Ć,com.apple.keylayout.NorthernSami,"[[24, []], [8, [""shift""]]]"
Č,com.apple.keylayout.NorthernSami,"[[15, [""option""]], [8, [""shift""]]]"
Ç,com.apple.keylayout.NorthernSami,"[[8, [""option""]], [8, [""shift""]]]"
Ĉ,com.apple.keylayout.NorthernSami,"[[23, [""option""]], [8, [""shift""]]]"
Ċ,com.apple.keylayout.NorthernSami,"[[35, [""option""]], [8, [""shift""]]]"
Ƈ,com.apple.keylayout.NorthernSami,"[[3, [""option"", ""shift""]], [8, [""shift""]]]"
Ɔ,com.apple.keylayout.NorthernSami,"[[1, [""option"", ""shift""]], [8, [""shift""]]]"
Ď,com.apple.keylayout.NorthernSami,"[[15, [""option""]], [2, [""shift""]]]"
Ḑ,com.apple.keylayout.NorthernSami,"[[8, [""option""]], [2, [""shift""]]]"
Ḋ,com.apple.keylayout.NorthernSami,"[[35, [""option""]], [2, [""shift""]]]"
Ḍ,com.apple.keylayout.NorthernSami,"[[5, [""option""]], [2, [""shift""]]]"
Ɗ,com.apple.keylayout.NorthernSami,"[[3, [""option"", ""shift""]], [2, [""shift""]]]"
Đ,com.apple.keylayout.NorthernSami,"[[37, [""option""]], [2, [""shift""]]]"
É,com.apple.keylayout.NorthernSami,"[[24, []], [14, [""shift""]]]"
Ĕ,com.apple.keylayout.NorthernSami,"[[38, [""option""]], [14, [""shift""]]]"
Ě,com.apple.keylayout.NorthernSami,"[[15, [""option""]], [14, [""shift""]]]"
Ȩ,com.apple.keylayout.NorthernSami,"[[8, [""option""]], [14, [""shift""]]]"
Ê,com.apple.keylayout.NorthernSami,"[[23, [""option""]], [14, [""shift""]]]"
Ë,com.apple.keylayout.NorthernSami,"[[30, [""option""]], [14, [""shift""]]]"
Ė,com.apple.keylayout.NorthernSami,"[[35, [""option""]], [14, [""shift""]]]"
Ẹ,com.apple.keylayout.NorthernSami,"[[5, [""option""]], [14, [""shift""]]]"
È,com.apple.keylayout.NorthernSami,"[[24, [""shift""]], [14, [""shift""]]]"
Ẻ,com.apple.keylayout.NorthernSami,"[[32, [""option""]], [14, [""shift""]]]"
Ē,com.apple.keylayout.NorthernSami,"[[0, [""option""]], [14, [""shift""]]]"
Ę,com.apple.keylayout.NorthernSami,"[[4, [""option""]], [14, [""shift""]]]"
E̊,com.apple.keylayout.NorthernSami,"[[33, [""option""]], [14, [""shift""]]]"
Ǝ,com.apple.keylayout.NorthernSami,"[[1, [""option"", ""shift""]], [14, [""shift""]]]"
Ẽ,com.apple.keylayout.NorthernSami,"[[40, [""option""]], [14, [""shift""]]]"
Ḟ,com.apple.keylayout.NorthernSami,"[[35, [""option""]], [3, [""shift""]]]"
Ƒ,com.apple.keylayout.NorthernSami,"[[3, [""option"", ""shift""]], [3, [""shift""]]]"
Ǵ,com.apple.keylayout.NorthernSami,"[[24, []], [5, [""shift""]]]"
Ğ,com.apple.keylayout.NorthernSami,"[[38, [""option""]], [5, [""shift""]]]"
Ǧ,com.apple.keylayout.NorthernSami,"[[15, [""option""]], [5, [""shift""]]]"
Ģ,com.apple.keylayout.NorthernSami,"[[8, [""option""]], [5, [""shift""]]]"
Ĝ,com.apple.keylayout.NorthernSami,"[[23, [""option""]], [5, [""shift""]]]"
Ġ,com.apple.keylayout.NorthernSami,"[[35, [""option""]], [5, [""shift""]]]"
Ɠ,com.apple.keylayout.NorthernSami,"[[3, [""option"", ""shift""]], [5, [""shift""]]]"
Ḡ,com.apple.keylayout.NorthernSami,"[[0, [""option""]], [5, [""shift""]]]"
Ɣ,com.apple.keylayout.NorthernSami,"[[1, [""option"", ""shift""]], [5, [""shift""]]]"
Ǥ,com.apple.keylayout.NorthernSami,"[[37, [""option""]], [5, [""shift""]]]"
Ḫ,com.apple.keylayout.NorthernSami,"[[38, [""option""]], [4, [""shift""]]]"
Ȟ,com.apple.keylayout.NorthernSami,"[[15, [""option""]], [4, [""shift""]]]"
Ḩ,com.apple.keylayout.NorthernSami,"[[8, [""option""]], [4, [""shift""]]]"
Ĥ,com.apple.keylayout.NorthernSami,"[[23, [""option""]], [4, [""shift""]]]"
Ḧ,com.apple.keylayout.NorthernSami,"[[30, [""option""]], [4, [""shift""]]]"
Ḣ,com.apple.keylayout.NorthernSami,"[[35, [""option""]], [4, [""shift""]]]"
Ḥ,com.apple.keylayout.NorthernSami,"[[5, [""option""]], [4, [""shift""]]]"
Ƕ,com.apple.keylayout.NorthernSami,"[[1, [""option"", ""shift""]], [4, [""shift""]]]"
Ħ,com.apple.keylayout.NorthernSami,"[[37, [""option""]], [4, [""shift""]]]"
Í,com.apple.keylayout.NorthernSami,"[[24, []], [34, [""shift""]]]"
Ĭ,com.apple.keylayout.NorthernSami,"[[38, [""option""]], [34, [""shift""]]]"
Ǐ,com.apple.keylayout.NorthernSami,"[[15, [""option""]], [34, [""shift""]]]"
Î,com.apple.keylayout.NorthernSami,"[[23, [""option""]], [34, [""shift""]]]"
Ï,com.apple.keylayout.NorthernSami,"[[30, [""option""]], [34, [""shift""]]]"
İ,com.apple.keylayout.NorthernSami,"[[35, [""option""]], [34, [""shift""]]]"
Ị,com.apple.keylayout.NorthernSami,"[[5, [""option""]], [34, [""shift""]]]"
Ì,com.apple.keylayout.NorthernSami,"[[24, [""shift""]], [34, [""shift""]]]"
Ỉ,com.apple.keylayout.NorthernSami,"[[32, [""option""]], [34, [""shift""]]]"
Ɩ,com.apple.keylayout.NorthernSami,"[[3, [""option"", ""shift""]], [34, [""shift""]]]"
Ī,com.apple.keylayout.NorthernSami,"[[0, [""option""]], [34, [""shift""]]]"
Į,com.apple.keylayout.NorthernSami,"[[4, [""option""]], [34, [""shift""]]]"
Ɨ,com.apple.keylayout.NorthernSami,"[[37, [""option""]], [34, [""shift""]]]"
Ĩ,com.apple.keylayout.NorthernSami,"[[40, [""option""]], [34, [""shift""]]]"
J̌,com.apple.keylayout.NorthernSami,"[[15, [""option""]], [38, [""shift""]]]"
Ĵ,com.apple.keylayout.NorthernSami,"[[23, [""option""]], [38, [""shift""]]]"
Ƞ,com.apple.keylayout.NorthernSami,"[[1, [""option"", ""shift""]], [38, [""shift""]]]"
Ḱ,com.apple.keylayout.NorthernSami,"[[24, []], [40, [""shift""]]]"
Ǩ,com.apple.keylayout.NorthernSami,"[[15, [""option""]], [40, [""shift""]]]"
Ķ,com.apple.keylayout.NorthernSami,"[[8, [""option""]], [40, [""shift""]]]"
Ḳ,com.apple.keylayout.NorthernSami,"[[5, [""option""]], [40, [""shift""]]]"
Ƙ,com.apple.keylayout.NorthernSami,"[[3, [""option"", ""shift""]], [40, [""shift""]]]"
K’,com.apple.keylayout.NorthernSami,"[[1, [""option"", ""shift""]], [40, [""shift""]]]"
Ĺ,com.apple.keylayout.NorthernSami,"[[24, []], [37, [""shift""]]]"
Ľ,com.apple.keylayout.NorthernSami,"[[15, [""option""]], [37, [""shift""]]]"
Ļ,com.apple.keylayout.NorthernSami,"[[8, [""option""]], [37, [""shift""]]]"
Ḷ,com.apple.keylayout.NorthernSami,"[[5, [""option""]], [37, [""shift""]]]"
Ḹ,com.apple.keylayout.NorthernSami,"[[0, [""option""]], [37, [""shift""]]]"
Ł,com.apple.keylayout.NorthernSami,"[[37, [""option""]], [37, [""shift""]]]"
Ḿ,com.apple.keylayout.NorthernSami,"[[24, []], [46, [""shift""]]]"
M̂,com.apple.keylayout.NorthernSami,"[[23, [""option""]], [46, [""shift""]]]"
Ṁ,com.apple.keylayout.NorthernSami,"[[35, [""option""]], [46, [""shift""]]]"
Ṃ,com.apple.keylayout.NorthernSami,"[[5, [""option""]], [46, [""shift""]]]"
Ɯ,com.apple.keylayout.NorthernSami,"[[1, [""option"", ""shift""]], [46, [""shift""]]]"
Ń,com.apple.keylayout.NorthernSami,"[[24, []], [45, [""shift""]]]"
Ň,com.apple.keylayout.NorthernSami,"[[15, [""option""]], [45, [""shift""]]]"
Ņ,com.apple.keylayout.NorthernSami,"[[8, [""option""]], [45, [""shift""]]]"
N̂,com.apple.keylayout.NorthernSami,"[[23, [""option""]], [45, [""shift""]]]"
Ṅ,com.apple.keylayout.NorthernSami,"[[35, [""option""]], [45, [""shift""]]]"
Ṇ,com.apple.keylayout.NorthernSami,"[[5, [""option""]], [45, [""shift""]]]"
Ǹ,com.apple.keylayout.NorthernSami,"[[24, [""shift""]], [45, [""shift""]]]"
Ɲ,com.apple.keylayout.NorthernSami,"[[3, [""option"", ""shift""]], [45, [""shift""]]]"
Ŋ,com.apple.keylayout.NorthernSami,"[[1, [""option"", ""shift""]], [45, [""shift""]]]"
Ñ,com.apple.keylayout.NorthernSami,"[[40, [""option""]], [45, [""shift""]]]"
Ó,com.apple.keylayout.NorthernSami,"[[24, []], [31, [""shift""]]]"
Ŏ,com.apple.keylayout.NorthernSami,"[[38, [""option""]], [31, [""shift""]]]"
Ǒ,com.apple.keylayout.NorthernSami,"[[15, [""option""]], [31, [""shift""]]]"
Ô,com.apple.keylayout.NorthernSami,"[[23, [""option""]], [31, [""shift""]]]"
Ö,com.apple.keylayout.NorthernSami,"[[30, [""option""]], [31, [""shift""]]]"
Ȯ,com.apple.keylayout.NorthernSami,"[[35, [""option""]], [31, [""shift""]]]"
Ọ,com.apple.keylayout.NorthernSami,"[[5, [""option""]], [31, [""shift""]]]"
Ő,com.apple.keylayout.NorthernSami,"[[29, [""option""]], [31, [""shift""]]]"
Ò,com.apple.keylayout.NorthernSami,"[[24, [""shift""]], [31, [""shift""]]]"
Ỏ,com.apple.keylayout.NorthernSami,"[[32, [""option""]], [31, [""shift""]]]"
Ơ,com.apple.keylayout.NorthernSami,"[[34, [""option""]], [31, [""shift""]]]"
Ō,com.apple.keylayout.NorthernSami,"[[0, [""option""]], [31, [""shift""]]]"
Ǫ,com.apple.keylayout.NorthernSami,"[[4, [""option""]], [31, [""shift""]]]"
O̊,com.apple.keylayout.NorthernSami,"[[33, [""option""]], [31, [""shift""]]]"
Ɵ,com.apple.keylayout.NorthernSami,"[[37, [""option""]], [31, [""shift""]]]"
Õ,com.apple.keylayout.NorthernSami,"[[40, [""option""]], [31, [""shift""]]]"
Ṕ,com.apple.keylayout.NorthernSami,"[[24, []], [35, [""shift""]]]"
Ṗ,com.apple.keylayout.NorthernSami,"[[35, [""option""]], [35, [""shift""]]]"
Ƥ,com.apple.keylayout.NorthernSami,"[[3, [""option"", ""shift""]], [35, [""shift""]]]"
Ƣ,com.apple.keylayout.NorthernSami,"[[1, [""option"", ""shift""]], [12, [""option"", ""shift""]]]"
Ŕ,com.apple.keylayout.NorthernSami,"[[24, []], [15, [""shift""]]]"
Ř,com.apple.keylayout.NorthernSami,"[[15, [""option""]], [15, [""shift""]]]"
Ŗ,com.apple.keylayout.NorthernSami,"[[8, [""option""]], [15, [""shift""]]]"
Ṙ,com.apple.keylayout.NorthernSami,"[[35, [""option""]], [15, [""shift""]]]"
Ṛ,com.apple.keylayout.NorthernSami,"[[5, [""option""]], [15, [""shift""]]]"
Ʈ,com.apple.keylayout.NorthernSami,"[[3, [""option"", ""shift""]], [15, [""shift""]]]"
Ṝ,com.apple.keylayout.NorthernSami,"[[0, [""option""]], [15, [""shift""]]]"
Ʀ,com.apple.keylayout.NorthernSami,"[[1, [""option"", ""shift""]], [15, [""shift""]]]"
Ś,com.apple.keylayout.NorthernSami,"[[24, []], [1, [""shift""]]]"
Š,com.apple.keylayout.NorthernSami,"[[15, [""option""]], [1, [""shift""]]]"
Ş,com.apple.keylayout.NorthernSami,"[[8, [""option""]], [1, [""shift""]]]"
Ŝ,com.apple.keylayout.NorthernSami,"[[23, [""option""]], [1, [""shift""]]]"
Ṡ,com.apple.keylayout.NorthernSami,"[[35, [""option""]], [1, [""shift""]]]"
Ṣ,com.apple.keylayout.NorthernSami,"[[5, [""option""]], [1, [""shift""]]]"
Ʃ,com.apple.keylayout.NorthernSami,"[[3, [""option"", ""shift""]], [1, [""shift""]]]"
S̄,com.apple.keylayout.NorthernSami,"[[0, [""option""]], [1, [""shift""]]]"
Ť,com.apple.keylayout.NorthernSami,"[[15, [""option""]], [17, [""shift""]]]"
Ţ,com.apple.keylayout.NorthernSami,"[[8, [""option""]], [17, [""shift""]]]"
T̈,com.apple.keylayout.NorthernSami,"[[30, [""option""]], [17, [""shift""]]]"
Ṫ,com.apple.keylayout.NorthernSami,"[[35, [""option""]], [17, [""shift""]]]"
Ṭ,com.apple.keylayout.NorthernSami,"[[5, [""option""]], [17, [""shift""]]]"
Ƭ,com.apple.keylayout.NorthernSami,"[[3, [""option"", ""shift""]], [17, [""shift""]]]"
Ŧ,com.apple.keylayout.NorthernSami,"[[37, [""option""]], [17, [""shift""]]]"
Ú,com.apple.keylayout.NorthernSami,"[[24, []], [32, [""shift""]]]"
Ŭ,com.apple.keylayout.NorthernSami,"[[38, [""option""]], [32, [""shift""]]]"
Ǔ,com.apple.keylayout.NorthernSami,"[[15, [""option""]], [32, [""shift""]]]"
Û,com.apple.keylayout.NorthernSami,"[[23, [""option""]], [32, [""shift""]]]"
Ü,com.apple.keylayout.NorthernSami,"[[30, [""option""]], [32, [""shift""]]]"
Ụ,com.apple.keylayout.NorthernSami,"[[5, [""option""]], [32, [""shift""]]]"
Ű,com.apple.keylayout.NorthernSami,"[[29, [""option""]], [32, [""shift""]]]"
Ù,com.apple.keylayout.NorthernSami,"[[24, [""shift""]], [32, [""shift""]]]"
Ủ,com.apple.keylayout.NorthernSami,"[[32, [""option""]], [32, [""shift""]]]"
Ʋ,com.apple.keylayout.NorthernSami,"[[3, [""option"", ""shift""]], [32, [""shift""]]]"
Ư,com.apple.keylayout.NorthernSami,"[[34, [""option""]], [32, [""shift""]]]"
Ū,com.apple.keylayout.NorthernSami,"[[0, [""option""]], [32, [""shift""]]]"
Ų,com.apple.keylayout.NorthernSami,"[[4, [""option""]], [32, [""shift""]]]"
Ů,com.apple.keylayout.NorthernSami,"[[33, [""option""]], [32, [""shift""]]]"
Ʊ,com.apple.keylayout.NorthernSami,"[[1, [""option"", ""shift""]], [32, [""shift""]]]"
Ũ,com.apple.keylayout.NorthernSami,"[[40, [""option""]], [32, [""shift""]]]"
Ǘ,com.apple.keylayout.NorthernSami,"[[24, []], [9, [""shift""]]]"
Ǚ,com.apple.keylayout.NorthernSami,"[[15, [""option""]], [9, [""shift""]]]"
Ṿ,com.apple.keylayout.NorthernSami,"[[5, [""option""]], [9, [""shift""]]]"
Ǜ,com.apple.keylayout.NorthernSami,"[[24, [""shift""]], [9, [""shift""]]]"
Ǖ,com.apple.keylayout.NorthernSami,"[[0, [""option""]], [9, [""shift""]]]"
Ṽ,com.apple.keylayout.NorthernSami,"[[40, [""option""]], [9, [""shift""]]]"
Ẃ,com.apple.keylayout.NorthernSami,"[[24, []], [13, [""option"", ""shift""]]]"
Ŵ,com.apple.keylayout.NorthernSami,"[[23, [""option""]], [13, [""option"", ""shift""]]]"
Ẅ,com.apple.keylayout.NorthernSami,"[[30, [""option""]], [13, [""option"", ""shift""]]]"
Ẇ,com.apple.keylayout.NorthernSami,"[[35, [""option""]], [13, [""option"", ""shift""]]]"
Ẉ,com.apple.keylayout.NorthernSami,"[[5, [""option""]], [13, [""option"", ""shift""]]]"
Ẁ,com.apple.keylayout.NorthernSami,"[[24, [""shift""]], [13, [""option"", ""shift""]]]"
W̊,com.apple.keylayout.NorthernSami,"[[33, [""option""]], [13, [""option"", ""shift""]]]"
Ƿ,com.apple.keylayout.NorthernSami,"[[1, [""option"", ""shift""]], [13, [""option"", ""shift""]]]"
Ǯ,com.apple.keylayout.NorthernSami,"[[15, [""option""]], [7, [""option"", ""shift""]]]"
Ẍ,com.apple.keylayout.NorthernSami,"[[30, [""option""]], [7, [""option"", ""shift""]]]"
Ẋ,com.apple.keylayout.NorthernSami,"[[35, [""option""]], [7, [""option"", ""shift""]]]"
Ɖ,com.apple.keylayout.NorthernSami,"[[3, [""option"", ""shift""]], [7, [""option"", ""shift""]]]"
Ý,com.apple.keylayout.NorthernSami,"[[24, []], [16, [""option"", ""shift""]]]"
Ŷ,com.apple.keylayout.NorthernSami,"[[23, [""option""]], [16, [""option"", ""shift""]]]"
Ÿ,com.apple.keylayout.NorthernSami,"[[30, [""option""]], [16, [""option"", ""shift""]]]"
Ẏ,com.apple.keylayout.NorthernSami,"[[35, [""option""]], [16, [""option"", ""shift""]]]"
Ỵ,com.apple.keylayout.NorthernSami,"[[5, [""option""]], [16, [""option"", ""shift""]]]"
Ỳ,com.apple.keylayout.NorthernSami,"[[24, [""shift""]], [16, [""option"", ""shift""]]]"
Ỷ,com.apple.keylayout.NorthernSami,"[[32, [""option""]], [16, [""option"", ""shift""]]]"
Ƴ,com.apple.keylayout.NorthernSami,"[[3, [""option"", ""shift""]], [16, [""option"", ""shift""]]]"
Ȳ,com.apple.keylayout.NorthernSami,"[[0, [""option""]], [16, [""option"", ""shift""]]]"
Y̊,com.apple.keylayout.NorthernSami,"[[33, [""option""]], [16, [""option"", ""shift""]]]"
Ȝ,com.apple.keylayout.NorthernSami,"[[1, [""option"", ""shift""]], [16, [""option"", ""shift""]]]"
Ỹ,com.apple.keylayout.NorthernSami,"[[40, [""option""]], [16, [""option"", ""shift""]]]"
Ź,com.apple.keylayout.NorthernSami,"[[24, []], [6, [""shift""]]]"
Ž,com.apple.keylayout.NorthernSami,"[[15, [""option""]], [6, [""shift""]]]"
Z̧,com.apple.keylayout.NorthernSami,"[[8, [""option""]], [6, [""shift""]]]"
Ẑ,com.apple.keylayout.NorthernSami,"[[23, [""option""]], [6, [""shift""]]]"
Ż,com.apple.keylayout.NorthernSami,"[[35, [""option""]], [6, [""shift""]]]"
Ẓ,com.apple.keylayout.NorthernSami,"[[5, [""option""]], [6, [""shift""]]]"
Ȥ,com.apple.keylayout.NorthernSami,"[[3, [""option"", ""shift""]], [6, [""shift""]]]"
Z̄,com.apple.keylayout.NorthernSami,"[[0, [""option""]], [6, [""shift""]]]"
Ʒ,com.apple.keylayout.NorthernSami,"[[1, [""option"", ""shift""]], [6, [""shift""]]]"
Ƶ,com.apple.keylayout.NorthernSami,"[[37, [""option""]], [6, [""shift""]]]"
á,com.apple.keylayout.NorthernSami,"[[24, []], [0, []]]"
ă,com.apple.keylayout.NorthernSami,"[[38, [""option""]], [0, []]]"
ǎ,com.apple.keylayout.NorthernSami,"[[15, [""option""]], [0, []]]"
â,com.apple.keylayout.NorthernSami,"[[23, [""option""]], [0, []]]"
ä,com.apple.keylayout.NorthernSami,"[[30, [""option""]], [0, []]]"
ȧ,com.apple.keylayout.NorthernSami,"[[35, [""option""]], [0, []]]"
ạ,com.apple.keylayout.NorthernSami,"[[5, [""option""]], [0, []]]"
à,com.apple.keylayout.NorthernSami,"[[24, [""shift""]], [0, []]]"
ả,com.apple.keylayout.NorthernSami,"[[32, [""option""]], [0, []]]"
ā,com.apple.keylayout.NorthernSami,"[[0, [""option""]], [0, []]]"
ą,com.apple.keylayout.NorthernSami,"[[4, [""option""]], [0, []]]"
å,com.apple.keylayout.NorthernSami,"[[33, [""option""]], [0, []]]"
ə,com.apple.keylayout.NorthernSami,"[[1, [""option"", ""shift""]], [0, []]]"
ã,com.apple.keylayout.NorthernSami,"[[40, [""option""]], [0, []]]"
ḃ,com.apple.keylayout.NorthernSami,"[[35, [""option""]], [11, []]]"
ḅ,com.apple.keylayout.NorthernSami,"[[5, [""option""]], [11, []]]"
ɓ,com.apple.keylayout.NorthernSami,"[[3, [""option"", ""shift""]], [11, []]]"
ƀ,com.apple.keylayout.NorthernSami,"[[37, [""option""]], [11, []]]"
ć,com.apple.keylayout.NorthernSami,"[[24, []], [8, []]]"
č,com.apple.keylayout.NorthernSami,"[[15, [""option""]], [8, []]]"
ç,com.apple.keylayout.NorthernSami,"[[8, [""option""]], [8, []]]"
ĉ,com.apple.keylayout.NorthernSami,"[[23, [""option""]], [8, []]]"
ċ,com.apple.keylayout.NorthernSami,"[[35, [""option""]], [8, []]]"
ƈ,com.apple.keylayout.NorthernSami,"[[3, [""option"", ""shift""]], [8, []]]"
ɔ,com.apple.keylayout.NorthernSami,"[[1, [""option"", ""shift""]], [8, []]]"
ď,com.apple.keylayout.NorthernSami,"[[15, [""option""]], [2, []]]"
ḑ,com.apple.keylayout.NorthernSami,"[[8, [""option""]], [2, []]]"
ḋ,com.apple.keylayout.NorthernSami,"[[35, [""option""]], [2, []]]"
ḍ,com.apple.keylayout.NorthernSami,"[[5, [""option""]], [2, []]]"
ɗ,com.apple.keylayout.NorthernSami,"[[3, [""option"", ""shift""]], [2, []]]"
đ,com.apple.keylayout.NorthernSami,"[[37, [""option""]], [2, []]]"
é,com.apple.keylayout.NorthernSami,"[[24, []], [14, []]]"
ĕ,com.apple.keylayout.NorthernSami,"[[38, [""option""]], [14, []]]"
ě,com.apple.keylayout.NorthernSami,"[[15, [""option""]], [14, []]]"
ȩ,com.apple.keylayout.NorthernSami,"[[8, [""option""]], [14, []]]"
ê,com.apple.keylayout.NorthernSami,"[[23, [""option""]], [14, []]]"
ë,com.apple.keylayout.NorthernSami,"[[30, [""option""]], [14, []]]"
ė,com.apple.keylayout.NorthernSami,"[[35, [""option""]], [14, []]]"
ẹ,com.apple.keylayout.NorthernSami,"[[5, [""option""]], [14, []]]"
è,com.apple.keylayout.NorthernSami,"[[24, [""shift""]], [14, []]]"
ẻ,com.apple.keylayout.NorthernSami,"[[32, [""option""]], [14, []]]"
ē,com.apple.keylayout.NorthernSami,"[[0, [""option""]], [14, []]]"
ę,com.apple.keylayout.NorthernSami,"[[4, [""option""]], [14, []]]"
e̊,com.apple.keylayout.NorthernSami,"[[33, [""option""]], [14, []]]"
ǝ,com.apple.keylayout.NorthernSami,"[[1, [""option"", ""shift""]], [14, []]]"
ẽ,com.apple.keylayout.NorthernSami,"[[40, [""option""]], [14, []]]"
ḟ,com.apple.keylayout.NorthernSami,"[[35, [""option""]], [3, []]]"
ƒ,com.apple.keylayout.NorthernSami,"[[3, [""option"", ""shift""]], [3, []]]"
ǵ,com.apple.keylayout.NorthernSami,"[[24, []], [5, []]]"
ğ,com.apple.keylayout.NorthernSami,"[[38, [""option""]], [5, []]]"
ǧ,com.apple.keylayout.NorthernSami,"[[15, [""option""]], [5, []]]"
ģ,com.apple.keylayout.NorthernSami,"[[8, [""option""]], [5, []]]"
ĝ,com.apple.keylayout.NorthernSami,"[[23, [""option""]], [5, []]]"
ġ,com.apple.keylayout.NorthernSami,"[[35, [""option""]], [5, []]]"
ɠ,com.apple.keylayout.NorthernSami,"[[3, [""option"", ""shift""]], [5, []]]"
ḡ,com.apple.keylayout.NorthernSami,"[[0, [""option""]], [5, []]]"
ɣ,com.apple.keylayout.NorthernSami,"[[1, [""option"", ""shift""]], [5, []]]"
ǥ,com.apple.keylayout.NorthernSami,"[[37, [""option""]], [5, []]]"
ḫ,com.apple.keylayout.NorthernSami,"[[38, [""option""]], [4, []]]"
ȟ,com.apple.keylayout.NorthernSami,"[[15, [""option""]], [4, []]]"
ḩ,com.apple.keylayout.NorthernSami,"[[8, [""option""]], [4, []]]"
ĥ,com.apple.keylayout.NorthernSami,"[[23, [""option""]], [4, []]]"
ḧ,com.apple.keylayout.NorthernSami,"[[30, [""option""]], [4, []]]"
ḣ,com.apple.keylayout.NorthernSami,"[[35, [""option""]], [4, []]]"
ḥ,com.apple.keylayout.NorthernSami,"[[5, [""option""]], [4, []]]"
ɦ,com.apple.keylayout.NorthernSami,"[[3, [""option"", ""shift""]], [4, []]]"
ƕ,com.apple.keylayout.NorthernSami,"[[1, [""option"", ""shift""]], [4, []]]"
ħ,com.apple.keylayout.NorthernSami,"[[37, [""option""]], [4, []]]"
í,com.apple.keylayout.NorthernSami,"[[24, []], [34, []]]"
ĭ,com.apple.keylayout.NorthernSami,"[[38, [""option""]], [34, []]]"
ǐ,com.apple.keylayout.NorthernSami,"[[15, [""option""]], [34, []]]"
î,com.apple.keylayout.NorthernSami,"[[23, [""option""]], [34, []]]"
ï,com.apple.keylayout.NorthernSami,"[[30, [""option""]], [34, []]]"
ı,com.apple.keylayout.NorthernSami,"[[35, [""option""]], [34, []]]"
ị,com.apple.keylayout.NorthernSami,"[[5, [""option""]], [34, []]]"
ì,com.apple.keylayout.NorthernSami,"[[24, [""shift""]], [34, []]]"
ỉ,com.apple.keylayout.NorthernSami,"[[32, [""option""]], [34, []]]"
ɩ,com.apple.keylayout.NorthernSami,"[[3, [""option"", ""shift""]], [34, []]]"
ī,com.apple.keylayout.NorthernSami,"[[0, [""option""]], [34, []]]"
į,com.apple.keylayout.NorthernSami,"[[4, [""option""]], [34, []]]"
ɨ,com.apple.keylayout.NorthernSami,"[[37, [""option""]], [34, []]]"
ĩ,com.apple.keylayout.NorthernSami,"[[40, [""option""]], [34, []]]"
ǰ,com.apple.keylayout.NorthernSami,"[[15, [""option""]], [38, []]]"
ĵ,com.apple.keylayout.NorthernSami,"[[23, [""option""]], [38, []]]"
ƞ,com.apple.keylayout.NorthernSami,"[[1, [""option"", ""shift""]], [38, []]]"
ḱ,com.apple.keylayout.NorthernSami,"[[24, []], [40, []]]"
ǩ,com.apple.keylayout.NorthernSami,"[[15, [""option""]], [40, []]]"
ķ,com.apple.keylayout.NorthernSami,"[[8, [""option""]], [40, []]]"
ḳ,com.apple.keylayout.NorthernSami,"[[5, [""option""]], [40, []]]"
ƙ,com.apple.keylayout.NorthernSami,"[[3, [""option"", ""shift""]], [40, []]]"
ĸ,com.apple.keylayout.NorthernSami,"[[1, [""option"", ""shift""]], [40, []]]"
ĺ,com.apple.keylayout.NorthernSami,"[[24, []], [37, []]]"
ľ,com.apple.keylayout.NorthernSami,"[[15, [""option""]], [37, []]]"
ļ,com.apple.keylayout.NorthernSami,"[[8, [""option""]], [37, []]]"
ḷ,com.apple.keylayout.NorthernSami,"[[5, [""option""]], [37, []]]"
ḹ,com.apple.keylayout.NorthernSami,"[[0, [""option""]], [37, []]]"
ł,com.apple.keylayout.NorthernSami,"[[37, [""option""]], [37, []]]"
ḿ,com.apple.keylayout.NorthernSami,"[[24, []], [46, []]]"
m̂,com.apple.keylayout.NorthernSami,"[[23, [""option""]], [46, []]]"
ṁ,com.apple.keylayout.NorthernSami,"[[35, [""option""]], [46, []]]"
ṃ,com.apple.keylayout.NorthernSami,"[[5, [""option""]], [46, []]]"
ɯ,com.apple.keylayout.NorthernSami,"[[1, [""option"", ""shift""]], [46, []]]"
ń,com.apple.keylayout.NorthernSami,"[[24, []], [45, []]]"
ň,com.apple.keylayout.NorthernSami,"[[15, [""option""]], [45, []]]"
ņ,com.apple.keylayout.NorthernSami,"[[8, [""option""]], [45, []]]"
n̂,com.apple.keylayout.NorthernSami,"[[23, [""option""]], [45, []]]"
ṅ,com.apple.keylayout.NorthernSami,"[[35, [""option""]], [45, []]]"
ṇ,com.apple.keylayout.NorthernSami,"[[5, [""option""]], [45, []]]"
ǹ,com.apple.keylayout.NorthernSami,"[[24, [""shift""]], [45, []]]"
ɲ,com.apple.keylayout.NorthernSami,"[[3, [""option"", ""shift""]], [45, []]]"
ŋ,com.apple.keylayout.NorthernSami,"[[1, [""option"", ""shift""]], [45, []]]"
ñ,com.apple.keylayout.NorthernSami,"[[40, [""option""]], [45, []]]"
ó,com.apple.keylayout.NorthernSami,"[[24, []], [31, []]]"
ŏ,com.apple.keylayout.NorthernSami,"[[38, [""option""]], [31, []]]"
ǒ,com.apple.keylayout.NorthernSami,"[[15, [""option""]], [31, []]]"
ô,com.apple.keylayout.NorthernSami,"[[23, [""option""]], [31, []]]"
ö,com.apple.keylayout.NorthernSami,"[[30, [""option""]], [31, []]]"
ȯ,com.apple.keylayout.NorthernSami,"[[35, [""option""]], [31, []]]"
ọ,com.apple.keylayout.NorthernSami,"[[5, [""option""]], [31, []]]"
ő,com.apple.keylayout.NorthernSami,"[[29, [""option""]], [31, []]]"
ò,com.apple.keylayout.NorthernSami,"[[24, [""shift""]], [31, []]]"
ỏ,com.apple.keylayout.NorthernSami,"[[32, [""option""]], [31, []]]"
ơ,com.apple.keylayout.NorthernSami,"[[34, [""option""]], [31, []]]"
ō,com.apple.keylayout.NorthernSami,"[[0, [""option""]], [31, []]]"
ǫ,com.apple.keylayout.NorthernSami,"[[4, [""option""]], [31, []]]"
o̊,com.apple.keylayout.NorthernSami,"[[33, [""option""]], [31, []]]"
ɵ,com.apple.keylayout.NorthernSami,"[[37, [""option""]], [31, []]]"
õ,com.apple.keylayout.NorthernSami,"[[40, [""option""]], [31, []]]"
ṕ,com.apple.keylayout.NorthernSami,"[[24, []], [35, []]]"
ṗ,com.apple.keylayout.NorthernSami,"[[35, [""option""]], [35, []]]"
ƥ,com.apple.keylayout.NorthernSami,"[[3, [""option"", ""shift""]], [35, []]]"
ʠ,com.apple.keylayout.NorthernSami,"[[3, [""option"", ""shift""]], [12, [""option""]]]"
ƣ,com.apple.keylayout.NorthernSami,"[[1, [""option"", ""shift""]], [12, [""option""]]]"
•,com.apple.keylayout.NorthernSami,"[[3, [""option""]], [12, [""option""]]]"
ŕ,com.apple.keylayout.NorthernSami,"[[24, []], [15, []]]"
ř,com.apple.keylayout.NorthernSami,"[[15, [""option""]], [15, []]]"
ŗ,com.apple.keylayout.NorthernSami,"[[8, [""option""]], [15, []]]"
ṙ,com.apple.keylayout.NorthernSami,"[[35, [""option""]], [15, []]]"
ṛ,com.apple.keylayout.NorthernSami,"[[5, [""option""]], [15, []]]"
ʈ,com.apple.keylayout.NorthernSami,"[[3, [""option"", ""shift""]], [15, []]]"
ṝ,com.apple.keylayout.NorthernSami,"[[0, [""option""]], [15, []]]"
ʀ,com.apple.keylayout.NorthernSami,"[[1, [""option"", ""shift""]], [15, []]]"
ś,com.apple.keylayout.NorthernSami,"[[24, []], [1, []]]"
š,com.apple.keylayout.NorthernSami,"[[15, [""option""]], [1, []]]"
ş,com.apple.keylayout.NorthernSami,"[[8, [""option""]], [1, []]]"
ŝ,com.apple.keylayout.NorthernSami,"[[23, [""option""]], [1, []]]"
ṡ,com.apple.keylayout.NorthernSami,"[[35, [""option""]], [1, []]]"
ṣ,com.apple.keylayout.NorthernSami,"[[5, [""option""]], [1, []]]"
ʃ,com.apple.keylayout.NorthernSami,"[[3, [""option"", ""shift""]], [1, []]]"
s̄,com.apple.keylayout.NorthernSami,"[[0, [""option""]], [1, []]]"
ſ,com.apple.keylayout.NorthernSami,"[[1, [""option"", ""shift""]], [1, []]]"
ť,com.apple.keylayout.NorthernSami,"[[15, [""option""]], [17, []]]"
ţ,com.apple.keylayout.NorthernSami,"[[8, [""option""]], [17, []]]"
ẗ,com.apple.keylayout.NorthernSami,"[[30, [""option""]], [17, []]]"
ṫ,com.apple.keylayout.NorthernSami,"[[35, [""option""]], [17, []]]"
ṭ,com.apple.keylayout.NorthernSami,"[[5, [""option""]], [17, []]]"
ƭ,com.apple.keylayout.NorthernSami,"[[3, [""option"", ""shift""]], [17, []]]"
ŧ,com.apple.keylayout.NorthernSami,"[[37, [""option""]], [17, []]]"
ú,com.apple.keylayout.NorthernSami,"[[24, []], [32, []]]"
ŭ,com.apple.keylayout.NorthernSami,"[[38, [""option""]], [32, []]]"
ǔ,com.apple.keylayout.NorthernSami,"[[15, [""option""]], [32, []]]"
û,com.apple.keylayout.NorthernSami,"[[23, [""option""]], [32, []]]"
ü,com.apple.keylayout.NorthernSami,"[[30, [""option""]], [32, []]]"
ụ,com.apple.keylayout.NorthernSami,"[[5, [""option""]], [32, []]]"
ű,com.apple.keylayout.NorthernSami,"[[29, [""option""]], [32, []]]"
ù,com.apple.keylayout.NorthernSami,"[[24, [""shift""]], [32, []]]"
ủ,com.apple.keylayout.NorthernSami,"[[32, [""option""]], [32, []]]"
ʋ,com.apple.keylayout.NorthernSami,"[[3, [""option"", ""shift""]], [32, []]]"
ư,com.apple.keylayout.NorthernSami,"[[34, [""option""]], [32, []]]"
ū,com.apple.keylayout.NorthernSami,"[[0, [""option""]], [32, []]]"
ų,com.apple.keylayout.NorthernSami,"[[4, [""option""]], [32, []]]"
ů,com.apple.keylayout.NorthernSami,"[[33, [""option""]], [32, []]]"
ʊ,com.apple.keylayout.NorthernSami,"[[1, [""option"", ""shift""]], [32, []]]"
ʉ,com.apple.keylayout.NorthernSami,"[[37, [""option""]], [32, []]]"
ũ,com.apple.keylayout.NorthernSami,"[[40, [""option""]], [32, []]]"
ǘ,com.apple.keylayout.NorthernSami,"[[24, []], [9, []]]"
ǚ,com.apple.keylayout.NorthernSami,"[[15, [""option""]], [9, []]]"
ṿ,com.apple.keylayout.NorthernSami,"[[5, [""option""]], [9, []]]"
ǜ,com.apple.keylayout.NorthernSami,"[[24, [""shift""]], [9, []]]"
ǖ,com.apple.keylayout.NorthernSami,"[[0, [""option""]], [9, []]]"
ʌ,com.apple.keylayout.NorthernSami,"[[1, [""option"", ""shift""]], [9, []]]"
ṽ,com.apple.keylayout.NorthernSami,"[[40, [""option""]], [9, []]]"
ẃ,com.apple.keylayout.NorthernSami,"[[24, []], [13, [""option""]]]"
ŵ,com.apple.keylayout.NorthernSami,"[[23, [""option""]], [13, [""option""]]]"
ẅ,com.apple.keylayout.NorthernSami,"[[30, [""option""]], [13, [""option""]]]"
ẇ,com.apple.keylayout.NorthernSami,"[[35, [""option""]], [13, [""option""]]]"
ẉ,com.apple.keylayout.NorthernSami,"[[5, [""option""]], [13, [""option""]]]"
ẁ,com.apple.keylayout.NorthernSami,"[[24, [""shift""]], [13, [""option""]]]"
ẘ,com.apple.keylayout.NorthernSami,"[[33, [""option""]], [13, [""option""]]]"
ƿ,com.apple.keylayout.NorthernSami,"[[1, [""option"", ""shift""]], [13, [""option""]]]"
ǯ,com.apple.keylayout.NorthernSami,"[[15, [""option""]], [7, [""option""]]]"
ẍ,com.apple.keylayout.NorthernSami,"[[30, [""option""]], [7, [""option""]]]"
ẋ,com.apple.keylayout.NorthernSami,"[[35, [""option""]], [7, [""option""]]]"
ɖ,com.apple.keylayout.NorthernSami,"[[3, [""option"", ""shift""]], [7, [""option""]]]"
ý,com.apple.keylayout.NorthernSami,"[[24, []], [16, [""option""]]]"
ŷ,com.apple.keylayout.NorthernSami,"[[23, [""option""]], [16, [""option""]]]"
ÿ,com.apple.keylayout.NorthernSami,"[[30, [""option""]], [16, [""option""]]]"
ẏ,com.apple.keylayout.NorthernSami,"[[35, [""option""]], [16, [""option""]]]"
ỵ,com.apple.keylayout.NorthernSami,"[[5, [""option""]], [16, [""option""]]]"
ỳ,com.apple.keylayout.NorthernSami,"[[24, [""shift""]], [16, [""option""]]]"
ỷ,com.apple.keylayout.NorthernSami,"[[32, [""option""]], [16, [""option""]]]"
ƴ,com.apple.keylayout.NorthernSami,"[[3, [""option"", ""shift""]], [16, [""option""]]]"
ȳ,com.apple.keylayout.NorthernSami,"[[0, [""option""]], [16, [""option""]]]"
ẙ,com.apple.keylayout.NorthernSami,"[[33, [""option""]], [16, [""option""]]]"
ȝ,com.apple.keylayout.NorthernSami,"[[1, [""option"", ""shift""]], [16, [""option""]]]"
ỹ,com.apple.keylayout.NorthernSami,"[[40, [""option""]], [16, [""option""]]]"
ź,com.apple.keylayout.NorthernSami,"[[24, []], [6, []]]"
ž,com.apple.keylayout.NorthernSami,"[[15, [""option""]], [6, []]]"
z̧,com.apple.keylayout.NorthernSami,"[[8, [""option""]], [6, []]]"
ẑ,com.apple.keylayout.NorthernSami,"[[23, [""option""]], [6, []]]"
ż,com.apple.keylayout.NorthernSami,"[[35, [""option""]], [6, []]]"
ẓ,com.apple.keylayout.NorthernSami,"[[5, [""option""]], [6, []]]"
ȥ,com.apple.keylayout.NorthernSami,"[[3, [""option"", ""shift""]], [6, []]]"
z̄,com.apple.keylayout.NorthernSami,"[[0, [""option""]], [6, []]]"
ʒ,com.apple.keylayout.NorthernSami,"[[1, [""option"", ""shift""]], [6, []]]"
ƶ,com.apple.keylayout.NorthernSami,"[[37, [""option""]], [6, []]]"
Ǻ,com.apple.keylayout.NorthernSami,"[[24, []], [33, [""shift""]]]"
Ǽ,com.apple.keylayout.NorthernSami,"[[24, []], [39, [""shift""]]]"
Ǣ,com.apple.keylayout.NorthernSami,"[[0, [""option""]], [39, [""shift""]]]"
Ǿ,com.apple.keylayout.NorthernSami,"[[24, []], [41, [""shift""]]]"
ǻ,com.apple.keylayout.NorthernSami,"[[24, []], [33, []]]"
ǽ,com.apple.keylayout.NorthernSami,"[[24, []], [39, []]]"
ǣ,com.apple.keylayout.NorthernSami,"[[0, [""option""]], [39, []]]"
ǿ,com.apple.keylayout.NorthernSami,"[[24, []], [41, []]]"
',com.apple.keylayout.NorthernSami,"[[3, [""option""]], [42, []]]"
Ș,com.apple.keylayout.NorthernSami,"[[8, [""option""]], [13, [""shift""]]]"
ș,com.apple.keylayout.NorthernSami,"[[8, [""option""]], [13, []]]"
Ț,com.apple.keylayout.NorthernSami,"[[8, [""option""]], [16, [""shift""]]]"
ț,com.apple.keylayout.NorthernSami,"[[8, [""option""]], [16, []]]"
´,com.apple.keylayout.Cherokee-Nation,"[[14, [""option""]], [49, []]]"
˘,com.apple.keylayout.Cherokee-Nation,"[[11, [""option""]], [49, []]]"
ˇ,com.apple.keylayout.Cherokee-Nation,"[[9, [""option""]], [49, []]]"
¸,com.apple.keylayout.Cherokee-Nation,"[[8, [""option""]], [49, []]]"
ˆ,com.apple.keylayout.Cherokee-Nation,"[[22, [""option""]], [49, []]]"
‸,com.apple.keylayout.Cherokee-Nation,"[[5, [""option"", ""shift""]], [49, []]]"
",",com.apple.keylayout.Cherokee-Nation,"[[35, [""option""]], [49, []]]"
¨,com.apple.keylayout.Cherokee-Nation,"[[32, [""option""]], [49, []]]"
˙,com.apple.keylayout.Cherokee-Nation,"[[13, [""option""]], [49, []]]"
.,com.apple.keylayout.Cherokee-Nation,"[[7, [""option""]], [49, []]]"
˝,com.apple.keylayout.Cherokee-Nation,"[[38, [""option""]], [49, []]]"
 ̏,com.apple.keylayout.Cherokee-Nation,"[[16, [""option"", ""shift""]], [49, []]]"
`,com.apple.keylayout.Cherokee-Nation,"[[50, [""option""]], [49, []]]"
ˀ,com.apple.keylayout.Cherokee-Nation,"[[6, [""option""]], [49, []]]"
ʔ,com.apple.keylayout.Cherokee-Nation,"[[47, [""option"", ""shift""]], [49, []]]"
ʼ,com.apple.keylayout.Cherokee-Nation,"[[34, [""option""]], [49, []]]"
 ̑,com.apple.keylayout.Cherokee-Nation,"[[1, [""option"", ""shift""]], [49, []]]"
¯,com.apple.keylayout.Cherokee-Nation,"[[0, [""option""]], [49, []]]"
ˍ,com.apple.keylayout.Cherokee-Nation,"[[4, [""option""]], [49, []]]"
˛,com.apple.keylayout.Cherokee-Nation,"[[46, [""option""]], [49, []]]"
˚,com.apple.keylayout.Cherokee-Nation,"[[40, [""option""]], [49, []]]"
№,com.apple.keylayout.Cherokee-Nation,"[[41, [""option"", ""shift""]], [49, []]]"
-,com.apple.keylayout.Cherokee-Nation,"[[37, [""option""]], [49, []]]"
˜,com.apple.keylayout.Cherokee-Nation,"[[45, [""option""]], [49, []]]"
 ̰,com.apple.keylayout.Cherokee-Nation,"[[3, [""option"", ""shift""]], [49, []]]"
ʺ,com.apple.keylayout.Cherokee-Nation,"[[41, [""option"", ""shift""]], [39, [""shift""]]]"
Ɛ,com.apple.keylayout.Cherokee-Nation,"[[41, [""option"", ""shift""]], [20, [""shift""]]]"
Ƽ,com.apple.keylayout.Cherokee-Nation,"[[41, [""option"", ""shift""]], [23, [""shift""]]]"
ʹ,com.apple.keylayout.Cherokee-Nation,"[[41, [""option"", ""shift""]], [39, []]]"
Ȣ,com.apple.keylayout.Cherokee-Nation,"[[41, [""option"", ""shift""]], [28, [""shift""]]]"
ƨ,com.apple.keylayout.Cherokee-Nation,"[[41, [""option"", ""shift""]], [19, []]]"
ɛ,com.apple.keylayout.Cherokee-Nation,"[[41, [""option"", ""shift""]], [20, []]]"
ƽ,com.apple.keylayout.Cherokee-Nation,"[[41, [""option"", ""shift""]], [23, []]]"
ƅ,com.apple.keylayout.Cherokee-Nation,"[[41, [""option"", ""shift""]], [22, []]]"
⁊,com.apple.keylayout.Cherokee-Nation,"[[41, [""option"", ""shift""]], [26, []]]"
ȣ,com.apple.keylayout.Cherokee-Nation,"[[41, [""option"", ""shift""]], [28, []]]"
Ƨ,com.apple.keylayout.Cherokee-Nation,"[[41, [""option"", ""shift""]], [19, [""shift""]]]"
Á,com.apple.keylayout.Cherokee-Nation,"[[14, [""option""]], [0, [""shift""]]]"
Ă,com.apple.keylayout.Cherokee-Nation,"[[11, [""option""]], [0, [""shift""]]]"
Ǎ,com.apple.keylayout.Cherokee-Nation,"[[9, [""option""]], [0, [""shift""]]]"
Â,com.apple.keylayout.Cherokee-Nation,"[[22, [""option""]], [0, [""shift""]]]"
Ä,com.apple.keylayout.Cherokee-Nation,"[[32, [""option""]], [0, [""shift""]]]"
Ȧ,com.apple.keylayout.Cherokee-Nation,"[[13, [""option""]], [0, [""shift""]]]"
Ạ,com.apple.keylayout.Cherokee-Nation,"[[7, [""option""]], [0, [""shift""]]]"
Ȁ,com.apple.keylayout.Cherokee-Nation,"[[16, [""option"", ""shift""]], [0, [""shift""]]]"
À,com.apple.keylayout.Cherokee-Nation,"[[50, [""option""]], [0, [""shift""]]]"
Ả,com.apple.keylayout.Cherokee-Nation,"[[6, [""option""]], [0, [""shift""]]]"
Ȃ,com.apple.keylayout.Cherokee-Nation,"[[1, [""option"", ""shift""]], [0, [""shift""]]]"
Ā,com.apple.keylayout.Cherokee-Nation,"[[0, [""option""]], [0, [""shift""]]]"
Ą,com.apple.keylayout.Cherokee-Nation,"[[46, [""option""]], [0, [""shift""]]]"
Å,com.apple.keylayout.Cherokee-Nation,"[[40, [""option""]], [0, [""shift""]]]"
Ə,com.apple.keylayout.Cherokee-Nation,"[[41, [""option"", ""shift""]], [0, [""shift""]]]"
Ã,com.apple.keylayout.Cherokee-Nation,"[[45, [""option""]], [0, [""shift""]]]"
Ḃ,com.apple.keylayout.Cherokee-Nation,"[[13, [""option""]], [11, [""shift""]]]"
Ḅ,com.apple.keylayout.Cherokee-Nation,"[[7, [""option""]], [11, [""shift""]]]"
Ɓ,com.apple.keylayout.Cherokee-Nation,"[[47, [""option"", ""shift""]], [11, [""shift""]]]"
Ḇ,com.apple.keylayout.Cherokee-Nation,"[[4, [""option""]], [11, [""shift""]]]"
Ć,com.apple.keylayout.Cherokee-Nation,"[[14, [""option""]], [8, [""shift""]]]"
Č,com.apple.keylayout.Cherokee-Nation,"[[9, [""option""]], [8, [""shift""]]]"
Ç,com.apple.keylayout.Cherokee-Nation,"[[8, [""option""]], [8, [""shift""]]]"
Ĉ,com.apple.keylayout.Cherokee-Nation,"[[22, [""option""]], [8, [""shift""]]]"
Ċ,com.apple.keylayout.Cherokee-Nation,"[[13, [""option""]], [8, [""shift""]]]"
Ƈ,com.apple.keylayout.Cherokee-Nation,"[[47, [""option"", ""shift""]], [8, [""shift""]]]"
Ɔ,com.apple.keylayout.Cherokee-Nation,"[[41, [""option"", ""shift""]], [8, [""shift""]]]"
Ď,com.apple.keylayout.Cherokee-Nation,"[[9, [""option""]], [2, [""shift""]]]"
Ḑ,com.apple.keylayout.Cherokee-Nation,"[[8, [""option""]], [2, [""shift""]]]"
Ḓ,com.apple.keylayout.Cherokee-Nation,"[[5, [""option"", ""shift""]], [2, [""shift""]]]"
Ḋ,com.apple.keylayout.Cherokee-Nation,"[[13, [""option""]], [2, [""shift""]]]"
Ḍ,com.apple.keylayout.Cherokee-Nation,"[[7, [""option""]], [2, [""shift""]]]"
Ɗ,com.apple.keylayout.Cherokee-Nation,"[[47, [""option"", ""shift""]], [2, [""shift""]]]"
Ḏ,com.apple.keylayout.Cherokee-Nation,"[[4, [""option""]], [2, [""shift""]]]"
Đ,com.apple.keylayout.Cherokee-Nation,"[[37, [""option""]], [2, [""shift""]]]"
É,com.apple.keylayout.Cherokee-Nation,"[[14, [""option""]], [14, [""shift""]]]"
Ĕ,com.apple.keylayout.Cherokee-Nation,"[[11, [""option""]], [14, [""shift""]]]"
Ě,com.apple.keylayout.Cherokee-Nation,"[[9, [""option""]], [14, [""shift""]]]"
Ȩ,com.apple.keylayout.Cherokee-Nation,"[[8, [""option""]], [14, [""shift""]]]"
Ê,com.apple.keylayout.Cherokee-Nation,"[[22, [""option""]], [14, [""shift""]]]"
Ḙ,com.apple.keylayout.Cherokee-Nation,"[[5, [""option"", ""shift""]], [14, [""shift""]]]"
Ë,com.apple.keylayout.Cherokee-Nation,"[[32, [""option""]], [14, [""shift""]]]"
Ė,com.apple.keylayout.Cherokee-Nation,"[[13, [""option""]], [14, [""shift""]]]"
Ẹ,com.apple.keylayout.Cherokee-Nation,"[[7, [""option""]], [14, [""shift""]]]"
Ȅ,com.apple.keylayout.Cherokee-Nation,"[[16, [""option"", ""shift""]], [14, [""shift""]]]"
È,com.apple.keylayout.Cherokee-Nation,"[[50, [""option""]], [14, [""shift""]]]"
Ẻ,com.apple.keylayout.Cherokee-Nation,"[[6, [""option""]], [14, [""shift""]]]"
Ȇ,com.apple.keylayout.Cherokee-Nation,"[[1, [""option"", ""shift""]], [14, [""shift""]]]"
Ē,com.apple.keylayout.Cherokee-Nation,"[[0, [""option""]], [14, [""shift""]]]"
Ę,com.apple.keylayout.Cherokee-Nation,"[[46, [""option""]], [14, [""shift""]]]"
E̊,com.apple.keylayout.Cherokee-Nation,"[[40, [""option""]], [14, [""shift""]]]"
Ǝ,com.apple.keylayout.Cherokee-Nation,"[[41, [""option"", ""shift""]], [14, [""shift""]]]"
Ẽ,com.apple.keylayout.Cherokee-Nation,"[[45, [""option""]], [14, [""shift""]]]"
Ḛ,com.apple.keylayout.Cherokee-Nation,"[[3, [""option"", ""shift""]], [14, [""shift""]]]"
Ḟ,com.apple.keylayout.Cherokee-Nation,"[[13, [""option""]], [3, [""shift""]]]"
Ƒ,com.apple.keylayout.Cherokee-Nation,"[[47, [""option"", ""shift""]], [3, [""shift""]]]"
Ǵ,com.apple.keylayout.Cherokee-Nation,"[[14, [""option""]], [5, [""shift""]]]"
Ğ,com.apple.keylayout.Cherokee-Nation,"[[11, [""option""]], [5, [""shift""]]]"
Ǧ,com.apple.keylayout.Cherokee-Nation,"[[9, [""option""]], [5, [""shift""]]]"
Ģ,com.apple.keylayout.Cherokee-Nation,"[[8, [""option""]], [5, [""shift""]]]"
Ĝ,com.apple.keylayout.Cherokee-Nation,"[[22, [""option""]], [5, [""shift""]]]"
Ġ,com.apple.keylayout.Cherokee-Nation,"[[13, [""option""]], [5, [""shift""]]]"
Ɠ,com.apple.keylayout.Cherokee-Nation,"[[47, [""option"", ""shift""]], [5, [""shift""]]]"
Ḡ,com.apple.keylayout.Cherokee-Nation,"[[0, [""option""]], [5, [""shift""]]]"
Ɣ,com.apple.keylayout.Cherokee-Nation,"[[41, [""option"", ""shift""]], [5, [""shift""]]]"
Ǥ,com.apple.keylayout.Cherokee-Nation,"[[37, [""option""]], [5, [""shift""]]]"
Ḫ,com.apple.keylayout.Cherokee-Nation,"[[11, [""option""]], [4, [""shift""]]]"
Ȟ,com.apple.keylayout.Cherokee-Nation,"[[9, [""option""]], [4, [""shift""]]]"
Ḩ,com.apple.keylayout.Cherokee-Nation,"[[8, [""option""]], [4, [""shift""]]]"
Ĥ,com.apple.keylayout.Cherokee-Nation,"[[22, [""option""]], [4, [""shift""]]]"
Ḧ,com.apple.keylayout.Cherokee-Nation,"[[32, [""option""]], [4, [""shift""]]]"
Ḣ,com.apple.keylayout.Cherokee-Nation,"[[13, [""option""]], [4, [""shift""]]]"
Ḥ,com.apple.keylayout.Cherokee-Nation,"[[7, [""option""]], [4, [""shift""]]]"
H̱,com.apple.keylayout.Cherokee-Nation,"[[4, [""option""]], [4, [""shift""]]]"
Ƕ,com.apple.keylayout.Cherokee-Nation,"[[41, [""option"", ""shift""]], [4, [""shift""]]]"
Ħ,com.apple.keylayout.Cherokee-Nation,"[[37, [""option""]], [4, [""shift""]]]"
Í,com.apple.keylayout.Cherokee-Nation,"[[14, [""option""]], [34, [""shift""]]]"
Ĭ,com.apple.keylayout.Cherokee-Nation,"[[11, [""option""]], [34, [""shift""]]]"
Ǐ,com.apple.keylayout.Cherokee-Nation,"[[9, [""option""]], [34, [""shift""]]]"
Î,com.apple.keylayout.Cherokee-Nation,"[[22, [""option""]], [34, [""shift""]]]"
Ï,com.apple.keylayout.Cherokee-Nation,"[[32, [""option""]], [34, [""shift""]]]"
İ,com.apple.keylayout.Cherokee-Nation,"[[13, [""option""]], [34, [""shift""]]]"
Ị,com.apple.keylayout.Cherokee-Nation,"[[7, [""option""]], [34, [""shift""]]]"
Ȉ,com.apple.keylayout.Cherokee-Nation,"[[16, [""option"", ""shift""]], [34, [""shift""]]]"
Ì,com.apple.keylayout.Cherokee-Nation,"[[50, [""option""]], [34, [""shift""]]]"
Ỉ,com.apple.keylayout.Cherokee-Nation,"[[6, [""option""]], [34, [""shift""]]]"
Ɩ,com.apple.keylayout.Cherokee-Nation,"[[47, [""option"", ""shift""]], [34, [""shift""]]]"
Ȋ,com.apple.keylayout.Cherokee-Nation,"[[1, [""option"", ""shift""]], [34, [""shift""]]]"
Ī,com.apple.keylayout.Cherokee-Nation,"[[0, [""option""]], [34, [""shift""]]]"
Į,com.apple.keylayout.Cherokee-Nation,"[[46, [""option""]], [34, [""shift""]]]"
Ɨ,com.apple.keylayout.Cherokee-Nation,"[[37, [""option""]], [34, [""shift""]]]"
Ĩ,com.apple.keylayout.Cherokee-Nation,"[[45, [""option""]], [34, [""shift""]]]"
Ḭ,com.apple.keylayout.Cherokee-Nation,"[[3, [""option"", ""shift""]], [34, [""shift""]]]"
J̌,com.apple.keylayout.Cherokee-Nation,"[[9, [""option""]], [38, [""shift""]]]"
Ĵ,com.apple.keylayout.Cherokee-Nation,"[[22, [""option""]], [38, [""shift""]]]"
Ƞ,com.apple.keylayout.Cherokee-Nation,"[[41, [""option"", ""shift""]], [38, [""shift""]]]"
Ḱ,com.apple.keylayout.Cherokee-Nation,"[[14, [""option""]], [40, [""shift""]]]"
Ǩ,com.apple.keylayout.Cherokee-Nation,"[[9, [""option""]], [40, [""shift""]]]"
Ķ,com.apple.keylayout.Cherokee-Nation,"[[8, [""option""]], [40, [""shift""]]]"
Ḳ,com.apple.keylayout.Cherokee-Nation,"[[7, [""option""]], [40, [""shift""]]]"
Ƙ,com.apple.keylayout.Cherokee-Nation,"[[47, [""option"", ""shift""]], [40, [""shift""]]]"
Ḵ,com.apple.keylayout.Cherokee-Nation,"[[4, [""option""]], [40, [""shift""]]]"
K’,com.apple.keylayout.Cherokee-Nation,"[[41, [""option"", ""shift""]], [40, [""shift""]]]"
Ĺ,com.apple.keylayout.Cherokee-Nation,"[[14, [""option""]], [37, [""shift""]]]"
Ľ,com.apple.keylayout.Cherokee-Nation,"[[9, [""option""]], [37, [""shift""]]]"
Ļ,com.apple.keylayout.Cherokee-Nation,"[[8, [""option""]], [37, [""shift""]]]"
Ḽ,com.apple.keylayout.Cherokee-Nation,"[[5, [""option"", ""shift""]], [37, [""shift""]]]"
Ḷ,com.apple.keylayout.Cherokee-Nation,"[[7, [""option""]], [37, [""shift""]]]"
Ḹ,com.apple.keylayout.Cherokee-Nation,"[[0, [""option""]], [37, [""shift""]]]"
Ḻ,com.apple.keylayout.Cherokee-Nation,"[[4, [""option""]], [37, [""shift""]]]"
Ł,com.apple.keylayout.Cherokee-Nation,"[[37, [""option""]], [37, [""shift""]]]"
Ḿ,com.apple.keylayout.Cherokee-Nation,"[[14, [""option""]], [46, [""shift""]]]"
M̂,com.apple.keylayout.Cherokee-Nation,"[[22, [""option""]], [46, [""shift""]]]"
Ṁ,com.apple.keylayout.Cherokee-Nation,"[[13, [""option""]], [46, [""shift""]]]"
Ṃ,com.apple.keylayout.Cherokee-Nation,"[[7, [""option""]], [46, [""shift""]]]"
Ɯ,com.apple.keylayout.Cherokee-Nation,"[[41, [""option"", ""shift""]], [46, [""shift""]]]"
Ń,com.apple.keylayout.Cherokee-Nation,"[[14, [""option""]], [45, [""shift""]]]"
Ň,com.apple.keylayout.Cherokee-Nation,"[[9, [""option""]], [45, [""shift""]]]"
Ņ,com.apple.keylayout.Cherokee-Nation,"[[8, [""option""]], [45, [""shift""]]]"
N̂,com.apple.keylayout.Cherokee-Nation,"[[22, [""option""]], [45, [""shift""]]]"
Ṋ,com.apple.keylayout.Cherokee-Nation,"[[5, [""option"", ""shift""]], [45, [""shift""]]]"
Ṅ,com.apple.keylayout.Cherokee-Nation,"[[13, [""option""]], [45, [""shift""]]]"
Ṇ,com.apple.keylayout.Cherokee-Nation,"[[7, [""option""]], [45, [""shift""]]]"
Ǹ,com.apple.keylayout.Cherokee-Nation,"[[50, [""option""]], [45, [""shift""]]]"
Ɲ,com.apple.keylayout.Cherokee-Nation,"[[47, [""option"", ""shift""]], [45, [""shift""]]]"
Ṉ,com.apple.keylayout.Cherokee-Nation,"[[4, [""option""]], [45, [""shift""]]]"
Ŋ,com.apple.keylayout.Cherokee-Nation,"[[41, [""option"", ""shift""]], [45, [""shift""]]]"
Ñ,com.apple.keylayout.Cherokee-Nation,"[[45, [""option""]], [45, [""shift""]]]"
Ó,com.apple.keylayout.Cherokee-Nation,"[[14, [""option""]], [31, [""shift""]]]"
Ŏ,com.apple.keylayout.Cherokee-Nation,"[[11, [""option""]], [31, [""shift""]]]"
Ǒ,com.apple.keylayout.Cherokee-Nation,"[[9, [""option""]], [31, [""shift""]]]"
Ô,com.apple.keylayout.Cherokee-Nation,"[[22, [""option""]], [31, [""shift""]]]"
Ö,com.apple.keylayout.Cherokee-Nation,"[[32, [""option""]], [31, [""shift""]]]"
Ȯ,com.apple.keylayout.Cherokee-Nation,"[[13, [""option""]], [31, [""shift""]]]"
Ọ,com.apple.keylayout.Cherokee-Nation,"[[7, [""option""]], [31, [""shift""]]]"
Ő,com.apple.keylayout.Cherokee-Nation,"[[38, [""option""]], [31, [""shift""]]]"
Ȍ,com.apple.keylayout.Cherokee-Nation,"[[16, [""option"", ""shift""]], [31, [""shift""]]]"
Ò,com.apple.keylayout.Cherokee-Nation,"[[50, [""option""]], [31, [""shift""]]]"
Ỏ,com.apple.keylayout.Cherokee-Nation,"[[6, [""option""]], [31, [""shift""]]]"
Ơ,com.apple.keylayout.Cherokee-Nation,"[[34, [""option""]], [31, [""shift""]]]"
Ȏ,com.apple.keylayout.Cherokee-Nation,"[[1, [""option"", ""shift""]], [31, [""shift""]]]"
Ō,com.apple.keylayout.Cherokee-Nation,"[[0, [""option""]], [31, [""shift""]]]"
Ǫ,com.apple.keylayout.Cherokee-Nation,"[[46, [""option""]], [31, [""shift""]]]"
O̊,com.apple.keylayout.Cherokee-Nation,"[[40, [""option""]], [31, [""shift""]]]"
Ɵ,com.apple.keylayout.Cherokee-Nation,"[[37, [""option""]], [31, [""shift""]]]"
Õ,com.apple.keylayout.Cherokee-Nation,"[[45, [""option""]], [31, [""shift""]]]"
Ṕ,com.apple.keylayout.Cherokee-Nation,"[[14, [""option""]], [35, [""shift""]]]"
Ṗ,com.apple.keylayout.Cherokee-Nation,"[[13, [""option""]], [35, [""shift""]]]"
Ƥ,com.apple.keylayout.Cherokee-Nation,"[[47, [""option"", ""shift""]], [35, [""shift""]]]"
Ƣ,com.apple.keylayout.Cherokee-Nation,"[[41, [""option"", ""shift""]], [12, [""shift""]]]"
Ŕ,com.apple.keylayout.Cherokee-Nation,"[[14, [""option""]], [15, [""shift""]]]"
Ř,com.apple.keylayout.Cherokee-Nation,"[[9, [""option""]], [15, [""shift""]]]"
Ŗ,com.apple.keylayout.Cherokee-Nation,"[[8, [""option""]], [15, [""shift""]]]"
Ṙ,com.apple.keylayout.Cherokee-Nation,"[[13, [""option""]], [15, [""shift""]]]"
Ṛ,com.apple.keylayout.Cherokee-Nation,"[[7, [""option""]], [15, [""shift""]]]"
Ȑ,com.apple.keylayout.Cherokee-Nation,"[[16, [""option"", ""shift""]], [15, [""shift""]]]"
Ʈ,com.apple.keylayout.Cherokee-Nation,"[[47, [""option"", ""shift""]], [15, [""shift""]]]"
Ȓ,com.apple.keylayout.Cherokee-Nation,"[[1, [""option"", ""shift""]], [15, [""shift""]]]"
Ṝ,com.apple.keylayout.Cherokee-Nation,"[[0, [""option""]], [15, [""shift""]]]"
Ṟ,com.apple.keylayout.Cherokee-Nation,"[[4, [""option""]], [15, [""shift""]]]"
Ʀ,com.apple.keylayout.Cherokee-Nation,"[[41, [""option"", ""shift""]], [15, [""shift""]]]"
Ś,com.apple.keylayout.Cherokee-Nation,"[[14, [""option""]], [1, [""shift""]]]"
Š,com.apple.keylayout.Cherokee-Nation,"[[9, [""option""]], [1, [""shift""]]]"
Ş,com.apple.keylayout.Cherokee-Nation,"[[8, [""option""]], [1, [""shift""]]]"
Ŝ,com.apple.keylayout.Cherokee-Nation,"[[22, [""option""]], [1, [""shift""]]]"
Ș,com.apple.keylayout.Cherokee-Nation,"[[35, [""option""]], [1, [""shift""]]]"
Ṡ,com.apple.keylayout.Cherokee-Nation,"[[13, [""option""]], [1, [""shift""]]]"
Ṣ,com.apple.keylayout.Cherokee-Nation,"[[7, [""option""]], [1, [""shift""]]]"
Ʃ,com.apple.keylayout.Cherokee-Nation,"[[47, [""option"", ""shift""]], [1, [""shift""]]]"
S̄,com.apple.keylayout.Cherokee-Nation,"[[0, [""option""]], [1, [""shift""]]]"
Ť,com.apple.keylayout.Cherokee-Nation,"[[9, [""option""]], [17, [""shift""]]]"
Ţ,com.apple.keylayout.Cherokee-Nation,"[[8, [""option""]], [17, [""shift""]]]"
Ṱ,com.apple.keylayout.Cherokee-Nation,"[[5, [""option"", ""shift""]], [17, [""shift""]]]"
Ț,com.apple.keylayout.Cherokee-Nation,"[[35, [""option""]], [17, [""shift""]]]"
T̈,com.apple.keylayout.Cherokee-Nation,"[[32, [""option""]], [17, [""shift""]]]"
Ṫ,com.apple.keylayout.Cherokee-Nation,"[[13, [""option""]], [17, [""shift""]]]"
Ṭ,com.apple.keylayout.Cherokee-Nation,"[[7, [""option""]], [17, [""shift""]]]"
Ƭ,com.apple.keylayout.Cherokee-Nation,"[[47, [""option"", ""shift""]], [17, [""shift""]]]"
Ṯ,com.apple.keylayout.Cherokee-Nation,"[[4, [""option""]], [17, [""shift""]]]"
Ŧ,com.apple.keylayout.Cherokee-Nation,"[[37, [""option""]], [17, [""shift""]]]"
Ú,com.apple.keylayout.Cherokee-Nation,"[[14, [""option""]], [32, [""shift""]]]"
Ŭ,com.apple.keylayout.Cherokee-Nation,"[[11, [""option""]], [32, [""shift""]]]"
Ǔ,com.apple.keylayout.Cherokee-Nation,"[[9, [""option""]], [32, [""shift""]]]"
Û,com.apple.keylayout.Cherokee-Nation,"[[22, [""option""]], [32, [""shift""]]]"
Ṷ,com.apple.keylayout.Cherokee-Nation,"[[5, [""option"", ""shift""]], [32, [""shift""]]]"
Ü,com.apple.keylayout.Cherokee-Nation,"[[32, [""option""]], [32, [""shift""]]]"
Ụ,com.apple.keylayout.Cherokee-Nation,"[[7, [""option""]], [32, [""shift""]]]"
Ű,com.apple.keylayout.Cherokee-Nation,"[[38, [""option""]], [32, [""shift""]]]"
Ȕ,com.apple.keylayout.Cherokee-Nation,"[[16, [""option"", ""shift""]], [32, [""shift""]]]"
Ù,com.apple.keylayout.Cherokee-Nation,"[[50, [""option""]], [32, [""shift""]]]"
Ủ,com.apple.keylayout.Cherokee-Nation,"[[6, [""option""]], [32, [""shift""]]]"
Ʋ,com.apple.keylayout.Cherokee-Nation,"[[47, [""option"", ""shift""]], [32, [""shift""]]]"
Ư,com.apple.keylayout.Cherokee-Nation,"[[34, [""option""]], [32, [""shift""]]]"
Ȗ,com.apple.keylayout.Cherokee-Nation,"[[1, [""option"", ""shift""]], [32, [""shift""]]]"
Ū,com.apple.keylayout.Cherokee-Nation,"[[0, [""option""]], [32, [""shift""]]]"
Ų,com.apple.keylayout.Cherokee-Nation,"[[46, [""option""]], [32, [""shift""]]]"
Ů,com.apple.keylayout.Cherokee-Nation,"[[40, [""option""]], [32, [""shift""]]]"
Ʊ,com.apple.keylayout.Cherokee-Nation,"[[41, [""option"", ""shift""]], [32, [""shift""]]]"
Ũ,com.apple.keylayout.Cherokee-Nation,"[[45, [""option""]], [32, [""shift""]]]"
Ṵ,com.apple.keylayout.Cherokee-Nation,"[[3, [""option"", ""shift""]], [32, [""shift""]]]"
Ǘ,com.apple.keylayout.Cherokee-Nation,"[[14, [""option""]], [9, [""shift""]]]"
Ǚ,com.apple.keylayout.Cherokee-Nation,"[[9, [""option""]], [9, [""shift""]]]"
Ṿ,com.apple.keylayout.Cherokee-Nation,"[[7, [""option""]], [9, [""shift""]]]"
Ǜ,com.apple.keylayout.Cherokee-Nation,"[[50, [""option""]], [9, [""shift""]]]"
Ǖ,com.apple.keylayout.Cherokee-Nation,"[[0, [""option""]], [9, [""shift""]]]"
Ṽ,com.apple.keylayout.Cherokee-Nation,"[[45, [""option""]], [9, [""shift""]]]"
Ẃ,com.apple.keylayout.Cherokee-Nation,"[[14, [""option""]], [13, [""shift""]]]"
Ŵ,com.apple.keylayout.Cherokee-Nation,"[[22, [""option""]], [13, [""shift""]]]"
Ẅ,com.apple.keylayout.Cherokee-Nation,"[[32, [""option""]], [13, [""shift""]]]"
Ẇ,com.apple.keylayout.Cherokee-Nation,"[[13, [""option""]], [13, [""shift""]]]"
Ẉ,com.apple.keylayout.Cherokee-Nation,"[[7, [""option""]], [13, [""shift""]]]"
Ẁ,com.apple.keylayout.Cherokee-Nation,"[[50, [""option""]], [13, [""shift""]]]"
W̊,com.apple.keylayout.Cherokee-Nation,"[[40, [""option""]], [13, [""shift""]]]"
Ƿ,com.apple.keylayout.Cherokee-Nation,"[[41, [""option"", ""shift""]], [13, [""shift""]]]"
Ẍ,com.apple.keylayout.Cherokee-Nation,"[[32, [""option""]], [7, [""shift""]]]"
Ẋ,com.apple.keylayout.Cherokee-Nation,"[[13, [""option""]], [7, [""shift""]]]"
Ɖ,com.apple.keylayout.Cherokee-Nation,"[[47, [""option"", ""shift""]], [7, [""shift""]]]"
Ý,com.apple.keylayout.Cherokee-Nation,"[[14, [""option""]], [16, [""shift""]]]"
Ŷ,com.apple.keylayout.Cherokee-Nation,"[[22, [""option""]], [16, [""shift""]]]"
Ÿ,com.apple.keylayout.Cherokee-Nation,"[[32, [""option""]], [16, [""shift""]]]"
Ẏ,com.apple.keylayout.Cherokee-Nation,"[[13, [""option""]], [16, [""shift""]]]"
Ỵ,com.apple.keylayout.Cherokee-Nation,"[[7, [""option""]], [16, [""shift""]]]"
Ỳ,com.apple.keylayout.Cherokee-Nation,"[[50, [""option""]], [16, [""shift""]]]"
Ỷ,com.apple.keylayout.Cherokee-Nation,"[[6, [""option""]], [16, [""shift""]]]"
Ƴ,com.apple.keylayout.Cherokee-Nation,"[[47, [""option"", ""shift""]], [16, [""shift""]]]"
Ȳ,com.apple.keylayout.Cherokee-Nation,"[[0, [""option""]], [16, [""shift""]]]"
Y̊,com.apple.keylayout.Cherokee-Nation,"[[40, [""option""]], [16, [""shift""]]]"
Ȝ,com.apple.keylayout.Cherokee-Nation,"[[41, [""option"", ""shift""]], [16, [""shift""]]]"
Ỹ,com.apple.keylayout.Cherokee-Nation,"[[45, [""option""]], [16, [""shift""]]]"
Ź,com.apple.keylayout.Cherokee-Nation,"[[14, [""option""]], [6, [""shift""]]]"
Ž,com.apple.keylayout.Cherokee-Nation,"[[9, [""option""]], [6, [""shift""]]]"
Z̧,com.apple.keylayout.Cherokee-Nation,"[[8, [""option""]], [6, [""shift""]]]"
Ẑ,com.apple.keylayout.Cherokee-Nation,"[[22, [""option""]], [6, [""shift""]]]"
Ż,com.apple.keylayout.Cherokee-Nation,"[[13, [""option""]], [6, [""shift""]]]"
Ẓ,com.apple.keylayout.Cherokee-Nation,"[[7, [""option""]], [6, [""shift""]]]"
Ȥ,com.apple.keylayout.Cherokee-Nation,"[[47, [""option"", ""shift""]], [6, [""shift""]]]"
Z̄,com.apple.keylayout.Cherokee-Nation,"[[0, [""option""]], [6, [""shift""]]]"
Ẕ,com.apple.keylayout.Cherokee-Nation,"[[4, [""option""]], [6, [""shift""]]]"
Ʒ,com.apple.keylayout.Cherokee-Nation,"[[41, [""option"", ""shift""]], [6, [""shift""]]]"
Ƶ,com.apple.keylayout.Cherokee-Nation,"[[37, [""option""]], [6, [""shift""]]]"
Ƅ,com.apple.keylayout.Cherokee-Nation,"[[41, [""option"", ""shift""]], [22, [""shift""]]]"
á,com.apple.keylayout.Cherokee-Nation,"[[14, [""option""]], [0, []]]"
ă,com.apple.keylayout.Cherokee-Nation,"[[11, [""option""]], [0, []]]"
ǎ,com.apple.keylayout.Cherokee-Nation,"[[9, [""option""]], [0, []]]"
â,com.apple.keylayout.Cherokee-Nation,"[[22, [""option""]], [0, []]]"
ä,com.apple.keylayout.Cherokee-Nation,"[[32, [""option""]], [0, []]]"
ȧ,com.apple.keylayout.Cherokee-Nation,"[[13, [""option""]], [0, []]]"
ạ,com.apple.keylayout.Cherokee-Nation,"[[7, [""option""]], [0, []]]"
ȁ,com.apple.keylayout.Cherokee-Nation,"[[16, [""option"", ""shift""]], [0, []]]"
à,com.apple.keylayout.Cherokee-Nation,"[[50, [""option""]], [0, []]]"
ả,com.apple.keylayout.Cherokee-Nation,"[[6, [""option""]], [0, []]]"
ȃ,com.apple.keylayout.Cherokee-Nation,"[[1, [""option"", ""shift""]], [0, []]]"
ā,com.apple.keylayout.Cherokee-Nation,"[[0, [""option""]], [0, []]]"
ą,com.apple.keylayout.Cherokee-Nation,"[[46, [""option""]], [0, []]]"
å,com.apple.keylayout.Cherokee-Nation,"[[40, [""option""]], [0, []]]"
ə,com.apple.keylayout.Cherokee-Nation,"[[41, [""option"", ""shift""]], [0, []]]"
ã,com.apple.keylayout.Cherokee-Nation,"[[45, [""option""]], [0, []]]"
ḃ,com.apple.keylayout.Cherokee-Nation,"[[13, [""option""]], [11, []]]"
ḅ,com.apple.keylayout.Cherokee-Nation,"[[7, [""option""]], [11, []]]"
ɓ,com.apple.keylayout.Cherokee-Nation,"[[47, [""option"", ""shift""]], [11, []]]"
ḇ,com.apple.keylayout.Cherokee-Nation,"[[4, [""option""]], [11, []]]"
ƀ,com.apple.keylayout.Cherokee-Nation,"[[37, [""option""]], [11, []]]"
ć,com.apple.keylayout.Cherokee-Nation,"[[14, [""option""]], [8, []]]"
č,com.apple.keylayout.Cherokee-Nation,"[[9, [""option""]], [8, []]]"
ç,com.apple.keylayout.Cherokee-Nation,"[[8, [""option""]], [8, []]]"
ĉ,com.apple.keylayout.Cherokee-Nation,"[[22, [""option""]], [8, []]]"
ċ,com.apple.keylayout.Cherokee-Nation,"[[13, [""option""]], [8, []]]"
ƈ,com.apple.keylayout.Cherokee-Nation,"[[47, [""option"", ""shift""]], [8, []]]"
ɔ,com.apple.keylayout.Cherokee-Nation,"[[41, [""option"", ""shift""]], [8, []]]"
ď,com.apple.keylayout.Cherokee-Nation,"[[9, [""option""]], [2, []]]"
ḑ,com.apple.keylayout.Cherokee-Nation,"[[8, [""option""]], [2, []]]"
ḓ,com.apple.keylayout.Cherokee-Nation,"[[5, [""option"", ""shift""]], [2, []]]"
ḋ,com.apple.keylayout.Cherokee-Nation,"[[13, [""option""]], [2, []]]"
ḍ,com.apple.keylayout.Cherokee-Nation,"[[7, [""option""]], [2, []]]"
ɗ,com.apple.keylayout.Cherokee-Nation,"[[47, [""option"", ""shift""]], [2, []]]"
ḏ,com.apple.keylayout.Cherokee-Nation,"[[4, [""option""]], [2, []]]"
đ,com.apple.keylayout.Cherokee-Nation,"[[37, [""option""]], [2, []]]"
é,com.apple.keylayout.Cherokee-Nation,"[[14, [""option""]], [14, []]]"
ĕ,com.apple.keylayout.Cherokee-Nation,"[[11, [""option""]], [14, []]]"
ě,com.apple.keylayout.Cherokee-Nation,"[[9, [""option""]], [14, []]]"
ȩ,com.apple.keylayout.Cherokee-Nation,"[[8, [""option""]], [14, []]]"
ê,com.apple.keylayout.Cherokee-Nation,"[[22, [""option""]], [14, []]]"
ḙ,com.apple.keylayout.Cherokee-Nation,"[[5, [""option"", ""shift""]], [14, []]]"
ë,com.apple.keylayout.Cherokee-Nation,"[[32, [""option""]], [14, []]]"
ė,com.apple.keylayout.Cherokee-Nation,"[[13, [""option""]], [14, []]]"
ẹ,com.apple.keylayout.Cherokee-Nation,"[[7, [""option""]], [14, []]]"
ȅ,com.apple.keylayout.Cherokee-Nation,"[[16, [""option"", ""shift""]], [14, []]]"
è,com.apple.keylayout.Cherokee-Nation,"[[50, [""option""]], [14, []]]"
ẻ,com.apple.keylayout.Cherokee-Nation,"[[6, [""option""]], [14, []]]"
ȇ,com.apple.keylayout.Cherokee-Nation,"[[1, [""option"", ""shift""]], [14, []]]"
ē,com.apple.keylayout.Cherokee-Nation,"[[0, [""option""]], [14, []]]"
ę,com.apple.keylayout.Cherokee-Nation,"[[46, [""option""]], [14, []]]"
e̊,com.apple.keylayout.Cherokee-Nation,"[[40, [""option""]], [14, []]]"
ǝ,com.apple.keylayout.Cherokee-Nation,"[[41, [""option"", ""shift""]], [14, []]]"
ẽ,com.apple.keylayout.Cherokee-Nation,"[[45, [""option""]], [14, []]]"
ḛ,com.apple.keylayout.Cherokee-Nation,"[[3, [""option"", ""shift""]], [14, []]]"
ḟ,com.apple.keylayout.Cherokee-Nation,"[[13, [""option""]], [3, []]]"
ƒ,com.apple.keylayout.Cherokee-Nation,"[[47, [""option"", ""shift""]], [3, []]]"
ǵ,com.apple.keylayout.Cherokee-Nation,"[[14, [""option""]], [5, []]]"
ğ,com.apple.keylayout.Cherokee-Nation,"[[11, [""option""]], [5, []]]"
ǧ,com.apple.keylayout.Cherokee-Nation,"[[9, [""option""]], [5, []]]"
ģ,com.apple.keylayout.Cherokee-Nation,"[[8, [""option""]], [5, []]]"
ĝ,com.apple.keylayout.Cherokee-Nation,"[[22, [""option""]], [5, []]]"
ġ,com.apple.keylayout.Cherokee-Nation,"[[13, [""option""]], [5, []]]"
ɠ,com.apple.keylayout.Cherokee-Nation,"[[47, [""option"", ""shift""]], [5, []]]"
ḡ,com.apple.keylayout.Cherokee-Nation,"[[0, [""option""]], [5, []]]"
ɣ,com.apple.keylayout.Cherokee-Nation,"[[41, [""option"", ""shift""]], [5, []]]"
ǥ,com.apple.keylayout.Cherokee-Nation,"[[37, [""option""]], [5, []]]"
ḫ,com.apple.keylayout.Cherokee-Nation,"[[11, [""option""]], [4, []]]"
ȟ,com.apple.keylayout.Cherokee-Nation,"[[9, [""option""]], [4, []]]"
ḩ,com.apple.keylayout.Cherokee-Nation,"[[8, [""option""]], [4, []]]"
ĥ,com.apple.keylayout.Cherokee-Nation,"[[22, [""option""]], [4, []]]"
ḧ,com.apple.keylayout.Cherokee-Nation,"[[32, [""option""]], [4, []]]"
ḣ,com.apple.keylayout.Cherokee-Nation,"[[13, [""option""]], [4, []]]"
ḥ,com.apple.keylayout.Cherokee-Nation,"[[7, [""option""]], [4, []]]"
ɦ,com.apple.keylayout.Cherokee-Nation,"[[47, [""option"", ""shift""]], [4, []]]"
ẖ,com.apple.keylayout.Cherokee-Nation,"[[4, [""option""]], [4, []]]"
ƕ,com.apple.keylayout.Cherokee-Nation,"[[41, [""option"", ""shift""]], [4, []]]"
ħ,com.apple.keylayout.Cherokee-Nation,"[[37, [""option""]], [4, []]]"
í,com.apple.keylayout.Cherokee-Nation,"[[14, [""option""]], [34, []]]"
ĭ,com.apple.keylayout.Cherokee-Nation,"[[11, [""option""]], [34, []]]"
ǐ,com.apple.keylayout.Cherokee-Nation,"[[9, [""option""]], [34, []]]"
î,com.apple.keylayout.Cherokee-Nation,"[[22, [""option""]], [34, []]]"
ï,com.apple.keylayout.Cherokee-Nation,"[[32, [""option""]], [34, []]]"
ı,com.apple.keylayout.Cherokee-Nation,"[[13, [""option""]], [34, []]]"
ị,com.apple.keylayout.Cherokee-Nation,"[[7, [""option""]], [34, []]]"
ȉ,com.apple.keylayout.Cherokee-Nation,"[[16, [""option"", ""shift""]], [34, []]]"
ì,com.apple.keylayout.Cherokee-Nation,"[[50, [""option""]], [34, []]]"
ỉ,com.apple.keylayout.Cherokee-Nation,"[[6, [""option""]], [34, []]]"
ɩ,com.apple.keylayout.Cherokee-Nation,"[[47, [""option"", ""shift""]], [34, []]]"
ȋ,com.apple.keylayout.Cherokee-Nation,"[[1, [""option"", ""shift""]], [34, []]]"
ī,com.apple.keylayout.Cherokee-Nation,"[[0, [""option""]], [34, []]]"
į,com.apple.keylayout.Cherokee-Nation,"[[46, [""option""]], [34, []]]"
ɨ,com.apple.keylayout.Cherokee-Nation,"[[37, [""option""]], [34, []]]"
ĩ,com.apple.keylayout.Cherokee-Nation,"[[45, [""option""]], [34, []]]"
ḭ,com.apple.keylayout.Cherokee-Nation,"[[3, [""option"", ""shift""]], [34, []]]"
ǰ,com.apple.keylayout.Cherokee-Nation,"[[9, [""option""]], [38, []]]"
ĵ,com.apple.keylayout.Cherokee-Nation,"[[22, [""option""]], [38, []]]"
ƞ,com.apple.keylayout.Cherokee-Nation,"[[41, [""option"", ""shift""]], [38, []]]"
ḱ,com.apple.keylayout.Cherokee-Nation,"[[14, [""option""]], [40, []]]"
ǩ,com.apple.keylayout.Cherokee-Nation,"[[9, [""option""]], [40, []]]"
ķ,com.apple.keylayout.Cherokee-Nation,"[[8, [""option""]], [40, []]]"
ḳ,com.apple.keylayout.Cherokee-Nation,"[[7, [""option""]], [40, []]]"
ƙ,com.apple.keylayout.Cherokee-Nation,"[[47, [""option"", ""shift""]], [40, []]]"
ḵ,com.apple.keylayout.Cherokee-Nation,"[[4, [""option""]], [40, []]]"
ĸ,com.apple.keylayout.Cherokee-Nation,"[[41, [""option"", ""shift""]], [40, []]]"
ĺ,com.apple.keylayout.Cherokee-Nation,"[[14, [""option""]], [37, []]]"
ľ,com.apple.keylayout.Cherokee-Nation,"[[9, [""option""]], [37, []]]"
ļ,com.apple.keylayout.Cherokee-Nation,"[[8, [""option""]], [37, []]]"
ḽ,com.apple.keylayout.Cherokee-Nation,"[[5, [""option"", ""shift""]], [37, []]]"
ḷ,com.apple.keylayout.Cherokee-Nation,"[[7, [""option""]], [37, []]]"
ḹ,com.apple.keylayout.Cherokee-Nation,"[[0, [""option""]], [37, []]]"
ḻ,com.apple.keylayout.Cherokee-Nation,"[[4, [""option""]], [37, []]]"
ł,com.apple.keylayout.Cherokee-Nation,"[[37, [""option""]], [37, []]]"
ḿ,com.apple.keylayout.Cherokee-Nation,"[[14, [""option""]], [46, []]]"
m̂,com.apple.keylayout.Cherokee-Nation,"[[22, [""option""]], [46, []]]"
ṁ,com.apple.keylayout.Cherokee-Nation,"[[13, [""option""]], [46, []]]"
ṃ,com.apple.keylayout.Cherokee-Nation,"[[7, [""option""]], [46, []]]"
ɯ,com.apple.keylayout.Cherokee-Nation,"[[41, [""option"", ""shift""]], [46, []]]"
ń,com.apple.keylayout.Cherokee-Nation,"[[14, [""option""]], [45, []]]"
ň,com.apple.keylayout.Cherokee-Nation,"[[9, [""option""]], [45, []]]"
ņ,com.apple.keylayout.Cherokee-Nation,"[[8, [""option""]], [45, []]]"
n̂,com.apple.keylayout.Cherokee-Nation,"[[22, [""option""]], [45, []]]"
ṋ,com.apple.keylayout.Cherokee-Nation,"[[5, [""option"", ""shift""]], [45, []]]"
ṅ,com.apple.keylayout.Cherokee-Nation,"[[13, [""option""]], [45, []]]"
ṇ,com.apple.keylayout.Cherokee-Nation,"[[7, [""option""]], [45, []]]"
ǹ,com.apple.keylayout.Cherokee-Nation,"[[50, [""option""]], [45, []]]"
ɲ,com.apple.keylayout.Cherokee-Nation,"[[47, [""option"", ""shift""]], [45, []]]"
ṉ,com.apple.keylayout.Cherokee-Nation,"[[4, [""option""]], [45, []]]"
ŋ,com.apple.keylayout.Cherokee-Nation,"[[41, [""option"", ""shift""]], [45, []]]"
ñ,com.apple.keylayout.Cherokee-Nation,"[[45, [""option""]], [45, []]]"
ó,com.apple.keylayout.Cherokee-Nation,"[[14, [""option""]], [31, []]]"
ŏ,com.apple.keylayout.Cherokee-Nation,"[[11, [""option""]], [31, []]]"
ǒ,com.apple.keylayout.Cherokee-Nation,"[[9, [""option""]], [31, []]]"
ô,com.apple.keylayout.Cherokee-Nation,"[[22, [""option""]], [31, []]]"
ö,com.apple.keylayout.Cherokee-Nation,"[[32, [""option""]], [31, []]]"
ȯ,com.apple.keylayout.Cherokee-Nation,"[[13, [""option""]], [31, []]]"
ọ,com.apple.keylayout.Cherokee-Nation,"[[7, [""option""]], [31, []]]"
ő,com.apple.keylayout.Cherokee-Nation,"[[38, [""option""]], [31, []]]"
ȍ,com.apple.keylayout.Cherokee-Nation,"[[16, [""option"", ""shift""]], [31, []]]"
ò,com.apple.keylayout.Cherokee-Nation,"[[50, [""option""]], [31, []]]"
ỏ,com.apple.keylayout.Cherokee-Nation,"[[6, [""option""]], [31, []]]"
ơ,com.apple.keylayout.Cherokee-Nation,"[[34, [""option""]], [31, []]]"
ȏ,com.apple.keylayout.Cherokee-Nation,"[[1, [""option"", ""shift""]], [31, []]]"
ō,com.apple.keylayout.Cherokee-Nation,"[[0, [""option""]], [31, []]]"
ǫ,com.apple.keylayout.Cherokee-Nation,"[[46, [""option""]], [31, []]]"
o̊,com.apple.keylayout.Cherokee-Nation,"[[40, [""option""]], [31, []]]"
ɵ,com.apple.keylayout.Cherokee-Nation,"[[37, [""option""]], [31, []]]"
õ,com.apple.keylayout.Cherokee-Nation,"[[45, [""option""]], [31, []]]"
ṕ,com.apple.keylayout.Cherokee-Nation,"[[14, [""option""]], [35, []]]"
ṗ,com.apple.keylayout.Cherokee-Nation,"[[13, [""option""]], [35, []]]"
ƥ,com.apple.keylayout.Cherokee-Nation,"[[47, [""option"", ""shift""]], [35, []]]"
ʠ,com.apple.keylayout.Cherokee-Nation,"[[47, [""option"", ""shift""]], [12, []]]"
ƣ,com.apple.keylayout.Cherokee-Nation,"[[41, [""option"", ""shift""]], [12, []]]"
ŕ,com.apple.keylayout.Cherokee-Nation,"[[14, [""option""]], [15, []]]"
ř,com.apple.keylayout.Cherokee-Nation,"[[9, [""option""]], [15, []]]"
ŗ,com.apple.keylayout.Cherokee-Nation,"[[8, [""option""]], [15, []]]"
ṙ,com.apple.keylayout.Cherokee-Nation,"[[13, [""option""]], [15, []]]"
ṛ,com.apple.keylayout.Cherokee-Nation,"[[7, [""option""]], [15, []]]"
ȑ,com.apple.keylayout.Cherokee-Nation,"[[16, [""option"", ""shift""]], [15, []]]"
ʈ,com.apple.keylayout.Cherokee-Nation,"[[47, [""option"", ""shift""]], [15, []]]"
ȓ,com.apple.keylayout.Cherokee-Nation,"[[1, [""option"", ""shift""]], [15, []]]"
ṝ,com.apple.keylayout.Cherokee-Nation,"[[0, [""option""]], [15, []]]"
ṟ,com.apple.keylayout.Cherokee-Nation,"[[4, [""option""]], [15, []]]"
ʀ,com.apple.keylayout.Cherokee-Nation,"[[41, [""option"", ""shift""]], [15, []]]"
ś,com.apple.keylayout.Cherokee-Nation,"[[14, [""option""]], [1, []]]"
š,com.apple.keylayout.Cherokee-Nation,"[[9, [""option""]], [1, []]]"
ş,com.apple.keylayout.Cherokee-Nation,"[[8, [""option""]], [1, []]]"
ŝ,com.apple.keylayout.Cherokee-Nation,"[[22, [""option""]], [1, []]]"
ș,com.apple.keylayout.Cherokee-Nation,"[[35, [""option""]], [1, []]]"
ṡ,com.apple.keylayout.Cherokee-Nation,"[[13, [""option""]], [1, []]]"
ṣ,com.apple.keylayout.Cherokee-Nation,"[[7, [""option""]], [1, []]]"
ʃ,com.apple.keylayout.Cherokee-Nation,"[[47, [""option"", ""shift""]], [1, []]]"
s̄,com.apple.keylayout.Cherokee-Nation,"[[0, [""option""]], [1, []]]"
ſ,com.apple.keylayout.Cherokee-Nation,"[[41, [""option"", ""shift""]], [1, []]]"
ť,com.apple.keylayout.Cherokee-Nation,"[[9, [""option""]], [17, []]]"
ţ,com.apple.keylayout.Cherokee-Nation,"[[8, [""option""]], [17, []]]"
ṱ,com.apple.keylayout.Cherokee-Nation,"[[5, [""option"", ""shift""]], [17, []]]"
ț,com.apple.keylayout.Cherokee-Nation,"[[35, [""option""]], [17, []]]"
ẗ,com.apple.keylayout.Cherokee-Nation,"[[32, [""option""]], [17, []]]"
ṫ,com.apple.keylayout.Cherokee-Nation,"[[13, [""option""]], [17, []]]"
ṭ,com.apple.keylayout.Cherokee-Nation,"[[7, [""option""]], [17, []]]"
ƭ,com.apple.keylayout.Cherokee-Nation,"[[47, [""option"", ""shift""]], [17, []]]"
ṯ,com.apple.keylayout.Cherokee-Nation,"[[4, [""option""]], [17, []]]"
ŧ,com.apple.keylayout.Cherokee-Nation,"[[37, [""option""]], [17, []]]"
ú,com.apple.keylayout.Cherokee-Nation,"[[14, [""option""]], [32, []]]"
ŭ,com.apple.keylayout.Cherokee-Nation,"[[11, [""option""]], [32, []]]"
ǔ,com.apple.keylayout.Cherokee-Nation,"[[9, [""option""]], [32, []]]"
û,com.apple.keylayout.Cherokee-Nation,"[[22, [""option""]], [32, []]]"
ṷ,com.apple.keylayout.Cherokee-Nation,"[[5, [""option"", ""shift""]], [32, []]]"
ü,com.apple.keylayout.Cherokee-Nation,"[[32, [""option""]], [32, []]]"
ụ,com.apple.keylayout.Cherokee-Nation,"[[7, [""option""]], [32, []]]"
ű,com.apple.keylayout.Cherokee-Nation,"[[38, [""option""]], [32, []]]"
ȕ,com.apple.keylayout.Cherokee-Nation,"[[16, [""option"", ""shift""]], [32, []]]"
ù,com.apple.keylayout.Cherokee-Nation,"[[50, [""option""]], [32, []]]"
ủ,com.apple.keylayout.Cherokee-Nation,"[[6, [""option""]], [32, []]]"
ʋ,com.apple.keylayout.Cherokee-Nation,"[[47, [""option"", ""shift""]], [32, []]]"
ư,com.apple.keylayout.Cherokee-Nation,"[[34, [""option""]], [32, []]]"
ȗ,com.apple.keylayout.Cherokee-Nation,"[[1, [""option"", ""shift""]], [32, []]]"
ū,com.apple.keylayout.Cherokee-Nation,"[[0, [""option""]], [32, []]]"
ų,com.apple.keylayout.Cherokee-Nation,"[[46, [""option""]], [32, []]]"
ů,com.apple.keylayout.Cherokee-Nation,"[[40, [""option""]], [32, []]]"
ʊ,com.apple.keylayout.Cherokee-Nation,"[[41, [""option"", ""shift""]], [32, []]]"
ʉ,com.apple.keylayout.Cherokee-Nation,"[[37, [""option""]], [32, []]]"
ũ,com.apple.keylayout.Cherokee-Nation,"[[45, [""option""]], [32, []]]"
ṵ,com.apple.keylayout.Cherokee-Nation,"[[3, [""option"", ""shift""]], [32, []]]"
ǘ,com.apple.keylayout.Cherokee-Nation,"[[14, [""option""]], [9, []]]"
ǚ,com.apple.keylayout.Cherokee-Nation,"[[9, [""option""]], [9, []]]"
ṿ,com.apple.keylayout.Cherokee-Nation,"[[7, [""option""]], [9, []]]"
ǜ,com.apple.keylayout.Cherokee-Nation,"[[50, [""option""]], [9, []]]"
ǖ,com.apple.keylayout.Cherokee-Nation,"[[0, [""option""]], [9, []]]"
ʌ,com.apple.keylayout.Cherokee-Nation,"[[41, [""option"", ""shift""]], [9, []]]"
ṽ,com.apple.keylayout.Cherokee-Nation,"[[45, [""option""]], [9, []]]"
ẃ,com.apple.keylayout.Cherokee-Nation,"[[14, [""option""]], [13, []]]"
ŵ,com.apple.keylayout.Cherokee-Nation,"[[22, [""option""]], [13, []]]"
ẅ,com.apple.keylayout.Cherokee-Nation,"[[32, [""option""]], [13, []]]"
ẇ,com.apple.keylayout.Cherokee-Nation,"[[13, [""option""]], [13, []]]"
ẉ,com.apple.keylayout.Cherokee-Nation,"[[7, [""option""]], [13, []]]"
ẁ,com.apple.keylayout.Cherokee-Nation,"[[50, [""option""]], [13, []]]"
ẘ,com.apple.keylayout.Cherokee-Nation,"[[40, [""option""]], [13, []]]"
ƿ,com.apple.keylayout.Cherokee-Nation,"[[41, [""option"", ""shift""]], [13, []]]"
ẍ,com.apple.keylayout.Cherokee-Nation,"[[32, [""option""]], [7, []]]"
ẋ,com.apple.keylayout.Cherokee-Nation,"[[13, [""option""]], [7, []]]"
ɖ,com.apple.keylayout.Cherokee-Nation,"[[47, [""option"", ""shift""]], [7, []]]"
ý,com.apple.keylayout.Cherokee-Nation,"[[14, [""option""]], [16, []]]"
ŷ,com.apple.keylayout.Cherokee-Nation,"[[22, [""option""]], [16, []]]"
ÿ,com.apple.keylayout.Cherokee-Nation,"[[32, [""option""]], [16, []]]"
ẏ,com.apple.keylayout.Cherokee-Nation,"[[13, [""option""]], [16, []]]"
ỵ,com.apple.keylayout.Cherokee-Nation,"[[7, [""option""]], [16, []]]"
ỳ,com.apple.keylayout.Cherokee-Nation,"[[50, [""option""]], [16, []]]"
ỷ,com.apple.keylayout.Cherokee-Nation,"[[6, [""option""]], [16, []]]"
ƴ,com.apple.keylayout.Cherokee-Nation,"[[47, [""option"", ""shift""]], [16, []]]"
ȳ,com.apple.keylayout.Cherokee-Nation,"[[0, [""option""]], [16, []]]"
ẙ,com.apple.keylayout.Cherokee-Nation,"[[40, [""option""]], [16, []]]"
ȝ,com.apple.keylayout.Cherokee-Nation,"[[41, [""option"", ""shift""]], [16, []]]"
ỹ,com.apple.keylayout.Cherokee-Nation,"[[45, [""option""]], [16, []]]"
ź,com.apple.keylayout.Cherokee-Nation,"[[14, [""option""]], [6, []]]"
ž,com.apple.keylayout.Cherokee-Nation,"[[9, [""option""]], [6, []]]"
z̧,com.apple.keylayout.Cherokee-Nation,"[[8, [""option""]], [6, []]]"
ẑ,com.apple.keylayout.Cherokee-Nation,"[[22, [""option""]], [6, []]]"
ż,com.apple.keylayout.Cherokee-Nation,"[[13, [""option""]], [6, []]]"
ẓ,com.apple.keylayout.Cherokee-Nation,"[[7, [""option""]], [6, []]]"
ȥ,com.apple.keylayout.Cherokee-Nation,"[[47, [""option"", ""shift""]], [6, []]]"
z̄,com.apple.keylayout.Cherokee-Nation,"[[0, [""option""]], [6, []]]"
ẕ,com.apple.keylayout.Cherokee-Nation,"[[4, [""option""]], [6, []]]"
ʒ,com.apple.keylayout.Cherokee-Nation,"[[41, [""option"", ""shift""]], [6, []]]"
ƶ,com.apple.keylayout.Cherokee-Nation,"[[37, [""option""]], [6, []]]"
Ǽ,com.apple.keylayout.Cherokee-Nation,"[[14, [""option""]], [39, [""option"", ""shift""]]]"
Ǣ,com.apple.keylayout.Cherokee-Nation,"[[0, [""option""]], [39, [""option"", ""shift""]]]"
Ǿ,com.apple.keylayout.Cherokee-Nation,"[[14, [""option""]], [31, [""option"", ""shift""]]]"
ǽ,com.apple.keylayout.Cherokee-Nation,"[[14, [""option""]], [39, [""option""]]]"
ǣ,com.apple.keylayout.Cherokee-Nation,"[[0, [""option""]], [39, [""option""]]]"
ǿ,com.apple.keylayout.Cherokee-Nation,"[[14, [""option""]], [31, [""option""]]]"
ʻ,com.apple.keylayout.Cherokee-Nation,"[[41, [""option"", ""shift""]], [30, [""option""]]]"
ʼ,com.apple.keylayout.Cherokee-Nation,"[[41, [""option"", ""shift""]], [30, [""option"", ""shift""]]]"
ʽ,com.apple.keylayout.Cherokee-Nation,"[[41, [""option"", ""shift""]], [33, [""option""]]]"
',com.apple.keylayout.Bulgarian-Phonetic,"[[39, []], [49, []]]"
`,com.apple.keylayout.Bulgarian-Phonetic,"[[50, [""option""]], [49, []]]"
~,com.apple.keylayout.Bulgarian-Phonetic,"[[50, [""option"", ""shift""]], [49, []]]"
…,com.apple.keylayout.Bulgarian-Phonetic,"[[50, [""option""]], [24, []]]"
÷,com.apple.keylayout.Bulgarian-Phonetic,"[[50, [""option""]], [44, []]]"
«,com.apple.keylayout.Bulgarian-Phonetic,"[[50, [""option""]], [43, [""shift""]]]"
≤,com.apple.keylayout.Bulgarian-Phonetic,"[[50, [""option"", ""shift""]], [43, [""shift""]]]"
≈,com.apple.keylayout.Bulgarian-Phonetic,"[[50, [""option""]], [72, [""shift""]]]"
≠,com.apple.keylayout.Bulgarian-Phonetic,"[[50, [""option"", ""shift""]], [72, [""shift""]]]"
»,com.apple.keylayout.Bulgarian-Phonetic,"[[50, [""option""]], [47, [""shift""]]]"
≥,com.apple.keylayout.Bulgarian-Phonetic,"[[50, [""option"", ""shift""]], [47, [""shift""]]]"
©,com.apple.keylayout.Bulgarian-Phonetic,"[[50, [""option"", ""shift""]], [8, [""option"", ""shift""]]]"
∆,com.apple.keylayout.Bulgarian-Phonetic,"[[50, [""option"", ""shift""]], [2, [""option"", ""shift""]]]"
Ё,com.apple.keylayout.Bulgarian-Phonetic,"[[50, [""option"", ""shift""]], [14, [""option"", ""shift""]]]"
Ј,com.apple.keylayout.Bulgarian-Phonetic,"[[50, [""option"", ""shift""]], [38, [""option"", ""shift""]]]"
Ѕ,com.apple.keylayout.Bulgarian-Phonetic,"[[50, [""option"", ""shift""]], [1, [""option"", ""shift""]]]"
√,com.apple.keylayout.Bulgarian-Phonetic,"[[50, [""option"", ""shift""]], [9, [""option"", ""shift""]]]"
ґ,com.apple.keylayout.Bulgarian-Phonetic,"[[50, [""option""]], [2, [""option""]]]"
ё,com.apple.keylayout.Bulgarian-Phonetic,"[[50, [""option""]], [14, [""option""]]]"
ƒ,com.apple.keylayout.Bulgarian-Phonetic,"[[50, [""option""]], [3, [""option""]]]"
і,com.apple.keylayout.Bulgarian-Phonetic,"[[50, [""option""]], [34, [""option""]]]"
ј,com.apple.keylayout.Bulgarian-Phonetic,"[[50, [""option""]], [38, [""option""]]]"
µ,com.apple.keylayout.Bulgarian-Phonetic,"[[50, [""option""]], [46, [""option""]]]"
€,com.apple.keylayout.Bulgarian-Phonetic,"[[50, [""option""]], [31, [""option""]]]"
ѕ,com.apple.keylayout.Bulgarian-Phonetic,"[[50, [""option""]], [1, [""option""]]]"
Ђ,com.apple.keylayout.Bulgarian-Phonetic,"[[39, []], [0, [""shift""]]]"
Ѓ,com.apple.keylayout.Bulgarian-Phonetic,"[[39, []], [14, [""shift""]]]"
Є,com.apple.keylayout.Bulgarian-Phonetic,"[[39, []], [34, [""shift""]]]"
Ї,com.apple.keylayout.Bulgarian-Phonetic,"[[39, []], [31, [""shift""]]]"
Љ,com.apple.keylayout.Bulgarian-Phonetic,"[[39, []], [32, [""shift""]]]"
Њ,com.apple.keylayout.Bulgarian-Phonetic,"[[39, []], [7, [""shift""]]]"
Ќ,com.apple.keylayout.Bulgarian-Phonetic,"[[39, []], [16, [""shift""]]]"
Ћ,com.apple.keylayout.Bulgarian-Phonetic,"[[39, []], [19, [""shift""]]]"
Ў,com.apple.keylayout.Bulgarian-Phonetic,"[[39, []], [42, [""shift""]]]"
Џ,com.apple.keylayout.Bulgarian-Phonetic,"[[39, []], [12, [""shift""]]]"
ђ,com.apple.keylayout.Bulgarian-Phonetic,"[[39, []], [0, []]]"
ѓ,com.apple.keylayout.Bulgarian-Phonetic,"[[39, []], [14, []]]"
є,com.apple.keylayout.Bulgarian-Phonetic,"[[39, []], [34, []]]"
ї,com.apple.keylayout.Bulgarian-Phonetic,"[[39, []], [31, []]]"
љ,com.apple.keylayout.Bulgarian-Phonetic,"[[39, []], [32, []]]"
њ,com.apple.keylayout.Bulgarian-Phonetic,"[[39, []], [7, []]]"
ќ,com.apple.keylayout.Bulgarian-Phonetic,"[[39, []], [16, []]]"
ў,com.apple.keylayout.Bulgarian-Phonetic,"[[39, []], [42, []]]"
џ,com.apple.keylayout.Bulgarian-Phonetic,"[[39, []], [12, []]]"
¬,com.apple.keylayout.Bulgarian-Phonetic,"[[50, [""option""]], [27, [""option""]]]"
\,com.apple.keylayout.Bulgarian-Phonetic,"[[50, [""option""]], [42, [""option""]]]"
|,com.apple.keylayout.Bulgarian-Phonetic,"[[50, [""option"", ""shift""]], [42, [""option"", ""shift""]]]"
',com.apple.keylayout.Bulgarian-Phonetic,"[[50, [""option""]], [39, [""option""]]]"
´,com.apple.keylayout.Cherokee-QWERTY,"[[14, [""option""]], [49, []]]"
˘,com.apple.keylayout.Cherokee-QWERTY,"[[11, [""option""]], [49, []]]"
ˇ,com.apple.keylayout.Cherokee-QWERTY,"[[9, [""option""]], [49, []]]"
¸,com.apple.keylayout.Cherokee-QWERTY,"[[8, [""option""]], [49, []]]"
ˆ,com.apple.keylayout.Cherokee-QWERTY,"[[22, [""option""]], [49, []]]"
‸,com.apple.keylayout.Cherokee-QWERTY,"[[5, [""option"", ""shift""]], [49, []]]"
",",com.apple.keylayout.Cherokee-QWERTY,"[[35, [""option""]], [49, []]]"
¨,com.apple.keylayout.Cherokee-QWERTY,"[[32, [""option""]], [49, []]]"
˙,com.apple.keylayout.Cherokee-QWERTY,"[[13, [""option""]], [49, []]]"
.,com.apple.keylayout.Cherokee-QWERTY,"[[7, [""option""]], [49, []]]"
˝,com.apple.keylayout.Cherokee-QWERTY,"[[38, [""option""]], [49, []]]"
 ̏,com.apple.keylayout.Cherokee-QWERTY,"[[16, [""option"", ""shift""]], [49, []]]"
`,com.apple.keylayout.Cherokee-QWERTY,"[[50, [""option""]], [49, []]]"
ˀ,com.apple.keylayout.Cherokee-QWERTY,"[[6, [""option""]], [49, []]]"
ʔ,com.apple.keylayout.Cherokee-QWERTY,"[[47, [""option"", ""shift""]], [49, []]]"
ʼ,com.apple.keylayout.Cherokee-QWERTY,"[[34, [""option""]], [49, []]]"
 ̑,com.apple.keylayout.Cherokee-QWERTY,"[[1, [""option"", ""shift""]], [49, []]]"
¯,com.apple.keylayout.Cherokee-QWERTY,"[[0, [""option""]], [49, []]]"
ˍ,com.apple.keylayout.Cherokee-QWERTY,"[[4, [""option""]], [49, []]]"
˛,com.apple.keylayout.Cherokee-QWERTY,"[[46, [""option""]], [49, []]]"
˚,com.apple.keylayout.Cherokee-QWERTY,"[[40, [""option""]], [49, []]]"
№,com.apple.keylayout.Cherokee-QWERTY,"[[41, [""option"", ""shift""]], [49, []]]"
-,com.apple.keylayout.Cherokee-QWERTY,"[[37, [""option""]], [49, []]]"
˜,com.apple.keylayout.Cherokee-QWERTY,"[[45, [""option""]], [49, []]]"
 ̰,com.apple.keylayout.Cherokee-QWERTY,"[[3, [""option"", ""shift""]], [49, []]]"
ʺ,com.apple.keylayout.Cherokee-QWERTY,"[[41, [""option"", ""shift""]], [39, [""shift""]]]"
Ɛ,com.apple.keylayout.Cherokee-QWERTY,"[[41, [""option"", ""shift""]], [20, [""shift""]]]"
Ƽ,com.apple.keylayout.Cherokee-QWERTY,"[[41, [""option"", ""shift""]], [23, [""shift""]]]"
ʹ,com.apple.keylayout.Cherokee-QWERTY,"[[41, [""option"", ""shift""]], [39, []]]"
Ȣ,com.apple.keylayout.Cherokee-QWERTY,"[[41, [""option"", ""shift""]], [28, [""shift""]]]"
ƨ,com.apple.keylayout.Cherokee-QWERTY,"[[41, [""option"", ""shift""]], [19, []]]"
ɛ,com.apple.keylayout.Cherokee-QWERTY,"[[41, [""option"", ""shift""]], [20, []]]"
ƽ,com.apple.keylayout.Cherokee-QWERTY,"[[41, [""option"", ""shift""]], [23, []]]"
ƅ,com.apple.keylayout.Cherokee-QWERTY,"[[41, [""option"", ""shift""]], [22, []]]"
⁊,com.apple.keylayout.Cherokee-QWERTY,"[[41, [""option"", ""shift""]], [26, []]]"
ȣ,com.apple.keylayout.Cherokee-QWERTY,"[[41, [""option"", ""shift""]], [28, []]]"
Ƨ,com.apple.keylayout.Cherokee-QWERTY,"[[41, [""option"", ""shift""]], [19, [""shift""]]]"
Á,com.apple.keylayout.Cherokee-QWERTY,"[[14, [""option""]], [0, [""shift""]]]"
Ă,com.apple.keylayout.Cherokee-QWERTY,"[[11, [""option""]], [0, [""shift""]]]"
Ǎ,com.apple.keylayout.Cherokee-QWERTY,"[[9, [""option""]], [0, [""shift""]]]"
Â,com.apple.keylayout.Cherokee-QWERTY,"[[22, [""option""]], [0, [""shift""]]]"
Ä,com.apple.keylayout.Cherokee-QWERTY,"[[32, [""option""]], [0, [""shift""]]]"
Ȧ,com.apple.keylayout.Cherokee-QWERTY,"[[13, [""option""]], [0, [""shift""]]]"
Ạ,com.apple.keylayout.Cherokee-QWERTY,"[[7, [""option""]], [0, [""shift""]]]"
Ȁ,com.apple.keylayout.Cherokee-QWERTY,"[[16, [""option"", ""shift""]], [0, [""shift""]]]"
À,com.apple.keylayout.Cherokee-QWERTY,"[[50, [""option""]], [0, [""shift""]]]"
Ả,com.apple.keylayout.Cherokee-QWERTY,"[[6, [""option""]], [0, [""shift""]]]"
Ȃ,com.apple.keylayout.Cherokee-QWERTY,"[[1, [""option"", ""shift""]], [0, [""shift""]]]"
Ā,com.apple.keylayout.Cherokee-QWERTY,"[[0, [""option""]], [0, [""shift""]]]"
Ą,com.apple.keylayout.Cherokee-QWERTY,"[[46, [""option""]], [0, [""shift""]]]"
Å,com.apple.keylayout.Cherokee-QWERTY,"[[40, [""option""]], [0, [""shift""]]]"
Ə,com.apple.keylayout.Cherokee-QWERTY,"[[41, [""option"", ""shift""]], [0, [""shift""]]]"
Ã,com.apple.keylayout.Cherokee-QWERTY,"[[45, [""option""]], [0, [""shift""]]]"
Ḃ,com.apple.keylayout.Cherokee-QWERTY,"[[13, [""option""]], [11, [""shift""]]]"
Ḅ,com.apple.keylayout.Cherokee-QWERTY,"[[7, [""option""]], [11, [""shift""]]]"
Ɓ,com.apple.keylayout.Cherokee-QWERTY,"[[47, [""option"", ""shift""]], [11, [""shift""]]]"
Ḇ,com.apple.keylayout.Cherokee-QWERTY,"[[4, [""option""]], [11, [""shift""]]]"
Ć,com.apple.keylayout.Cherokee-QWERTY,"[[14, [""option""]], [8, [""shift""]]]"
Č,com.apple.keylayout.Cherokee-QWERTY,"[[9, [""option""]], [8, [""shift""]]]"
Ç,com.apple.keylayout.Cherokee-QWERTY,"[[8, [""option""]], [8, [""shift""]]]"
Ĉ,com.apple.keylayout.Cherokee-QWERTY,"[[22, [""option""]], [8, [""shift""]]]"
Ċ,com.apple.keylayout.Cherokee-QWERTY,"[[13, [""option""]], [8, [""shift""]]]"
Ƈ,com.apple.keylayout.Cherokee-QWERTY,"[[47, [""option"", ""shift""]], [8, [""shift""]]]"
Ɔ,com.apple.keylayout.Cherokee-QWERTY,"[[41, [""option"", ""shift""]], [8, [""shift""]]]"
Ď,com.apple.keylayout.Cherokee-QWERTY,"[[9, [""option""]], [2, [""shift""]]]"
Ḑ,com.apple.keylayout.Cherokee-QWERTY,"[[8, [""option""]], [2, [""shift""]]]"
Ḓ,com.apple.keylayout.Cherokee-QWERTY,"[[5, [""option"", ""shift""]], [2, [""shift""]]]"
Ḋ,com.apple.keylayout.Cherokee-QWERTY,"[[13, [""option""]], [2, [""shift""]]]"
Ḍ,com.apple.keylayout.Cherokee-QWERTY,"[[7, [""option""]], [2, [""shift""]]]"
Ɗ,com.apple.keylayout.Cherokee-QWERTY,"[[47, [""option"", ""shift""]], [2, [""shift""]]]"
Ḏ,com.apple.keylayout.Cherokee-QWERTY,"[[4, [""option""]], [2, [""shift""]]]"
Đ,com.apple.keylayout.Cherokee-QWERTY,"[[37, [""option""]], [2, [""shift""]]]"
É,com.apple.keylayout.Cherokee-QWERTY,"[[14, [""option""]], [14, [""shift""]]]"
Ĕ,com.apple.keylayout.Cherokee-QWERTY,"[[11, [""option""]], [14, [""shift""]]]"
Ě,com.apple.keylayout.Cherokee-QWERTY,"[[9, [""option""]], [14, [""shift""]]]"
Ȩ,com.apple.keylayout.Cherokee-QWERTY,"[[8, [""option""]], [14, [""shift""]]]"
Ê,com.apple.keylayout.Cherokee-QWERTY,"[[22, [""option""]], [14, [""shift""]]]"
Ḙ,com.apple.keylayout.Cherokee-QWERTY,"[[5, [""option"", ""shift""]], [14, [""shift""]]]"
Ë,com.apple.keylayout.Cherokee-QWERTY,"[[32, [""option""]], [14, [""shift""]]]"
Ė,com.apple.keylayout.Cherokee-QWERTY,"[[13, [""option""]], [14, [""shift""]]]"
Ẹ,com.apple.keylayout.Cherokee-QWERTY,"[[7, [""option""]], [14, [""shift""]]]"
Ȅ,com.apple.keylayout.Cherokee-QWERTY,"[[16, [""option"", ""shift""]], [14, [""shift""]]]"
È,com.apple.keylayout.Cherokee-QWERTY,"[[50, [""option""]], [14, [""shift""]]]"
Ẻ,com.apple.keylayout.Cherokee-QWERTY,"[[6, [""option""]], [14, [""shift""]]]"
Ȇ,com.apple.keylayout.Cherokee-QWERTY,"[[1, [""option"", ""shift""]], [14, [""shift""]]]"
Ē,com.apple.keylayout.Cherokee-QWERTY,"[[0, [""option""]], [14, [""shift""]]]"
Ę,com.apple.keylayout.Cherokee-QWERTY,"[[46, [""option""]], [14, [""shift""]]]"
E̊,com.apple.keylayout.Cherokee-QWERTY,"[[40, [""option""]], [14, [""shift""]]]"
Ǝ,com.apple.keylayout.Cherokee-QWERTY,"[[41, [""option"", ""shift""]], [14, [""shift""]]]"
Ẽ,com.apple.keylayout.Cherokee-QWERTY,"[[45, [""option""]], [14, [""shift""]]]"
Ḛ,com.apple.keylayout.Cherokee-QWERTY,"[[3, [""option"", ""shift""]], [14, [""shift""]]]"
Ḟ,com.apple.keylayout.Cherokee-QWERTY,"[[13, [""option""]], [3, [""shift""]]]"
Ƒ,com.apple.keylayout.Cherokee-QWERTY,"[[47, [""option"", ""shift""]], [3, [""shift""]]]"
Ǵ,com.apple.keylayout.Cherokee-QWERTY,"[[14, [""option""]], [5, [""shift""]]]"
Ğ,com.apple.keylayout.Cherokee-QWERTY,"[[11, [""option""]], [5, [""shift""]]]"
Ǧ,com.apple.keylayout.Cherokee-QWERTY,"[[9, [""option""]], [5, [""shift""]]]"
Ģ,com.apple.keylayout.Cherokee-QWERTY,"[[8, [""option""]], [5, [""shift""]]]"
Ĝ,com.apple.keylayout.Cherokee-QWERTY,"[[22, [""option""]], [5, [""shift""]]]"
Ġ,com.apple.keylayout.Cherokee-QWERTY,"[[13, [""option""]], [5, [""shift""]]]"
Ɠ,com.apple.keylayout.Cherokee-QWERTY,"[[47, [""option"", ""shift""]], [5, [""shift""]]]"
Ḡ,com.apple.keylayout.Cherokee-QWERTY,"[[0, [""option""]], [5, [""shift""]]]"
Ɣ,com.apple.keylayout.Cherokee-QWERTY,"[[41, [""option"", ""shift""]], [5, [""shift""]]]"
Ǥ,com.apple.keylayout.Cherokee-QWERTY,"[[37, [""option""]], [5, [""shift""]]]"
Ḫ,com.apple.keylayout.Cherokee-QWERTY,"[[11, [""option""]], [4, [""shift""]]]"
Ȟ,com.apple.keylayout.Cherokee-QWERTY,"[[9, [""option""]], [4, [""shift""]]]"
Ḩ,com.apple.keylayout.Cherokee-QWERTY,"[[8, [""option""]], [4, [""shift""]]]"
Ĥ,com.apple.keylayout.Cherokee-QWERTY,"[[22, [""option""]], [4, [""shift""]]]"
Ḧ,com.apple.keylayout.Cherokee-QWERTY,"[[32, [""option""]], [4, [""shift""]]]"
Ḣ,com.apple.keylayout.Cherokee-QWERTY,"[[13, [""option""]], [4, [""shift""]]]"
Ḥ,com.apple.keylayout.Cherokee-QWERTY,"[[7, [""option""]], [4, [""shift""]]]"
H̱,com.apple.keylayout.Cherokee-QWERTY,"[[4, [""option""]], [4, [""shift""]]]"
Ƕ,com.apple.keylayout.Cherokee-QWERTY,"[[41, [""option"", ""shift""]], [4, [""shift""]]]"
Ħ,com.apple.keylayout.Cherokee-QWERTY,"[[37, [""option""]], [4, [""shift""]]]"
Í,com.apple.keylayout.Cherokee-QWERTY,"[[14, [""option""]], [34, [""shift""]]]"
Ĭ,com.apple.keylayout.Cherokee-QWERTY,"[[11, [""option""]], [34, [""shift""]]]"
Ǐ,com.apple.keylayout.Cherokee-QWERTY,"[[9, [""option""]], [34, [""shift""]]]"
Î,com.apple.keylayout.Cherokee-QWERTY,"[[22, [""option""]], [34, [""shift""]]]"
Ï,com.apple.keylayout.Cherokee-QWERTY,"[[32, [""option""]], [34, [""shift""]]]"
İ,com.apple.keylayout.Cherokee-QWERTY,"[[13, [""option""]], [34, [""shift""]]]"
Ị,com.apple.keylayout.Cherokee-QWERTY,"[[7, [""option""]], [34, [""shift""]]]"
Ȉ,com.apple.keylayout.Cherokee-QWERTY,"[[16, [""option"", ""shift""]], [34, [""shift""]]]"
Ì,com.apple.keylayout.Cherokee-QWERTY,"[[50, [""option""]], [34, [""shift""]]]"
Ỉ,com.apple.keylayout.Cherokee-QWERTY,"[[6, [""option""]], [34, [""shift""]]]"
Ɩ,com.apple.keylayout.Cherokee-QWERTY,"[[47, [""option"", ""shift""]], [34, [""shift""]]]"
Ȋ,com.apple.keylayout.Cherokee-QWERTY,"[[1, [""option"", ""shift""]], [34, [""shift""]]]"
Ī,com.apple.keylayout.Cherokee-QWERTY,"[[0, [""option""]], [34, [""shift""]]]"
Į,com.apple.keylayout.Cherokee-QWERTY,"[[46, [""option""]], [34, [""shift""]]]"
Ɨ,com.apple.keylayout.Cherokee-QWERTY,"[[37, [""option""]], [34, [""shift""]]]"
Ĩ,com.apple.keylayout.Cherokee-QWERTY,"[[45, [""option""]], [34, [""shift""]]]"
Ḭ,com.apple.keylayout.Cherokee-QWERTY,"[[3, [""option"", ""shift""]], [34, [""shift""]]]"
J̌,com.apple.keylayout.Cherokee-QWERTY,"[[9, [""option""]], [38, [""shift""]]]"
Ĵ,com.apple.keylayout.Cherokee-QWERTY,"[[22, [""option""]], [38, [""shift""]]]"
Ƞ,com.apple.keylayout.Cherokee-QWERTY,"[[41, [""option"", ""shift""]], [38, [""shift""]]]"
Ḱ,com.apple.keylayout.Cherokee-QWERTY,"[[14, [""option""]], [40, [""shift""]]]"
Ǩ,com.apple.keylayout.Cherokee-QWERTY,"[[9, [""option""]], [40, [""shift""]]]"
Ķ,com.apple.keylayout.Cherokee-QWERTY,"[[8, [""option""]], [40, [""shift""]]]"
Ḳ,com.apple.keylayout.Cherokee-QWERTY,"[[7, [""option""]], [40, [""shift""]]]"
Ƙ,com.apple.keylayout.Cherokee-QWERTY,"[[47, [""option"", ""shift""]], [40, [""shift""]]]"
Ḵ,com.apple.keylayout.Cherokee-QWERTY,"[[4, [""option""]], [40, [""shift""]]]"
K’,com.apple.keylayout.Cherokee-QWERTY,"[[41, [""option"", ""shift""]], [40, [""shift""]]]"
Ĺ,com.apple.keylayout.Cherokee-QWERTY,"[[14, [""option""]], [37, [""shift""]]]"
Ľ,com.apple.keylayout.Cherokee-QWERTY,"[[9, [""option""]], [37, [""shift""]]]"
Ļ,com.apple.keylayout.Cherokee-QWERTY,"[[8, [""option""]], [37, [""shift""]]]"
Ḽ,com.apple.keylayout.Cherokee-QWERTY,"[[5, [""option"", ""shift""]], [37, [""shift""]]]"
Ḷ,com.apple.keylayout.Cherokee-QWERTY,"[[7, [""option""]], [37, [""shift""]]]"
Ḹ,com.apple.keylayout.Cherokee-QWERTY,"[[0, [""option""]], [37, [""shift""]]]"
Ḻ,com.apple.keylayout.Cherokee-QWERTY,"[[4, [""option""]], [37, [""shift""]]]"
Ł,com.apple.keylayout.Cherokee-QWERTY,"[[37, [""option""]], [37, [""shift""]]]"
Ḿ,com.apple.keylayout.Cherokee-QWERTY,"[[14, [""option""]], [46, [""shift""]]]"
M̂,com.apple.keylayout.Cherokee-QWERTY,"[[22, [""option""]], [46, [""shift""]]]"
Ṁ,com.apple.keylayout.Cherokee-QWERTY,"[[13, [""option""]], [46, [""shift""]]]"
Ṃ,com.apple.keylayout.Cherokee-QWERTY,"[[7, [""option""]], [46, [""shift""]]]"
Ɯ,com.apple.keylayout.Cherokee-QWERTY,"[[41, [""option"", ""shift""]], [46, [""shift""]]]"
Ń,com.apple.keylayout.Cherokee-QWERTY,"[[14, [""option""]], [45, [""shift""]]]"
Ň,com.apple.keylayout.Cherokee-QWERTY,"[[9, [""option""]], [45, [""shift""]]]"
Ņ,com.apple.keylayout.Cherokee-QWERTY,"[[8, [""option""]], [45, [""shift""]]]"
N̂,com.apple.keylayout.Cherokee-QWERTY,"[[22, [""option""]], [45, [""shift""]]]"
Ṋ,com.apple.keylayout.Cherokee-QWERTY,"[[5, [""option"", ""shift""]], [45, [""shift""]]]"
Ṅ,com.apple.keylayout.Cherokee-QWERTY,"[[13, [""option""]], [45, [""shift""]]]"
Ṇ,com.apple.keylayout.Cherokee-QWERTY,"[[7, [""option""]], [45, [""shift""]]]"
Ǹ,com.apple.keylayout.Cherokee-QWERTY,"[[50, [""option""]], [45, [""shift""]]]"
Ɲ,com.apple.keylayout.Cherokee-QWERTY,"[[47, [""option"", ""shift""]], [45, [""shift""]]]"
Ṉ,com.apple.keylayout.Cherokee-QWERTY,"[[4, [""option""]], [45, [""shift""]]]"
Ŋ,com.apple.keylayout.Cherokee-QWERTY,"[[41, [""option"", ""shift""]], [45, [""shift""]]]"
Ñ,com.apple.keylayout.Cherokee-QWERTY,"[[45, [""option""]], [45, [""shift""]]]"
Ó,com.apple.keylayout.Cherokee-QWERTY,"[[14, [""option""]], [31, [""shift""]]]"
Ŏ,com.apple.keylayout.Cherokee-QWERTY,"[[11, [""option""]], [31, [""shift""]]]"
Ǒ,com.apple.keylayout.Cherokee-QWERTY,"[[9, [""option""]], [31, [""shift""]]]"
Ô,com.apple.keylayout.Cherokee-QWERTY,"[[22, [""option""]], [31, [""shift""]]]"
Ö,com.apple.keylayout.Cherokee-QWERTY,"[[32, [""option""]], [31, [""shift""]]]"
Ȯ,com.apple.keylayout.Cherokee-QWERTY,"[[13, [""option""]], [31, [""shift""]]]"
Ọ,com.apple.keylayout.Cherokee-QWERTY,"[[7, [""option""]], [31, [""shift""]]]"
Ő,com.apple.keylayout.Cherokee-QWERTY,"[[38, [""option""]], [31, [""shift""]]]"
Ȍ,com.apple.keylayout.Cherokee-QWERTY,"[[16, [""option"", ""shift""]], [31, [""shift""]]]"
Ò,com.apple.keylayout.Cherokee-QWERTY,"[[50, [""option""]], [31, [""shift""]]]"
Ỏ,com.apple.keylayout.Cherokee-QWERTY,"[[6, [""option""]], [31, [""shift""]]]"
Ơ,com.apple.keylayout.Cherokee-QWERTY,"[[34, [""option""]], [31, [""shift""]]]"
Ȏ,com.apple.keylayout.Cherokee-QWERTY,"[[1, [""option"", ""shift""]], [31, [""shift""]]]"
Ō,com.apple.keylayout.Cherokee-QWERTY,"[[0, [""option""]], [31, [""shift""]]]"
Ǫ,com.apple.keylayout.Cherokee-QWERTY,"[[46, [""option""]], [31, [""shift""]]]"
O̊,com.apple.keylayout.Cherokee-QWERTY,"[[40, [""option""]], [31, [""shift""]]]"
Ɵ,com.apple.keylayout.Cherokee-QWERTY,"[[37, [""option""]], [31, [""shift""]]]"
Õ,com.apple.keylayout.Cherokee-QWERTY,"[[45, [""option""]], [31, [""shift""]]]"
Ṕ,com.apple.keylayout.Cherokee-QWERTY,"[[14, [""option""]], [35, [""shift""]]]"
Ṗ,com.apple.keylayout.Cherokee-QWERTY,"[[13, [""option""]], [35, [""shift""]]]"
Ƥ,com.apple.keylayout.Cherokee-QWERTY,"[[47, [""option"", ""shift""]], [35, [""shift""]]]"
Ƣ,com.apple.keylayout.Cherokee-QWERTY,"[[41, [""option"", ""shift""]], [12, [""shift""]]]"
Ŕ,com.apple.keylayout.Cherokee-QWERTY,"[[14, [""option""]], [15, [""shift""]]]"
Ř,com.apple.keylayout.Cherokee-QWERTY,"[[9, [""option""]], [15, [""shift""]]]"
Ŗ,com.apple.keylayout.Cherokee-QWERTY,"[[8, [""option""]], [15, [""shift""]]]"
Ṙ,com.apple.keylayout.Cherokee-QWERTY,"[[13, [""option""]], [15, [""shift""]]]"
Ṛ,com.apple.keylayout.Cherokee-QWERTY,"[[7, [""option""]], [15, [""shift""]]]"
Ȑ,com.apple.keylayout.Cherokee-QWERTY,"[[16, [""option"", ""shift""]], [15, [""shift""]]]"
Ʈ,com.apple.keylayout.Cherokee-QWERTY,"[[47, [""option"", ""shift""]], [15, [""shift""]]]"
Ȓ,com.apple.keylayout.Cherokee-QWERTY,"[[1, [""option"", ""shift""]], [15, [""shift""]]]"
Ṝ,com.apple.keylayout.Cherokee-QWERTY,"[[0, [""option""]], [15, [""shift""]]]"
Ṟ,com.apple.keylayout.Cherokee-QWERTY,"[[4, [""option""]], [15, [""shift""]]]"
Ʀ,com.apple.keylayout.Cherokee-QWERTY,"[[41, [""option"", ""shift""]], [15, [""shift""]]]"
Ś,com.apple.keylayout.Cherokee-QWERTY,"[[14, [""option""]], [1, [""shift""]]]"
Š,com.apple.keylayout.Cherokee-QWERTY,"[[9, [""option""]], [1, [""shift""]]]"
Ş,com.apple.keylayout.Cherokee-QWERTY,"[[8, [""option""]], [1, [""shift""]]]"
Ŝ,com.apple.keylayout.Cherokee-QWERTY,"[[22, [""option""]], [1, [""shift""]]]"
Ș,com.apple.keylayout.Cherokee-QWERTY,"[[35, [""option""]], [1, [""shift""]]]"
Ṡ,com.apple.keylayout.Cherokee-QWERTY,"[[13, [""option""]], [1, [""shift""]]]"
Ṣ,com.apple.keylayout.Cherokee-QWERTY,"[[7, [""option""]], [1, [""shift""]]]"
Ʃ,com.apple.keylayout.Cherokee-QWERTY,"[[47, [""option"", ""shift""]], [1, [""shift""]]]"
S̄,com.apple.keylayout.Cherokee-QWERTY,"[[0, [""option""]], [1, [""shift""]]]"
Ť,com.apple.keylayout.Cherokee-QWERTY,"[[9, [""option""]], [17, [""shift""]]]"
Ţ,com.apple.keylayout.Cherokee-QWERTY,"[[8, [""option""]], [17, [""shift""]]]"
Ṱ,com.apple.keylayout.Cherokee-QWERTY,"[[5, [""option"", ""shift""]], [17, [""shift""]]]"
Ț,com.apple.keylayout.Cherokee-QWERTY,"[[35, [""option""]], [17, [""shift""]]]"
T̈,com.apple.keylayout.Cherokee-QWERTY,"[[32, [""option""]], [17, [""shift""]]]"
Ṫ,com.apple.keylayout.Cherokee-QWERTY,"[[13, [""option""]], [17, [""shift""]]]"
Ṭ,com.apple.keylayout.Cherokee-QWERTY,"[[7, [""option""]], [17, [""shift""]]]"
Ƭ,com.apple.keylayout.Cherokee-QWERTY,"[[47, [""option"", ""shift""]], [17, [""shift""]]]"
Ṯ,com.apple.keylayout.Cherokee-QWERTY,"[[4, [""option""]], [17, [""shift""]]]"
Ŧ,com.apple.keylayout.Cherokee-QWERTY,"[[37, [""option""]], [17, [""shift""]]]"
Ú,com.apple.keylayout.Cherokee-QWERTY,"[[14, [""option""]], [32, [""shift""]]]"
Ŭ,com.apple.keylayout.Cherokee-QWERTY,"[[11, [""option""]], [32, [""shift""]]]"
Ǔ,com.apple.keylayout.Cherokee-QWERTY,"[[9, [""option""]], [32, [""shift""]]]"
Û,com.apple.keylayout.Cherokee-QWERTY,"[[22, [""option""]], [32, [""shift""]]]"
Ṷ,com.apple.keylayout.Cherokee-QWERTY,"[[5, [""option"", ""shift""]], [32, [""shift""]]]"
Ü,com.apple.keylayout.Cherokee-QWERTY,"[[32, [""option""]], [32, [""shift""]]]"
Ụ,com.apple.keylayout.Cherokee-QWERTY,"[[7, [""option""]], [32, [""shift""]]]"
Ű,com.apple.keylayout.Cherokee-QWERTY,"[[38, [""option""]], [32, [""shift""]]]"
Ȕ,com.apple.keylayout.Cherokee-QWERTY,"[[16, [""option"", ""shift""]], [32, [""shift""]]]"
Ù,com.apple.keylayout.Cherokee-QWERTY,"[[50, [""option""]], [32, [""shift""]]]"
Ủ,com.apple.keylayout.Cherokee-QWERTY,"[[6, [""option""]], [32, [""shift""]]]"
Ʋ,com.apple.keylayout.Cherokee-QWERTY,"[[47, [""option"", ""shift""]], [32, [""shift""]]]"
Ư,com.apple.keylayout.Cherokee-QWERTY,"[[34, [""option""]], [32, [""shift""]]]"
Ȗ,com.apple.keylayout.Cherokee-QWERTY,"[[1, [""option"", ""shift""]], [32, [""shift""]]]"
Ū,com.apple.keylayout.Cherokee-QWERTY,"[[0, [""option""]], [32, [""shift""]]]"
Ų,com.apple.keylayout.Cherokee-QWERTY,"[[46, [""option""]], [32, [""shift""]]]"
Ů,com.apple.keylayout.Cherokee-QWERTY,"[[40, [""option""]], [32, [""shift""]]]"
Ʊ,com.apple.keylayout.Cherokee-QWERTY,"[[41, [""option"", ""shift""]], [32, [""shift""]]]"
Ũ,com.apple.keylayout.Cherokee-QWERTY,"[[45, [""option""]], [32, [""shift""]]]"
Ṵ,com.apple.keylayout.Cherokee-QWERTY,"[[3, [""option"", ""shift""]], [32, [""shift""]]]"
Ǘ,com.apple.keylayout.Cherokee-QWERTY,"[[14, [""option""]], [9, [""shift""]]]"
Ǚ,com.apple.keylayout.Cherokee-QWERTY,"[[9, [""option""]], [9, [""shift""]]]"
Ṿ,com.apple.keylayout.Cherokee-QWERTY,"[[7, [""option""]], [9, [""shift""]]]"
Ǜ,com.apple.keylayout.Cherokee-QWERTY,"[[50, [""option""]], [9, [""shift""]]]"
Ǖ,com.apple.keylayout.Cherokee-QWERTY,"[[0, [""option""]], [9, [""shift""]]]"
Ṽ,com.apple.keylayout.Cherokee-QWERTY,"[[45, [""option""]], [9, [""shift""]]]"
Ẃ,com.apple.keylayout.Cherokee-QWERTY,"[[14, [""option""]], [13, [""shift""]]]"
Ŵ,com.apple.keylayout.Cherokee-QWERTY,"[[22, [""option""]], [13, [""shift""]]]"
Ẅ,com.apple.keylayout.Cherokee-QWERTY,"[[32, [""option""]], [13, [""shift""]]]"
Ẇ,com.apple.keylayout.Cherokee-QWERTY,"[[13, [""option""]], [13, [""shift""]]]"
Ẉ,com.apple.keylayout.Cherokee-QWERTY,"[[7, [""option""]], [13, [""shift""]]]"
Ẁ,com.apple.keylayout.Cherokee-QWERTY,"[[50, [""option""]], [13, [""shift""]]]"
W̊,com.apple.keylayout.Cherokee-QWERTY,"[[40, [""option""]], [13, [""shift""]]]"
Ƿ,com.apple.keylayout.Cherokee-QWERTY,"[[41, [""option"", ""shift""]], [13, [""shift""]]]"
Ẍ,com.apple.keylayout.Cherokee-QWERTY,"[[32, [""option""]], [7, [""shift""]]]"
Ẋ,com.apple.keylayout.Cherokee-QWERTY,"[[13, [""option""]], [7, [""shift""]]]"
Ɖ,com.apple.keylayout.Cherokee-QWERTY,"[[47, [""option"", ""shift""]], [7, [""shift""]]]"
Ý,com.apple.keylayout.Cherokee-QWERTY,"[[14, [""option""]], [16, [""shift""]]]"
Ŷ,com.apple.keylayout.Cherokee-QWERTY,"[[22, [""option""]], [16, [""shift""]]]"
Ÿ,com.apple.keylayout.Cherokee-QWERTY,"[[32, [""option""]], [16, [""shift""]]]"
Ẏ,com.apple.keylayout.Cherokee-QWERTY,"[[13, [""option""]], [16, [""shift""]]]"
Ỵ,com.apple.keylayout.Cherokee-QWERTY,"[[7, [""option""]], [16, [""shift""]]]"
Ỳ,com.apple.keylayout.Cherokee-QWERTY,"[[50, [""option""]], [16, [""shift""]]]"
Ỷ,com.apple.keylayout.Cherokee-QWERTY,"[[6, [""option""]], [16, [""shift""]]]"
Ƴ,com.apple.keylayout.Cherokee-QWERTY,"[[47, [""option"", ""shift""]], [16, [""shift""]]]"
Ȳ,com.apple.keylayout.Cherokee-QWERTY,"[[0, [""option""]], [16, [""shift""]]]"
Y̊,com.apple.keylayout.Cherokee-QWERTY,"[[40, [""option""]], [16, [""shift""]]]"
Ȝ,com.apple.keylayout.Cherokee-QWERTY,"[[41, [""option"", ""shift""]], [16, [""shift""]]]"
Ỹ,com.apple.keylayout.Cherokee-QWERTY,"[[45, [""option""]], [16, [""shift""]]]"
Ź,com.apple.keylayout.Cherokee-QWERTY,"[[14, [""option""]], [6, [""shift""]]]"
Ž,com.apple.keylayout.Cherokee-QWERTY,"[[9, [""option""]], [6, [""shift""]]]"
Z̧,com.apple.keylayout.Cherokee-QWERTY,"[[8, [""option""]], [6, [""shift""]]]"
Ẑ,com.apple.keylayout.Cherokee-QWERTY,"[[22, [""option""]], [6, [""shift""]]]"
Ż,com.apple.keylayout.Cherokee-QWERTY,"[[13, [""option""]], [6, [""shift""]]]"
Ẓ,com.apple.keylayout.Cherokee-QWERTY,"[[7, [""option""]], [6, [""shift""]]]"
Ȥ,com.apple.keylayout.Cherokee-QWERTY,"[[47, [""option"", ""shift""]], [6, [""shift""]]]"
Z̄,com.apple.keylayout.Cherokee-QWERTY,"[[0, [""option""]], [6, [""shift""]]]"
Ẕ,com.apple.keylayout.Cherokee-QWERTY,"[[4, [""option""]], [6, [""shift""]]]"
Ʒ,com.apple.keylayout.Cherokee-QWERTY,"[[41, [""option"", ""shift""]], [6, [""shift""]]]"
Ƶ,com.apple.keylayout.Cherokee-QWERTY,"[[37, [""option""]], [6, [""shift""]]]"
Ƅ,com.apple.keylayout.Cherokee-QWERTY,"[[41, [""option"", ""shift""]], [22, [""shift""]]]"
á,com.apple.keylayout.Cherokee-QWERTY,"[[14, [""option""]], [0, []]]"
ă,com.apple.keylayout.Cherokee-QWERTY,"[[11, [""option""]], [0, []]]"
ǎ,com.apple.keylayout.Cherokee-QWERTY,"[[9, [""option""]], [0, []]]"
â,com.apple.keylayout.Cherokee-QWERTY,"[[22, [""option""]], [0, []]]"
ä,com.apple.keylayout.Cherokee-QWERTY,"[[32, [""option""]], [0, []]]"
ȧ,com.apple.keylayout.Cherokee-QWERTY,"[[13, [""option""]], [0, []]]"
ạ,com.apple.keylayout.Cherokee-QWERTY,"[[7, [""option""]], [0, []]]"
ȁ,com.apple.keylayout.Cherokee-QWERTY,"[[16, [""option"", ""shift""]], [0, []]]"
à,com.apple.keylayout.Cherokee-QWERTY,"[[50, [""option""]], [0, []]]"
ả,com.apple.keylayout.Cherokee-QWERTY,"[[6, [""option""]], [0, []]]"
ȃ,com.apple.keylayout.Cherokee-QWERTY,"[[1, [""option"", ""shift""]], [0, []]]"
ā,com.apple.keylayout.Cherokee-QWERTY,"[[0, [""option""]], [0, []]]"
ą,com.apple.keylayout.Cherokee-QWERTY,"[[46, [""option""]], [0, []]]"
å,com.apple.keylayout.Cherokee-QWERTY,"[[40, [""option""]], [0, []]]"
ə,com.apple.keylayout.Cherokee-QWERTY,"[[41, [""option"", ""shift""]], [0, []]]"
ã,com.apple.keylayout.Cherokee-QWERTY,"[[45, [""option""]], [0, []]]"
ḃ,com.apple.keylayout.Cherokee-QWERTY,"[[13, [""option""]], [11, []]]"
ḅ,com.apple.keylayout.Cherokee-QWERTY,"[[7, [""option""]], [11, []]]"
ɓ,com.apple.keylayout.Cherokee-QWERTY,"[[47, [""option"", ""shift""]], [11, []]]"
ḇ,com.apple.keylayout.Cherokee-QWERTY,"[[4, [""option""]], [11, []]]"
ƀ,com.apple.keylayout.Cherokee-QWERTY,"[[37, [""option""]], [11, []]]"
ć,com.apple.keylayout.Cherokee-QWERTY,"[[14, [""option""]], [8, []]]"
č,com.apple.keylayout.Cherokee-QWERTY,"[[9, [""option""]], [8, []]]"
ç,com.apple.keylayout.Cherokee-QWERTY,"[[8, [""option""]], [8, []]]"
ĉ,com.apple.keylayout.Cherokee-QWERTY,"[[22, [""option""]], [8, []]]"
ċ,com.apple.keylayout.Cherokee-QWERTY,"[[13, [""option""]], [8, []]]"
ƈ,com.apple.keylayout.Cherokee-QWERTY,"[[47, [""option"", ""shift""]], [8, []]]"
ɔ,com.apple.keylayout.Cherokee-QWERTY,"[[41, [""option"", ""shift""]], [8, []]]"
ď,com.apple.keylayout.Cherokee-QWERTY,"[[9, [""option""]], [2, []]]"
ḑ,com.apple.keylayout.Cherokee-QWERTY,"[[8, [""option""]], [2, []]]"
ḓ,com.apple.keylayout.Cherokee-QWERTY,"[[5, [""option"", ""shift""]], [2, []]]"
ḋ,com.apple.keylayout.Cherokee-QWERTY,"[[13, [""option""]], [2, []]]"
ḍ,com.apple.keylayout.Cherokee-QWERTY,"[[7, [""option""]], [2, []]]"
ɗ,com.apple.keylayout.Cherokee-QWERTY,"[[47, [""option"", ""shift""]], [2, []]]"
ḏ,com.apple.keylayout.Cherokee-QWERTY,"[[4, [""option""]], [2, []]]"
đ,com.apple.keylayout.Cherokee-QWERTY,"[[37, [""option""]], [2, []]]"
é,com.apple.keylayout.Cherokee-QWERTY,"[[14, [""option""]], [14, []]]"
ĕ,com.apple.keylayout.Cherokee-QWERTY,"[[11, [""option""]], [14, []]]"
ě,com.apple.keylayout.Cherokee-QWERTY,"[[9, [""option""]], [14, []]]"
ȩ,com.apple.keylayout.Cherokee-QWERTY,"[[8, [""option""]], [14, []]]"
ê,com.apple.keylayout.Cherokee-QWERTY,"[[22, [""option""]], [14, []]]"
ḙ,com.apple.keylayout.Cherokee-QWERTY,"[[5, [""option"", ""shift""]], [14, []]]"
ë,com.apple.keylayout.Cherokee-QWERTY,"[[32, [""option""]], [14, []]]"
ė,com.apple.keylayout.Cherokee-QWERTY,"[[13, [""option""]], [14, []]]"
ẹ,com.apple.keylayout.Cherokee-QWERTY,"[[7, [""option""]], [14, []]]"
ȅ,com.apple.keylayout.Cherokee-QWERTY,"[[16, [""option"", ""shift""]], [14, []]]"
è,com.apple.keylayout.Cherokee-QWERTY,"[[50, [""option""]], [14, []]]"
ẻ,com.apple.keylayout.Cherokee-QWERTY,"[[6, [""option""]], [14, []]]"
ȇ,com.apple.keylayout.Cherokee-QWERTY,"[[1, [""option"", ""shift""]], [14, []]]"
ē,com.apple.keylayout.Cherokee-QWERTY,"[[0, [""option""]], [14, []]]"
ę,com.apple.keylayout.Cherokee-QWERTY,"[[46, [""option""]], [14, []]]"
e̊,com.apple.keylayout.Cherokee-QWERTY,"[[40, [""option""]], [14, []]]"
ǝ,com.apple.keylayout.Cherokee-QWERTY,"[[41, [""option"", ""shift""]], [14, []]]"
ẽ,com.apple.keylayout.Cherokee-QWERTY,"[[45, [""option""]], [14, []]]"
ḛ,com.apple.keylayout.Cherokee-QWERTY,"[[3, [""option"", ""shift""]], [14, []]]"
ḟ,com.apple.keylayout.Cherokee-QWERTY,"[[13, [""option""]], [3, []]]"
ƒ,com.apple.keylayout.Cherokee-QWERTY,"[[47, [""option"", ""shift""]], [3, []]]"
ǵ,com.apple.keylayout.Cherokee-QWERTY,"[[14, [""option""]], [5, []]]"
ğ,com.apple.keylayout.Cherokee-QWERTY,"[[11, [""option""]], [5, []]]"
ǧ,com.apple.keylayout.Cherokee-QWERTY,"[[9, [""option""]], [5, []]]"
ģ,com.apple.keylayout.Cherokee-QWERTY,"[[8, [""option""]], [5, []]]"
ĝ,com.apple.keylayout.Cherokee-QWERTY,"[[22, [""option""]], [5, []]]"
ġ,com.apple.keylayout.Cherokee-QWERTY,"[[13, [""option""]], [5, []]]"
ɠ,com.apple.keylayout.Cherokee-QWERTY,"[[47, [""option"", ""shift""]], [5, []]]"
ḡ,com.apple.keylayout.Cherokee-QWERTY,"[[0, [""option""]], [5, []]]"
ɣ,com.apple.keylayout.Cherokee-QWERTY,"[[41, [""option"", ""shift""]], [5, []]]"
ǥ,com.apple.keylayout.Cherokee-QWERTY,"[[37, [""option""]], [5, []]]"
ḫ,com.apple.keylayout.Cherokee-QWERTY,"[[11, [""option""]], [4, []]]"
ȟ,com.apple.keylayout.Cherokee-QWERTY,"[[9, [""option""]], [4, []]]"
ḩ,com.apple.keylayout.Cherokee-QWERTY,"[[8, [""option""]], [4, []]]"
ĥ,com.apple.keylayout.Cherokee-QWERTY,"[[22, [""option""]], [4, []]]"
ḧ,com.apple.keylayout.Cherokee-QWERTY,"[[32, [""option""]], [4, []]]"
ḣ,com.apple.keylayout.Cherokee-QWERTY,"[[13, [""option""]], [4, []]]"
ḥ,com.apple.keylayout.Cherokee-QWERTY,"[[7, [""option""]], [4, []]]"
ɦ,com.apple.keylayout.Cherokee-QWERTY,"[[47, [""option"", ""shift""]], [4, []]]"
ẖ,com.apple.keylayout.Cherokee-QWERTY,"[[4, [""option""]], [4, []]]"
ƕ,com.apple.keylayout.Cherokee-QWERTY,"[[41, [""option"", ""shift""]], [4, []]]"
ħ,com.apple.keylayout.Cherokee-QWERTY,"[[37, [""option""]], [4, []]]"
í,com.apple.keylayout.Cherokee-QWERTY,"[[14, [""option""]], [34, []]]"
ĭ,com.apple.keylayout.Cherokee-QWERTY,"[[11, [""option""]], [34, []]]"
ǐ,com.apple.keylayout.Cherokee-QWERTY,"[[9, [""option""]], [34, []]]"
î,com.apple.keylayout.Cherokee-QWERTY,"[[22, [""option""]], [34, []]]"
ï,com.apple.keylayout.Cherokee-QWERTY,"[[32, [""option""]], [34, []]]"
ı,com.apple.keylayout.Cherokee-QWERTY,"[[13, [""option""]], [34, []]]"
ị,com.apple.keylayout.Cherokee-QWERTY,"[[7, [""option""]], [34, []]]"
ȉ,com.apple.keylayout.Cherokee-QWERTY,"[[16, [""option"", ""shift""]], [34, []]]"
ì,com.apple.keylayout.Cherokee-QWERTY,"[[50, [""option""]], [34, []]]"
ỉ,com.apple.keylayout.Cherokee-QWERTY,"[[6, [""option""]], [34, []]]"
ɩ,com.apple.keylayout.Cherokee-QWERTY,"[[47, [""option"", ""shift""]], [34, []]]"
ȋ,com.apple.keylayout.Cherokee-QWERTY,"[[1, [""option"", ""shift""]], [34, []]]"
ī,com.apple.keylayout.Cherokee-QWERTY,"[[0, [""option""]], [34, []]]"
į,com.apple.keylayout.Cherokee-QWERTY,"[[46, [""option""]], [34, []]]"
ɨ,com.apple.keylayout.Cherokee-QWERTY,"[[37, [""option""]], [34, []]]"
ĩ,com.apple.keylayout.Cherokee-QWERTY,"[[45, [""option""]], [34, []]]"
ḭ,com.apple.keylayout.Cherokee-QWERTY,"[[3, [""option"", ""shift""]], [34, []]]"
ǰ,com.apple.keylayout.Cherokee-QWERTY,"[[9, [""option""]], [38, []]]"
ĵ,com.apple.keylayout.Cherokee-QWERTY,"[[22, [""option""]], [38, []]]"
ƞ,com.apple.keylayout.Cherokee-QWERTY,"[[41, [""option"", ""shift""]], [38, []]]"
ḱ,com.apple.keylayout.Cherokee-QWERTY,"[[14, [""option""]], [40, []]]"
ǩ,com.apple.keylayout.Cherokee-QWERTY,"[[9, [""option""]], [40, []]]"
ķ,com.apple.keylayout.Cherokee-QWERTY,"[[8, [""option""]], [40, []]]"
ḳ,com.apple.keylayout.Cherokee-QWERTY,"[[7, [""option""]], [40, []]]"
ƙ,com.apple.keylayout.Cherokee-QWERTY,"[[47, [""option"", ""shift""]], [40, []]]"
ḵ,com.apple.keylayout.Cherokee-QWERTY,"[[4, [""option""]], [40, []]]"
ĸ,com.apple.keylayout.Cherokee-QWERTY,"[[41, [""option"", ""shift""]], [40, []]]"
ĺ,com.apple.keylayout.Cherokee-QWERTY,"[[14, [""option""]], [37, []]]"
ľ,com.apple.keylayout.Cherokee-QWERTY,"[[9, [""option""]], [37, []]]"
ļ,com.apple.keylayout.Cherokee-QWERTY,"[[8, [""option""]], [37, []]]"
ḽ,com.apple.keylayout.Cherokee-QWERTY,"[[5, [""option"", ""shift""]], [37, []]]"
ḷ,com.apple.keylayout.Cherokee-QWERTY,"[[7, [""option""]], [37, []]]"
ḹ,com.apple.keylayout.Cherokee-QWERTY,"[[0, [""option""]], [37, []]]"
ḻ,com.apple.keylayout.Cherokee-QWERTY,"[[4, [""option""]], [37, []]]"
ł,com.apple.keylayout.Cherokee-QWERTY,"[[37, [""option""]], [37, []]]"
ḿ,com.apple.keylayout.Cherokee-QWERTY,"[[14, [""option""]], [46, []]]"
m̂,com.apple.keylayout.Cherokee-QWERTY,"[[22, [""option""]], [46, []]]"
ṁ,com.apple.keylayout.Cherokee-QWERTY,"[[13, [""option""]], [46, []]]"
ṃ,com.apple.keylayout.Cherokee-QWERTY,"[[7, [""option""]], [46, []]]"
ɯ,com.apple.keylayout.Cherokee-QWERTY,"[[41, [""option"", ""shift""]], [46, []]]"
ń,com.apple.keylayout.Cherokee-QWERTY,"[[14, [""option""]], [45, []]]"
ň,com.apple.keylayout.Cherokee-QWERTY,"[[9, [""option""]], [45, []]]"
ņ,com.apple.keylayout.Cherokee-QWERTY,"[[8, [""option""]], [45, []]]"
n̂,com.apple.keylayout.Cherokee-QWERTY,"[[22, [""option""]], [45, []]]"
ṋ,com.apple.keylayout.Cherokee-QWERTY,"[[5, [""option"", ""shift""]], [45, []]]"
ṅ,com.apple.keylayout.Cherokee-QWERTY,"[[13, [""option""]], [45, []]]"
ṇ,com.apple.keylayout.Cherokee-QWERTY,"[[7, [""option""]], [45, []]]"
ǹ,com.apple.keylayout.Cherokee-QWERTY,"[[50, [""option""]], [45, []]]"
ɲ,com.apple.keylayout.Cherokee-QWERTY,"[[47, [""option"", ""shift""]], [45, []]]"
ṉ,com.apple.keylayout.Cherokee-QWERTY,"[[4, [""option""]], [45, []]]"
ŋ,com.apple.keylayout.Cherokee-QWERTY,"[[41, [""option"", ""shift""]], [45, []]]"
ñ,com.apple.keylayout.Cherokee-QWERTY,"[[45, [""option""]], [45, []]]"
ó,com.apple.keylayout.Cherokee-QWERTY,"[[14, [""option""]], [31, []]]"
ŏ,com.apple.keylayout.Cherokee-QWERTY,"[[11, [""option""]], [31, []]]"
ǒ,com.apple.keylayout.Cherokee-QWERTY,"[[9, [""option""]], [31, []]]"
ô,com.apple.keylayout.Cherokee-QWERTY,"[[22, [""option""]], [31, []]]"
ö,com.apple.keylayout.Cherokee-QWERTY,"[[32, [""option""]], [31, []]]"
ȯ,com.apple.keylayout.Cherokee-QWERTY,"[[13, [""option""]], [31, []]]"
ọ,com.apple.keylayout.Cherokee-QWERTY,"[[7, [""option""]], [31, []]]"
ő,com.apple.keylayout.Cherokee-QWERTY,"[[38, [""option""]], [31, []]]"
ȍ,com.apple.keylayout.Cherokee-QWERTY,"[[16, [""option"", ""shift""]], [31, []]]"
ò,com.apple.keylayout.Cherokee-QWERTY,"[[50, [""option""]], [31, []]]"
ỏ,com.apple.keylayout.Cherokee-QWERTY,"[[6, [""option""]], [31, []]]"
ơ,com.apple.keylayout.Cherokee-QWERTY,"[[34, [""option""]], [31, []]]"
ȏ,com.apple.keylayout.Cherokee-QWERTY,"[[1, [""option"", ""shift""]], [31, []]]"
ō,com.apple.keylayout.Cherokee-QWERTY,"[[0, [""option""]], [31, []]]"
ǫ,com.apple.keylayout.Cherokee-QWERTY,"[[46, [""option""]], [31, []]]"
o̊,com.apple.keylayout.Cherokee-QWERTY,"[[40, [""option""]], [31, []]]"
ɵ,com.apple.keylayout.Cherokee-QWERTY,"[[37, [""option""]], [31, []]]"
õ,com.apple.keylayout.Cherokee-QWERTY,"[[45, [""option""]], [31, []]]"
ṕ,com.apple.keylayout.Cherokee-QWERTY,"[[14, [""option""]], [35, []]]"
ṗ,com.apple.keylayout.Cherokee-QWERTY,"[[13, [""option""]], [35, []]]"
ƥ,com.apple.keylayout.Cherokee-QWERTY,"[[47, [""option"", ""shift""]], [35, []]]"
ʠ,com.apple.keylayout.Cherokee-QWERTY,"[[47, [""option"", ""shift""]], [12, []]]"
ƣ,com.apple.keylayout.Cherokee-QWERTY,"[[41, [""option"", ""shift""]], [12, []]]"
ŕ,com.apple.keylayout.Cherokee-QWERTY,"[[14, [""option""]], [15, []]]"
ř,com.apple.keylayout.Cherokee-QWERTY,"[[9, [""option""]], [15, []]]"
ŗ,com.apple.keylayout.Cherokee-QWERTY,"[[8, [""option""]], [15, []]]"
ṙ,com.apple.keylayout.Cherokee-QWERTY,"[[13, [""option""]], [15, []]]"
ṛ,com.apple.keylayout.Cherokee-QWERTY,"[[7, [""option""]], [15, []]]"
ȑ,com.apple.keylayout.Cherokee-QWERTY,"[[16, [""option"", ""shift""]], [15, []]]"
ʈ,com.apple.keylayout.Cherokee-QWERTY,"[[47, [""option"", ""shift""]], [15, []]]"
ȓ,com.apple.keylayout.Cherokee-QWERTY,"[[1, [""option"", ""shift""]], [15, []]]"
ṝ,com.apple.keylayout.Cherokee-QWERTY,"[[0, [""option""]], [15, []]]"
ṟ,com.apple.keylayout.Cherokee-QWERTY,"[[4, [""option""]], [15, []]]"
ʀ,com.apple.keylayout.Cherokee-QWERTY,"[[41, [""option"", ""shift""]], [15, []]]"
ś,com.apple.keylayout.Cherokee-QWERTY,"[[14, [""option""]], [1, []]]"
š,com.apple.keylayout.Cherokee-QWERTY,"[[9, [""option""]], [1, []]]"
ş,com.apple.keylayout.Cherokee-QWERTY,"[[8, [""option""]], [1, []]]"
ŝ,com.apple.keylayout.Cherokee-QWERTY,"[[22, [""option""]], [1, []]]"
ș,com.apple.keylayout.Cherokee-QWERTY,"[[35, [""option""]], [1, []]]"
ṡ,com.apple.keylayout.Cherokee-QWERTY,"[[13, [""option""]], [1, []]]"
ṣ,com.apple.keylayout.Cherokee-QWERTY,"[[7, [""option""]], [1, []]]"
ʃ,com.apple.keylayout.Cherokee-QWERTY,"[[47, [""option"", ""shift""]], [1, []]]"
s̄,com.apple.keylayout.Cherokee-QWERTY,"[[0, [""option""]], [1, []]]"
ſ,com.apple.keylayout.Cherokee-QWERTY,"[[41, [""option"", ""shift""]], [1, []]]"
ť,com.apple.keylayout.Cherokee-QWERTY,"[[9, [""option""]], [17, []]]"
ţ,com.apple.keylayout.Cherokee-QWERTY,"[[8, [""option""]], [17, []]]"
ṱ,com.apple.keylayout.Cherokee-QWERTY,"[[5, [""option"", ""shift""]], [17, []]]"
ț,com.apple.keylayout.Cherokee-QWERTY,"[[35, [""option""]], [17, []]]"
ẗ,com.apple.keylayout.Cherokee-QWERTY,"[[32, [""option""]], [17, []]]"
ṫ,com.apple.keylayout.Cherokee-QWERTY,"[[13, [""option""]], [17, []]]"
ṭ,com.apple.keylayout.Cherokee-QWERTY,"[[7, [""option""]], [17, []]]"
ƭ,com.apple.keylayout.Cherokee-QWERTY,"[[47, [""option"", ""shift""]], [17, []]]"
ṯ,com.apple.keylayout.Cherokee-QWERTY,"[[4, [""option""]], [17, []]]"
ŧ,com.apple.keylayout.Cherokee-QWERTY,"[[37, [""option""]], [17, []]]"
ú,com.apple.keylayout.Cherokee-QWERTY,"[[14, [""option""]], [32, []]]"
ŭ,com.apple.keylayout.Cherokee-QWERTY,"[[11, [""option""]], [32, []]]"
ǔ,com.apple.keylayout.Cherokee-QWERTY,"[[9, [""option""]], [32, []]]"
û,com.apple.keylayout.Cherokee-QWERTY,"[[22, [""option""]], [32, []]]"
ṷ,com.apple.keylayout.Cherokee-QWERTY,"[[5, [""option"", ""shift""]], [32, []]]"
ü,com.apple.keylayout.Cherokee-QWERTY,"[[32, [""option""]], [32, []]]"
ụ,com.apple.keylayout.Cherokee-QWERTY,"[[7, [""option""]], [32, []]]"
ű,com.apple.keylayout.Cherokee-QWERTY,"[[38, [""option""]], [32, []]]"
ȕ,com.apple.keylayout.Cherokee-QWERTY,"[[16, [""option"", ""shift""]], [32, []]]"
ù,com.apple.keylayout.Cherokee-QWERTY,"[[50, [""option""]], [32, []]]"
ủ,com.apple.keylayout.Cherokee-QWERTY,"[[6, [""option""]], [32, []]]"
ʋ,com.apple.keylayout.Cherokee-QWERTY,"[[47, [""option"", ""shift""]], [32, []]]"
ư,com.apple.keylayout.Cherokee-QWERTY,"[[34, [""option""]], [32, []]]"
ȗ,com.apple.keylayout.Cherokee-QWERTY,"[[1, [""option"", ""shift""]], [32, []]]"
ū,com.apple.keylayout.Cherokee-QWERTY,"[[0, [""option""]], [32, []]]"
ų,com.apple.keylayout.Cherokee-QWERTY,"[[46, [""option""]], [32, []]]"
ů,com.apple.keylayout.Cherokee-QWERTY,"[[40, [""option""]], [32, []]]"
ʊ,com.apple.keylayout.Cherokee-QWERTY,"[[41, [""option"", ""shift""]], [32, []]]"
ʉ,com.apple.keylayout.Cherokee-QWERTY,"[[37, [""option""]], [32, []]]"
ũ,com.apple.keylayout.Cherokee-QWERTY,"[[45, [""option""]], [32, []]]"
ṵ,com.apple.keylayout.Cherokee-QWERTY,"[[3, [""option"", ""shift""]], [32, []]]"
ǘ,com.apple.keylayout.Cherokee-QWERTY,"[[14, [""option""]], [9, []]]"
ǚ,com.apple.keylayout.Cherokee-QWERTY,"[[9, [""option""]], [9, []]]"
ṿ,com.apple.keylayout.Cherokee-QWERTY,"[[7, [""option""]], [9, []]]"
ǜ,com.apple.keylayout.Cherokee-QWERTY,"[[50, [""option""]], [9, []]]"
ǖ,com.apple.keylayout.Cherokee-QWERTY,"[[0, [""option""]], [9, []]]"
ʌ,com.apple.keylayout.Cherokee-QWERTY,"[[41, [""option"", ""shift""]], [9, []]]"
ṽ,com.apple.keylayout.Cherokee-QWERTY,"[[45, [""option""]], [9, []]]"
ẃ,com.apple.keylayout.Cherokee-QWERTY,"[[14, [""option""]], [13, []]]"
ŵ,com.apple.keylayout.Cherokee-QWERTY,"[[22, [""option""]], [13, []]]"
ẅ,com.apple.keylayout.Cherokee-QWERTY,"[[32, [""option""]], [13, []]]"
ẇ,com.apple.keylayout.Cherokee-QWERTY,"[[13, [""option""]], [13, []]]"
ẉ,com.apple.keylayout.Cherokee-QWERTY,"[[7, [""option""]], [13, []]]"
ẁ,com.apple.keylayout.Cherokee-QWERTY,"[[50, [""option""]], [13, []]]"
ẘ,com.apple.keylayout.Cherokee-QWERTY,"[[40, [""option""]], [13, []]]"
ƿ,com.apple.keylayout.Cherokee-QWERTY,"[[41, [""option"", ""shift""]], [13, []]]"
ẍ,com.apple.keylayout.Cherokee-QWERTY,"[[32, [""option""]], [7, []]]"
ẋ,com.apple.keylayout.Cherokee-QWERTY,"[[13, [""option""]], [7, []]]"
ɖ,com.apple.keylayout.Cherokee-QWERTY,"[[47, [""option"", ""shift""]], [7, []]]"
ý,com.apple.keylayout.Cherokee-QWERTY,"[[14, [""option""]], [16, []]]"
ŷ,com.apple.keylayout.Cherokee-QWERTY,"[[22, [""option""]], [16, []]]"
ÿ,com.apple.keylayout.Cherokee-QWERTY,"[[32, [""option""]], [16, []]]"
ẏ,com.apple.keylayout.Cherokee-QWERTY,"[[13, [""option""]], [16, []]]"
ỵ,com.apple.keylayout.Cherokee-QWERTY,"[[7, [""option""]], [16, []]]"
ỳ,com.apple.keylayout.Cherokee-QWERTY,"[[50, [""option""]], [16, []]]"
ỷ,com.apple.keylayout.Cherokee-QWERTY,"[[6, [""option""]], [16, []]]"
ƴ,com.apple.keylayout.Cherokee-QWERTY,"[[47, [""option"", ""shift""]], [16, []]]"
ȳ,com.apple.keylayout.Cherokee-QWERTY,"[[0, [""option""]], [16, []]]"
ẙ,com.apple.keylayout.Cherokee-QWERTY,"[[40, [""option""]], [16, []]]"
ȝ,com.apple.keylayout.Cherokee-QWERTY,"[[41, [""option"", ""shift""]], [16, []]]"
ỹ,com.apple.keylayout.Cherokee-QWERTY,"[[45, [""option""]], [16, []]]"
ź,com.apple.keylayout.Cherokee-QWERTY,"[[14, [""option""]], [6, []]]"
ž,com.apple.keylayout.Cherokee-QWERTY,"[[9, [""option""]], [6, []]]"
z̧,com.apple.keylayout.Cherokee-QWERTY,"[[8, [""option""]], [6, []]]"
ẑ,com.apple.keylayout.Cherokee-QWERTY,"[[22, [""option""]], [6, []]]"
ż,com.apple.keylayout.Cherokee-QWERTY,"[[13, [""option""]], [6, []]]"
ẓ,com.apple.keylayout.Cherokee-QWERTY,"[[7, [""option""]], [6, []]]"
ȥ,com.apple.keylayout.Cherokee-QWERTY,"[[47, [""option"", ""shift""]], [6, []]]"
z̄,com.apple.keylayout.Cherokee-QWERTY,"[[0, [""option""]], [6, []]]"
ẕ,com.apple.keylayout.Cherokee-QWERTY,"[[4, [""option""]], [6, []]]"
ʒ,com.apple.keylayout.Cherokee-QWERTY,"[[41, [""option"", ""shift""]], [6, []]]"
ƶ,com.apple.keylayout.Cherokee-QWERTY,"[[37, [""option""]], [6, []]]"
Ǽ,com.apple.keylayout.Cherokee-QWERTY,"[[14, [""option""]], [39, [""option"", ""shift""]]]"
Ǣ,com.apple.keylayout.Cherokee-QWERTY,"[[0, [""option""]], [39, [""option"", ""shift""]]]"
Ǿ,com.apple.keylayout.Cherokee-QWERTY,"[[14, [""option""]], [31, [""option"", ""shift""]]]"
ǽ,com.apple.keylayout.Cherokee-QWERTY,"[[14, [""option""]], [39, [""option""]]]"
ǣ,com.apple.keylayout.Cherokee-QWERTY,"[[0, [""option""]], [39, [""option""]]]"
ǿ,com.apple.keylayout.Cherokee-QWERTY,"[[14, [""option""]], [31, [""option""]]]"
ʻ,com.apple.keylayout.Cherokee-QWERTY,"[[41, [""option"", ""shift""]], [30, [""option""]]]"
ʼ,com.apple.keylayout.Cherokee-QWERTY,"[[41, [""option"", ""shift""]], [30, [""option"", ""shift""]]]"
ʽ,com.apple.keylayout.Cherokee-QWERTY,"[[41, [""option"", ""shift""]], [33, [""option""]]]"
Ř,com.apple.keylayout.Polish,"[[8, [""option""]], [15, [""shift""]]]"
Š,com.apple.keylayout.Polish,"[[8, [""option""]], [1, [""shift""]]]"
Ť,com.apple.keylayout.Polish,"[[8, [""option""]], [17, [""shift""]]]"
Ž,com.apple.keylayout.Polish,"[[8, [""option""]], [16, [""shift""]]]"
č,com.apple.keylayout.Polish,"[[8, [""option""]], [8, []]]"
ě,com.apple.keylayout.Polish,"[[8, [""option""]], [14, []]]"
é,com.apple.keylayout.Polish,"[[14, [""option""]], [14, []]]"
ň,com.apple.keylayout.Polish,"[[8, [""option""]], [45, []]]"
ř,com.apple.keylayout.Polish,"[[8, [""option""]], [15, []]]"
š,com.apple.keylayout.Polish,"[[8, [""option""]], [1, []]]"
ž,com.apple.keylayout.Polish,"[[8, [""option""]], [16, []]]"
Á,com.apple.keylayout.Polish,"[[14, [""option""]], [0, [""shift""]]]"
Ä,com.apple.keylayout.Polish,"[[32, [""option""]], [0, [""shift""]]]"
Í,com.apple.keylayout.Polish,"[[14, [""option""]], [34, [""shift""]]]"
Ĺ,com.apple.keylayout.Polish,"[[14, [""option""]], [37, [""shift""]]]"
Ú,com.apple.keylayout.Polish,"[[14, [""option""]], [32, [""shift""]]]"
Ü,com.apple.keylayout.Polish,"[[32, [""option""]], [32, [""shift""]]]"
á,com.apple.keylayout.Polish,"[[14, [""option""]], [0, []]]"
ä,com.apple.keylayout.Polish,"[[32, [""option""]], [0, []]]"
ģ,com.apple.keylayout.Polish,"[[14, [""option""]], [5, []]]"
í,com.apple.keylayout.Polish,"[[14, [""option""]], [34, []]]"
ĺ,com.apple.keylayout.Polish,"[[14, [""option""]], [37, []]]"
ú,com.apple.keylayout.Polish,"[[14, [""option""]], [32, []]]"
ü,com.apple.keylayout.Polish,"[[32, [""option""]], [32, []]]"
Ö,com.apple.keylayout.Polish,"[[32, [""option""]], [31, [""shift""]]]"
Ô,com.apple.keylayout.Polish,"[[34, [""option""]], [31, [""shift""]]]"
Õ,com.apple.keylayout.Polish,"[[45, [""option""]], [31, [""shift""]]]"
ö,com.apple.keylayout.Polish,"[[32, [""option""]], [31, []]]"
ô,com.apple.keylayout.Polish,"[[34, [""option""]], [31, []]]"
õ,com.apple.keylayout.Polish,"[[45, [""option""]], [31, []]]"
ˇ,com.apple.keylayout.Polish,"[[8, [""option""]], [49, []]]"
´,com.apple.keylayout.Polish,"[[14, [""option""]], [49, []]]"
¨,com.apple.keylayout.Polish,"[[32, [""option""]], [49, []]]"
^,com.apple.keylayout.Polish,"[[34, [""option""]], [49, []]]"
~,com.apple.keylayout.Polish,"[[45, [""option""]], [49, []]]"
Č,com.apple.keylayout.Polish,"[[8, [""option""]], [8, [""shift""]]]"
Ď,com.apple.keylayout.Polish,"[[8, [""option""]], [2, [""shift""]]]"
Ě,com.apple.keylayout.Polish,"[[8, [""option""]], [14, [""shift""]]]"
É,com.apple.keylayout.Polish,"[[14, [""option""]], [14, [""shift""]]]"
Ň,com.apple.keylayout.Polish,"[[8, [""option""]], [45, [""shift""]]]"
´,com.apple.keylayout.British,"[[14, [""option""]], [49, []]]"
¨,com.apple.keylayout.British,"[[32, [""option""]], [49, []]]"
^,com.apple.keylayout.British,"[[34, [""option""]], [49, []]]"
~,com.apple.keylayout.British,"[[45, [""option""]], [49, []]]"
`,com.apple.keylayout.British,"[[50, [""option""]], [49, []]]"
Á,com.apple.keylayout.British,"[[14, [""option""]], [0, [""shift""]]]"
Ä,com.apple.keylayout.British,"[[32, [""option""]], [0, [""shift""]]]"
Â,com.apple.keylayout.British,"[[34, [""option""]], [0, [""shift""]]]"
Ã,com.apple.keylayout.British,"[[45, [""option""]], [0, [""shift""]]]"
À,com.apple.keylayout.British,"[[50, [""option""]], [0, [""shift""]]]"
É,com.apple.keylayout.British,"[[14, [""option""]], [14, [""shift""]]]"
Ë,com.apple.keylayout.British,"[[32, [""option""]], [14, [""shift""]]]"
Ê,com.apple.keylayout.British,"[[34, [""option""]], [14, [""shift""]]]"
È,com.apple.keylayout.British,"[[50, [""option""]], [14, [""shift""]]]"
Í,com.apple.keylayout.British,"[[14, [""option""]], [34, [""shift""]]]"
Ï,com.apple.keylayout.British,"[[32, [""option""]], [34, [""shift""]]]"
Î,com.apple.keylayout.British,"[[34, [""option""]], [34, [""shift""]]]"
Ì,com.apple.keylayout.British,"[[50, [""option""]], [34, [""shift""]]]"
Ñ,com.apple.keylayout.British,"[[45, [""option""]], [45, [""shift""]]]"
Ó,com.apple.keylayout.British,"[[14, [""option""]], [31, [""shift""]]]"
Ö,com.apple.keylayout.British,"[[32, [""option""]], [31, [""shift""]]]"
Ô,com.apple.keylayout.British,"[[34, [""option""]], [31, [""shift""]]]"
Õ,com.apple.keylayout.British,"[[45, [""option""]], [31, [""shift""]]]"
Ò,com.apple.keylayout.British,"[[50, [""option""]], [31, [""shift""]]]"
Ú,com.apple.keylayout.British,"[[14, [""option""]], [32, [""shift""]]]"
Ü,com.apple.keylayout.British,"[[32, [""option""]], [32, [""shift""]]]"
Û,com.apple.keylayout.British,"[[34, [""option""]], [32, [""shift""]]]"
Ù,com.apple.keylayout.British,"[[50, [""option""]], [32, [""shift""]]]"
Ÿ,com.apple.keylayout.British,"[[32, [""option""]], [16, [""shift""]]]"
á,com.apple.keylayout.British,"[[14, [""option""]], [0, []]]"
ä,com.apple.keylayout.British,"[[32, [""option""]], [0, []]]"
â,com.apple.keylayout.British,"[[34, [""option""]], [0, []]]"
ã,com.apple.keylayout.British,"[[45, [""option""]], [0, []]]"
à,com.apple.keylayout.British,"[[50, [""option""]], [0, []]]"
é,com.apple.keylayout.British,"[[14, [""option""]], [14, []]]"
ë,com.apple.keylayout.British,"[[32, [""option""]], [14, []]]"
ê,com.apple.keylayout.British,"[[34, [""option""]], [14, []]]"
è,com.apple.keylayout.British,"[[50, [""option""]], [14, []]]"
í,com.apple.keylayout.British,"[[14, [""option""]], [34, []]]"
ï,com.apple.keylayout.British,"[[32, [""option""]], [34, []]]"
î,com.apple.keylayout.British,"[[34, [""option""]], [34, []]]"
ì,com.apple.keylayout.British,"[[50, [""option""]], [34, []]]"
ñ,com.apple.keylayout.British,"[[45, [""option""]], [45, []]]"
ó,com.apple.keylayout.British,"[[14, [""option""]], [31, []]]"
ö,com.apple.keylayout.British,"[[32, [""option""]], [31, []]]"
ô,com.apple.keylayout.British,"[[34, [""option""]], [31, []]]"
õ,com.apple.keylayout.British,"[[45, [""option""]], [31, []]]"
ò,com.apple.keylayout.British,"[[50, [""option""]], [31, []]]"
ú,com.apple.keylayout.British,"[[14, [""option""]], [32, []]]"
ü,com.apple.keylayout.British,"[[32, [""option""]], [32, []]]"
û,com.apple.keylayout.British,"[[34, [""option""]], [32, []]]"
ù,com.apple.keylayout.British,"[[50, [""option""]], [32, []]]"
ÿ,com.apple.keylayout.British,"[[32, [""option""]], [16, []]]"
¸,com.apple.keylayout.Irish,"[[8, [""option""]], [49, []]]"
˙,com.apple.keylayout.Irish,"[[13, [""option""]], [49, []]]"
ˆ,com.apple.keylayout.Irish,"[[22, [""option""]], [49, []]]"
¨,com.apple.keylayout.Irish,"[[28, [""option""]], [49, []]]"
˚,com.apple.keylayout.Irish,"[[40, [""option""]], [49, []]]"
˜,com.apple.keylayout.Irish,"[[45, [""option""]], [49, []]]"
`,com.apple.keylayout.Irish,"[[50, [""option""]], [49, []]]"
Â,com.apple.keylayout.Irish,"[[22, [""option""]], [0, [""shift""]]]"
Ä,com.apple.keylayout.Irish,"[[28, [""option""]], [0, [""shift""]]]"
Å,com.apple.keylayout.Irish,"[[40, [""option""]], [0, [""shift""]]]"
Ã,com.apple.keylayout.Irish,"[[45, [""option""]], [0, [""shift""]]]"
À,com.apple.keylayout.Irish,"[[50, [""option""]], [0, [""shift""]]]"
Ç,com.apple.keylayout.Irish,"[[8, [""option""]], [8, [""shift""]]]"
Ê,com.apple.keylayout.Irish,"[[22, [""option""]], [14, [""shift""]]]"
Ë,com.apple.keylayout.Irish,"[[28, [""option""]], [14, [""shift""]]]"
È,com.apple.keylayout.Irish,"[[50, [""option""]], [14, [""shift""]]]"
Î,com.apple.keylayout.Irish,"[[22, [""option""]], [34, [""shift""]]]"
Ï,com.apple.keylayout.Irish,"[[28, [""option""]], [34, [""shift""]]]"
Ì,com.apple.keylayout.Irish,"[[50, [""option""]], [34, [""shift""]]]"
Ñ,com.apple.keylayout.Irish,"[[45, [""option""]], [45, [""shift""]]]"
Ô,com.apple.keylayout.Irish,"[[22, [""option""]], [31, [""shift""]]]"
Ö,com.apple.keylayout.Irish,"[[28, [""option""]], [31, [""shift""]]]"
Ø,com.apple.keylayout.Irish,"[[40, [""option""]], [31, [""shift""]]]"
Õ,com.apple.keylayout.Irish,"[[45, [""option""]], [31, [""shift""]]]"
Ò,com.apple.keylayout.Irish,"[[50, [""option""]], [31, [""shift""]]]"
Û,com.apple.keylayout.Irish,"[[22, [""option""]], [32, [""shift""]]]"
Ü,com.apple.keylayout.Irish,"[[28, [""option""]], [32, [""shift""]]]"
Ù,com.apple.keylayout.Irish,"[[50, [""option""]], [32, [""shift""]]]"
Ÿ,com.apple.keylayout.Irish,"[[28, [""option""]], [16, [""shift""]]]"
â,com.apple.keylayout.Irish,"[[22, [""option""]], [0, []]]"
ä,com.apple.keylayout.Irish,"[[28, [""option""]], [0, []]]"
å,com.apple.keylayout.Irish,"[[40, [""option""]], [0, []]]"
ã,com.apple.keylayout.Irish,"[[45, [""option""]], [0, []]]"
à,com.apple.keylayout.Irish,"[[50, [""option""]], [0, []]]"
ç,com.apple.keylayout.Irish,"[[8, [""option""]], [8, []]]"
ê,com.apple.keylayout.Irish,"[[22, [""option""]], [14, []]]"
ë,com.apple.keylayout.Irish,"[[28, [""option""]], [14, []]]"
è,com.apple.keylayout.Irish,"[[50, [""option""]], [14, []]]"
ı,com.apple.keylayout.Irish,"[[13, [""option""]], [34, []]]"
î,com.apple.keylayout.Irish,"[[22, [""option""]], [34, []]]"
ï,com.apple.keylayout.Irish,"[[28, [""option""]], [34, []]]"
ì,com.apple.keylayout.Irish,"[[50, [""option""]], [34, []]]"
ñ,com.apple.keylayout.Irish,"[[45, [""option""]], [45, []]]"
ô,com.apple.keylayout.Irish,"[[22, [""option""]], [31, []]]"
ö,com.apple.keylayout.Irish,"[[28, [""option""]], [31, []]]"
ø,com.apple.keylayout.Irish,"[[40, [""option""]], [31, []]]"
õ,com.apple.keylayout.Irish,"[[45, [""option""]], [31, []]]"
ò,com.apple.keylayout.Irish,"[[50, [""option""]], [31, []]]"
û,com.apple.keylayout.Irish,"[[22, [""option""]], [32, []]]"
ü,com.apple.keylayout.Irish,"[[28, [""option""]], [32, []]]"
ù,com.apple.keylayout.Irish,"[[50, [""option""]], [32, []]]"
ÿ,com.apple.keylayout.Irish,"[[28, [""option""]], [16, []]]"
Á,com.apple.keylayout.Vietnamese,"[[0, [""shift""]], [28, []]]"
Ắ,com.apple.keylayout.Vietnamese,"[[18, [""shift""]], [28, []]]"
Ấ,com.apple.keylayout.Vietnamese,"[[19, [""shift""]], [28, []]]"
É,com.apple.keylayout.Vietnamese,"[[14, [""shift""]], [28, []]]"
Ế,com.apple.keylayout.Vietnamese,"[[20, [""shift""]], [28, []]]"
Í,com.apple.keylayout.Vietnamese,"[[34, [""shift""]], [28, []]]"
Ó,com.apple.keylayout.Vietnamese,"[[31, [""shift""]], [28, []]]"
Ố,com.apple.keylayout.Vietnamese,"[[21, [""shift""]], [28, []]]"
Ớ,com.apple.keylayout.Vietnamese,"[[30, [""shift""]], [28, []]]"
Ú,com.apple.keylayout.Vietnamese,"[[32, [""shift""]], [28, []]]"
Ứ,com.apple.keylayout.Vietnamese,"[[33, [""shift""]], [28, []]]"
Ý,com.apple.keylayout.Vietnamese,"[[16, [""shift""]], [28, []]]"
á,com.apple.keylayout.Vietnamese,"[[0, []], [28, []]]"
ắ,com.apple.keylayout.Vietnamese,"[[18, []], [28, []]]"
ấ,com.apple.keylayout.Vietnamese,"[[19, []], [28, []]]"
é,com.apple.keylayout.Vietnamese,"[[14, []], [28, []]]"
ế,com.apple.keylayout.Vietnamese,"[[20, []], [28, []]]"
í,com.apple.keylayout.Vietnamese,"[[34, []], [28, []]]"
ó,com.apple.keylayout.Vietnamese,"[[31, []], [28, []]]"
ố,com.apple.keylayout.Vietnamese,"[[21, []], [28, []]]"
ớ,com.apple.keylayout.Vietnamese,"[[30, []], [28, []]]"
ú,com.apple.keylayout.Vietnamese,"[[32, []], [28, []]]"
ứ,com.apple.keylayout.Vietnamese,"[[33, []], [28, []]]"
ý,com.apple.keylayout.Vietnamese,"[[16, []], [28, []]]"
Â,com.apple.keylayout.Vietnamese,"[[0, [""shift""]], [34, [""option""]]]"
Ê,com.apple.keylayout.Vietnamese,"[[14, [""shift""]], [34, [""option""]]]"
Î,com.apple.keylayout.Vietnamese,"[[34, [""shift""]], [34, [""option""]]]"
Ô,com.apple.keylayout.Vietnamese,"[[31, [""shift""]], [34, [""option""]]]"
Û,com.apple.keylayout.Vietnamese,"[[32, [""shift""]], [34, [""option""]]]"
Ŷ,com.apple.keylayout.Vietnamese,"[[16, [""shift""]], [34, [""option""]]]"
â,com.apple.keylayout.Vietnamese,"[[0, []], [34, [""option""]]]"
ê,com.apple.keylayout.Vietnamese,"[[14, []], [34, [""option""]]]"
î,com.apple.keylayout.Vietnamese,"[[34, []], [34, [""option""]]]"
ô,com.apple.keylayout.Vietnamese,"[[31, []], [34, [""option""]]]"
û,com.apple.keylayout.Vietnamese,"[[32, []], [34, [""option""]]]"
ŷ,com.apple.keylayout.Vietnamese,"[[16, []], [34, [""option""]]]"
Ạ,com.apple.keylayout.Vietnamese,"[[0, [""shift""]], [25, []]]"
Ặ,com.apple.keylayout.Vietnamese,"[[18, [""shift""]], [25, []]]"
Ậ,com.apple.keylayout.Vietnamese,"[[19, [""shift""]], [25, []]]"
Ẹ,com.apple.keylayout.Vietnamese,"[[14, [""shift""]], [25, []]]"
Ệ,com.apple.keylayout.Vietnamese,"[[20, [""shift""]], [25, []]]"
Ị,com.apple.keylayout.Vietnamese,"[[34, [""shift""]], [25, []]]"
Ọ,com.apple.keylayout.Vietnamese,"[[31, [""shift""]], [25, []]]"
Ộ,com.apple.keylayout.Vietnamese,"[[21, [""shift""]], [25, []]]"
Ợ,com.apple.keylayout.Vietnamese,"[[30, [""shift""]], [25, []]]"
Ụ,com.apple.keylayout.Vietnamese,"[[32, [""shift""]], [25, []]]"
Ự,com.apple.keylayout.Vietnamese,"[[33, [""shift""]], [25, []]]"
Ỵ,com.apple.keylayout.Vietnamese,"[[16, [""shift""]], [25, []]]"
ạ,com.apple.keylayout.Vietnamese,"[[0, []], [25, []]]"
ặ,com.apple.keylayout.Vietnamese,"[[18, []], [25, []]]"
ậ,com.apple.keylayout.Vietnamese,"[[19, []], [25, []]]"
ẹ,com.apple.keylayout.Vietnamese,"[[14, []], [25, []]]"
ệ,com.apple.keylayout.Vietnamese,"[[20, []], [25, []]]"
ị,com.apple.keylayout.Vietnamese,"[[34, []], [25, []]]"
ọ,com.apple.keylayout.Vietnamese,"[[31, []], [25, []]]"
ộ,com.apple.keylayout.Vietnamese,"[[21, []], [25, []]]"
ợ,com.apple.keylayout.Vietnamese,"[[30, []], [25, []]]"
ụ,com.apple.keylayout.Vietnamese,"[[32, []], [25, []]]"
ự,com.apple.keylayout.Vietnamese,"[[33, []], [25, []]]"
ỵ,com.apple.keylayout.Vietnamese,"[[16, []], [25, []]]"
À,com.apple.keylayout.Vietnamese,"[[0, [""shift""]], [23, []]]"
Ằ,com.apple.keylayout.Vietnamese,"[[18, [""shift""]], [23, []]]"
Ầ,com.apple.keylayout.Vietnamese,"[[19, [""shift""]], [23, []]]"
È,com.apple.keylayout.Vietnamese,"[[14, [""shift""]], [23, []]]"
Ề,com.apple.keylayout.Vietnamese,"[[20, [""shift""]], [23, []]]"
Ì,com.apple.keylayout.Vietnamese,"[[34, [""shift""]], [23, []]]"
Ò,com.apple.keylayout.Vietnamese,"[[31, [""shift""]], [23, []]]"
Ồ,com.apple.keylayout.Vietnamese,"[[21, [""shift""]], [23, []]]"
Ờ,com.apple.keylayout.Vietnamese,"[[30, [""shift""]], [23, []]]"
Ù,com.apple.keylayout.Vietnamese,"[[32, [""shift""]], [23, []]]"
Ừ,com.apple.keylayout.Vietnamese,"[[33, [""shift""]], [23, []]]"
Ỳ,com.apple.keylayout.Vietnamese,"[[16, [""shift""]], [23, []]]"
à,com.apple.keylayout.Vietnamese,"[[0, []], [23, []]]"
ằ,com.apple.keylayout.Vietnamese,"[[18, []], [23, []]]"
ầ,com.apple.keylayout.Vietnamese,"[[19, []], [23, []]]"
è,com.apple.keylayout.Vietnamese,"[[14, []], [23, []]]"
ề,com.apple.keylayout.Vietnamese,"[[20, []], [23, []]]"
ì,com.apple.keylayout.Vietnamese,"[[34, []], [23, []]]"
ò,com.apple.keylayout.Vietnamese,"[[31, []], [23, []]]"
ồ,com.apple.keylayout.Vietnamese,"[[21, []], [23, []]]"
ờ,com.apple.keylayout.Vietnamese,"[[30, []], [23, []]]"
ù,com.apple.keylayout.Vietnamese,"[[32, []], [23, []]]"
ừ,com.apple.keylayout.Vietnamese,"[[33, []], [23, []]]"
ỳ,com.apple.keylayout.Vietnamese,"[[16, []], [23, []]]"
Ả,com.apple.keylayout.Vietnamese,"[[0, [""shift""]], [22, []]]"
Ẳ,com.apple.keylayout.Vietnamese,"[[18, [""shift""]], [22, []]]"
Ẩ,com.apple.keylayout.Vietnamese,"[[19, [""shift""]], [22, []]]"
Ẻ,com.apple.keylayout.Vietnamese,"[[14, [""shift""]], [22, []]]"
Ể,com.apple.keylayout.Vietnamese,"[[20, [""shift""]], [22, []]]"
Ỉ,com.apple.keylayout.Vietnamese,"[[34, [""shift""]], [22, []]]"
Ỏ,com.apple.keylayout.Vietnamese,"[[31, [""shift""]], [22, []]]"
Ổ,com.apple.keylayout.Vietnamese,"[[21, [""shift""]], [22, []]]"
Ở,com.apple.keylayout.Vietnamese,"[[30, [""shift""]], [22, []]]"
Ủ,com.apple.keylayout.Vietnamese,"[[32, [""shift""]], [22, []]]"
Ử,com.apple.keylayout.Vietnamese,"[[33, [""shift""]], [22, []]]"
Ỷ,com.apple.keylayout.Vietnamese,"[[16, [""shift""]], [22, []]]"
ả,com.apple.keylayout.Vietnamese,"[[0, []], [22, []]]"
ẳ,com.apple.keylayout.Vietnamese,"[[18, []], [22, []]]"
ẩ,com.apple.keylayout.Vietnamese,"[[19, []], [22, []]]"
ẻ,com.apple.keylayout.Vietnamese,"[[14, []], [22, []]]"
ể,com.apple.keylayout.Vietnamese,"[[20, []], [22, []]]"
ỉ,com.apple.keylayout.Vietnamese,"[[34, []], [22, []]]"
ỏ,com.apple.keylayout.Vietnamese,"[[31, []], [22, []]]"
ổ,com.apple.keylayout.Vietnamese,"[[21, []], [22, []]]"
ở,com.apple.keylayout.Vietnamese,"[[30, []], [22, []]]"
ủ,com.apple.keylayout.Vietnamese,"[[32, []], [22, []]]"
ử,com.apple.keylayout.Vietnamese,"[[33, []], [22, []]]"
ỷ,com.apple.keylayout.Vietnamese,"[[16, []], [22, []]]"
Ã,com.apple.keylayout.Vietnamese,"[[0, [""shift""]], [26, []]]"
Ẵ,com.apple.keylayout.Vietnamese,"[[18, [""shift""]], [26, []]]"
Ẫ,com.apple.keylayout.Vietnamese,"[[19, [""shift""]], [26, []]]"
Ẽ,com.apple.keylayout.Vietnamese,"[[14, [""shift""]], [26, []]]"
Ễ,com.apple.keylayout.Vietnamese,"[[20, [""shift""]], [26, []]]"
Ĩ,com.apple.keylayout.Vietnamese,"[[34, [""shift""]], [26, []]]"
Õ,com.apple.keylayout.Vietnamese,"[[31, [""shift""]], [26, []]]"
Ỗ,com.apple.keylayout.Vietnamese,"[[21, [""shift""]], [26, []]]"
Ỡ,com.apple.keylayout.Vietnamese,"[[30, [""shift""]], [26, []]]"
Ũ,com.apple.keylayout.Vietnamese,"[[32, [""shift""]], [26, []]]"
Ữ,com.apple.keylayout.Vietnamese,"[[33, [""shift""]], [26, []]]"
Ỹ,com.apple.keylayout.Vietnamese,"[[16, [""shift""]], [26, []]]"
ã,com.apple.keylayout.Vietnamese,"[[0, []], [26, []]]"
ẵ,com.apple.keylayout.Vietnamese,"[[18, []], [26, []]]"
ẫ,com.apple.keylayout.Vietnamese,"[[19, []], [26, []]]"
ẽ,com.apple.keylayout.Vietnamese,"[[14, []], [26, []]]"
ễ,com.apple.keylayout.Vietnamese,"[[20, []], [26, []]]"
ĩ,com.apple.keylayout.Vietnamese,"[[34, []], [26, []]]"
õ,com.apple.keylayout.Vietnamese,"[[31, []], [26, []]]"
ỗ,com.apple.keylayout.Vietnamese,"[[21, []], [26, []]]"
ỡ,com.apple.keylayout.Vietnamese,"[[30, []], [26, []]]"
ũ,com.apple.keylayout.Vietnamese,"[[32, []], [26, []]]"
ữ,com.apple.keylayout.Vietnamese,"[[33, []], [26, []]]"
ỹ,com.apple.keylayout.Vietnamese,"[[16, []], [26, []]]"
Ä,com.apple.keylayout.Vietnamese,"[[0, [""shift""]], [32, [""option""]]]"
Ë,com.apple.keylayout.Vietnamese,"[[14, [""shift""]], [32, [""option""]]]"
Ï,com.apple.keylayout.Vietnamese,"[[34, [""shift""]], [32, [""option""]]]"
Ö,com.apple.keylayout.Vietnamese,"[[31, [""shift""]], [32, [""option""]]]"
Ü,com.apple.keylayout.Vietnamese,"[[32, [""shift""]], [32, [""option""]]]"
Ÿ,com.apple.keylayout.Vietnamese,"[[16, [""shift""]], [32, [""option""]]]"
ä,com.apple.keylayout.Vietnamese,"[[0, []], [32, [""option""]]]"
ë,com.apple.keylayout.Vietnamese,"[[14, []], [32, [""option""]]]"
ï,com.apple.keylayout.Vietnamese,"[[34, []], [32, [""option""]]]"
ö,com.apple.keylayout.Vietnamese,"[[31, []], [32, [""option""]]]"
ü,com.apple.keylayout.Vietnamese,"[[32, []], [32, [""option""]]]"
ÿ,com.apple.keylayout.Vietnamese,"[[16, []], [32, [""option""]]]"
^,com.apple.keylayout.Turkish-QWERTY-PC,"[[4, [""option""]], [49, []]]"
~,com.apple.keylayout.Turkish-QWERTY-PC,"[[30, [""option""]], [49, []]]"
¨,com.apple.keylayout.Turkish-QWERTY-PC,"[[33, [""option""]], [49, []]]"
´,com.apple.keylayout.Turkish-QWERTY-PC,"[[41, [""option""]], [49, []]]"
`,com.apple.keylayout.Turkish-QWERTY-PC,"[[42, [""option""]], [49, []]]"
Â,com.apple.keylayout.Turkish-QWERTY-PC,"[[4, [""option""]], [0, [""shift""]]]"
Ã,com.apple.keylayout.Turkish-QWERTY-PC,"[[30, [""option""]], [0, [""shift""]]]"
Ä,com.apple.keylayout.Turkish-QWERTY-PC,"[[33, [""option""]], [0, [""shift""]]]"
Á,com.apple.keylayout.Turkish-QWERTY-PC,"[[41, [""option""]], [0, [""shift""]]]"
À,com.apple.keylayout.Turkish-QWERTY-PC,"[[42, [""option""]], [0, [""shift""]]]"
Ê,com.apple.keylayout.Turkish-QWERTY-PC,"[[4, [""option""]], [14, [""shift""]]]"
Ë,com.apple.keylayout.Turkish-QWERTY-PC,"[[33, [""option""]], [14, [""shift""]]]"
É,com.apple.keylayout.Turkish-QWERTY-PC,"[[41, [""option""]], [14, [""shift""]]]"
È,com.apple.keylayout.Turkish-QWERTY-PC,"[[42, [""option""]], [14, [""shift""]]]"
Î,com.apple.keylayout.Turkish-QWERTY-PC,"[[4, [""option""]], [34, [""shift""]]]"
Ï,com.apple.keylayout.Turkish-QWERTY-PC,"[[33, [""option""]], [34, [""shift""]]]"
Í,com.apple.keylayout.Turkish-QWERTY-PC,"[[41, [""option""]], [34, [""shift""]]]"
Ì,com.apple.keylayout.Turkish-QWERTY-PC,"[[42, [""option""]], [34, [""shift""]]]"
Ñ,com.apple.keylayout.Turkish-QWERTY-PC,"[[30, [""option""]], [45, [""shift""]]]"
Ô,com.apple.keylayout.Turkish-QWERTY-PC,"[[4, [""option""]], [31, [""shift""]]]"
Õ,com.apple.keylayout.Turkish-QWERTY-PC,"[[30, [""option""]], [31, [""shift""]]]"
Ö,com.apple.keylayout.Turkish-QWERTY-PC,"[[33, [""option""]], [31, [""shift""]]]"
Ó,com.apple.keylayout.Turkish-QWERTY-PC,"[[41, [""option""]], [31, [""shift""]]]"
Ò,com.apple.keylayout.Turkish-QWERTY-PC,"[[42, [""option""]], [31, [""shift""]]]"
Û,com.apple.keylayout.Turkish-QWERTY-PC,"[[4, [""option""]], [32, [""shift""]]]"
Ü,com.apple.keylayout.Turkish-QWERTY-PC,"[[33, [""option""]], [32, [""shift""]]]"
Ú,com.apple.keylayout.Turkish-QWERTY-PC,"[[41, [""option""]], [32, [""shift""]]]"
Ù,com.apple.keylayout.Turkish-QWERTY-PC,"[[42, [""option""]], [32, [""shift""]]]"
Ÿ,com.apple.keylayout.Turkish-QWERTY-PC,"[[33, [""option""]], [16, [""shift""]]]"
â,com.apple.keylayout.Turkish-QWERTY-PC,"[[4, [""option""]], [0, []]]"
ã,com.apple.keylayout.Turkish-QWERTY-PC,"[[30, [""option""]], [0, []]]"
ä,com.apple.keylayout.Turkish-QWERTY-PC,"[[33, [""option""]], [0, []]]"
á,com.apple.keylayout.Turkish-QWERTY-PC,"[[41, [""option""]], [0, []]]"
à,com.apple.keylayout.Turkish-QWERTY-PC,"[[42, [""option""]], [0, []]]"
ê,com.apple.keylayout.Turkish-QWERTY-PC,"[[4, [""option""]], [14, []]]"
ë,com.apple.keylayout.Turkish-QWERTY-PC,"[[33, [""option""]], [14, []]]"
é,com.apple.keylayout.Turkish-QWERTY-PC,"[[41, [""option""]], [14, []]]"
è,com.apple.keylayout.Turkish-QWERTY-PC,"[[42, [""option""]], [14, []]]"
î,com.apple.keylayout.Turkish-QWERTY-PC,"[[4, [""option""]], [39, []]]"
ï,com.apple.keylayout.Turkish-QWERTY-PC,"[[33, [""option""]], [39, []]]"
í,com.apple.keylayout.Turkish-QWERTY-PC,"[[41, [""option""]], [39, []]]"
ì,com.apple.keylayout.Turkish-QWERTY-PC,"[[42, [""option""]], [39, []]]"
ñ,com.apple.keylayout.Turkish-QWERTY-PC,"[[30, [""option""]], [45, []]]"
ô,com.apple.keylayout.Turkish-QWERTY-PC,"[[4, [""option""]], [31, []]]"
õ,com.apple.keylayout.Turkish-QWERTY-PC,"[[30, [""option""]], [31, []]]"
ö,com.apple.keylayout.Turkish-QWERTY-PC,"[[33, [""option""]], [31, []]]"
ó,com.apple.keylayout.Turkish-QWERTY-PC,"[[41, [""option""]], [31, []]]"
ò,com.apple.keylayout.Turkish-QWERTY-PC,"[[42, [""option""]], [31, []]]"
û,com.apple.keylayout.Turkish-QWERTY-PC,"[[4, [""option""]], [32, []]]"
ü,com.apple.keylayout.Turkish-QWERTY-PC,"[[33, [""option""]], [32, []]]"
ú,com.apple.keylayout.Turkish-QWERTY-PC,"[[41, [""option""]], [32, []]]"
ù,com.apple.keylayout.Turkish-QWERTY-PC,"[[42, [""option""]], [32, []]]"
ÿ,com.apple.keylayout.Turkish-QWERTY-PC,"[[33, [""option""]], [16, []]]"
á,com.apple.keylayout.Czech,"[[24, []], [0, []]]"
ä,com.apple.keylayout.Czech,"[[42, []], [0, []]]"
ā,com.apple.keylayout.Czech,"[[24, [""option"", ""shift""]], [0, []]]"
Ć,com.apple.keylayout.Czech,"[[24, []], [8, [""shift""]]]"
Č,com.apple.keylayout.Czech,"[[24, [""shift""]], [8, [""shift""]]]"
ć,com.apple.keylayout.Czech,"[[24, []], [8, []]]"
č,com.apple.keylayout.Czech,"[[24, [""shift""]], [8, []]]"
É,com.apple.keylayout.Czech,"[[24, []], [14, [""shift""]]]"
Ě,com.apple.keylayout.Czech,"[[24, [""shift""]], [14, [""shift""]]]"
Ē,com.apple.keylayout.Czech,"[[24, [""option"", ""shift""]], [14, [""shift""]]]"
é,com.apple.keylayout.Czech,"[[24, []], [14, []]]"
ě,com.apple.keylayout.Czech,"[[24, [""shift""]], [14, []]]"
ē,com.apple.keylayout.Czech,"[[24, [""option"", ""shift""]], [14, []]]"
Ģ,com.apple.keylayout.Czech,"[[24, []], [5, [""shift""]]]"
Ģ,com.apple.keylayout.Czech,"[[27, [""option"", ""shift""]], [5, [""shift""]]]"
ģ,com.apple.keylayout.Czech,"[[24, []], [5, []]]"
ģ,com.apple.keylayout.Czech,"[[27, [""option"", ""shift""]], [5, []]]"
Í,com.apple.keylayout.Czech,"[[24, []], [34, [""shift""]]]"
Ī,com.apple.keylayout.Czech,"[[24, [""option"", ""shift""]], [34, [""shift""]]]"
Į,com.apple.keylayout.Czech,"[[27, [""option"", ""shift""]], [34, [""shift""]]]"
í,com.apple.keylayout.Czech,"[[24, []], [34, []]]"
ī,com.apple.keylayout.Czech,"[[24, [""option"", ""shift""]], [34, []]]"
į,com.apple.keylayout.Czech,"[[27, [""option"", ""shift""]], [34, []]]"
Ĺ,com.apple.keylayout.Czech,"[[24, []], [37, [""shift""]]]"
Ľ,com.apple.keylayout.Czech,"[[24, [""shift""]], [37, [""shift""]]]"
Ļ,com.apple.keylayout.Czech,"[[27, [""option"", ""shift""]], [37, [""shift""]]]"
ĺ,com.apple.keylayout.Czech,"[[24, []], [37, []]]"
ľ,com.apple.keylayout.Czech,"[[24, [""shift""]], [37, []]]"
ļ,com.apple.keylayout.Czech,"[[27, [""option"", ""shift""]], [37, []]]"
Ń,com.apple.keylayout.Czech,"[[24, []], [45, [""shift""]]]"
Ň,com.apple.keylayout.Czech,"[[24, [""shift""]], [45, [""shift""]]]"
Ņ,com.apple.keylayout.Czech,"[[27, [""option"", ""shift""]], [45, [""shift""]]]"
ń,com.apple.keylayout.Czech,"[[24, []], [45, []]]"
ň,com.apple.keylayout.Czech,"[[24, [""shift""]], [45, []]]"
ņ,com.apple.keylayout.Czech,"[[27, [""option"", ""shift""]], [45, []]]"
Ó,com.apple.keylayout.Czech,"[[24, []], [31, [""shift""]]]"
Ö,com.apple.keylayout.Czech,"[[42, []], [31, [""shift""]]]"
Ô,com.apple.keylayout.Czech,"[[24, [""shift""]], [31, [""shift""]]]"
Ô,com.apple.keylayout.Czech,"[[24, [""option""]], [31, [""shift""]]]"
Ō,com.apple.keylayout.Czech,"[[24, [""option"", ""shift""]], [31, [""shift""]]]"
Õ,com.apple.keylayout.Czech,"[[39, [""option"", ""shift""]], [31, [""shift""]]]"
Ő,com.apple.keylayout.Czech,"[[42, [""option"", ""shift""]], [31, [""shift""]]]"
ó,com.apple.keylayout.Czech,"[[24, []], [31, []]]"
ö,com.apple.keylayout.Czech,"[[42, []], [31, []]]"
ô,com.apple.keylayout.Czech,"[[24, [""shift""]], [31, []]]"
ô,com.apple.keylayout.Czech,"[[24, [""option""]], [31, []]]"
ō,com.apple.keylayout.Czech,"[[24, [""option"", ""shift""]], [31, []]]"
õ,com.apple.keylayout.Czech,"[[39, [""option"", ""shift""]], [31, []]]"
ő,com.apple.keylayout.Czech,"[[42, [""option"", ""shift""]], [31, []]]"
Ŕ,com.apple.keylayout.Czech,"[[24, []], [15, [""shift""]]]"
Ř,com.apple.keylayout.Czech,"[[24, [""shift""]], [15, [""shift""]]]"
Ŗ,com.apple.keylayout.Czech,"[[27, [""option"", ""shift""]], [15, [""shift""]]]"
ŕ,com.apple.keylayout.Czech,"[[24, []], [15, []]]"
ř,com.apple.keylayout.Czech,"[[24, [""shift""]], [15, []]]"
ŗ,com.apple.keylayout.Czech,"[[27, [""option"", ""shift""]], [15, []]]"
Ś,com.apple.keylayout.Czech,"[[24, []], [1, [""shift""]]]"
Š,com.apple.keylayout.Czech,"[[24, [""shift""]], [1, [""shift""]]]"
ś,com.apple.keylayout.Czech,"[[24, []], [1, []]]"
š,com.apple.keylayout.Czech,"[[24, [""shift""]], [1, []]]"
Ú,com.apple.keylayout.Czech,"[[24, []], [32, [""shift""]]]"
Ü,com.apple.keylayout.Czech,"[[42, []], [32, [""shift""]]]"
Ů,com.apple.keylayout.Czech,"[[24, [""shift""]], [32, [""shift""]]]"
Ů,com.apple.keylayout.Czech,"[[27, [""option""]], [32, [""shift""]]]"
Ū,com.apple.keylayout.Czech,"[[24, [""option"", ""shift""]], [32, [""shift""]]]"
Ų,com.apple.keylayout.Czech,"[[27, [""option"", ""shift""]], [32, [""shift""]]]"
Ű,com.apple.keylayout.Czech,"[[42, [""option"", ""shift""]], [32, [""shift""]]]"
ú,com.apple.keylayout.Czech,"[[24, []], [32, []]]"
ü,com.apple.keylayout.Czech,"[[42, []], [32, []]]"
ů,com.apple.keylayout.Czech,"[[24, [""shift""]], [32, []]]"
ů,com.apple.keylayout.Czech,"[[27, [""option""]], [32, []]]"
ū,com.apple.keylayout.Czech,"[[24, [""option"", ""shift""]], [32, []]]"
ų,com.apple.keylayout.Czech,"[[27, [""option"", ""shift""]], [32, []]]"
ű,com.apple.keylayout.Czech,"[[42, [""option"", ""shift""]], [32, []]]"
Ý,com.apple.keylayout.Czech,"[[24, []], [6, [""shift""]]]"
ý,com.apple.keylayout.Czech,"[[24, []], [6, []]]"
Ź,com.apple.keylayout.Czech,"[[24, []], [16, [""shift""]]]"
Ž,com.apple.keylayout.Czech,"[[24, [""shift""]], [16, [""shift""]]]"
ź,com.apple.keylayout.Czech,"[[24, []], [16, []]]"
ž,com.apple.keylayout.Czech,"[[24, [""shift""]], [16, []]]"
',com.apple.keylayout.Czech,"[[24, []], [49, []]]"
¨,com.apple.keylayout.Czech,"[[42, []], [49, []]]"
ˇ,com.apple.keylayout.Czech,"[[24, [""shift""]], [49, []]]"
^,com.apple.keylayout.Czech,"[[24, [""option""]], [49, []]]"
°,com.apple.keylayout.Czech,"[[27, [""option""]], [49, []]]"
-,com.apple.keylayout.Czech,"[[24, [""option"", ""shift""]], [49, []]]"
",",com.apple.keylayout.Czech,"[[27, [""option"", ""shift""]], [49, []]]"
~,com.apple.keylayout.Czech,"[[39, [""option"", ""shift""]], [49, []]]"
"""",com.apple.keylayout.Czech,"[[42, [""option"", ""shift""]], [49, []]]"
Ď,com.apple.keylayout.Czech,"[[24, [""shift""]], [2, [""shift""]]]"
ď,com.apple.keylayout.Czech,"[[24, [""shift""]], [2, []]]"
Ť,com.apple.keylayout.Czech,"[[24, [""shift""]], [17, [""shift""]]]"
ť,com.apple.keylayout.Czech,"[[24, [""shift""]], [17, []]]"
Ķ,com.apple.keylayout.Czech,"[[27, [""option"", ""shift""]], [40, [""shift""]]]"
ķ,com.apple.keylayout.Czech,"[[27, [""option"", ""shift""]], [40, []]]"
Á,com.apple.keylayout.Czech,"[[24, []], [0, [""shift""]]]"
Ä,com.apple.keylayout.Czech,"[[42, []], [0, [""shift""]]]"
Ā,com.apple.keylayout.Czech,"[[24, [""option"", ""shift""]], [0, [""shift""]]]"
^,com.apple.keylayout.Turkish-QWERTY,"[[4, [""option""]], [49, []]]"
´,com.apple.keylayout.Turkish-QWERTY,"[[14, [""option""]], [49, []]]"
¨,com.apple.keylayout.Turkish-QWERTY,"[[40, [""option""]], [49, []]]"
~,com.apple.keylayout.Turkish-QWERTY,"[[45, [""option""]], [49, []]]"
`,com.apple.keylayout.Turkish-QWERTY,"[[50, [""option""]], [49, []]]"
Â,com.apple.keylayout.Turkish-QWERTY,"[[4, [""option""]], [0, [""shift""]]]"
Á,com.apple.keylayout.Turkish-QWERTY,"[[14, [""option""]], [0, [""shift""]]]"
Ä,com.apple.keylayout.Turkish-QWERTY,"[[40, [""option""]], [0, [""shift""]]]"
Ã,com.apple.keylayout.Turkish-QWERTY,"[[45, [""option""]], [0, [""shift""]]]"
À,com.apple.keylayout.Turkish-QWERTY,"[[50, [""option""]], [0, [""shift""]]]"
Ê,com.apple.keylayout.Turkish-QWERTY,"[[4, [""option""]], [14, [""shift""]]]"
É,com.apple.keylayout.Turkish-QWERTY,"[[14, [""option""]], [14, [""shift""]]]"
Ë,com.apple.keylayout.Turkish-QWERTY,"[[40, [""option""]], [14, [""shift""]]]"
È,com.apple.keylayout.Turkish-QWERTY,"[[50, [""option""]], [14, [""shift""]]]"
Î,com.apple.keylayout.Turkish-QWERTY,"[[4, [""option""]], [34, [""shift""]]]"
Í,com.apple.keylayout.Turkish-QWERTY,"[[14, [""option""]], [34, [""shift""]]]"
Ï,com.apple.keylayout.Turkish-QWERTY,"[[40, [""option""]], [34, [""shift""]]]"
Ì,com.apple.keylayout.Turkish-QWERTY,"[[50, [""option""]], [34, [""shift""]]]"
Ñ,com.apple.keylayout.Turkish-QWERTY,"[[45, [""option""]], [45, [""shift""]]]"
Ô,com.apple.keylayout.Turkish-QWERTY,"[[4, [""option""]], [31, [""shift""]]]"
Ó,com.apple.keylayout.Turkish-QWERTY,"[[14, [""option""]], [31, [""shift""]]]"
Ö,com.apple.keylayout.Turkish-QWERTY,"[[40, [""option""]], [31, [""shift""]]]"
Õ,com.apple.keylayout.Turkish-QWERTY,"[[45, [""option""]], [31, [""shift""]]]"
Ò,com.apple.keylayout.Turkish-QWERTY,"[[50, [""option""]], [31, [""shift""]]]"
Û,com.apple.keylayout.Turkish-QWERTY,"[[4, [""option""]], [32, [""shift""]]]"
Ú,com.apple.keylayout.Turkish-QWERTY,"[[14, [""option""]], [32, [""shift""]]]"
Ü,com.apple.keylayout.Turkish-QWERTY,"[[40, [""option""]], [32, [""shift""]]]"
Ù,com.apple.keylayout.Turkish-QWERTY,"[[50, [""option""]], [32, [""shift""]]]"
Ÿ,com.apple.keylayout.Turkish-QWERTY,"[[40, [""option""]], [16, [""shift""]]]"
â,com.apple.keylayout.Turkish-QWERTY,"[[4, [""option""]], [0, []]]"
á,com.apple.keylayout.Turkish-QWERTY,"[[14, [""option""]], [0, []]]"
ä,com.apple.keylayout.Turkish-QWERTY,"[[40, [""option""]], [0, []]]"
ã,com.apple.keylayout.Turkish-QWERTY,"[[45, [""option""]], [0, []]]"
à,com.apple.keylayout.Turkish-QWERTY,"[[50, [""option""]], [0, []]]"
ê,com.apple.keylayout.Turkish-QWERTY,"[[4, [""option""]], [14, []]]"
é,com.apple.keylayout.Turkish-QWERTY,"[[14, [""option""]], [14, []]]"
ë,com.apple.keylayout.Turkish-QWERTY,"[[40, [""option""]], [14, []]]"
è,com.apple.keylayout.Turkish-QWERTY,"[[50, [""option""]], [14, []]]"
î,com.apple.keylayout.Turkish-QWERTY,"[[4, [""option""]], [34, []]]"
í,com.apple.keylayout.Turkish-QWERTY,"[[14, [""option""]], [34, []]]"
ï,com.apple.keylayout.Turkish-QWERTY,"[[40, [""option""]], [34, []]]"
ì,com.apple.keylayout.Turkish-QWERTY,"[[50, [""option""]], [34, []]]"
ñ,com.apple.keylayout.Turkish-QWERTY,"[[45, [""option""]], [45, []]]"
ô,com.apple.keylayout.Turkish-QWERTY,"[[4, [""option""]], [31, []]]"
ó,com.apple.keylayout.Turkish-QWERTY,"[[14, [""option""]], [31, []]]"
ö,com.apple.keylayout.Turkish-QWERTY,"[[40, [""option""]], [31, []]]"
õ,com.apple.keylayout.Turkish-QWERTY,"[[45, [""option""]], [31, []]]"
ò,com.apple.keylayout.Turkish-QWERTY,"[[50, [""option""]], [31, []]]"
û,com.apple.keylayout.Turkish-QWERTY,"[[4, [""option""]], [32, []]]"
ú,com.apple.keylayout.Turkish-QWERTY,"[[14, [""option""]], [32, []]]"
ü,com.apple.keylayout.Turkish-QWERTY,"[[40, [""option""]], [32, []]]"
ù,com.apple.keylayout.Turkish-QWERTY,"[[50, [""option""]], [32, []]]"
ÿ,com.apple.keylayout.Turkish-QWERTY,"[[40, [""option""]], [16, []]]"
´,com.apple.keylayout.Croatian,"[[14, [""option""]], [49, []]]"
¨,com.apple.keylayout.Croatian,"[[32, [""option""]], [49, []]]"
^,com.apple.keylayout.Croatian,"[[34, [""option""]], [49, []]]"
~,com.apple.keylayout.Croatian,"[[45, [""option""]], [49, []]]"
`,com.apple.keylayout.Croatian,"[[50, [""option""]], [49, []]]"
 ̏,com.apple.keylayout.Croatian,"[[4, [""option""]], [49, []]]"
 ̑,com.apple.keylayout.Croatian,"[[40, [""option""]], [49, []]]"
Á,com.apple.keylayout.Croatian,"[[14, [""option""]], [0, [""shift""]]]"
Ä,com.apple.keylayout.Croatian,"[[32, [""option""]], [0, [""shift""]]]"
Â,com.apple.keylayout.Croatian,"[[34, [""option""]], [0, [""shift""]]]"
Ã,com.apple.keylayout.Croatian,"[[45, [""option""]], [0, [""shift""]]]"
À,com.apple.keylayout.Croatian,"[[50, [""option""]], [0, [""shift""]]]"
Ȁ,com.apple.keylayout.Croatian,"[[4, [""option""]], [0, [""shift""]]]"
Ȃ,com.apple.keylayout.Croatian,"[[40, [""option""]], [0, [""shift""]]]"
É,com.apple.keylayout.Croatian,"[[14, [""option""]], [14, [""shift""]]]"
Ë,com.apple.keylayout.Croatian,"[[32, [""option""]], [14, [""shift""]]]"
Ê,com.apple.keylayout.Croatian,"[[34, [""option""]], [14, [""shift""]]]"
È,com.apple.keylayout.Croatian,"[[50, [""option""]], [14, [""shift""]]]"
Ȅ,com.apple.keylayout.Croatian,"[[4, [""option""]], [14, [""shift""]]]"
Ȇ,com.apple.keylayout.Croatian,"[[40, [""option""]], [14, [""shift""]]]"
Í,com.apple.keylayout.Croatian,"[[14, [""option""]], [34, [""shift""]]]"
Ï,com.apple.keylayout.Croatian,"[[32, [""option""]], [34, [""shift""]]]"
Î,com.apple.keylayout.Croatian,"[[34, [""option""]], [34, [""shift""]]]"
Ì,com.apple.keylayout.Croatian,"[[50, [""option""]], [34, [""shift""]]]"
Ȉ,com.apple.keylayout.Croatian,"[[4, [""option""]], [34, [""shift""]]]"
Ȋ,com.apple.keylayout.Croatian,"[[40, [""option""]], [34, [""shift""]]]"
Ñ,com.apple.keylayout.Croatian,"[[45, [""option""]], [45, [""shift""]]]"
Ó,com.apple.keylayout.Croatian,"[[14, [""option""]], [31, [""shift""]]]"
Ö,com.apple.keylayout.Croatian,"[[32, [""option""]], [31, [""shift""]]]"
Ô,com.apple.keylayout.Croatian,"[[34, [""option""]], [31, [""shift""]]]"
Õ,com.apple.keylayout.Croatian,"[[45, [""option""]], [31, [""shift""]]]"
Ò,com.apple.keylayout.Croatian,"[[50, [""option""]], [31, [""shift""]]]"
Ȍ,com.apple.keylayout.Croatian,"[[4, [""option""]], [31, [""shift""]]]"
Ȏ,com.apple.keylayout.Croatian,"[[40, [""option""]], [31, [""shift""]]]"
Ȑ,com.apple.keylayout.Croatian,"[[4, [""option""]], [15, [""shift""]]]"
Ȓ,com.apple.keylayout.Croatian,"[[40, [""option""]], [15, [""shift""]]]"
Ú,com.apple.keylayout.Croatian,"[[14, [""option""]], [32, [""shift""]]]"
Ü,com.apple.keylayout.Croatian,"[[32, [""option""]], [32, [""shift""]]]"
Û,com.apple.keylayout.Croatian,"[[34, [""option""]], [32, [""shift""]]]"
Ù,com.apple.keylayout.Croatian,"[[50, [""option""]], [32, [""shift""]]]"
Ȕ,com.apple.keylayout.Croatian,"[[4, [""option""]], [32, [""shift""]]]"
Ȗ,com.apple.keylayout.Croatian,"[[40, [""option""]], [32, [""shift""]]]"
á,com.apple.keylayout.Croatian,"[[14, [""option""]], [0, []]]"
ä,com.apple.keylayout.Croatian,"[[32, [""option""]], [0, []]]"
â,com.apple.keylayout.Croatian,"[[34, [""option""]], [0, []]]"
ã,com.apple.keylayout.Croatian,"[[45, [""option""]], [0, []]]"
à,com.apple.keylayout.Croatian,"[[50, [""option""]], [0, []]]"
ȁ,com.apple.keylayout.Croatian,"[[4, [""option""]], [0, []]]"
ȃ,com.apple.keylayout.Croatian,"[[40, [""option""]], [0, []]]"
é,com.apple.keylayout.Croatian,"[[14, [""option""]], [14, []]]"
ë,com.apple.keylayout.Croatian,"[[32, [""option""]], [14, []]]"
ê,com.apple.keylayout.Croatian,"[[34, [""option""]], [14, []]]"
è,com.apple.keylayout.Croatian,"[[50, [""option""]], [14, []]]"
ȅ,com.apple.keylayout.Croatian,"[[4, [""option""]], [14, []]]"
ȇ,com.apple.keylayout.Croatian,"[[40, [""option""]], [14, []]]"
í,com.apple.keylayout.Croatian,"[[14, [""option""]], [34, []]]"
ï,com.apple.keylayout.Croatian,"[[32, [""option""]], [34, []]]"
î,com.apple.keylayout.Croatian,"[[34, [""option""]], [34, []]]"
ì,com.apple.keylayout.Croatian,"[[50, [""option""]], [34, []]]"
ȉ,com.apple.keylayout.Croatian,"[[4, [""option""]], [34, []]]"
ȋ,com.apple.keylayout.Croatian,"[[40, [""option""]], [34, []]]"
ñ,com.apple.keylayout.Croatian,"[[45, [""option""]], [45, []]]"
ó,com.apple.keylayout.Croatian,"[[14, [""option""]], [31, []]]"
ö,com.apple.keylayout.Croatian,"[[32, [""option""]], [31, []]]"
ô,com.apple.keylayout.Croatian,"[[34, [""option""]], [31, []]]"
õ,com.apple.keylayout.Croatian,"[[45, [""option""]], [31, []]]"
ò,com.apple.keylayout.Croatian,"[[50, [""option""]], [31, []]]"
ȍ,com.apple.keylayout.Croatian,"[[4, [""option""]], [31, []]]"
ȏ,com.apple.keylayout.Croatian,"[[40, [""option""]], [31, []]]"
ȑ,com.apple.keylayout.Croatian,"[[4, [""option""]], [15, []]]"
ȓ,com.apple.keylayout.Croatian,"[[40, [""option""]], [15, []]]"
ú,com.apple.keylayout.Croatian,"[[14, [""option""]], [32, []]]"
ü,com.apple.keylayout.Croatian,"[[32, [""option""]], [32, []]]"
û,com.apple.keylayout.Croatian,"[[34, [""option""]], [32, []]]"
ù,com.apple.keylayout.Croatian,"[[50, [""option""]], [32, []]]"
ȕ,com.apple.keylayout.Croatian,"[[4, [""option""]], [32, []]]"
ȗ,com.apple.keylayout.Croatian,"[[40, [""option""]], [32, []]]"
´,com.apple.keylayout.Welsh,"[[26, [""option""]], [49, []]]"
˘,com.apple.keylayout.Welsh,"[[11, [""option""]], [49, []]]"
ˇ,com.apple.keylayout.Welsh,"[[9, [""option""]], [49, []]]"
¸,com.apple.keylayout.Welsh,"[[8, [""option""]], [49, []]]"
ˆ,com.apple.keylayout.Welsh,"[[22, [""option""]], [49, []]]"
‸,com.apple.keylayout.Welsh,"[[5, [""option"", ""shift""]], [49, []]]"
",",com.apple.keylayout.Welsh,"[[35, [""option""]], [49, []]]"
¨,com.apple.keylayout.Welsh,"[[28, [""option""]], [49, []]]"
˙,com.apple.keylayout.Welsh,"[[25, [""option"", ""shift""]], [49, []]]"
.,com.apple.keylayout.Welsh,"[[7, [""option""]], [49, []]]"
˝,com.apple.keylayout.Welsh,"[[38, [""option""]], [49, []]]"
`,com.apple.keylayout.Welsh,"[[50, [""option""]], [49, []]]"
ˀ,com.apple.keylayout.Welsh,"[[6, [""option""]], [49, []]]"
ʔ,com.apple.keylayout.Welsh,"[[47, [""option"", ""shift""]], [49, []]]"
ʼ,com.apple.keylayout.Welsh,"[[43, [""option"", ""shift""]], [49, []]]"
¯,com.apple.keylayout.Welsh,"[[29, [""option""]], [49, []]]"
ˍ,com.apple.keylayout.Welsh,"[[4, [""option""]], [49, []]]"
˛,com.apple.keylayout.Welsh,"[[46, [""option""]], [49, []]]"
˚,com.apple.keylayout.Welsh,"[[40, [""option""]], [49, []]]"
№,com.apple.keylayout.Welsh,"[[41, [""option"", ""shift""]], [49, []]]"
-,com.apple.keylayout.Welsh,"[[37, [""option""]], [49, []]]"
˜,com.apple.keylayout.Welsh,"[[45, [""option""]], [49, []]]"
 ̰,com.apple.keylayout.Welsh,"[[3, [""option"", ""shift""]], [49, []]]"
ʺ,com.apple.keylayout.Welsh,"[[41, [""option"", ""shift""]], [39, [""shift""]]]"
Ƽ,com.apple.keylayout.Welsh,"[[41, [""option"", ""shift""]], [23, [""shift""]]]"
ʹ,com.apple.keylayout.Welsh,"[[41, [""option"", ""shift""]], [39, []]]"
Ȣ,com.apple.keylayout.Welsh,"[[41, [""option"", ""shift""]], [28, [""shift""]]]"
°,com.apple.keylayout.Welsh,"[[40, [""option""]], [29, []]]"
ƨ,com.apple.keylayout.Welsh,"[[41, [""option"", ""shift""]], [19, []]]"
ɛ,com.apple.keylayout.Welsh,"[[41, [""option"", ""shift""]], [20, []]]"
ƽ,com.apple.keylayout.Welsh,"[[41, [""option"", ""shift""]], [23, []]]"
ƅ,com.apple.keylayout.Welsh,"[[41, [""option"", ""shift""]], [22, []]]"
⁊,com.apple.keylayout.Welsh,"[[41, [""option"", ""shift""]], [26, []]]"
ȣ,com.apple.keylayout.Welsh,"[[41, [""option"", ""shift""]], [28, []]]"
Ƨ,com.apple.keylayout.Welsh,"[[41, [""option"", ""shift""]], [19, [""shift""]]]"
Á,com.apple.keylayout.Welsh,"[[26, [""option""]], [0, [""shift""]]]"
Ă,com.apple.keylayout.Welsh,"[[11, [""option""]], [0, [""shift""]]]"
Ǎ,com.apple.keylayout.Welsh,"[[9, [""option""]], [0, [""shift""]]]"
Â,com.apple.keylayout.Welsh,"[[22, [""option""]], [0, [""shift""]]]"
Ä,com.apple.keylayout.Welsh,"[[28, [""option""]], [0, [""shift""]]]"
Ȧ,com.apple.keylayout.Welsh,"[[25, [""option"", ""shift""]], [0, [""shift""]]]"
Ạ,com.apple.keylayout.Welsh,"[[7, [""option""]], [0, [""shift""]]]"
À,com.apple.keylayout.Welsh,"[[50, [""option""]], [0, [""shift""]]]"
Ả,com.apple.keylayout.Welsh,"[[6, [""option""]], [0, [""shift""]]]"
Ā,com.apple.keylayout.Welsh,"[[29, [""option""]], [0, [""shift""]]]"
Ą,com.apple.keylayout.Welsh,"[[46, [""option""]], [0, [""shift""]]]"
Å,com.apple.keylayout.Welsh,"[[40, [""option""]], [0, [""shift""]]]"
Ə,com.apple.keylayout.Welsh,"[[41, [""option"", ""shift""]], [0, [""shift""]]]"
Ã,com.apple.keylayout.Welsh,"[[45, [""option""]], [0, [""shift""]]]"
Ḃ,com.apple.keylayout.Welsh,"[[25, [""option"", ""shift""]], [11, [""shift""]]]"
Ḅ,com.apple.keylayout.Welsh,"[[7, [""option""]], [11, [""shift""]]]"
Ɓ,com.apple.keylayout.Welsh,"[[47, [""option"", ""shift""]], [11, [""shift""]]]"
Ḇ,com.apple.keylayout.Welsh,"[[4, [""option""]], [11, [""shift""]]]"
Ć,com.apple.keylayout.Welsh,"[[26, [""option""]], [8, [""shift""]]]"
Č,com.apple.keylayout.Welsh,"[[9, [""option""]], [8, [""shift""]]]"
Ç,com.apple.keylayout.Welsh,"[[8, [""option""]], [8, [""shift""]]]"
Ĉ,com.apple.keylayout.Welsh,"[[22, [""option""]], [8, [""shift""]]]"
Ċ,com.apple.keylayout.Welsh,"[[25, [""option"", ""shift""]], [8, [""shift""]]]"
Ƈ,com.apple.keylayout.Welsh,"[[47, [""option"", ""shift""]], [8, [""shift""]]]"
Ɔ,com.apple.keylayout.Welsh,"[[41, [""option"", ""shift""]], [8, [""shift""]]]"
Ď,com.apple.keylayout.Welsh,"[[9, [""option""]], [2, [""shift""]]]"
Ḑ,com.apple.keylayout.Welsh,"[[8, [""option""]], [2, [""shift""]]]"
Ḓ,com.apple.keylayout.Welsh,"[[5, [""option"", ""shift""]], [2, [""shift""]]]"
Ḋ,com.apple.keylayout.Welsh,"[[25, [""option"", ""shift""]], [2, [""shift""]]]"
Ḍ,com.apple.keylayout.Welsh,"[[7, [""option""]], [2, [""shift""]]]"
Ɗ,com.apple.keylayout.Welsh,"[[47, [""option"", ""shift""]], [2, [""shift""]]]"
Ḏ,com.apple.keylayout.Welsh,"[[4, [""option""]], [2, [""shift""]]]"
Đ,com.apple.keylayout.Welsh,"[[37, [""option""]], [2, [""shift""]]]"
É,com.apple.keylayout.Welsh,"[[26, [""option""]], [14, [""shift""]]]"
Ĕ,com.apple.keylayout.Welsh,"[[11, [""option""]], [14, [""shift""]]]"
Ě,com.apple.keylayout.Welsh,"[[9, [""option""]], [14, [""shift""]]]"
Ȩ,com.apple.keylayout.Welsh,"[[8, [""option""]], [14, [""shift""]]]"
Ê,com.apple.keylayout.Welsh,"[[22, [""option""]], [14, [""shift""]]]"
Ḙ,com.apple.keylayout.Welsh,"[[5, [""option"", ""shift""]], [14, [""shift""]]]"
Ë,com.apple.keylayout.Welsh,"[[28, [""option""]], [14, [""shift""]]]"
Ė,com.apple.keylayout.Welsh,"[[25, [""option"", ""shift""]], [14, [""shift""]]]"
Ẹ,com.apple.keylayout.Welsh,"[[7, [""option""]], [14, [""shift""]]]"
È,com.apple.keylayout.Welsh,"[[50, [""option""]], [14, [""shift""]]]"
Ẻ,com.apple.keylayout.Welsh,"[[6, [""option""]], [14, [""shift""]]]"
Ē,com.apple.keylayout.Welsh,"[[29, [""option""]], [14, [""shift""]]]"
Ę,com.apple.keylayout.Welsh,"[[46, [""option""]], [14, [""shift""]]]"
E̊,com.apple.keylayout.Welsh,"[[40, [""option""]], [14, [""shift""]]]"
Ǝ,com.apple.keylayout.Welsh,"[[41, [""option"", ""shift""]], [14, [""shift""]]]"
Ẽ,com.apple.keylayout.Welsh,"[[45, [""option""]], [14, [""shift""]]]"
Ḛ,com.apple.keylayout.Welsh,"[[3, [""option"", ""shift""]], [14, [""shift""]]]"
Ḟ,com.apple.keylayout.Welsh,"[[25, [""option"", ""shift""]], [3, [""shift""]]]"
Ƒ,com.apple.keylayout.Welsh,"[[47, [""option"", ""shift""]], [3, [""shift""]]]"
Ǵ,com.apple.keylayout.Welsh,"[[26, [""option""]], [5, [""shift""]]]"
Ğ,com.apple.keylayout.Welsh,"[[11, [""option""]], [5, [""shift""]]]"
Ǧ,com.apple.keylayout.Welsh,"[[9, [""option""]], [5, [""shift""]]]"
Ģ,com.apple.keylayout.Welsh,"[[8, [""option""]], [5, [""shift""]]]"
Ĝ,com.apple.keylayout.Welsh,"[[22, [""option""]], [5, [""shift""]]]"
Ġ,com.apple.keylayout.Welsh,"[[25, [""option"", ""shift""]], [5, [""shift""]]]"
Ɠ,com.apple.keylayout.Welsh,"[[47, [""option"", ""shift""]], [5, [""shift""]]]"
Ḡ,com.apple.keylayout.Welsh,"[[29, [""option""]], [5, [""shift""]]]"
Ɣ,com.apple.keylayout.Welsh,"[[41, [""option"", ""shift""]], [5, [""shift""]]]"
Ǥ,com.apple.keylayout.Welsh,"[[37, [""option""]], [5, [""shift""]]]"
Ȟ,com.apple.keylayout.Welsh,"[[9, [""option""]], [4, [""shift""]]]"
Ḩ,com.apple.keylayout.Welsh,"[[8, [""option""]], [4, [""shift""]]]"
Ĥ,com.apple.keylayout.Welsh,"[[22, [""option""]], [4, [""shift""]]]"
Ḧ,com.apple.keylayout.Welsh,"[[28, [""option""]], [4, [""shift""]]]"
Ḣ,com.apple.keylayout.Welsh,"[[25, [""option"", ""shift""]], [4, [""shift""]]]"
Ḥ,com.apple.keylayout.Welsh,"[[7, [""option""]], [4, [""shift""]]]"
H̱,com.apple.keylayout.Welsh,"[[4, [""option""]], [4, [""shift""]]]"
Ƕ,com.apple.keylayout.Welsh,"[[41, [""option"", ""shift""]], [4, [""shift""]]]"
Ħ,com.apple.keylayout.Welsh,"[[37, [""option""]], [4, [""shift""]]]"
Í,com.apple.keylayout.Welsh,"[[26, [""option""]], [34, [""shift""]]]"
Ĭ,com.apple.keylayout.Welsh,"[[11, [""option""]], [34, [""shift""]]]"
Ǐ,com.apple.keylayout.Welsh,"[[9, [""option""]], [34, [""shift""]]]"
Î,com.apple.keylayout.Welsh,"[[22, [""option""]], [34, [""shift""]]]"
Ï,com.apple.keylayout.Welsh,"[[28, [""option""]], [34, [""shift""]]]"
İ,com.apple.keylayout.Welsh,"[[25, [""option"", ""shift""]], [34, [""shift""]]]"
Ị,com.apple.keylayout.Welsh,"[[7, [""option""]], [34, [""shift""]]]"
Ì,com.apple.keylayout.Welsh,"[[50, [""option""]], [34, [""shift""]]]"
Ỉ,com.apple.keylayout.Welsh,"[[6, [""option""]], [34, [""shift""]]]"
Ɩ,com.apple.keylayout.Welsh,"[[47, [""option"", ""shift""]], [34, [""shift""]]]"
Ī,com.apple.keylayout.Welsh,"[[29, [""option""]], [34, [""shift""]]]"
Į,com.apple.keylayout.Welsh,"[[46, [""option""]], [34, [""shift""]]]"
Ɨ,com.apple.keylayout.Welsh,"[[37, [""option""]], [34, [""shift""]]]"
Ĩ,com.apple.keylayout.Welsh,"[[45, [""option""]], [34, [""shift""]]]"
Ḭ,com.apple.keylayout.Welsh,"[[3, [""option"", ""shift""]], [34, [""shift""]]]"
J̌,com.apple.keylayout.Welsh,"[[9, [""option""]], [38, [""shift""]]]"
Ĵ,com.apple.keylayout.Welsh,"[[22, [""option""]], [38, [""shift""]]]"
Ƞ,com.apple.keylayout.Welsh,"[[41, [""option"", ""shift""]], [38, [""shift""]]]"
Ḱ,com.apple.keylayout.Welsh,"[[26, [""option""]], [40, [""shift""]]]"
Ǩ,com.apple.keylayout.Welsh,"[[9, [""option""]], [40, [""shift""]]]"
Ķ,com.apple.keylayout.Welsh,"[[8, [""option""]], [40, [""shift""]]]"
Ḳ,com.apple.keylayout.Welsh,"[[7, [""option""]], [40, [""shift""]]]"
Ƙ,com.apple.keylayout.Welsh,"[[47, [""option"", ""shift""]], [40, [""shift""]]]"
Ḵ,com.apple.keylayout.Welsh,"[[4, [""option""]], [40, [""shift""]]]"
K’,com.apple.keylayout.Welsh,"[[41, [""option"", ""shift""]], [40, [""shift""]]]"
Ĺ,com.apple.keylayout.Welsh,"[[26, [""option""]], [37, [""shift""]]]"
Ľ,com.apple.keylayout.Welsh,"[[9, [""option""]], [37, [""shift""]]]"
Ļ,com.apple.keylayout.Welsh,"[[8, [""option""]], [37, [""shift""]]]"
Ḽ,com.apple.keylayout.Welsh,"[[5, [""option"", ""shift""]], [37, [""shift""]]]"
Ḷ,com.apple.keylayout.Welsh,"[[7, [""option""]], [37, [""shift""]]]"
Ḻ,com.apple.keylayout.Welsh,"[[4, [""option""]], [37, [""shift""]]]"
Ł,com.apple.keylayout.Welsh,"[[37, [""option""]], [37, [""shift""]]]"
Ḿ,com.apple.keylayout.Welsh,"[[26, [""option""]], [46, [""shift""]]]"
M̂,com.apple.keylayout.Welsh,"[[22, [""option""]], [46, [""shift""]]]"
Ṁ,com.apple.keylayout.Welsh,"[[25, [""option"", ""shift""]], [46, [""shift""]]]"
Ṃ,com.apple.keylayout.Welsh,"[[7, [""option""]], [46, [""shift""]]]"
Ɯ,com.apple.keylayout.Welsh,"[[41, [""option"", ""shift""]], [46, [""shift""]]]"
Ń,com.apple.keylayout.Welsh,"[[26, [""option""]], [45, [""shift""]]]"
Ň,com.apple.keylayout.Welsh,"[[9, [""option""]], [45, [""shift""]]]"
Ņ,com.apple.keylayout.Welsh,"[[8, [""option""]], [45, [""shift""]]]"
N̂,com.apple.keylayout.Welsh,"[[22, [""option""]], [45, [""shift""]]]"
Ṋ,com.apple.keylayout.Welsh,"[[5, [""option"", ""shift""]], [45, [""shift""]]]"
Ṅ,com.apple.keylayout.Welsh,"[[25, [""option"", ""shift""]], [45, [""shift""]]]"
Ṇ,com.apple.keylayout.Welsh,"[[7, [""option""]], [45, [""shift""]]]"
Ǹ,com.apple.keylayout.Welsh,"[[50, [""option""]], [45, [""shift""]]]"
Ɲ,com.apple.keylayout.Welsh,"[[47, [""option"", ""shift""]], [45, [""shift""]]]"
Ṉ,com.apple.keylayout.Welsh,"[[4, [""option""]], [45, [""shift""]]]"
Ŋ,com.apple.keylayout.Welsh,"[[41, [""option"", ""shift""]], [45, [""shift""]]]"
Ñ,com.apple.keylayout.Welsh,"[[45, [""option""]], [45, [""shift""]]]"
Ó,com.apple.keylayout.Welsh,"[[26, [""option""]], [31, [""shift""]]]"
Ŏ,com.apple.keylayout.Welsh,"[[11, [""option""]], [31, [""shift""]]]"
Ǒ,com.apple.keylayout.Welsh,"[[9, [""option""]], [31, [""shift""]]]"
Ô,com.apple.keylayout.Welsh,"[[22, [""option""]], [31, [""shift""]]]"
Ö,com.apple.keylayout.Welsh,"[[28, [""option""]], [31, [""shift""]]]"
Ȯ,com.apple.keylayout.Welsh,"[[25, [""option"", ""shift""]], [31, [""shift""]]]"
Ọ,com.apple.keylayout.Welsh,"[[7, [""option""]], [31, [""shift""]]]"
Ő,com.apple.keylayout.Welsh,"[[38, [""option""]], [31, [""shift""]]]"
Ò,com.apple.keylayout.Welsh,"[[50, [""option""]], [31, [""shift""]]]"
Ỏ,com.apple.keylayout.Welsh,"[[6, [""option""]], [31, [""shift""]]]"
Ơ,com.apple.keylayout.Welsh,"[[43, [""option"", ""shift""]], [31, [""shift""]]]"
Ō,com.apple.keylayout.Welsh,"[[29, [""option""]], [31, [""shift""]]]"
Ǫ,com.apple.keylayout.Welsh,"[[46, [""option""]], [31, [""shift""]]]"
Ø,com.apple.keylayout.Welsh,"[[40, [""option""]], [31, [""shift""]]]"
Ɵ,com.apple.keylayout.Welsh,"[[37, [""option""]], [31, [""shift""]]]"
Õ,com.apple.keylayout.Welsh,"[[45, [""option""]], [31, [""shift""]]]"
Ṕ,com.apple.keylayout.Welsh,"[[26, [""option""]], [35, [""shift""]]]"
Ṗ,com.apple.keylayout.Welsh,"[[25, [""option"", ""shift""]], [35, [""shift""]]]"
Ƥ,com.apple.keylayout.Welsh,"[[47, [""option"", ""shift""]], [35, [""shift""]]]"
Q̇,com.apple.keylayout.Welsh,"[[25, [""option"", ""shift""]], [12, [""shift""]]]"
Ƣ,com.apple.keylayout.Welsh,"[[41, [""option"", ""shift""]], [12, [""shift""]]]"
Ŕ,com.apple.keylayout.Welsh,"[[26, [""option""]], [15, [""shift""]]]"
Ř,com.apple.keylayout.Welsh,"[[9, [""option""]], [15, [""shift""]]]"
Ŗ,com.apple.keylayout.Welsh,"[[8, [""option""]], [15, [""shift""]]]"
Ṙ,com.apple.keylayout.Welsh,"[[25, [""option"", ""shift""]], [15, [""shift""]]]"
Ṛ,com.apple.keylayout.Welsh,"[[7, [""option""]], [15, [""shift""]]]"
Ʈ,com.apple.keylayout.Welsh,"[[47, [""option"", ""shift""]], [15, [""shift""]]]"
Ṟ,com.apple.keylayout.Welsh,"[[4, [""option""]], [15, [""shift""]]]"
Ʀ,com.apple.keylayout.Welsh,"[[41, [""option"", ""shift""]], [15, [""shift""]]]"
Ś,com.apple.keylayout.Welsh,"[[26, [""option""]], [1, [""shift""]]]"
Š,com.apple.keylayout.Welsh,"[[9, [""option""]], [1, [""shift""]]]"
Ş,com.apple.keylayout.Welsh,"[[8, [""option""]], [1, [""shift""]]]"
Ŝ,com.apple.keylayout.Welsh,"[[22, [""option""]], [1, [""shift""]]]"
Ș,com.apple.keylayout.Welsh,"[[35, [""option""]], [1, [""shift""]]]"
Ṡ,com.apple.keylayout.Welsh,"[[25, [""option"", ""shift""]], [1, [""shift""]]]"
Ṣ,com.apple.keylayout.Welsh,"[[7, [""option""]], [1, [""shift""]]]"
Ʃ,com.apple.keylayout.Welsh,"[[47, [""option"", ""shift""]], [1, [""shift""]]]"
Ť,com.apple.keylayout.Welsh,"[[9, [""option""]], [17, [""shift""]]]"
Ţ,com.apple.keylayout.Welsh,"[[8, [""option""]], [17, [""shift""]]]"
Ṱ,com.apple.keylayout.Welsh,"[[5, [""option"", ""shift""]], [17, [""shift""]]]"
Ț,com.apple.keylayout.Welsh,"[[35, [""option""]], [17, [""shift""]]]"
T̈,com.apple.keylayout.Welsh,"[[28, [""option""]], [17, [""shift""]]]"
Ṫ,com.apple.keylayout.Welsh,"[[25, [""option"", ""shift""]], [17, [""shift""]]]"
Ṭ,com.apple.keylayout.Welsh,"[[7, [""option""]], [17, [""shift""]]]"
Ƭ,com.apple.keylayout.Welsh,"[[47, [""option"", ""shift""]], [17, [""shift""]]]"
Ṯ,com.apple.keylayout.Welsh,"[[4, [""option""]], [17, [""shift""]]]"
Ŧ,com.apple.keylayout.Welsh,"[[37, [""option""]], [17, [""shift""]]]"
Ú,com.apple.keylayout.Welsh,"[[26, [""option""]], [32, [""shift""]]]"
Ŭ,com.apple.keylayout.Welsh,"[[11, [""option""]], [32, [""shift""]]]"
Ǔ,com.apple.keylayout.Welsh,"[[9, [""option""]], [32, [""shift""]]]"
Û,com.apple.keylayout.Welsh,"[[22, [""option""]], [32, [""shift""]]]"
Ṷ,com.apple.keylayout.Welsh,"[[5, [""option"", ""shift""]], [32, [""shift""]]]"
Ü,com.apple.keylayout.Welsh,"[[28, [""option""]], [32, [""shift""]]]"
Ụ,com.apple.keylayout.Welsh,"[[7, [""option""]], [32, [""shift""]]]"
Ű,com.apple.keylayout.Welsh,"[[38, [""option""]], [32, [""shift""]]]"
Ù,com.apple.keylayout.Welsh,"[[50, [""option""]], [32, [""shift""]]]"
Ủ,com.apple.keylayout.Welsh,"[[6, [""option""]], [32, [""shift""]]]"
Ʋ,com.apple.keylayout.Welsh,"[[47, [""option"", ""shift""]], [32, [""shift""]]]"
Ư,com.apple.keylayout.Welsh,"[[43, [""option"", ""shift""]], [32, [""shift""]]]"
Ū,com.apple.keylayout.Welsh,"[[29, [""option""]], [32, [""shift""]]]"
Ų,com.apple.keylayout.Welsh,"[[46, [""option""]], [32, [""shift""]]]"
Ů,com.apple.keylayout.Welsh,"[[40, [""option""]], [32, [""shift""]]]"
Ʊ,com.apple.keylayout.Welsh,"[[41, [""option"", ""shift""]], [32, [""shift""]]]"
Ũ,com.apple.keylayout.Welsh,"[[45, [""option""]], [32, [""shift""]]]"
Ṵ,com.apple.keylayout.Welsh,"[[3, [""option"", ""shift""]], [32, [""shift""]]]"
Ǘ,com.apple.keylayout.Welsh,"[[26, [""option""]], [9, [""shift""]]]"
Ǚ,com.apple.keylayout.Welsh,"[[9, [""option""]], [9, [""shift""]]]"
Ṿ,com.apple.keylayout.Welsh,"[[7, [""option""]], [9, [""shift""]]]"
Ǜ,com.apple.keylayout.Welsh,"[[50, [""option""]], [9, [""shift""]]]"
Ǖ,com.apple.keylayout.Welsh,"[[29, [""option""]], [9, [""shift""]]]"
Ṽ,com.apple.keylayout.Welsh,"[[45, [""option""]], [9, [""shift""]]]"
Ẃ,com.apple.keylayout.Welsh,"[[26, [""option""]], [13, [""shift""]]]"
Ŵ,com.apple.keylayout.Welsh,"[[22, [""option""]], [13, [""shift""]]]"
Ẅ,com.apple.keylayout.Welsh,"[[28, [""option""]], [13, [""shift""]]]"
Ẇ,com.apple.keylayout.Welsh,"[[25, [""option"", ""shift""]], [13, [""shift""]]]"
Ẉ,com.apple.keylayout.Welsh,"[[7, [""option""]], [13, [""shift""]]]"
Ẁ,com.apple.keylayout.Welsh,"[[50, [""option""]], [13, [""shift""]]]"
W̊,com.apple.keylayout.Welsh,"[[40, [""option""]], [13, [""shift""]]]"
Ƿ,com.apple.keylayout.Welsh,"[[41, [""option"", ""shift""]], [13, [""shift""]]]"
Ǯ,com.apple.keylayout.Welsh,"[[9, [""option""]], [7, [""shift""]]]"
Ẍ,com.apple.keylayout.Welsh,"[[28, [""option""]], [7, [""shift""]]]"
Ẋ,com.apple.keylayout.Welsh,"[[25, [""option"", ""shift""]], [7, [""shift""]]]"
Ɖ,com.apple.keylayout.Welsh,"[[47, [""option"", ""shift""]], [7, [""shift""]]]"
Ý,com.apple.keylayout.Welsh,"[[26, [""option""]], [16, [""shift""]]]"
Ŷ,com.apple.keylayout.Welsh,"[[22, [""option""]], [16, [""shift""]]]"
Ÿ,com.apple.keylayout.Welsh,"[[28, [""option""]], [16, [""shift""]]]"
Ẏ,com.apple.keylayout.Welsh,"[[25, [""option"", ""shift""]], [16, [""shift""]]]"
Ỵ,com.apple.keylayout.Welsh,"[[7, [""option""]], [16, [""shift""]]]"
Ỳ,com.apple.keylayout.Welsh,"[[50, [""option""]], [16, [""shift""]]]"
Ỷ,com.apple.keylayout.Welsh,"[[6, [""option""]], [16, [""shift""]]]"
Ƴ,com.apple.keylayout.Welsh,"[[47, [""option"", ""shift""]], [16, [""shift""]]]"
Ȳ,com.apple.keylayout.Welsh,"[[29, [""option""]], [16, [""shift""]]]"
Y̊,com.apple.keylayout.Welsh,"[[40, [""option""]], [16, [""shift""]]]"
Ȝ,com.apple.keylayout.Welsh,"[[41, [""option"", ""shift""]], [16, [""shift""]]]"
Ỹ,com.apple.keylayout.Welsh,"[[45, [""option""]], [16, [""shift""]]]"
Ź,com.apple.keylayout.Welsh,"[[26, [""option""]], [6, [""shift""]]]"
Ž,com.apple.keylayout.Welsh,"[[9, [""option""]], [6, [""shift""]]]"
Ẑ,com.apple.keylayout.Welsh,"[[22, [""option""]], [6, [""shift""]]]"
Ż,com.apple.keylayout.Welsh,"[[25, [""option"", ""shift""]], [6, [""shift""]]]"
Ẓ,com.apple.keylayout.Welsh,"[[7, [""option""]], [6, [""shift""]]]"
Ȥ,com.apple.keylayout.Welsh,"[[47, [""option"", ""shift""]], [6, [""shift""]]]"
Ẕ,com.apple.keylayout.Welsh,"[[4, [""option""]], [6, [""shift""]]]"
Ʒ,com.apple.keylayout.Welsh,"[[41, [""option"", ""shift""]], [6, [""shift""]]]"
Ƶ,com.apple.keylayout.Welsh,"[[37, [""option""]], [6, [""shift""]]]"
Ƅ,com.apple.keylayout.Welsh,"[[41, [""option"", ""shift""]], [22, [""shift""]]]"
á,com.apple.keylayout.Welsh,"[[26, [""option""]], [0, []]]"
ă,com.apple.keylayout.Welsh,"[[11, [""option""]], [0, []]]"
ǎ,com.apple.keylayout.Welsh,"[[9, [""option""]], [0, []]]"
â,com.apple.keylayout.Welsh,"[[22, [""option""]], [0, []]]"
ä,com.apple.keylayout.Welsh,"[[28, [""option""]], [0, []]]"
ȧ,com.apple.keylayout.Welsh,"[[25, [""option"", ""shift""]], [0, []]]"
ạ,com.apple.keylayout.Welsh,"[[7, [""option""]], [0, []]]"
à,com.apple.keylayout.Welsh,"[[50, [""option""]], [0, []]]"
ả,com.apple.keylayout.Welsh,"[[6, [""option""]], [0, []]]"
ā,com.apple.keylayout.Welsh,"[[29, [""option""]], [0, []]]"
ą,com.apple.keylayout.Welsh,"[[46, [""option""]], [0, []]]"
å,com.apple.keylayout.Welsh,"[[40, [""option""]], [0, []]]"
ə,com.apple.keylayout.Welsh,"[[41, [""option"", ""shift""]], [0, []]]"
ã,com.apple.keylayout.Welsh,"[[45, [""option""]], [0, []]]"
ḃ,com.apple.keylayout.Welsh,"[[25, [""option"", ""shift""]], [11, []]]"
ḅ,com.apple.keylayout.Welsh,"[[7, [""option""]], [11, []]]"
ɓ,com.apple.keylayout.Welsh,"[[47, [""option"", ""shift""]], [11, []]]"
ḇ,com.apple.keylayout.Welsh,"[[4, [""option""]], [11, []]]"
ƀ,com.apple.keylayout.Welsh,"[[37, [""option""]], [11, []]]"
ć,com.apple.keylayout.Welsh,"[[26, [""option""]], [8, []]]"
č,com.apple.keylayout.Welsh,"[[9, [""option""]], [8, []]]"
ç,com.apple.keylayout.Welsh,"[[8, [""option""]], [8, []]]"
ĉ,com.apple.keylayout.Welsh,"[[22, [""option""]], [8, []]]"
ċ,com.apple.keylayout.Welsh,"[[25, [""option"", ""shift""]], [8, []]]"
ƈ,com.apple.keylayout.Welsh,"[[47, [""option"", ""shift""]], [8, []]]"
ɔ,com.apple.keylayout.Welsh,"[[41, [""option"", ""shift""]], [8, []]]"
ď,com.apple.keylayout.Welsh,"[[9, [""option""]], [2, []]]"
ḑ,com.apple.keylayout.Welsh,"[[8, [""option""]], [2, []]]"
ḓ,com.apple.keylayout.Welsh,"[[5, [""option"", ""shift""]], [2, []]]"
ḋ,com.apple.keylayout.Welsh,"[[25, [""option"", ""shift""]], [2, []]]"
ḍ,com.apple.keylayout.Welsh,"[[7, [""option""]], [2, []]]"
ɗ,com.apple.keylayout.Welsh,"[[47, [""option"", ""shift""]], [2, []]]"
ḏ,com.apple.keylayout.Welsh,"[[4, [""option""]], [2, []]]"
đ,com.apple.keylayout.Welsh,"[[37, [""option""]], [2, []]]"
é,com.apple.keylayout.Welsh,"[[26, [""option""]], [14, []]]"
ĕ,com.apple.keylayout.Welsh,"[[11, [""option""]], [14, []]]"
ě,com.apple.keylayout.Welsh,"[[9, [""option""]], [14, []]]"
ȩ,com.apple.keylayout.Welsh,"[[8, [""option""]], [14, []]]"
ê,com.apple.keylayout.Welsh,"[[22, [""option""]], [14, []]]"
ḙ,com.apple.keylayout.Welsh,"[[5, [""option"", ""shift""]], [14, []]]"
ë,com.apple.keylayout.Welsh,"[[28, [""option""]], [14, []]]"
ė,com.apple.keylayout.Welsh,"[[25, [""option"", ""shift""]], [14, []]]"
ẹ,com.apple.keylayout.Welsh,"[[7, [""option""]], [14, []]]"
è,com.apple.keylayout.Welsh,"[[50, [""option""]], [14, []]]"
ẻ,com.apple.keylayout.Welsh,"[[6, [""option""]], [14, []]]"
ē,com.apple.keylayout.Welsh,"[[29, [""option""]], [14, []]]"
ę,com.apple.keylayout.Welsh,"[[46, [""option""]], [14, []]]"
e̊,com.apple.keylayout.Welsh,"[[40, [""option""]], [14, []]]"
ǝ,com.apple.keylayout.Welsh,"[[41, [""option"", ""shift""]], [14, []]]"
ẽ,com.apple.keylayout.Welsh,"[[45, [""option""]], [14, []]]"
ḛ,com.apple.keylayout.Welsh,"[[3, [""option"", ""shift""]], [14, []]]"
ḟ,com.apple.keylayout.Welsh,"[[25, [""option"", ""shift""]], [3, []]]"
ƒ,com.apple.keylayout.Welsh,"[[47, [""option"", ""shift""]], [3, []]]"
ǵ,com.apple.keylayout.Welsh,"[[26, [""option""]], [5, []]]"
ğ,com.apple.keylayout.Welsh,"[[11, [""option""]], [5, []]]"
ǧ,com.apple.keylayout.Welsh,"[[9, [""option""]], [5, []]]"
ģ,com.apple.keylayout.Welsh,"[[8, [""option""]], [5, []]]"
ĝ,com.apple.keylayout.Welsh,"[[22, [""option""]], [5, []]]"
ġ,com.apple.keylayout.Welsh,"[[25, [""option"", ""shift""]], [5, []]]"
ɠ,com.apple.keylayout.Welsh,"[[47, [""option"", ""shift""]], [5, []]]"
ḡ,com.apple.keylayout.Welsh,"[[29, [""option""]], [5, []]]"
ɣ,com.apple.keylayout.Welsh,"[[41, [""option"", ""shift""]], [5, []]]"
ǥ,com.apple.keylayout.Welsh,"[[37, [""option""]], [5, []]]"
ȟ,com.apple.keylayout.Welsh,"[[9, [""option""]], [4, []]]"
ḩ,com.apple.keylayout.Welsh,"[[8, [""option""]], [4, []]]"
ĥ,com.apple.keylayout.Welsh,"[[22, [""option""]], [4, []]]"
ḧ,com.apple.keylayout.Welsh,"[[28, [""option""]], [4, []]]"
ḣ,com.apple.keylayout.Welsh,"[[25, [""option"", ""shift""]], [4, []]]"
ḥ,com.apple.keylayout.Welsh,"[[7, [""option""]], [4, []]]"
ɦ,com.apple.keylayout.Welsh,"[[47, [""option"", ""shift""]], [4, []]]"
ẖ,com.apple.keylayout.Welsh,"[[4, [""option""]], [4, []]]"
ƕ,com.apple.keylayout.Welsh,"[[41, [""option"", ""shift""]], [4, []]]"
ħ,com.apple.keylayout.Welsh,"[[37, [""option""]], [4, []]]"
í,com.apple.keylayout.Welsh,"[[26, [""option""]], [34, []]]"
ĭ,com.apple.keylayout.Welsh,"[[11, [""option""]], [34, []]]"
ǐ,com.apple.keylayout.Welsh,"[[9, [""option""]], [34, []]]"
î,com.apple.keylayout.Welsh,"[[22, [""option""]], [34, []]]"
ï,com.apple.keylayout.Welsh,"[[28, [""option""]], [34, []]]"
ı,com.apple.keylayout.Welsh,"[[25, [""option"", ""shift""]], [34, []]]"
ị,com.apple.keylayout.Welsh,"[[7, [""option""]], [34, []]]"
ì,com.apple.keylayout.Welsh,"[[50, [""option""]], [34, []]]"
ỉ,com.apple.keylayout.Welsh,"[[6, [""option""]], [34, []]]"
ɩ,com.apple.keylayout.Welsh,"[[47, [""option"", ""shift""]], [34, []]]"
ī,com.apple.keylayout.Welsh,"[[29, [""option""]], [34, []]]"
į,com.apple.keylayout.Welsh,"[[46, [""option""]], [34, []]]"
ɨ,com.apple.keylayout.Welsh,"[[37, [""option""]], [34, []]]"
ĩ,com.apple.keylayout.Welsh,"[[45, [""option""]], [34, []]]"
ḭ,com.apple.keylayout.Welsh,"[[3, [""option"", ""shift""]], [34, []]]"
ǰ,com.apple.keylayout.Welsh,"[[9, [""option""]], [38, []]]"
ĵ,com.apple.keylayout.Welsh,"[[22, [""option""]], [38, []]]"
ƞ,com.apple.keylayout.Welsh,"[[41, [""option"", ""shift""]], [38, []]]"
ḱ,com.apple.keylayout.Welsh,"[[26, [""option""]], [40, []]]"
ǩ,com.apple.keylayout.Welsh,"[[9, [""option""]], [40, []]]"
ķ,com.apple.keylayout.Welsh,"[[8, [""option""]], [40, []]]"
ḳ,com.apple.keylayout.Welsh,"[[7, [""option""]], [40, []]]"
ƙ,com.apple.keylayout.Welsh,"[[47, [""option"", ""shift""]], [40, []]]"
ḵ,com.apple.keylayout.Welsh,"[[4, [""option""]], [40, []]]"
ĸ,com.apple.keylayout.Welsh,"[[41, [""option"", ""shift""]], [40, []]]"
ĺ,com.apple.keylayout.Welsh,"[[26, [""option""]], [37, []]]"
ľ,com.apple.keylayout.Welsh,"[[9, [""option""]], [37, []]]"
ļ,com.apple.keylayout.Welsh,"[[8, [""option""]], [37, []]]"
ḽ,com.apple.keylayout.Welsh,"[[5, [""option"", ""shift""]], [37, []]]"
ḷ,com.apple.keylayout.Welsh,"[[7, [""option""]], [37, []]]"
ḻ,com.apple.keylayout.Welsh,"[[4, [""option""]], [37, []]]"
ł,com.apple.keylayout.Welsh,"[[37, [""option""]], [37, []]]"
ḿ,com.apple.keylayout.Welsh,"[[26, [""option""]], [46, []]]"
m̂,com.apple.keylayout.Welsh,"[[22, [""option""]], [46, []]]"
ṁ,com.apple.keylayout.Welsh,"[[25, [""option"", ""shift""]], [46, []]]"
ṃ,com.apple.keylayout.Welsh,"[[7, [""option""]], [46, []]]"
ɯ,com.apple.keylayout.Welsh,"[[41, [""option"", ""shift""]], [46, []]]"
ń,com.apple.keylayout.Welsh,"[[26, [""option""]], [45, []]]"
ň,com.apple.keylayout.Welsh,"[[9, [""option""]], [45, []]]"
ņ,com.apple.keylayout.Welsh,"[[8, [""option""]], [45, []]]"
n̂,com.apple.keylayout.Welsh,"[[22, [""option""]], [45, []]]"
ṋ,com.apple.keylayout.Welsh,"[[5, [""option"", ""shift""]], [45, []]]"
ṅ,com.apple.keylayout.Welsh,"[[25, [""option"", ""shift""]], [45, []]]"
ṇ,com.apple.keylayout.Welsh,"[[7, [""option""]], [45, []]]"
ǹ,com.apple.keylayout.Welsh,"[[50, [""option""]], [45, []]]"
ɲ,com.apple.keylayout.Welsh,"[[47, [""option"", ""shift""]], [45, []]]"
ṉ,com.apple.keylayout.Welsh,"[[4, [""option""]], [45, []]]"
ŋ,com.apple.keylayout.Welsh,"[[41, [""option"", ""shift""]], [45, []]]"
ñ,com.apple.keylayout.Welsh,"[[45, [""option""]], [45, []]]"
ó,com.apple.keylayout.Welsh,"[[26, [""option""]], [31, []]]"
ŏ,com.apple.keylayout.Welsh,"[[11, [""option""]], [31, []]]"
ǒ,com.apple.keylayout.Welsh,"[[9, [""option""]], [31, []]]"
ô,com.apple.keylayout.Welsh,"[[22, [""option""]], [31, []]]"
ö,com.apple.keylayout.Welsh,"[[28, [""option""]], [31, []]]"
ȯ,com.apple.keylayout.Welsh,"[[25, [""option"", ""shift""]], [31, []]]"
ọ,com.apple.keylayout.Welsh,"[[7, [""option""]], [31, []]]"
ő,com.apple.keylayout.Welsh,"[[38, [""option""]], [31, []]]"
ò,com.apple.keylayout.Welsh,"[[50, [""option""]], [31, []]]"
ỏ,com.apple.keylayout.Welsh,"[[6, [""option""]], [31, []]]"
ơ,com.apple.keylayout.Welsh,"[[43, [""option"", ""shift""]], [31, []]]"
ō,com.apple.keylayout.Welsh,"[[29, [""option""]], [31, []]]"
ǫ,com.apple.keylayout.Welsh,"[[46, [""option""]], [31, []]]"
ø,com.apple.keylayout.Welsh,"[[40, [""option""]], [31, []]]"
ɵ,com.apple.keylayout.Welsh,"[[37, [""option""]], [31, []]]"
õ,com.apple.keylayout.Welsh,"[[45, [""option""]], [31, []]]"
ṕ,com.apple.keylayout.Welsh,"[[26, [""option""]], [35, []]]"
ṗ,com.apple.keylayout.Welsh,"[[25, [""option"", ""shift""]], [35, []]]"
ƥ,com.apple.keylayout.Welsh,"[[47, [""option"", ""shift""]], [35, []]]"
q̇,com.apple.keylayout.Welsh,"[[25, [""option"", ""shift""]], [12, []]]"
ʠ,com.apple.keylayout.Welsh,"[[47, [""option"", ""shift""]], [12, []]]"
ƣ,com.apple.keylayout.Welsh,"[[41, [""option"", ""shift""]], [12, []]]"
ŕ,com.apple.keylayout.Welsh,"[[26, [""option""]], [15, []]]"
ř,com.apple.keylayout.Welsh,"[[9, [""option""]], [15, []]]"
ŗ,com.apple.keylayout.Welsh,"[[8, [""option""]], [15, []]]"
ṙ,com.apple.keylayout.Welsh,"[[25, [""option"", ""shift""]], [15, []]]"
ṛ,com.apple.keylayout.Welsh,"[[7, [""option""]], [15, []]]"
ʈ,com.apple.keylayout.Welsh,"[[47, [""option"", ""shift""]], [15, []]]"
ṟ,com.apple.keylayout.Welsh,"[[4, [""option""]], [15, []]]"
ʀ,com.apple.keylayout.Welsh,"[[41, [""option"", ""shift""]], [15, []]]"
ś,com.apple.keylayout.Welsh,"[[26, [""option""]], [1, []]]"
š,com.apple.keylayout.Welsh,"[[9, [""option""]], [1, []]]"
ş,com.apple.keylayout.Welsh,"[[8, [""option""]], [1, []]]"
ŝ,com.apple.keylayout.Welsh,"[[22, [""option""]], [1, []]]"
ș,com.apple.keylayout.Welsh,"[[35, [""option""]], [1, []]]"
ṡ,com.apple.keylayout.Welsh,"[[25, [""option"", ""shift""]], [1, []]]"
ṣ,com.apple.keylayout.Welsh,"[[7, [""option""]], [1, []]]"
ʃ,com.apple.keylayout.Welsh,"[[47, [""option"", ""shift""]], [1, []]]"
ſ,com.apple.keylayout.Welsh,"[[41, [""option"", ""shift""]], [1, []]]"
ť,com.apple.keylayout.Welsh,"[[9, [""option""]], [17, []]]"
ţ,com.apple.keylayout.Welsh,"[[8, [""option""]], [17, []]]"
ṱ,com.apple.keylayout.Welsh,"[[5, [""option"", ""shift""]], [17, []]]"
ț,com.apple.keylayout.Welsh,"[[35, [""option""]], [17, []]]"
ẗ,com.apple.keylayout.Welsh,"[[28, [""option""]], [17, []]]"
ṫ,com.apple.keylayout.Welsh,"[[25, [""option"", ""shift""]], [17, []]]"
ṭ,com.apple.keylayout.Welsh,"[[7, [""option""]], [17, []]]"
ƭ,com.apple.keylayout.Welsh,"[[47, [""option"", ""shift""]], [17, []]]"
ṯ,com.apple.keylayout.Welsh,"[[4, [""option""]], [17, []]]"
ŧ,com.apple.keylayout.Welsh,"[[37, [""option""]], [17, []]]"
ú,com.apple.keylayout.Welsh,"[[26, [""option""]], [32, []]]"
ŭ,com.apple.keylayout.Welsh,"[[11, [""option""]], [32, []]]"
ǔ,com.apple.keylayout.Welsh,"[[9, [""option""]], [32, []]]"
û,com.apple.keylayout.Welsh,"[[22, [""option""]], [32, []]]"
ṷ,com.apple.keylayout.Welsh,"[[5, [""option"", ""shift""]], [32, []]]"
ü,com.apple.keylayout.Welsh,"[[28, [""option""]], [32, []]]"
ụ,com.apple.keylayout.Welsh,"[[7, [""option""]], [32, []]]"
ű,com.apple.keylayout.Welsh,"[[38, [""option""]], [32, []]]"
ù,com.apple.keylayout.Welsh,"[[50, [""option""]], [32, []]]"
ủ,com.apple.keylayout.Welsh,"[[6, [""option""]], [32, []]]"
ʋ,com.apple.keylayout.Welsh,"[[47, [""option"", ""shift""]], [32, []]]"
ư,com.apple.keylayout.Welsh,"[[43, [""option"", ""shift""]], [32, []]]"
ū,com.apple.keylayout.Welsh,"[[29, [""option""]], [32, []]]"
ų,com.apple.keylayout.Welsh,"[[46, [""option""]], [32, []]]"
ů,com.apple.keylayout.Welsh,"[[40, [""option""]], [32, []]]"
ʊ,com.apple.keylayout.Welsh,"[[41, [""option"", ""shift""]], [32, []]]"
ũ,com.apple.keylayout.Welsh,"[[45, [""option""]], [32, []]]"
ṵ,com.apple.keylayout.Welsh,"[[3, [""option"", ""shift""]], [32, []]]"
ǘ,com.apple.keylayout.Welsh,"[[26, [""option""]], [9, []]]"
ǚ,com.apple.keylayout.Welsh,"[[9, [""option""]], [9, []]]"
ṿ,com.apple.keylayout.Welsh,"[[7, [""option""]], [9, []]]"
ǜ,com.apple.keylayout.Welsh,"[[50, [""option""]], [9, []]]"
ǖ,com.apple.keylayout.Welsh,"[[29, [""option""]], [9, []]]"
ʌ,com.apple.keylayout.Welsh,"[[41, [""option"", ""shift""]], [9, []]]"
ṽ,com.apple.keylayout.Welsh,"[[45, [""option""]], [9, []]]"
ẃ,com.apple.keylayout.Welsh,"[[26, [""option""]], [13, []]]"
ŵ,com.apple.keylayout.Welsh,"[[22, [""option""]], [13, []]]"
ẅ,com.apple.keylayout.Welsh,"[[28, [""option""]], [13, []]]"
ẇ,com.apple.keylayout.Welsh,"[[25, [""option"", ""shift""]], [13, []]]"
ẉ,com.apple.keylayout.Welsh,"[[7, [""option""]], [13, []]]"
ẁ,com.apple.keylayout.Welsh,"[[50, [""option""]], [13, []]]"
ẘ,com.apple.keylayout.Welsh,"[[40, [""option""]], [13, []]]"
ƿ,com.apple.keylayout.Welsh,"[[41, [""option"", ""shift""]], [13, []]]"
ǯ,com.apple.keylayout.Welsh,"[[9, [""option""]], [7, []]]"
ẍ,com.apple.keylayout.Welsh,"[[28, [""option""]], [7, []]]"
ẋ,com.apple.keylayout.Welsh,"[[25, [""option"", ""shift""]], [7, []]]"
ɖ,com.apple.keylayout.Welsh,"[[47, [""option"", ""shift""]], [7, []]]"
ý,com.apple.keylayout.Welsh,"[[26, [""option""]], [16, []]]"
ŷ,com.apple.keylayout.Welsh,"[[22, [""option""]], [16, []]]"
ÿ,com.apple.keylayout.Welsh,"[[28, [""option""]], [16, []]]"
ẏ,com.apple.keylayout.Welsh,"[[25, [""option"", ""shift""]], [16, []]]"
ỵ,com.apple.keylayout.Welsh,"[[7, [""option""]], [16, []]]"
ỳ,com.apple.keylayout.Welsh,"[[50, [""option""]], [16, []]]"
ỷ,com.apple.keylayout.Welsh,"[[6, [""option""]], [16, []]]"
ƴ,com.apple.keylayout.Welsh,"[[47, [""option"", ""shift""]], [16, []]]"
ȳ,com.apple.keylayout.Welsh,"[[29, [""option""]], [16, []]]"
ẙ,com.apple.keylayout.Welsh,"[[40, [""option""]], [16, []]]"
ȝ,com.apple.keylayout.Welsh,"[[41, [""option"", ""shift""]], [16, []]]"
ỹ,com.apple.keylayout.Welsh,"[[45, [""option""]], [16, []]]"
ź,com.apple.keylayout.Welsh,"[[26, [""option""]], [6, []]]"
ž,com.apple.keylayout.Welsh,"[[9, [""option""]], [6, []]]"
ẑ,com.apple.keylayout.Welsh,"[[22, [""option""]], [6, []]]"
ż,com.apple.keylayout.Welsh,"[[25, [""option"", ""shift""]], [6, []]]"
ẓ,com.apple.keylayout.Welsh,"[[7, [""option""]], [6, []]]"
ȥ,com.apple.keylayout.Welsh,"[[47, [""option"", ""shift""]], [6, []]]"
ẕ,com.apple.keylayout.Welsh,"[[4, [""option""]], [6, []]]"
ʒ,com.apple.keylayout.Welsh,"[[41, [""option"", ""shift""]], [6, []]]"
ƶ,com.apple.keylayout.Welsh,"[[37, [""option""]], [6, []]]"
Ɛ,com.apple.keylayout.Welsh,"[[41, [""option"", ""shift""]], [20, [""shift""]]]"
Ǽ,com.apple.keylayout.Welsh,"[[26, [""option""]], [39, [""option"", ""shift""]]]"
Ǣ,com.apple.keylayout.Welsh,"[[29, [""option""]], [39, [""option"", ""shift""]]]"
ǽ,com.apple.keylayout.Welsh,"[[26, [""option""]], [39, [""option""]]]"
ǣ,com.apple.keylayout.Welsh,"[[29, [""option""]], [39, [""option""]]]"
ʻ,com.apple.keylayout.Welsh,"[[41, [""option"", ""shift""]], [30, [""option""]]]"
ʼ,com.apple.keylayout.Welsh,"[[41, [""option"", ""shift""]], [30, [""option"", ""shift""]]]"
ʽ,com.apple.keylayout.Welsh,"[[41, [""option"", ""shift""]], [33, [""option""]]]"
્‍,com.apple.keylayout.Gujarati-QWERTY,"[[3, []], [3, [""shift""]]]"
્‌,com.apple.keylayout.Gujarati-QWERTY,"[[3, []], [3, []]]"
ä,com.apple.keylayout.PolishPro,"[[32, [""option""]], [0, []]]"
Č,com.apple.keylayout.PolishPro,"[[34, [""option""]], [0, []]]"
ą,com.apple.keylayout.PolishPro,"[[50, [""option""]], [0, []]]"
Ď,com.apple.keylayout.PolishPro,"[[32, [""option""]], [14, []]]"
ź,com.apple.keylayout.PolishPro,"[[34, [""option""]], [14, []]]"
Ź,com.apple.keylayout.PolishPro,"[[50, [""option""]], [14, []]]"
ē,com.apple.keylayout.PolishPro,"[[32, [""option""]], [34, []]]"
Ē,com.apple.keylayout.PolishPro,"[[34, [""option""]], [34, []]]"
ď,com.apple.keylayout.PolishPro,"[[50, [""option""]], [34, []]]"
ö,com.apple.keylayout.PolishPro,"[[32, [""option""]], [31, []]]"
ô,com.apple.keylayout.PolishPro,"[[34, [""option""]], [31, []]]"
ė,com.apple.keylayout.PolishPro,"[[50, [""option""]], [31, []]]"
ü,com.apple.keylayout.PolishPro,"[[32, [""option""]], [32, []]]"
ě,com.apple.keylayout.PolishPro,"[[34, [""option""]], [32, []]]"
Ě,com.apple.keylayout.PolishPro,"[[50, [""option""]], [32, []]]"
ō,com.apple.keylayout.PolishPro,"[[32, [""option""]], [16, []]]"
¨,com.apple.keylayout.PolishPro,"[[32, [""option""]], [49, []]]"
^,com.apple.keylayout.PolishPro,"[[34, [""option""]], [49, []]]"
`,com.apple.keylayout.PolishPro,"[[50, [""option""]], [49, []]]"
Ä,com.apple.keylayout.PolishPro,"[[32, [""option""]], [0, [""shift""]]]"
Ś,com.apple.keylayout.PolishPro,"[[34, [""option""]], [0, [""shift""]]]"
ň,com.apple.keylayout.PolishPro,"[[50, [""option""]], [0, [""shift""]]]"
Ť,com.apple.keylayout.PolishPro,"[[32, [""option""]], [14, [""shift""]]]"
ś,com.apple.keylayout.PolishPro,"[[34, [""option""]], [14, [""shift""]]]"
ť,com.apple.keylayout.PolishPro,"[[50, [""option""]], [14, [""shift""]]]"
ž,com.apple.keylayout.PolishPro,"[[32, [""option""]], [34, [""shift""]]]"
Ž,com.apple.keylayout.PolishPro,"[[34, [""option""]], [34, [""shift""]]]"
Ū,com.apple.keylayout.PolishPro,"[[50, [""option""]], [34, [""shift""]]]"
Ö,com.apple.keylayout.PolishPro,"[[32, [""option""]], [31, [""shift""]]]"
Ô,com.apple.keylayout.PolishPro,"[[34, [""option""]], [31, [""shift""]]]"
Ů,com.apple.keylayout.PolishPro,"[[50, [""option""]], [31, [""shift""]]]"
Ü,com.apple.keylayout.PolishPro,"[[32, [""option""]], [32, [""shift""]]]"
ů,com.apple.keylayout.PolishPro,"[[34, [""option""]], [32, [""shift""]]]"
Ű,com.apple.keylayout.PolishPro,"[[50, [""option""]], [32, [""shift""]]]"
Ŕ,com.apple.keylayout.PolishPro,"[[32, [""option""]], [16, [""shift""]]]"
